ts,cmd_get,cmd_set,get_hits,get_misses,rcount,ravg,rp99,wcount,wavg,wp99,badcrc,err5,cpu_total,cpu_idle,re2ec,re2ea,re2ep99,we2ec,we2ea,we2ep99,radmit,wadmit,wret
1785573611.052400011,75304394,0,75304394,0,75301880,17778,44400,0,0,0,0,0,410440982,371286943,75301762,43650,188900,0,0,0,25871,0,0
1785573612.075728273,75304394,0,75304394,0,75301880,17778,44400,0,0,0,0,0,410444052,371289991,75301762,43650,188900,0,0,0,25871,0,0
1785573613.101042490,75304394,0,75304394,0,75301880,17778,44400,0,0,0,0,0,410447125,371292982,75301762,43650,188900,0,0,0,25871,0,0
1785573614.126065292,75304394,0,75304394,0,75301880,17778,44400,0,0,0,0,0,410450198,371296026,75301762,43650,188900,0,0,0,25871,0,0
1785573615.150869800,75304394,0,75304394,0,75301880,17778,44400,0,0,0,0,0,410453271,371299059,75301762,43650,188900,0,0,0,25871,0,0
1785573616.173430652,75304394,0,75304394,0,75301880,17778,44400,0,0,0,0,0,410456340,371302038,75301762,43650,188900,0,0,0,25871,0,0
1785573617.197048251,75304394,0,75304394,0,75301880,17778,44400,0,0,0,0,0,410459407,371305088,75301762,43650,188900,0,0,0,25871,0,0
1785573618.217903175,75304394,0,75304394,0,75301880,17778,44400,0,0,0,0,0,410462470,371308108,75301762,43650,188900,0,0,0,25871,0,0
1785573619.243116888,75304394,0,75304394,0,75301880,17778,44400,0,0,0,0,0,410465544,371311119,75301762,43650,188900,0,0,0,25871,0,0
1785573620.266372536,75304394,0,75304394,0,75301880,17778,44400,0,0,0,0,0,410468615,371314172,75301762,43650,188900,0,0,0,25871,0,0
1785573621.288648865,75304394,0,75304394,0,75301880,17778,44400,0,0,0,0,0,410471680,371317206,75301762,43650,188900,0,0,0,25871,0,0
1785573622.310579769,75304394,0,75304394,0,75301880,17778,44400,0,0,0,0,0,410474743,371320195,75301762,43650,188900,0,0,0,25871,0,0
1785573623.332544995,75304394,0,75304394,0,75301880,17778,44400,0,0,0,0,0,410477809,371323244,75301762,43650,188900,0,0,0,25871,0,0
1785573624.347845492,75304394,0,75304394,0,75301880,17778,44400,0,0,0,0,0,410480859,371326225,75301762,43650,188900,0,0,0,25871,0,0
1785573625.369980933,75304394,0,75304394,0,75301880,17778,44400,0,0,0,0,0,410483920,371329209,75301762,43650,188900,0,0,0,25871,0,0
1785573626.391942466,75304394,0,75304394,0,75301880,17778,44400,0,0,0,0,0,410486986,371332258,75301762,43650,188900,0,0,0,25871,0,0
1785573627.414410779,75304394,0,75304394,0,75301880,17778,44400,0,0,0,0,0,410490054,371335279,75301762,43650,188900,0,0,0,25871,0,0
1785573628.436884070,75304394,0,75304394,0,75301880,17778,44400,0,0,0,0,0,410493118,371338286,75301762,43650,188900,0,0,0,25871,0,0
1785573629.457480887,75304394,0,75304394,0,75301880,17778,44400,0,0,0,0,0,410496187,371341336,75301762,43650,188900,0,0,0,25871,0,0
1785573630.478859268,75304394,0,75304394,0,75301880,17778,44400,0,0,0,0,0,410499244,371344333,75301762,43650,188900,0,0,0,25871,0,0
1785573631.500460373,75304394,0,75304394,0,75301880,17778,44400,0,0,0,0,0,410502313,371347360,75301762,43650,188900,0,0,0,25871,0,0
1785573632.521922992,75304394,0,75304394,0,75301880,17778,44400,0,0,0,0,0,410505377,371350408,75301762,43650,188900,0,0,0,25871,0,0
1785573633.544079973,75304394,0,75304394,0,75301880,17778,44400,0,0,0,0,0,410508443,371353406,75301762,43650,188900,0,0,0,25871,0,0
1785573634.564091870,75304394,0,75304394,0,75301880,17778,44400,0,0,0,0,0,410511509,371356433,75301762,43650,188900,0,0,0,25871,0,0
1785573635.586185104,75304394,0,75304394,0,75301880,17778,44400,0,0,0,0,0,410514575,371359456,75301762,43650,188900,0,0,0,25871,0,0
1785573636.608913134,75304394,0,75304394,0,75301880,17778,44400,0,0,0,0,0,410517643,371362446,75301762,43650,188900,0,0,0,25871,0,0
1785573637.631407493,75304394,0,75304394,0,75301880,17778,44400,0,0,0,0,0,410520710,371365488,75301762,43650,188900,0,0,0,25871,0,0
1785573638.653767272,75304394,0,75304394,0,75301880,17778,44400,0,0,0,0,0,410523776,371368538,75301762,43650,188900,0,0,0,25871,0,0
1785573639.675798550,75304394,0,75304394,0,75301880,17778,44400,0,0,0,0,0,410526842,371371522,75301762,43650,188900,0,0,0,25871,0,0
1785573640.698110539,75304394,0,75304394,0,75301880,17778,44400,0,0,0,0,0,410529907,371374571,75301762,43650,188900,0,0,0,25871,0,0
1785573641.720417522,75304394,0,75304394,0,75301880,17778,44400,0,0,0,0,0,410532973,371377622,75301762,43650,188900,0,0,0,25871,0,0
1785573642.742527900,75304394,0,75304394,0,75301880,17778,44400,0,0,0,0,0,410536041,371380604,75301762,43650,188900,0,0,0,25871,0,0
1785573643.764997509,75304394,0,75304394,0,75301880,17778,44400,0,0,0,0,0,410539106,371383654,75301762,43650,188900,0,0,0,25871,0,0
1785573644.787462050,75304394,0,75304394,0,75301880,17778,44400,0,0,0,0,0,410542174,371386696,75301762,43650,188900,0,0,0,25871,0,0
1785573645.810385370,75304394,0,75304394,0,75301880,17778,44400,0,0,0,0,0,410545240,371389665,75301762,43650,188900,0,0,0,25871,0,0
1785573646.832843693,75304394,0,75304394,0,75301880,17778,44400,0,0,0,0,0,410548306,371392715,75301762,43650,188900,0,0,0,25871,0,0
1785573647.857013434,75304394,0,75304394,0,75301880,17778,44400,0,0,0,0,0,410551373,371395745,75301762,43650,188900,0,0,0,25871,0,0
1785573648.880130127,75304394,0,75304394,0,75301880,17778,44400,0,0,0,0,0,410554445,371398756,75301762,43650,188900,0,0,0,25871,0,0
1785573649.903312929,75304394,0,75304394,0,75301880,17778,44400,0,0,0,0,0,410557515,371401810,75301762,43650,188900,0,0,0,25871,0,0
1785573650.922755042,75304394,0,75304394,0,75301880,17778,44400,0,0,0,0,0,410560578,371404830,75301762,43650,188900,0,0,0,25871,0,0
1785573651.944684376,75304394,0,75304394,0,75301880,17778,44400,0,0,0,0,0,410563639,371407835,75301762,43650,188900,0,0,0,25871,0,0
1785573652.967899190,75304394,0,75304394,0,75301880,17778,44400,0,0,0,0,0,410566708,371410887,75301762,43650,188900,0,0,0,25871,0,0
1785573653.990489877,75304394,0,75304394,0,75301880,17778,44400,0,0,0,0,0,410569773,371413898,75301762,43650,188900,0,0,0,25871,0,0
1785573655.013504401,75304394,0,75304394,0,75301880,17778,44400,0,0,0,0,0,410572841,371416918,75301762,43650,188900,0,0,0,25871,0,0
1785573656.037053498,75304394,0,75304394,0,75301880,17778,44400,0,0,0,0,0,410575912,371419948,75301762,43650,188900,0,0,0,25871,0,0
1785573657.059210228,75304394,0,75304394,0,75301880,17778,44400,0,0,0,0,0,410578977,371422950,75301762,43650,188900,0,0,0,25871,0,0
1785573658.079768730,75304394,0,75304394,0,75301880,17778,44400,0,0,0,0,0,410582038,371425973,75301762,43650,188900,0,0,0,25871,0,0
1785573659.102690889,75304394,0,75304394,0,75301880,17778,44400,0,0,0,0,0,410585105,371429025,75301762,43650,188900,0,0,0,25871,0,0
1785573660.125972858,75304394,0,75304394,0,75301880,17778,44400,0,0,0,0,0,410588176,371432024,75301762,43650,188900,0,0,0,25871,0,0
1785573661.149507918,75304394,0,75304394,0,75301880,17778,44400,0,0,0,0,0,410591247,371435062,75301762,43650,188900,0,0,0,25871,0,0
1785573662.173447956,75304394,0,75304394,0,75301880,17778,44400,0,0,0,0,0,410594317,371438117,75301762,43650,188900,0,0,0,25871,0,0
1785573663.196016397,75304394,0,75304394,0,75301880,17778,44400,0,0,0,0,0,410597382,371441098,75301762,43650,188900,0,0,0,25871,0,0
1785573664.216729106,75304394,0,75304394,0,75301880,17778,44400,0,0,0,0,0,410600447,371444145,75301762,43650,188900,0,0,0,25871,0,0
1785573665.240127865,75304394,0,75304394,0,75301880,17778,44400,0,0,0,0,0,410603516,371447198,75301762,43650,188900,0,0,0,25871,0,0
1785573666.263756390,75304394,0,75304394,0,75301880,17778,44400,0,0,0,0,0,410606586,371450167,75301762,43650,188900,0,0,0,25871,0,0
1785573667.286464122,75304394,0,75304394,0,75301880,17778,44400,0,0,0,0,0,410609653,371453219,75301762,43650,188900,0,0,0,25871,0,0
1785573668.308266439,75304394,0,75304394,0,75301880,17778,44400,0,0,0,0,0,410612719,371456267,75301762,43650,188900,0,0,0,25871,0,0
1785573669.331395547,75304394,0,75304394,0,75301880,17778,44400,0,0,0,0,0,410615785,371459254,75301762,43650,188900,0,0,0,25871,0,0
1785573670.354836322,75304394,0,75304394,0,75301880,17778,44400,0,0,0,0,0,410618856,371462309,75301762,43650,188900,0,0,0,25871,0,0
1785573671.377426171,75304394,0,75304394,0,75301880,17778,44400,0,0,0,0,0,410621921,371465343,75301762,43650,188900,0,0,0,25871,0,0
1785573672.401061661,75304394,0,75304394,0,75301880,17778,44400,0,0,0,0,0,410624992,371468346,75301762,43650,188900,0,0,0,25871,0,0
1785573673.424069911,75304394,0,75304394,0,75301880,17778,44400,0,0,0,0,0,410628063,371471399,75301762,43650,188900,0,0,0,25871,0,0
1785573674.446919543,75304394,0,75304394,0,75301880,17778,44400,0,0,0,0,0,410631128,371474422,75301762,43650,188900,0,0,0,25871,0,0
1785573675.470647071,75304394,0,75304394,0,75301880,17778,44400,0,0,0,0,0,410634201,371477433,75301762,43650,188900,0,0,0,25871,0,0
1785573676.493744837,75304394,0,75304394,0,75301880,17778,44400,0,0,0,0,0,410637270,371480463,75301762,43650,188900,0,0,0,25871,0,0
1785573677.516849494,75304394,0,75304394,0,75301880,17778,44400,0,0,0,0,0,410640337,371483481,75301762,43650,188900,0,0,0,25871,0,0
1785573678.542350064,75304394,0,75304394,0,75301880,17778,44400,0,0,0,0,0,410643412,371486505,75301762,43650,188900,0,0,0,25871,0,0
1785573679.564792600,75304394,0,75304394,0,75301880,17778,44400,0,0,0,0,0,410646487,371489562,75301762,43650,188900,0,0,0,25871,0,0
1785573680.588527604,75304394,0,75304394,0,75301880,17778,44400,0,0,0,0,0,410649549,371492563,75301762,43650,188900,0,0,0,25871,0,0
1785573681.612064082,75304394,0,75304394,0,75301880,17778,44400,0,0,0,0,0,410652618,371495596,75301762,43650,188900,0,0,0,25871,0,0
1785573682.636206499,75304394,0,75304394,0,75301880,17778,44400,0,0,0,0,0,410655689,371498651,75301762,43650,188900,0,0,0,25871,0,0
1785573683.659679413,75304394,0,75304394,0,75301880,17778,44400,0,0,0,0,0,410658759,371501653,75301762,43650,188900,0,0,0,25871,0,0
1785573684.683208831,75304394,0,75304394,0,75301880,17778,44400,0,0,0,0,0,410661829,371504691,75301762,43650,188900,0,0,0,25871,0,0
1785573685.707952601,75304394,0,75304394,0,75301880,17778,44400,0,0,0,0,0,410664902,371507747,75301762,43650,188900,0,0,0,25871,0,0
1785573686.730840691,75304394,0,75304394,0,75301880,17778,44400,0,0,0,0,0,410667968,371510674,75301762,43650,188900,0,0,0,25871,0,0
1785573687.754917734,75304394,0,75304394,0,75301880,17778,44400,0,0,0,0,0,410671042,371513706,75301762,43650,188900,0,0,0,25871,0,0
1785573688.777188267,75304394,0,75304394,0,75301880,17778,44400,0,0,0,0,0,410674107,371516754,75301762,43650,188900,0,0,0,25871,0,0
1785573689.800070119,75304394,0,75304394,0,75301880,17778,44400,0,0,0,0,0,410677175,371519742,75301762,43650,188900,0,0,0,25871,0,0
1785573690.823119382,75304394,0,75304394,0,75301880,17778,44400,0,0,0,0,0,410680243,371522793,75301762,43650,188900,0,0,0,25871,0,0
1785573691.846351170,75304394,0,75304394,0,75301880,17778,44400,0,0,0,0,0,410683312,371525847,75301762,43650,188900,0,0,0,25871,0,0
1785573692.869276970,75304394,0,75304394,0,75301880,17778,44400,0,0,0,0,0,410686380,371528838,75301762,43650,188900,0,0,0,25871,0,0
1785573693.893437752,75304394,0,75304394,0,75301880,17778,44400,0,0,0,0,0,410689453,371531883,75301762,43650,188900,0,0,0,25871,0,0
1785573694.914398076,75304394,0,75304394,0,75301880,17778,44400,0,0,0,0,0,410692519,371534913,75301762,43650,188900,0,0,0,25871,0,0
1785573695.937751890,75304394,0,75304394,0,75301880,17778,44400,0,0,0,0,0,410695582,371537917,75301762,43650,188900,0,0,0,25871,0,0
1785573696.961188067,75304394,0,75304394,0,75301880,17778,44400,0,0,0,0,0,410698651,371540947,75301762,43650,188900,0,0,0,25871,0,0
1785573697.981964207,75304394,0,75304394,0,75301880,17778,44400,0,0,0,0,0,410701714,371543992,75301762,43650,188900,0,0,0,25871,0,0
1785573699.005076541,75304394,0,75304394,0,75301880,17778,44400,0,0,0,0,0,410704781,371546981,75301762,43650,188900,0,0,0,25871,0,0
1785573700.028394644,75304394,0,75304394,0,75301880,17778,44400,0,0,0,0,0,410707851,371550035,75301762,43650,188900,0,0,0,25871,0,0
1785573701.050771707,75304394,0,75304394,0,75301880,17778,44400,0,0,0,0,0,410710916,371553043,75301762,43650,188900,0,0,0,25871,0,0
1785573702.068528120,75304394,0,75304394,0,75301880,17778,44400,0,0,0,0,0,410713968,371556051,75301762,43650,188900,0,0,0,25871,0,0
1785573703.091240106,75304394,0,75304394,0,75301880,17778,44400,0,0,0,0,0,410717036,371559103,75301762,43650,188900,0,0,0,25871,0,0
1785573704.112698984,75304394,0,75304394,0,75301880,17778,44400,0,0,0,0,0,410720099,371562126,75301762,43650,188900,0,0,0,25871,0,0
1785573705.136073505,75304394,0,75304394,0,75301880,17778,44400,0,0,0,0,0,410723168,371565138,75301762,43650,188900,0,0,0,25871,0,0
1785573706.159838352,75304394,0,75304394,0,75301880,17778,44400,0,0,0,0,0,410726239,371568192,75301762,43650,188900,0,0,0,25871,0,0
1785573707.182220577,75304394,0,75304394,0,75301880,17778,44400,0,0,0,0,0,410729302,371571164,75301762,43650,188900,0,0,0,25871,0,0
1785573708.206021421,75304394,0,75304394,0,75301880,17778,44400,0,0,0,0,0,410732374,371574210,75301762,43650,188900,0,0,0,25871,0,0
1785573709.230242335,75304394,0,75304394,0,75301880,17778,44400,0,0,0,0,0,410735445,371577265,75301762,43650,188900,0,0,0,25871,0,0
1785573710.254092894,75304394,0,75304394,0,75301880,17778,44400,0,0,0,0,0,410738516,371580275,75301762,43650,188900,0,0,0,25871,0,0
1785573711.277137344,75304394,0,75304394,0,75301880,17778,44400,0,0,0,0,0,410741584,371583304,75301762,43650,188900,0,0,0,25871,0,0
1785573712.296967134,75304394,0,75304394,0,75301880,17778,44400,0,0,0,0,0,410744647,371586350,75301762,43650,188900,0,0,0,25871,0,0
1785573713.317855032,75304394,0,75304394,0,75301880,17778,44400,0,0,0,0,0,410747703,371589324,75301762,43650,188900,0,0,0,25871,0,0
1785573714.344165183,75304394,0,75304394,0,75301880,17778,44400,0,0,0,0,0,410750780,371592387,75301762,43650,188900,0,0,0,25871,0,0
1785573715.367403526,75304394,0,75304394,0,75301880,17778,44400,0,0,0,0,0,410753850,371595441,75301762,43650,188900,0,0,0,25871,0,0
1785573716.390302244,75304394,0,75304394,0,75301880,17778,44400,0,0,0,0,0,410756915,371598432,75301762,43650,188900,0,0,0,25871,0,0
1785573717.413728351,75304394,0,75304394,0,75301880,17778,44400,0,0,0,0,0,410759984,371601457,75301762,43650,188900,0,0,0,25871,0,0
1785573718.434976131,75304394,0,75304394,0,75301880,17778,44400,0,0,0,0,0,410763047,371604482,75301762,43650,188900,0,0,0,25871,0,0
1785573719.456311344,75304394,0,75304394,0,75301880,17778,44400,0,0,0,0,0,410766113,371607480,75301762,43650,188900,0,0,0,25871,0,0
1785573720.477802211,75304394,0,75304394,0,75301880,17778,44400,0,0,0,0,0,410769175,371610528,75301762,43650,188900,0,0,0,25871,0,0
1785573721.496839498,75304394,0,75304394,0,75301880,17778,44400,0,0,0,0,0,410772241,371613575,75301762,43650,188900,0,0,0,25871,0,0
1785573722.519447510,75304394,0,75304394,0,75301880,17778,44400,0,0,0,0,0,410775303,371616557,75301762,43650,188900,0,0,0,25871,0,0
1785573723.543895858,75304394,0,75304394,0,75301880,17778,44400,0,0,0,0,0,410778376,371619614,75301762,43650,188900,0,0,0,25871,0,0
1785573724.565804605,75304394,0,75304394,0,75301880,17778,44400,0,0,0,0,0,410781442,371622630,75301762,43650,188900,0,0,0,25871,0,0
1785573725.589004936,75304394,0,75304394,0,75301880,17778,44400,0,0,0,0,0,410784515,371625650,75301762,43650,188900,0,0,0,25871,0,0
1785573726.610096881,75304394,0,75304394,0,75301880,17778,44400,0,0,0,0,0,410787579,371628697,75301762,43650,188900,0,0,0,25871,0,0
1785573727.629276016,75304394,0,75304394,0,75301880,17778,44400,0,0,0,0,0,410790637,371631711,75301762,43650,188900,0,0,0,25871,0,0
1785573728.652819186,75304394,0,75304394,0,75301880,17778,44400,0,0,0,0,0,410793708,371634706,75301762,43650,188900,0,0,0,25871,0,0
1785573729.675407274,75304394,0,75304394,0,75301880,17778,44400,0,0,0,0,0,410796777,371637759,75301762,43650,188900,0,0,0,25871,0,0
1785573730.698557077,75304394,0,75304394,0,75301880,17778,44400,0,0,0,0,0,410799846,371640760,75301762,43650,188900,0,0,0,25871,0,0
1785573731.722787931,75304394,0,75304394,0,75301880,17778,44400,0,0,0,0,0,410802918,371643800,75301762,43650,188900,0,0,0,25871,0,0
1785573732.744657524,75304394,0,75304394,0,75301880,17778,44400,0,0,0,0,0,410805984,371646850,75301762,43650,188900,0,0,0,25871,0,0
1785573733.766965536,75304394,0,75304394,0,75301880,17778,44400,0,0,0,0,0,410809051,371649864,75301762,43650,188900,0,0,0,25871,0,0
1785573734.789571525,75304394,0,75304394,0,75301880,17778,44400,0,0,0,0,0,410812120,371652889,75301762,43650,188900,0,0,0,25871,0,0
1785573735.812938605,75304394,0,75304394,0,75301880,17778,44400,0,0,0,0,0,410815189,371655942,75301762,43650,188900,0,0,0,25871,0,0
1785573736.833787953,75304394,0,75304394,0,75301880,17778,44400,0,0,0,0,0,410818251,371658921,75301762,43650,188900,0,0,0,25871,0,0
1785573737.855888946,75304394,0,75304394,0,75301880,17778,44400,0,0,0,0,0,410821317,371661966,75301762,43650,188900,0,0,0,25871,0,0
1785573738.879707615,75304394,0,75304394,0,75301880,17778,44400,0,0,0,0,0,410824388,371665001,75301762,43650,188900,0,0,0,25871,0,0
1785573739.902141331,75304394,0,75304394,0,75301880,17778,44400,0,0,0,0,0,410827453,371667993,75301762,43650,188900,0,0,0,25871,0,0
1785573740.923933493,75304394,0,75304394,0,75301880,17778,44400,0,0,0,0,0,410830522,371671036,75301762,43650,188900,0,0,0,25871,0,0
1785573741.946986197,75304394,0,75304394,0,75301880,17778,44400,0,0,0,0,0,410833587,371674071,75301762,43650,188900,0,0,0,25871,0,0
1785573742.970232067,75304394,0,75304394,0,75301880,17778,44400,0,0,0,0,0,410836655,371677072,75301762,43650,188900,0,0,0,25871,0,0
1785573743.994215691,75304394,0,75304394,0,75301880,17778,44400,0,0,0,0,0,410839726,371680127,75301762,43650,188900,0,0,0,25871,0,0
1785573745.015525616,75304394,0,75304394,0,75301880,17778,44400,0,0,0,0,0,410842795,371683176,75301762,43650,188900,0,0,0,25871,0,0
1785573746.038857161,75304394,0,75304394,0,75301880,17778,44400,0,0,0,0,0,410845862,371686161,75301762,43650,188900,0,0,0,25871,0,0
1785573747.060779852,75304394,0,75304394,0,75301880,17778,44400,0,0,0,0,0,410848926,371689211,75301762,43650,188900,0,0,0,25871,0,0
1785573748.083248846,75304394,0,75304394,0,75301880,17778,44400,0,0,0,0,0,410851993,371692214,75301762,43650,188900,0,0,0,25871,0,0
1785573749.106215544,75304394,0,75304394,0,75301880,17778,44400,0,0,0,0,0,410855061,371695193,75301762,43650,188900,0,0,0,25871,0,0
1785573750.128494174,75304394,0,75304394,0,75301880,17778,44400,0,0,0,0,0,410858131,371698246,75301762,43650,188900,0,0,0,25871,0,0
1785573751.150090590,75304394,0,75304394,0,75301880,17778,44400,0,0,0,0,0,410861198,371701275,75301762,43650,188900,0,0,0,25871,0,0
1785573752.169979292,75304394,0,75304394,0,75301880,17778,44400,0,0,0,0,0,410864258,371704269,75301762,43650,188900,0,0,0,25871,0,0
1785573753.192731162,75304394,0,75304394,0,75301880,17778,44400,0,0,0,0,0,410867327,371707321,75301762,43650,188900,0,0,0,25871,0,0
1785573754.215434401,75304394,0,75304394,0,75301880,17778,44400,0,0,0,0,0,410870394,371710343,75301762,43650,188900,0,0,0,25871,0,0
1785573755.239756639,75304394,0,75304394,0,75301880,17778,44400,0,0,0,0,0,410873466,371713360,75301762,43650,188900,0,0,0,25871,0,0
1785573756.262232287,75304394,0,75304394,0,75301880,17778,44400,0,0,0,0,0,410876534,371716412,75301762,43650,188900,0,0,0,25871,0,0
1785573757.284581677,75304394,0,75304394,0,75301880,17778,44400,0,0,0,0,0,410879603,371719427,75301762,43650,188900,0,0,0,25871,0,0
1785573758.307762061,75304394,0,75304394,0,75301880,17778,44400,0,0,0,0,0,410882673,371722446,75301762,43650,188900,0,0,0,25871,0,0
1785573759.330839525,75304394,0,75304394,0,75301880,17778,44400,0,0,0,0,0,410885743,371725477,75301762,43650,188900,0,0,0,25871,0,0
1785573760.352253163,75304394,0,75304394,0,75301880,17778,44400,0,0,0,0,0,410888811,371728479,75301762,43650,188900,0,0,0,25871,0,0
1785573761.372578499,75304394,0,75304394,0,75301880,17778,44400,0,0,0,0,0,410891869,371731504,75301762,43650,188900,0,0,0,25871,0,0
1785573762.395757854,75304394,0,75304394,0,75301880,17778,44400,0,0,0,0,0,410894939,371734557,75301762,43650,188900,0,0,0,25871,0,0
1785573763.418301080,75304394,0,75304394,0,75301880,17778,44400,0,0,0,0,0,410898007,371737557,75301762,43650,188900,0,0,0,25871,0,0
1785573764.442488600,75304394,0,75304394,0,75301880,17778,44400,0,0,0,0,0,410901078,371740596,75301762,43650,188900,0,0,0,25871,0,0
1785573765.465688349,75304394,0,75304394,0,75301880,17778,44400,0,0,0,0,0,410904147,371743649,75301762,43650,188900,0,0,0,25871,0,0
1785573766.488249723,75304394,0,75304394,0,75301880,17778,44400,0,0,0,0,0,410907215,371746628,75301762,43650,188900,0,0,0,25871,0,0
1785573767.511894803,75304394,0,75304394,0,75301880,17778,44400,0,0,0,0,0,410910282,371749681,75301762,43650,188900,0,0,0,25871,0,0
1785573768.536447674,75304394,0,75304394,0,75301880,17778,44400,0,0,0,0,0,410913356,371752739,75301762,43650,188900,0,0,0,25871,0,0
1785573769.558841368,75304394,0,75304394,0,75301880,17778,44400,0,0,0,0,0,410916422,371755711,75301762,43650,188900,0,0,0,25871,0,0
1785573770.582177165,75304394,0,75304394,0,75301880,17778,44400,0,0,0,0,0,410919491,371758765,75301762,43650,188900,0,0,0,25871,0,0
1785573771.603067327,75304394,0,75304394,0,75301880,17778,44400,0,0,0,0,0,410922553,371761804,75301762,43650,188900,0,0,0,25871,0,0
1785573772.626740978,75304394,0,75304394,0,75301880,17778,44400,0,0,0,0,0,410925623,371764797,75301762,43650,188900,0,0,0,25871,0,0
1785573773.649776657,75304394,0,75304394,0,75301880,17778,44400,0,0,0,0,0,410928692,371767849,75301762,43650,188900,0,0,0,25871,0,0
1785573774.672298786,75304394,0,75304394,0,75301880,17778,44400,0,0,0,0,0,410931760,371770880,75301762,43650,188900,0,0,0,25871,0,0
1785573775.695788988,75304394,0,75304394,0,75301880,17778,44400,0,0,0,0,0,410934827,371773886,75301762,43650,188900,0,0,0,25871,0,0
1785573776.719926942,75304394,0,75304394,0,75301880,17778,44400,0,0,0,0,0,410937898,371776941,75301762,43650,188900,0,0,0,25871,0,0
1785573777.741796885,75304394,0,75304394,0,75301880,17778,44400,0,0,0,0,0,410940965,371779965,75301762,43650,188900,0,0,0,25871,0,0
1785573778.762563255,75304394,0,75304394,0,75301880,17778,44400,0,0,0,0,0,410944024,371782968,75301762,43650,188900,0,0,0,25871,0,0
1785573779.784818706,75304394,0,75304394,0,75301880,17778,44400,0,0,0,0,0,410947089,371785995,75301762,43650,188900,0,0,0,25871,0,0
1785573780.807663532,75304394,0,75304394,0,75301880,17778,44400,0,0,0,0,0,410950157,371789010,75301762,43650,188900,0,0,0,25871,0,0
1785573781.831780418,75304394,0,75304394,0,75301880,17778,44400,0,0,0,0,0,410953227,371792036,75301762,43650,188900,0,0,0,25871,0,0
1785573782.853949894,75304394,0,75304394,0,75301880,17778,44400,0,0,0,0,0,410956294,371795088,75301762,43650,188900,0,0,0,25871,0,0
1785573783.875872508,75304394,0,75304394,0,75301880,17778,44400,0,0,0,0,0,410959357,371798086,75301762,43650,188900,0,0,0,25871,0,0
1785573784.900550579,75304394,0,75304394,0,75301880,17778,44400,0,0,0,0,0,410962427,371801123,75301762,43650,188900,0,0,0,25871,0,0
1785573785.924349771,75304394,0,75304394,0,75301880,17778,44400,0,0,0,0,0,410965500,371804178,75301762,43650,188900,0,0,0,25871,0,0
1785573786.946566758,75304394,0,75304394,0,75301880,17778,44400,0,0,0,0,0,410968567,371807175,75301762,43650,188900,0,0,0,25871,0,0
1785573787.969628626,75304394,0,75304394,0,75301880,17778,44400,0,0,0,0,0,410971635,371810215,75301762,43650,188900,0,0,0,25871,0,0
1785573788.990809902,75304394,0,75304394,0,75301880,17778,44400,0,0,0,0,0,410974696,371813260,75301762,43650,188900,0,0,0,25871,0,0
1785573790.012983448,75304394,0,75304394,0,75301880,17778,44400,0,0,0,0,0,410977762,371816221,75301762,43650,188900,0,0,0,25871,0,0
1785573791.035915302,75304394,0,75304394,0,75301880,17778,44400,0,0,0,0,0,410980831,371819273,75301762,43650,188900,0,0,0,25871,0,0
1785573792.055306445,75304394,0,75304394,0,75301880,17778,44400,0,0,0,0,0,410983892,371822318,75301762,43650,188900,0,0,0,25871,0,0
1785573793.074907847,75304394,0,75304394,0,75301880,17778,44400,0,0,0,0,0,410986945,371825287,75301762,43650,188900,0,0,0,25871,0,0
1785573794.097089745,75304394,0,75304394,0,75301880,17778,44400,0,0,0,0,0,410990009,371828338,75301762,43650,188900,0,0,0,25871,0,0
1785573795.120274380,75304394,0,75304394,0,75301880,17778,44400,0,0,0,0,0,410993078,371831386,75301762,43650,188900,0,0,0,25871,0,0
1785573796.143507439,75304394,0,75304394,0,75301880,17778,44400,0,0,0,0,0,410996147,371834373,75301762,43650,188900,0,0,0,25871,0,0
1785573797.167875760,75304394,0,75304394,0,75301880,17778,44400,0,0,0,0,0,410999217,371837428,75301762,43650,188900,0,0,0,25871,0,0
1785573798.188735170,75304394,0,75304394,0,75301880,17778,44400,0,0,0,0,0,411002280,371840458,75301762,43650,188900,0,0,0,25871,0,0
1785573799.208184916,75304394,0,75304394,0,75301880,17778,44400,0,0,0,0,0,411005339,371843451,75301762,43650,188900,0,0,0,25871,0,0
1785573800.230957747,75304394,0,75304394,0,75301880,17778,44400,0,0,0,0,0,411008403,371846477,75301762,43650,188900,0,0,0,25871,0,0
1785573801.252397097,75304394,0,75304394,0,75301880,17778,44400,0,0,0,0,0,411011466,371849497,75301762,43650,188900,0,0,0,25871,0,0
1785573802.274690660,75304394,0,75304394,0,75301880,17778,44400,0,0,0,0,0,411014533,371852506,75301762,43650,188900,0,0,0,25871,0,0
1785573803.297669532,75304394,0,75304394,0,75301880,17778,44400,0,0,0,0,0,411017602,371855559,75301762,43650,188900,0,0,0,25871,0,0
1785573804.320850497,75304394,0,75304394,0,75301880,17778,44400,0,0,0,0,0,411020667,371858578,75301762,43650,188900,0,0,0,25871,0,0
1785573805.341573457,75304394,0,75304394,0,75301880,17778,44400,0,0,0,0,0,411023734,371861590,75301762,43650,188900,0,0,0,25871,0,0
1785573806.365239191,75304394,0,75304394,0,75301880,17778,44400,0,0,0,0,0,411026800,371864642,75301762,43650,188900,0,0,0,25871,0,0
1785573807.386115180,75304394,0,75304394,0,75301880,17778,44400,0,0,0,0,0,411029861,371867641,75301762,43650,188900,0,0,0,25871,0,0
1785573808.409455867,75304394,0,75304394,0,75301880,17778,44400,0,0,0,0,0,411032929,371870673,75301762,43650,188900,0,0,0,25871,0,0
1785573809.432949483,75304394,0,75304394,0,75301880,17778,44400,0,0,0,0,0,411035998,371873726,75301762,43650,188900,0,0,0,25871,0,0
1785573810.455967718,75304394,0,75304394,0,75301880,17778,44400,0,0,0,0,0,411039068,371876671,75301762,43650,188900,0,0,0,25871,0,0
1785573811.479459105,75304394,0,75304394,0,75301880,17778,44400,0,0,0,0,0,411042137,371879684,75301762,43650,188900,0,0,0,25871,0,0
1785573812.502514195,75304394,0,75304394,0,75301880,17778,44400,0,0,0,0,0,411045205,371882735,75301762,43650,188900,0,0,0,25871,0,0
1785573813.527916218,75304394,0,75304394,0,75301880,17778,44400,0,0,0,0,0,411048278,371885730,75301762,43650,188900,0,0,0,25871,0,0
1785573814.552085621,75304394,0,75304394,0,75301880,17778,44400,0,0,0,0,0,411051349,371888781,75301762,43650,188900,0,0,0,25871,0,0
1785573815.576005075,75304394,0,75304394,0,75301880,17778,44400,0,0,0,0,0,411054421,371891838,75301762,43650,188900,0,0,0,25871,0,0
1785573816.599951741,75304394,0,75304394,0,75301880,17778,44400,0,0,0,0,0,411057488,371894841,75301762,43650,188900,0,0,0,25871,0,0
1785573817.622980877,75304394,0,75304394,0,75301880,17778,44400,0,0,0,0,0,411060562,371897879,75301762,43650,188900,0,0,0,25871,0,0
1785573818.645963352,75304394,0,75304394,0,75301880,17778,44400,0,0,0,0,0,411063630,371900928,75301762,43650,188900,0,0,0,25871,0,0
1785573819.668979870,75304394,0,75304394,0,75301880,17778,44400,0,0,0,0,0,411066695,371903913,75301762,43650,188900,0,0,0,25871,0,0
1785573820.690520033,75304394,0,75304394,0,75301880,17778,44400,0,0,0,0,0,411069764,371906947,75301762,43650,188900,0,0,0,25871,0,0
1785573821.713709721,75304394,0,75304394,0,75301880,17778,44400,0,0,0,0,0,411072833,371910000,75301762,43650,188900,0,0,0,25871,0,0
1785573822.735241323,75304394,0,75304394,0,75301880,17778,44400,0,0,0,0,0,411075897,371912981,75301762,43650,188900,0,0,0,25871,0,0
1785573823.760642920,75304394,0,75304394,0,75301880,17778,44400,0,0,0,0,0,411078963,371916030,75301762,43650,188900,0,0,0,25871,0,0
1785573824.781373111,75304394,0,75304394,0,75301880,17778,44400,0,0,0,0,0,411082038,371919064,75301762,43650,188900,0,0,0,25871,0,0
1785573825.805470814,75304394,0,75304394,0,75301880,17778,44400,0,0,0,0,0,411085107,371922072,75301762,43650,188900,0,0,0,25871,0,0
1785573826.830032833,75304394,0,75304394,0,75301880,17778,44400,0,0,0,0,0,411088181,371925130,75301762,43650,188900,0,0,0,25871,0,0
1785573827.851094613,75304394,0,75304394,0,75301880,17778,44400,0,0,0,0,0,411091246,371928174,75301762,43650,188900,0,0,0,25871,0,0
1785573828.872319118,75304394,0,75304394,0,75301880,17778,44400,0,0,0,0,0,411094311,371931161,75301762,43650,188900,0,0,0,25871,0,0
1785573829.893656632,75304394,0,75304394,0,75301880,17778,44400,0,0,0,0,0,411097374,371934209,75301762,43650,188900,0,0,0,25871,0,0
1785573830.915161368,75304394,0,75304394,0,75301880,17778,44400,0,0,0,0,0,411100444,371937195,75301762,43650,188900,0,0,0,25871,0,0
1785573831.938531554,75304394,0,75304394,0,75301880,17778,44400,0,0,0,0,0,411103511,371940228,75301762,43650,188900,0,0,0,25871,0,0
1785573832.961859886,75304394,0,75304394,0,75301880,17778,44400,0,0,0,0,0,411106581,371943281,75301762,43650,188900,0,0,0,25871,0,0
1785573833.983440117,75304394,0,75304394,0,75301880,17778,44400,0,0,0,0,0,411109649,371946306,75301762,43650,188900,0,0,0,25871,0,0
1785573835.006158226,75304394,0,75304394,0,75301880,17778,44400,0,0,0,0,0,411112711,371949317,75301762,43650,188900,0,0,0,25871,0,0
1785573836.029652469,75304394,0,75304394,0,75301880,17778,44400,0,0,0,0,0,411115783,371952371,75301762,43650,188900,0,0,0,25871,0,0
1785573837.052096787,75304394,0,75304394,0,75301880,17778,44400,0,0,0,0,0,411118850,371955354,75301762,43650,188900,0,0,0,25871,0,0
1785573838.074653695,75304394,0,75304394,0,75301880,17778,44400,0,0,0,0,0,411121920,371958402,75301762,43650,188900,0,0,0,25871,0,0
1785573839.096658026,75304394,0,75304394,0,75301880,17778,44400,0,0,0,0,0,411124991,371961456,75301762,43650,188900,0,0,0,25871,0,0
1785573840.115539492,75304394,0,75304394,0,75301880,17778,44400,0,0,0,0,0,411128040,371964442,75301762,43650,188900,0,0,0,25871,0,0
1785573841.137630203,75304394,0,75304394,0,75301880,17778,44400,0,0,0,0,0,411131106,371967457,75301762,43650,188900,0,0,0,25871,0,0
1785573842.160039572,75304394,0,75304394,0,75301880,17778,44400,0,0,0,0,0,411134172,371970492,75301762,43650,188900,0,0,0,25871,0,0
1785573843.182451807,75304394,0,75304394,0,75301880,17778,44400,0,0,0,0,0,411137241,371973477,75301762,43650,188900,0,0,0,25871,0,0
1785573844.207172403,75304394,0,75304394,0,75301880,17778,44400,0,0,0,0,0,411140316,371976534,75301762,43650,188900,0,0,0,25871,0,0
1785573845.229488474,75304394,0,75304394,0,75301880,17778,44400,0,0,0,0,0,411143384,371979585,75301762,43650,188900,0,0,0,25871,0,0
1785573846.251154791,75304394,0,75304394,0,75301880,17778,44400,0,0,0,0,0,411146448,371982566,75301762,43650,188900,0,0,0,25871,0,0
1785573847.273783992,75304394,0,75304394,0,75301880,17778,44400,0,0,0,0,0,411149517,371985616,75301762,43650,188900,0,0,0,25871,0,0
1785573848.295529078,75304394,0,75304394,0,75301880,17778,44400,0,0,0,0,0,411152580,371988640,75301762,43650,188900,0,0,0,25871,0,0
1785573849.318790058,75304394,0,75304394,0,75301880,17778,44400,0,0,0,0,0,411155650,371991652,75301762,43650,188900,0,0,0,25871,0,0
1785573850.341455217,75304394,0,75304394,0,75301880,17778,44400,0,0,0,0,0,411158718,371994705,75301762,43650,188900,0,0,0,25871,0,0
1785573851.363240033,75304394,0,75304394,0,75301880,17778,44400,0,0,0,0,0,411161785,371997747,75301762,43650,188900,0,0,0,25871,0,0
1785573852.386750590,75304394,0,75304394,0,75301880,17778,44400,0,0,0,0,0,411164850,372000717,75301762,43650,188900,0,0,0,25871,0,0
1785573853.406395898,75304394,0,75304394,0,75301880,17778,44400,0,0,0,0,0,411167914,372003766,75301762,43650,188900,0,0,0,25871,0,0
1785573854.426135169,75304394,0,75304394,0,75301880,17778,44400,0,0,0,0,0,411170969,372006765,75301762,43650,188900,0,0,0,25871,0,0
1785573855.445992928,75304394,0,75304394,0,75301880,17778,44400,0,0,0,0,0,411174028,372009784,75301762,43650,188900,0,0,0,25871,0,0
1785573856.469179651,75304394,0,75304394,0,75301880,17778,44400,0,0,0,0,0,411177094,372012835,75301762,43650,188900,0,0,0,25871,0,0
1785573857.492378392,75304394,0,75304394,0,75301880,17778,44400,0,0,0,0,0,411180162,372015859,75301762,43650,188900,0,0,0,25871,0,0
1785573858.513496102,75304394,0,75304394,0,75301880,17778,44400,0,0,0,0,0,411183224,372018867,75301762,43650,188900,0,0,0,25871,0,0
1785573859.536424769,75304394,0,75304394,0,75301880,17778,44400,0,0,0,0,0,411186294,372021919,75301762,43650,188900,0,0,0,25871,0,0
1785573860.560395921,75304394,0,75304394,0,75301880,17778,44400,0,0,0,0,0,411189367,372024917,75301762,43650,188900,0,0,0,25871,0,0
1785573861.583159262,75304394,0,75304394,0,75301880,17778,44400,0,0,0,0,0,411192436,372027961,75301762,43650,188900,0,0,0,25871,0,0
1785573862.606728942,75304394,0,75304394,0,75301880,17778,44400,0,0,0,0,0,411195507,372030995,75301762,43650,188900,0,0,0,25871,0,0
1785573863.628752404,75304394,0,75304394,0,75301880,17778,44400,0,0,0,0,0,411198574,372033996,75301762,43650,188900,0,0,0,25871,0,0
1785573864.652560533,75304394,0,75304394,0,75301880,17778,44400,0,0,0,0,0,411201645,372037030,75301762,43650,188900,0,0,0,25871,0,0
1785573865.676183875,75304394,0,75304394,0,75301880,17778,44400,0,0,0,0,0,411204717,372040080,75301762,43650,188900,0,0,0,25871,0,0
1785573866.697106187,75304394,0,75304394,0,75301880,17778,44400,0,0,0,0,0,411207782,372043063,75301762,43650,188900,0,0,0,25871,0,0
1785573867.720534287,75304394,0,75304394,0,75301880,17778,44400,0,0,0,0,0,411210850,372046115,75301762,43650,188900,0,0,0,25871,0,0
1785573868.742772394,75304394,0,75304394,0,75301880,17778,44400,0,0,0,0,0,411213921,372049170,75301762,43650,188900,0,0,0,25871,0,0
1785573869.766022529,75304394,0,75304394,0,75301880,17778,44400,0,0,0,0,0,411216987,372052155,75301762,43650,188900,0,0,0,25871,0,0
1785573870.790095319,75304394,0,75304394,0,75301880,17778,44400,0,0,0,0,0,411220056,372055206,75301762,43650,188900,0,0,0,25871,0,0
1785573871.812340386,75304394,0,75304394,0,75301880,17778,44400,0,0,0,0,0,411223122,372058232,75301762,43650,188900,0,0,0,25871,0,0
1785573872.835415010,75304394,0,75304394,0,75301880,17778,44400,0,0,0,0,0,411226188,372061191,75301762,43650,188900,0,0,0,25871,0,0
1785573873.859148593,75304394,0,75304394,0,75301880,17778,44400,0,0,0,0,0,411229258,372064245,75301762,43650,188900,0,0,0,25871,0,0
1785573874.881502236,75304394,0,75304394,0,75301880,17778,44400,0,0,0,0,0,411232325,372067292,75301762,43650,188900,0,0,0,25871,0,0
1785573875.903389238,75304394,0,75304394,0,75301880,17778,44400,0,0,0,0,0,411235391,372070280,75301762,43650,188900,0,0,0,25871,0,0
1785573876.922857335,75304394,0,75304394,0,75301880,17778,44400,0,0,0,0,0,411238455,372073327,75301762,43650,188900,0,0,0,25871,0,0
1785573877.940139601,75304394,0,75304394,0,75301880,17778,44400,0,0,0,0,0,411241501,372076338,75301762,43650,188900,0,0,0,25871,0,0
1785573878.962127527,75304394,0,75304394,0,75301880,17778,44400,0,0,0,0,0,411244568,372079345,75301762,43650,188900,0,0,0,25871,0,0
1785573879.983588163,75304394,0,75304394,0,75301880,17778,44400,0,0,0,0,0,411247632,372082394,75301762,43650,188900,0,0,0,25871,0,0
1785573881.005005004,75304394,0,75304394,0,75301880,17778,44400,0,0,0,0,0,411250697,372085418,75301762,43650,188900,0,0,0,25871,0,0
1785573882.028261114,75304394,0,75304394,0,75301880,17778,44400,0,0,0,0,0,411253762,372088423,75301762,43650,188900,0,0,0,25871,0,0
1785573883.052319177,75304394,0,75304394,0,75301880,17778,44400,0,0,0,0,0,411256836,372091456,75301762,43650,188900,0,0,0,25871,0,0
1785573884.075440246,75304394,0,75304394,0,75301880,17778,44400,0,0,0,0,0,411259902,372094473,75301762,43650,188900,0,0,0,25871,0,0
1785573885.099193103,75304394,0,75304394,0,75301880,17778,44400,0,0,0,0,0,411262971,372097494,75301762,43650,188900,0,0,0,25871,0,0
1785573886.123108765,75304394,0,75304394,0,75301880,17778,44400,0,0,0,0,0,411266043,372100549,75301762,43650,188900,0,0,0,25871,0,0
1785573887.143728613,75304394,0,75304394,0,75301880,17778,44400,0,0,0,0,0,411269103,372103551,75301762,43650,188900,0,0,0,25871,0,0
1785573888.165584846,75304394,0,75304394,0,75301880,17778,44400,0,0,0,0,0,411272167,372106573,75301762,43650,188900,0,0,0,25871,0,0
1785573889.185977534,75304394,0,75304394,0,75301880,17778,44400,0,0,0,0,0,411275232,372109621,75301762,43650,188900,0,0,0,25871,0,0
1785573890.207892277,75304394,0,75304394,0,75301880,17778,44400,0,0,0,0,0,411278291,372112616,75301762,43650,188900,0,0,0,25871,0,0
1785573891.230776995,75304394,0,75304394,0,75301880,17778,44400,0,0,0,0,0,411281359,372115653,75301762,43650,188900,0,0,0,25871,0,0
1785573892.253023766,75304394,0,75304394,0,75301880,17778,44400,0,0,0,0,0,411284426,372118702,75301762,43650,188900,0,0,0,25871,0,0
1785573893.273989356,75304394,0,75304394,0,75301880,17778,44400,0,0,0,0,0,411287487,372121670,75301762,43650,188900,0,0,0,25871,0,0
1785573894.297033715,75304394,0,75304394,0,75301880,17778,44400,0,0,0,0,0,411290554,372124709,75301762,43650,188900,0,0,0,25871,0,0
1785573895.319059896,75304394,0,75304394,0,75301880,17778,44400,0,0,0,0,0,411293624,372127762,75301762,43650,188900,0,0,0,25871,0,0
1785573896.342842623,75304394,0,75304394,0,75301880,17778,44400,0,0,0,0,0,411296690,372130744,75301762,43650,188900,0,0,0,25871,0,0
1785573897.366544360,75304394,0,75304394,0,75301880,17778,44400,0,0,0,0,0,411299760,372133798,75301762,43650,188900,0,0,0,25871,0,0
1785573898.388714378,75304394,0,75304394,0,75301880,17778,44400,0,0,0,0,0,411302827,372136846,75301762,43650,188900,0,0,0,25871,0,0
1785573899.412047212,75304394,0,75304394,0,75301880,17778,44400,0,0,0,0,0,411305892,372139832,75301762,43650,188900,0,0,0,25871,0,0
1785573900.433544934,75304394,0,75304394,0,75301880,17778,44400,0,0,0,0,0,411308958,372142883,75301762,43650,188900,0,0,0,25871,0,0
1785573901.454206306,75304394,0,75304394,0,75301880,17778,44400,0,0,0,0,0,411312016,372145909,75301762,43650,188900,0,0,0,25871,0,0
1785573902.477317947,75304394,0,75304394,0,75301880,17778,44400,0,0,0,0,0,411315084,372148909,75301762,43650,188900,0,0,0,25871,0,0
1785573903.501013270,75304394,0,75304394,0,75301880,17778,44400,0,0,0,0,0,411318153,372151941,75301762,43650,188900,0,0,0,25871,0,0
1785573904.525104387,75304394,0,75304394,0,75301880,17778,44400,0,0,0,0,0,411321224,372154977,75301762,43650,188900,0,0,0,25871,0,0
1785573905.548227237,75304394,0,75304394,0,75301880,17778,44400,0,0,0,0,0,411324291,372157979,75301762,43650,188900,0,0,0,25871,0,0
1785573906.571942635,75304394,0,75304394,0,75301880,17778,44400,0,0,0,0,0,411327360,372161035,75301762,43650,188900,0,0,0,25871,0,0
1785573907.595782177,75304394,0,75304394,0,75301880,17778,44400,0,0,0,0,0,411330431,372164057,75301762,43650,188900,0,0,0,25871,0,0
1785573908.620709954,75304394,0,75304394,0,75301880,17778,44400,0,0,0,0,0,411333504,372167078,75301762,43650,188900,0,0,0,25871,0,0
1785573909.644348676,75304394,0,75304394,0,75301880,17778,44400,0,0,0,0,0,411336575,372170133,75301762,43650,188900,0,0,0,25871,0,0
1785573910.668183482,75304394,0,75304394,0,75301880,17778,44400,0,0,0,0,0,411339646,372173151,75301762,43650,188900,0,0,0,25871,0,0
1785573911.691318674,75304394,0,75304394,0,75301880,17778,44400,0,0,0,0,0,411342715,372176167,75301762,43650,188900,0,0,0,25871,0,0
1785573912.714504087,75304394,0,75304394,0,75301880,17778,44400,0,0,0,0,0,411345783,372179219,75301762,43650,188900,0,0,0,25871,0,0
1785573913.736249478,75304394,0,75304394,0,75301880,17778,44400,0,0,0,0,0,411348847,372182193,75301762,43650,188900,0,0,0,25871,0,0
1785573914.757886552,75304394,0,75304394,0,75301880,17778,44400,0,0,0,0,0,411351912,372185219,75301762,43650,188900,0,0,0,25871,0,0
1785573915.781273530,75304394,0,75304394,0,75301880,17778,44400,0,0,0,0,0,411354981,372188272,75301762,43650,188900,0,0,0,25871,0,0
1785573916.801430065,75304394,0,75304394,0,75301880,17778,44400,0,0,0,0,0,411358046,372191270,75301762,43650,188900,0,0,0,25871,0,0
1785573917.823001346,75304394,0,75304394,0,75301880,17778,44400,0,0,0,0,0,411361105,372194297,75301762,43650,188900,0,0,0,25871,0,0
1785573918.846579971,75304394,0,75304394,0,75301880,17778,44400,0,0,0,0,0,411364174,372197351,75301762,43650,188900,0,0,0,25871,0,0
1785573919.872080899,75304394,0,75304394,0,75301880,17778,44400,0,0,0,0,0,411367249,372200344,75301762,43650,188900,0,0,0,25871,0,0
1785573920.896214738,75304394,0,75304394,0,75301880,17778,44400,0,0,0,0,0,411370319,372203399,75301762,43650,188900,0,0,0,25871,0,0
1785573921.919260401,75304394,0,75304394,0,75301880,17778,44400,0,0,0,0,0,411373389,372206454,75301762,43650,188900,0,0,0,25871,0,0
1785573922.942174444,75304394,0,75304394,0,75301880,17778,44400,0,0,0,0,0,411376456,372209434,75301762,43650,188900,0,0,0,25871,0,0
1785573923.965102620,75304394,0,75304394,0,75301880,17778,44400,0,0,0,0,0,411379525,372212461,75301762,43650,188900,0,0,0,25871,0,0
1785573924.987718864,75304394,0,75304394,0,75301880,17778,44400,0,0,0,0,0,411382590,372215499,75301762,43650,188900,0,0,0,25871,0,0
1785573926.011685313,75304394,0,75304394,0,75301880,17778,44400,0,0,0,0,0,411385662,372218499,75301762,43650,188900,0,0,0,25871,0,0
1785573927.034936188,75304394,0,75304394,0,75301880,17778,44400,0,0,0,0,0,411388733,372221551,75301762,43650,188900,0,0,0,25871,0,0
1785573928.057991952,75304394,0,75304394,0,75301880,17778,44400,0,0,0,0,0,411391803,372224593,75301762,43650,188900,0,0,0,25871,0,0
1785573929.080309192,75304394,0,75304394,0,75301880,17778,44400,0,0,0,0,0,411394869,372227586,75301762,43650,188900,0,0,0,25871,0,0
1785573930.102388170,75304394,0,75304394,0,75301880,17778,44400,0,0,0,0,0,411397935,372230634,75301762,43650,188900,0,0,0,25871,0,0
1785573931.125201589,75304394,0,75304394,0,75301880,17778,44400,0,0,0,0,0,411401003,372233653,75301762,43650,188900,0,0,0,25871,0,0
1785573932.148714946,75304394,0,75304394,0,75301880,17778,44400,0,0,0,0,0,411404072,372236669,75301762,43650,188900,0,0,0,25871,0,0
1785573933.171368477,75304394,0,75304394,0,75301880,17778,44400,0,0,0,0,0,411407140,372239719,75301762,43650,188900,0,0,0,25871,0,0
1785573934.193326734,75304394,0,75304394,0,75301880,17778,44400,0,0,0,0,0,411410206,372242679,75301762,43650,188900,0,0,0,25871,0,0
1785573935.215091526,75304394,0,75304394,0,75301880,17778,44400,0,0,0,0,0,411413268,372245665,75301762,43650,188900,0,0,0,25871,0,0
1785573936.238907138,75304394,0,75304394,0,75301880,17778,44400,0,0,0,0,0,411416338,372248719,75301762,43650,188900,0,0,0,25871,0,0
1785573937.264044446,75304394,0,75304394,0,75301880,17778,44400,0,0,0,0,0,411419410,372251723,75301762,43650,188900,0,0,0,25871,0,0
1785573938.287867664,75304394,0,75304394,0,75301880,17778,44400,0,0,0,0,0,411422483,372254762,75301762,43650,188900,0,0,0,25871,0,0
1785573939.311367717,75304394,0,75304394,0,75301880,17778,44400,0,0,0,0,0,411425551,372257813,75301762,43650,188900,0,0,0,25871,0,0
1785573940.333820129,75304394,0,75304394,0,75301880,17778,44400,0,0,0,0,0,411428622,372260843,75301762,43650,188900,0,0,0,25871,0,0
1785573941.357175023,75304394,0,75304394,0,75301880,17778,44400,0,0,0,0,0,411431691,372263858,75301762,43650,188900,0,0,0,25871,0,0
1785573942.380357771,75304394,0,75304394,0,75301880,17778,44400,0,0,0,0,0,411434761,372266911,75301762,43650,188900,0,0,0,25871,0,0
1785573943.402713537,75304394,0,75304394,0,75301880,17778,44400,0,0,0,0,0,411437825,372269893,75301762,43650,188900,0,0,0,25871,0,0
1785573944.425365684,75304394,0,75304394,0,75301880,17778,44400,0,0,0,0,0,411440892,372272927,75301762,43650,188900,0,0,0,25871,0,0
1785573945.449133459,75304394,0,75304394,0,75301880,17778,44400,0,0,0,0,0,411443962,372275973,75301762,43650,188900,0,0,0,25871,0,0
1785573946.470505453,75304394,0,75304394,0,75301880,17778,44400,0,0,0,0,0,411447024,372278971,75301762,43650,188900,0,0,0,25871,0,0
1785573947.493913835,75304394,0,75304394,0,75301880,17778,44400,0,0,0,0,0,411450092,372282006,75301762,43650,188900,0,0,0,25871,0,0
1785573948.516400343,75304394,0,75304394,0,75301880,17778,44400,0,0,0,0,0,411453156,372285043,75301762,43650,188900,0,0,0,25871,0,0
1785573949.540125465,75304394,0,75304394,0,75301880,17778,44400,0,0,0,0,0,411456225,372288041,75301762,43650,188900,0,0,0,25871,0,0
1785573950.562360838,75304394,0,75304394,0,75301880,17778,44400,0,0,0,0,0,411459292,372291091,75301762,43650,188900,0,0,0,25871,0,0
1785573951.585851133,75304394,0,75304394,0,75301880,17778,44400,0,0,0,0,0,411462360,372294144,75301762,43650,188900,0,0,0,25871,0,0
1785573952.609151701,75304394,0,75304394,0,75301880,17778,44400,0,0,0,0,0,411465431,372297130,75301762,43650,188900,0,0,0,25871,0,0
1785573953.628455668,75304394,0,75304394,0,75301880,17778,44400,0,0,0,0,0,411468491,372300175,75301762,43650,188900,0,0,0,25871,0,0
1785573954.647544038,75304394,0,75304394,0,75301880,17778,44400,0,0,0,0,0,411471546,372303180,75301762,43650,188900,0,0,0,25871,0,0
1785573955.670421214,75304394,0,75304394,0,75301880,17778,44400,0,0,0,0,0,411474609,372306173,75301762,43650,188900,0,0,0,25871,0,0
1785573956.694229471,75304394,0,75304394,0,75301880,17778,44400,0,0,0,0,0,411477680,372309228,75301762,43650,188900,0,0,0,25871,0,0
1785573957.717546370,75304394,0,75304394,0,75301880,17778,44400,0,0,0,0,0,411480750,372312273,75301762,43650,188900,0,0,0,25871,0,0
1785573958.740828243,75304394,0,75304394,0,75301880,17778,44400,0,0,0,0,0,411483818,372315265,75301762,43650,188900,0,0,0,25871,0,0
1785573959.765148016,75304394,0,75304394,0,75301880,17778,44400,0,0,0,0,0,411486888,372318320,75301762,43650,188900,0,0,0,25871,0,0
1785573960.787454794,75304394,0,75304394,0,75301880,17778,44400,0,0,0,0,0,411489955,372321320,75301762,43650,188900,0,0,0,25871,0,0
1785573961.809291385,75304394,0,75304394,0,75301880,17778,44400,0,0,0,0,0,411493021,372324352,75301762,43650,188900,0,0,0,25871,0,0
1785573962.833860642,75304394,0,75304394,0,75301880,17778,44400,0,0,0,0,0,411496095,372327407,75301762,43650,188900,0,0,0,25871,0,0
1785573963.855826940,75304394,0,75304394,0,75301880,17778,44400,0,0,0,0,0,411499163,372330434,75301762,43650,188900,0,0,0,25871,0,0
1785573964.878931116,75304394,0,75304394,0,75301880,17778,44400,0,0,0,0,0,411502228,372333440,75301762,43650,188900,0,0,0,25871,0,0
1785573965.902152749,75304394,0,75304394,0,75301880,17778,44400,0,0,0,0,0,411505297,372336476,75301762,43650,188900,0,0,0,25871,0,0
1785573966.925109578,75304394,0,75304394,0,75301880,17778,44400,0,0,0,0,0,411508367,372339463,75301762,43650,188900,0,0,0,25871,0,0
1785573967.945498664,75304394,0,75304394,0,75301880,17778,44400,0,0,0,0,0,411511427,372342509,75301762,43650,188900,0,0,0,25871,0,0
1785573968.968566268,75304394,0,75304394,0,75301880,17778,44400,0,0,0,0,0,411514496,372345562,75301762,43650,188900,0,0,0,25871,0,0
1785573969.991827346,75304394,0,75304394,0,75301880,17778,44400,0,0,0,0,0,411517567,372348568,75301762,43650,188900,0,0,0,25871,0,0
1785573971.014198876,75304394,0,75304394,0,75301880,17778,44400,0,0,0,0,0,411520636,372351603,75301762,43650,188900,0,0,0,25871,0,0
1785573972.036067605,75304394,0,75304394,0,75301880,17778,44400,0,0,0,0,0,411523699,372354646,75301762,43650,188900,0,0,0,25871,0,0
1785573973.056305141,75304394,0,75304394,0,75301880,17778,44400,0,0,0,0,0,411526759,372357628,75301762,43650,188900,0,0,0,25871,0,0
1785573974.077770310,75304394,0,75304394,0,75301880,17778,44400,0,0,0,0,0,411529824,372360677,75301762,43650,188900,0,0,0,25871,0,0
1785573975.099991709,75304394,0,75304394,0,75301880,17778,44400,0,0,0,0,0,411532888,372363725,75301762,43650,188900,0,0,0,25871,0,0
1785573976.122444236,75304394,0,75304394,0,75301880,17778,44400,0,0,0,0,0,411535957,372366692,75301762,43650,188900,0,0,0,25871,0,0
1785573977.146203140,75304394,0,75304394,0,75301880,17778,44400,0,0,0,0,0,411539027,372369743,75301762,43650,188900,0,0,0,25871,0,0
1785573978.166396205,75304394,0,75304394,0,75301880,17778,44400,0,0,0,0,0,411542087,372372761,75301762,43650,188900,0,0,0,25871,0,0
1785573979.185777425,75304394,0,75304394,0,75301880,17778,44400,0,0,0,0,0,411545149,372375764,75301762,43650,188900,0,0,0,25871,0,0
1785573980.204873700,75304394,0,75304394,0,75301880,17778,44400,0,0,0,0,0,411548206,372378807,75301762,43650,188900,0,0,0,25871,0,0
1785573981.227560051,75304394,0,75304394,0,75301880,17778,44400,0,0,0,0,0,411551270,372381851,75301762,43650,188900,0,0,0,25871,0,0
1785573982.249490364,75304394,0,75304394,0,75301880,17778,44400,0,0,0,0,0,411554332,372384837,75301762,43650,188900,0,0,0,25871,0,0
1785573983.273251062,75304394,0,75304394,0,75301880,17778,44400,0,0,0,0,0,411557404,372387893,75301762,43650,188900,0,0,0,25871,0,0
1785573984.294330417,75304394,0,75304394,0,75301880,17778,44400,0,0,0,0,0,411560466,372390894,75301762,43650,188900,0,0,0,25871,0,0
1785573985.317798811,75304394,0,75304394,0,75301880,17778,44400,0,0,0,0,0,411563536,372393929,75301762,43650,188900,0,0,0,25871,0,0
1785573986.340558744,75304394,0,75304394,0,75301880,17778,44400,0,0,0,0,0,411566605,372396959,75301762,43650,188900,0,0,0,25871,0,0
1785573987.362065344,75304394,0,75304394,0,75301880,17778,44400,0,0,0,0,0,411569670,372399982,75301762,43650,188900,0,0,0,25871,0,0
1785573988.381945953,75304394,0,75304394,0,75301880,17778,44400,0,0,0,0,0,411572729,372402986,75301762,43650,188900,0,0,0,25871,0,0
1785573989.404158449,75304394,0,75304394,0,75301880,17778,44400,0,0,0,0,0,411575793,372406034,75301762,43650,188900,0,0,0,25871,0,0
1785573990.423729499,75304394,0,75304394,0,75301880,17778,44400,0,0,0,0,0,411578858,372409019,75301762,43650,188900,0,0,0,25871,0,0
1785573991.447125198,75304394,0,75304394,0,75301880,17778,44400,0,0,0,0,0,411581923,372412069,75301762,43650,188900,0,0,0,25871,0,0
1785573992.471505141,75304394,0,75304394,0,75301880,17778,44400,0,0,0,0,0,411584993,372415125,75301762,43650,188900,0,0,0,25871,0,0
1785573993.494053283,75304394,0,75304394,0,75301880,17778,44400,0,0,0,0,0,411588060,372418132,75301762,43650,188900,0,0,0,25871,0,0
1785573994.520549572,75304394,0,75304394,0,75301880,17778,44400,0,0,0,0,0,411591138,372421173,75301762,43650,188900,0,0,0,25871,0,0
1785573995.545520114,75304394,0,75304394,0,75301880,17778,44400,0,0,0,0,0,411594216,372424226,75301762,43650,188900,0,0,0,25871,0,0
1785573996.567911887,75304394,0,75304394,0,75301880,17778,44400,0,0,0,0,0,411597280,372427133,75301762,43650,188900,0,0,0,25871,0,0
1785573997.590889704,75304394,0,75304394,0,75301880,17778,44400,0,0,0,0,0,411600351,372430185,75301762,43650,188900,0,0,0,25871,0,0
1785573998.612544373,75304394,0,75304394,0,75301880,17778,44400,0,0,0,0,0,411603416,372433233,75301762,43650,188900,0,0,0,25871,0,0
1785573999.633749342,75304394,0,75304394,0,75301880,17778,44400,0,0,0,0,0,411606479,372436212,75301762,43650,188900,0,0,0,25871,0,0
1785574000.652350755,75304394,0,75304394,0,75301880,17778,44400,0,0,0,0,0,411609538,372439257,75301762,43650,188900,0,0,0,25871,0,0
1785574001.675312731,75304394,0,75304394,0,75301880,17778,44400,0,0,0,0,0,411612601,372442301,75301762,43650,188900,0,0,0,25871,0,0
1785574002.698463721,75304394,0,75304394,0,75301880,17778,44400,0,0,0,0,0,411615667,372445289,75301762,43650,188900,0,0,0,25871,0,0
1785574003.720893209,75304394,0,75304394,0,75301880,17778,44400,0,0,0,0,0,411618741,372448344,75301762,43650,188900,0,0,0,25871,0,0
1785574004.743379906,75304394,0,75304394,0,75301880,17778,44400,0,0,0,0,0,411621808,372451390,75301762,43650,188900,0,0,0,25871,0,0
1785574005.766206117,75304394,0,75304394,0,75301880,17778,44400,0,0,0,0,0,411624873,372454377,75301762,43650,188900,0,0,0,25871,0,0
1785574006.788227751,75304394,0,75304394,0,75301880,17778,44400,0,0,0,0,0,411627941,372457404,75301762,43650,188900,0,0,0,25871,0,0
1785574007.808071242,75304394,0,75304394,0,75301880,17778,44400,0,0,0,0,0,411631002,372460422,75301762,43650,188900,0,0,0,25871,0,0
1785574008.826747992,75304394,0,75304394,0,75301880,17778,44400,0,0,0,0,0,411634060,372463423,75301762,43650,188900,0,0,0,25871,0,0
1785574009.846873060,75304394,0,75304394,0,75301880,17778,44400,0,0,0,0,0,411637116,372466465,75301762,43650,188900,0,0,0,25871,0,0
1785574010.870261001,75304394,0,75304394,0,75301880,17778,44400,0,0,0,0,0,411640187,372469493,75301762,43650,188900,0,0,0,25871,0,0
1785574011.892837285,75304394,0,75304394,0,75301880,17778,44400,0,0,0,0,0,411643253,372472503,75301762,43650,188900,0,0,0,25871,0,0
1785574012.914554902,75304394,0,75304394,0,75301880,17778,44400,0,0,0,0,0,411646317,372475552,75301762,43650,188900,0,0,0,25871,0,0
1785574013.935714796,75304394,0,75304394,0,75301880,17778,44400,0,0,0,0,0,411649380,372478550,75301762,43650,188900,0,0,0,25871,0,0
1785574014.957691254,75304394,0,75304394,0,75301880,17778,44400,0,0,0,0,0,411652444,372481578,75301762,43650,188900,0,0,0,25871,0,0
1785574015.979701136,75304394,0,75304394,0,75301880,17778,44400,0,0,0,0,0,411655510,372484628,75301762,43650,188900,0,0,0,25871,0,0
1785574017.001237379,75304394,0,75304394,0,75301880,17778,44400,0,0,0,0,0,411658574,372487608,75301762,43650,188900,0,0,0,25871,0,0
1785574018.023198625,75304394,0,75304394,0,75301880,17778,44400,0,0,0,0,0,411661639,372490636,75301762,43650,188900,0,0,0,25871,0,0
1785574019.045383260,75304394,0,75304394,0,75301880,17778,44400,0,0,0,0,0,411664706,372493686,75301762,43650,188900,0,0,0,25871,0,0
1785574020.067862261,75304394,0,75304394,0,75301880,17778,44400,0,0,0,0,0,411667774,372496668,75301762,43650,188900,0,0,0,25871,0,0
1785574021.089160160,75304394,0,75304394,0,75301880,17778,44400,0,0,0,0,0,411670836,372499713,75301762,43650,188900,0,0,0,25871,0,0
1785574022.110061967,75304394,0,75304394,0,75301880,17778,44400,0,0,0,0,0,411673899,372502760,75301762,43650,188900,0,0,0,25871,0,0
1785574023.131823416,75304394,0,75304394,0,75301880,17778,44400,0,0,0,0,0,411676963,372505743,75301762,43650,188900,0,0,0,25871,0,0
1785574024.149713396,75304394,0,75304394,0,75301880,17778,44400,0,0,0,0,0,411680019,372508782,75301762,43650,188900,0,0,0,25871,0,0
1785574025.170422698,75304394,0,75304394,0,75301880,17778,44400,0,0,0,0,0,411683077,372511820,75301762,43650,188900,0,0,0,25871,0,0
1785574026.192655602,75304394,0,75304394,0,75301880,17778,44400,0,0,0,0,0,411686144,372514806,75301762,43650,188900,0,0,0,25871,0,0
1785574027.214995999,75304394,0,75304394,0,75301880,17778,44400,0,0,0,0,0,411689210,372517836,75301762,43650,188900,0,0,0,25871,0,0
1785574028.239900784,75304394,0,75304394,0,75301880,17778,44400,0,0,0,0,0,411692285,372520891,75301762,43650,188900,0,0,0,25871,0,0
1785574029.261423466,75304394,0,75304394,0,75301880,17778,44400,0,0,0,0,0,411695351,372523876,75301762,43650,188900,0,0,0,25871,0,0
1785574030.280792549,75304394,0,75304394,0,75301880,17778,44400,0,0,0,0,0,411698412,372526923,75301762,43650,188900,0,0,0,25871,0,0
1785574031.303191849,75304394,0,75304394,0,75301880,17778,44400,0,0,0,0,0,411701474,372529944,75301762,43650,188900,0,0,0,25871,0,0
1785574032.326291780,75304394,0,75304394,0,75301880,17778,44400,0,0,0,0,0,411704542,372532952,75301762,43650,188900,0,0,0,25871,0,0
1785574033.348721339,75304394,0,75304394,0,75301880,17778,44400,0,0,0,0,0,411707610,372536003,75301762,43650,188900,0,0,0,25871,0,0
1785574034.367555427,75304394,0,75304394,0,75301880,17778,44400,0,0,0,0,0,411710667,372539024,75301762,43650,188900,0,0,0,25871,0,0
1785574035.388555163,75304394,0,75304394,0,75301880,17778,44400,0,0,0,0,0,411713731,372542029,75301762,43650,188900,0,0,0,25871,0,0
1785574036.411863369,75304394,0,75304394,0,75301880,17778,44400,0,0,0,0,0,411716796,372545080,75301762,43650,188900,0,0,0,25871,0,0
1785574037.435734982,75304394,0,75304394,0,75301880,17778,44400,0,0,0,0,0,411719868,372548081,75301762,43650,188900,0,0,0,25871,0,0
1785574038.459644614,75304394,0,75304394,0,75301880,17778,44400,0,0,0,0,0,411722939,372551102,75301762,43650,188900,0,0,0,25871,0,0
1785574039.482251851,75304394,0,75304394,0,75301880,17778,44400,0,0,0,0,0,411726007,372554153,75301762,43650,188900,0,0,0,25871,0,0
1785574040.503002361,75304394,0,75304394,0,75301880,17778,44400,0,0,0,0,0,411729066,372557154,75301762,43650,188900,0,0,0,25871,0,0
1785574041.525750735,75304394,0,75304394,0,75301880,17778,44400,0,0,0,0,0,411732135,372560186,75301762,43650,188900,0,0,0,25871,0,0
1785574042.548745647,75304394,0,75304394,0,75301880,17778,44400,0,0,0,0,0,411735204,372563240,75301762,43650,188900,0,0,0,25871,0,0
1785574043.572019358,75304394,0,75304394,0,75301880,17778,44400,0,0,0,0,0,411738272,372566229,75301762,43650,188900,0,0,0,25871,0,0
1785574044.595305387,75304394,0,75304394,0,75301880,17778,44400,0,0,0,0,0,411741341,372569279,75301762,43650,188900,0,0,0,25871,0,0
1785574045.619428231,75304394,0,75304394,0,75301880,17778,44400,0,0,0,0,0,411744412,372572334,75301762,43650,188900,0,0,0,25871,0,0
1785574046.642414942,75304394,0,75304394,0,75301880,17778,44400,0,0,0,0,0,411747483,372575322,75301762,43650,188900,0,0,0,25871,0,0
1785574047.666200449,75304394,0,75304394,0,75301880,17778,44400,0,0,0,0,0,411750551,372578363,75301762,43650,188900,0,0,0,25871,0,0
1785574048.688672926,75304394,0,75304394,0,75301880,17778,44400,0,0,0,0,0,411753620,372581396,75301762,43650,188900,0,0,0,25871,0,0
1785574049.710367334,75304394,0,75304394,0,75301880,17778,44400,0,0,0,0,0,411756680,372584380,75301762,43650,188900,0,0,0,25871,0,0
1785574050.731195084,75304394,0,75304394,0,75301880,17778,44400,0,0,0,0,0,411759743,372587427,75301762,43650,188900,0,0,0,25871,0,0
1785574051.752338889,75304394,0,75304394,0,75301880,17778,44400,0,0,0,0,0,411762809,372590473,75301762,43650,188900,0,0,0,25871,0,0
1785574052.775910653,75304394,0,75304394,0,75301880,17778,44400,0,0,0,0,0,411765878,372593463,75301762,43650,188900,0,0,0,25871,0,0
1785574053.799726288,75304394,0,75304394,0,75301880,17778,44400,0,0,0,0,0,411768949,372596518,75301762,43650,188900,0,0,0,25871,0,0
1785574054.821727824,75304394,0,75304394,0,75301880,17778,44400,0,0,0,0,0,411772016,372599544,75301762,43650,188900,0,0,0,25871,0,0
1785574055.840786818,75304394,0,75304394,0,75301880,17778,44400,0,0,0,0,0,411775074,372602544,75301762,43650,188900,0,0,0,25871,0,0
1785574056.863681063,75304394,0,75304394,0,75301880,17778,44400,0,0,0,0,0,411778143,372605595,75301762,43650,188900,0,0,0,25871,0,0
1785574057.884513562,75304394,0,75304394,0,75301880,17778,44400,0,0,0,0,0,411781207,372608615,75301762,43650,188900,0,0,0,25871,0,0
1785574058.906921430,75304394,0,75304394,0,75301880,17778,44400,0,0,0,0,0,411784273,372611543,75301762,43650,188900,0,0,0,25871,0,0
1785574059.930936559,75304394,0,75304394,0,75301880,17778,44400,0,0,0,0,0,411787343,372614597,75301762,43650,188900,0,0,0,25871,0,0
1785574060.952485775,75304394,0,75304394,0,75301880,17778,44400,0,0,0,0,0,411790407,372617600,75301762,43650,188900,0,0,0,25871,0,0
1785574061.975934915,75304394,0,75304394,0,75301880,17778,44400,0,0,0,0,0,411793479,372620635,75301762,43650,188900,0,0,0,25871,0,0
1785574062.999358598,75304394,0,75304394,0,75301880,17778,44400,0,0,0,0,0,411796548,372623689,75301762,43650,188900,0,0,0,25871,0,0
1785574064.022150922,75304394,0,75304394,0,75301880,17778,44400,0,0,0,0,0,411799616,372626720,75301762,43650,188900,0,0,0,25871,0,0
1785574065.042846758,75304394,0,75304394,0,75301880,17778,44400,0,0,0,0,0,411802679,372629723,75301762,43650,188900,0,0,0,25871,0,0
1785574066.065093437,75304394,0,75304394,0,75301880,17778,44400,0,0,0,0,0,411805747,372632775,75301762,43650,188900,0,0,0,25871,0,0
1785574067.088587536,75304394,0,75304394,0,75301880,17778,44400,0,0,0,0,0,411808814,372635764,75301762,43650,188900,0,0,0,25871,0,0
1785574068.112732779,75304394,0,75304394,0,75301880,17778,44400,0,0,0,0,0,411811887,372638815,75301762,43650,188900,0,0,0,25871,0,0
1785574069.136560086,75304394,0,75304394,0,75301880,17778,44400,0,0,0,0,0,411814956,372641841,75301762,43650,188900,0,0,0,25871,0,0
1785574070.159211914,75304394,0,75304394,0,75301880,17778,44400,0,0,0,0,0,411818025,372644854,75301762,43650,188900,0,0,0,25871,0,0
1785574071.183671028,75304394,0,75304394,0,75301880,17778,44400,0,0,0,0,0,411821097,372647883,75301762,43650,188900,0,0,0,25871,0,0
1785574072.204901849,75304394,0,75304394,0,75301880,17778,44400,0,0,0,0,0,411824163,372650929,75301762,43650,188900,0,0,0,25871,0,0
1785574073.225576094,75304394,0,75304394,0,75301880,17778,44400,0,0,0,0,0,411827223,372653908,75301762,43650,188900,0,0,0,25871,0,0
1785574074.249000462,75304394,0,75304394,0,75301880,17778,44400,0,0,0,0,0,411830291,372656960,75301762,43650,188900,0,0,0,25871,0,0
1785574075.273362579,75304394,0,75304394,0,75301880,17778,44400,0,0,0,0,0,411833364,372660017,75301762,43650,188900,0,0,0,25871,0,0
1785574076.297077451,75304394,0,75304394,0,75301880,17778,44400,0,0,0,0,0,411836436,372663013,75301762,43650,188900,0,0,0,25871,0,0
1785574077.315523077,75304394,0,75304394,0,75301880,17778,44400,0,0,0,0,0,411839494,372666048,75301762,43650,188900,0,0,0,25871,0,0
1785574078.335563358,75304394,0,75304394,0,75301880,17778,44400,0,0,0,0,0,411842548,372669064,75301762,43650,188900,0,0,0,25871,0,0
1785574079.356922643,75304394,0,75304394,0,75301880,17778,44400,0,0,0,0,0,411845614,372672050,75301762,43650,188900,0,0,0,25871,0,0
1785574080.380550686,75304394,0,75304394,0,75301880,17778,44400,0,0,0,0,0,411848677,372675100,75301762,43650,188900,0,0,0,25871,0,0
1785574081.398119131,75304394,0,75304394,0,75301880,17778,44400,0,0,0,0,0,411851734,372678139,75301762,43650,188900,0,0,0,25871,0,0
1785574082.419149019,75304394,0,75304394,0,75301880,17778,44400,0,0,0,0,0,411854793,372681118,75301762,43650,188900,0,0,0,25871,0,0
1785574083.443552954,75304394,0,75304394,0,75301880,17778,44400,0,0,0,0,0,411857865,372684173,75301762,43650,188900,0,0,0,25871,0,0
1785574084.466017247,75304394,0,75304394,0,75301880,17778,44400,0,0,0,0,0,411860931,372687185,75301762,43650,188900,0,0,0,25871,0,0
1785574085.489726117,75304394,0,75304394,0,75301880,17778,44400,0,0,0,0,0,411864001,372690217,75301762,43650,188900,0,0,0,25871,0,0
1785574086.513388751,75304394,0,75304394,0,75301880,17778,44400,0,0,0,0,0,411867070,372693271,75301762,43650,188900,0,0,0,25871,0,0
1785574087.539530030,75304394,0,75304394,0,75301880,17778,44400,0,0,0,0,0,411870140,372696308,75301762,43650,188900,0,0,0,25871,0,0
1785574088.563102704,75304394,0,75304394,0,75301880,17778,44400,0,0,0,0,0,411873216,372699320,75301762,43650,188900,0,0,0,25871,0,0
1785574089.586744174,75304394,0,75304394,0,75301880,17778,44400,0,0,0,0,0,411876288,372702351,75301762,43650,188900,0,0,0,25871,0,0
1785574090.609258436,75304394,0,75304394,0,75301880,17778,44400,0,0,0,0,0,411879355,372705341,75301762,43650,188900,0,0,0,25871,0,0
1785574091.632286107,75304394,0,75304394,0,75301880,17778,44400,0,0,0,0,0,411882424,372708385,75301762,43650,188900,0,0,0,25871,0,0
1785574092.655510294,75304394,0,75304394,0,75301880,17778,44400,0,0,0,0,0,411885493,372711438,75301762,43650,188900,0,0,0,25871,0,0
1785574093.678223236,75304394,0,75304394,0,75301880,17778,44400,0,0,0,0,0,411888561,372714452,75301762,43650,188900,0,0,0,25871,0,0
1785574094.701963992,75304394,0,75304394,0,75301880,17778,44400,0,0,0,0,0,411891631,372717474,75301762,43650,188900,0,0,0,25871,0,0
1785574095.725976532,75304394,0,75304394,0,75301880,17778,44400,0,0,0,0,0,411894704,372720530,75301762,43650,188900,0,0,0,25871,0,0
1785574096.748665037,75304394,0,75304394,0,75301880,17778,44400,0,0,0,0,0,411897774,372723517,75301762,43650,188900,0,0,0,25871,0,0
1785574097.771308697,75304394,0,75304394,0,75301880,17778,44400,0,0,0,0,0,411900841,372726569,75301762,43650,188900,0,0,0,25871,0,0
1785574098.793983640,75304394,0,75304394,0,75301880,17778,44400,0,0,0,0,0,411903909,372729623,75301762,43650,188900,0,0,0,25871,0,0
1785574099.817531490,75304394,0,75304394,0,75301880,17778,44400,0,0,0,0,0,411906976,372732593,75301762,43650,188900,0,0,0,25871,0,0
1785574100.841058515,75304394,0,75304394,0,75301880,17778,44400,0,0,0,0,0,411910047,372735633,75301762,43650,188900,0,0,0,25871,0,0
1785574101.862692394,75304394,0,75304394,0,75301880,17778,44400,0,0,0,0,0,411913113,372738659,75301762,43650,188900,0,0,0,25871,0,0
1785574102.886085673,75304394,0,75304394,0,75301880,17778,44400,0,0,0,0,0,411916184,372741669,75301762,43650,188900,0,0,0,25871,0,0
1785574103.908718257,75304394,0,75304394,0,75301880,17778,44400,0,0,0,0,0,411919251,372744720,75301762,43650,188900,0,0,0,25871,0,0
1785574104.931906779,75304394,0,75304394,0,75301880,17778,44400,0,0,0,0,0,411922322,372747773,75301762,43650,188900,0,0,0,25871,0,0
1785574105.952251272,75304394,0,75304394,0,75301880,17778,44400,0,0,0,0,0,411925381,372750750,75301762,43650,188900,0,0,0,25871,0,0
1785574106.974819616,75304394,0,75304394,0,75301880,17778,44400,0,0,0,0,0,411928449,372753801,75301762,43650,188900,0,0,0,25871,0,0
1785574107.997824922,75304394,0,75304394,0,75301880,17778,44400,0,0,0,0,0,411931517,372756813,75301762,43650,188900,0,0,0,25871,0,0
1785574109.021121376,75304394,0,75304394,0,75301880,17778,44400,0,0,0,0,0,411934587,372759839,75301762,43650,188900,0,0,0,25871,0,0
1785574110.046206535,75304394,0,75304394,0,75301880,17778,44400,0,0,0,0,0,411937659,372762873,75301762,43650,188900,0,0,0,25871,0,0
1785574111.067115082,75304394,0,75304394,0,75301880,17778,44400,0,0,0,0,0,411940724,372765903,75301762,43650,188900,0,0,0,25871,0,0
1785574112.088976092,75304394,0,75304394,0,75301880,17778,44400,0,0,0,0,0,411943788,372768902,75301762,43650,188900,0,0,0,25871,0,0
1785574113.110583443,75304394,0,75304394,0,75301880,17778,44400,0,0,0,0,0,411946855,372771951,75301762,43650,188900,0,0,0,25871,0,0
1785574114.133886806,75304394,0,75304394,0,75301880,17778,44400,0,0,0,0,0,411949924,372774947,75301762,43650,188900,0,0,0,25871,0,0
1785574115.157179548,75304394,0,75304394,0,75301880,17778,44400,0,0,0,0,0,411952995,372777988,75301762,43650,188900,0,0,0,25871,0,0
1785574116.180435389,75304394,0,75304394,0,75301880,17778,44400,0,0,0,0,0,411956065,372781041,75301762,43650,188900,0,0,0,25871,0,0
1785574117.202719177,75304394,0,75304394,0,75301880,17778,44400,0,0,0,0,0,411959134,372784057,75301762,43650,188900,0,0,0,25871,0,0
1785574118.225041729,75304394,0,75304394,0,75301880,17778,44400,0,0,0,0,0,411962200,372787073,75301762,43650,188900,0,0,0,25871,0,0
1785574119.244441939,75304394,0,75304394,0,75301880,17778,44400,0,0,0,0,0,411965262,372790118,75301762,43650,188900,0,0,0,25871,0,0
1785574120.263855266,75304394,0,75304394,0,75301880,17778,44400,0,0,0,0,0,411968316,372793057,75301762,43650,188900,0,0,0,25871,0,0
1785574121.284541059,75304394,0,75304394,0,75301880,17778,44400,0,0,0,0,0,411971379,372796085,75301762,43650,188900,0,0,0,25871,0,0
1785574122.308142834,75304394,0,75304394,0,75301880,17778,44400,0,0,0,0,0,411974449,372799138,75301762,43650,188900,0,0,0,25871,0,0
1785574123.330964009,75304394,0,75304394,0,75301880,17778,44400,0,0,0,0,0,411977516,372802137,75301762,43650,188900,0,0,0,25871,0,0
1785574124.354166483,75304394,0,75304394,0,75301880,17778,44400,0,0,0,0,0,411980587,372805174,75301762,43650,188900,0,0,0,25871,0,0
1785574125.379420376,75304394,0,75304394,0,75301880,17778,44400,0,0,0,0,0,411983662,372808234,75301762,43650,188900,0,0,0,25871,0,0
1785574126.404834296,75304394,0,75304394,0,75301880,17778,44400,0,0,0,0,0,411986741,372811229,75301762,43650,188900,0,0,0,25871,0,0
1785574127.428745251,75304394,0,75304394,0,75301880,17778,44400,0,0,0,0,0,411989814,372814284,75301762,43650,188900,0,0,0,25871,0,0
1785574128.451239434,75304394,0,75304394,0,75301880,17778,44400,0,0,0,0,0,411992884,372817338,75301762,43650,188900,0,0,0,25871,0,0
1785574129.474800941,75304394,0,75304394,0,75301880,17778,44400,0,0,0,0,0,411995947,372820313,75301762,43650,188900,0,0,0,25871,0,0
1785574130.495583956,75304394,0,75304394,0,75301880,17778,44400,0,0,0,0,0,411999012,372823339,75301762,43650,188900,0,0,0,25871,0,0
1785574131.517441690,75304394,0,75304394,0,75301880,17778,44400,0,0,0,0,0,412002076,372826372,75301762,43650,188900,0,0,0,25871,0,0
1785574132.540872974,75304394,0,75304394,0,75301880,17778,44400,0,0,0,0,0,412005144,372829366,75301762,43650,188900,0,0,0,25871,0,0
1785574133.564304343,75304394,0,75304394,0,75301880,17778,44400,0,0,0,0,0,412008214,372832420,75301762,43650,188900,0,0,0,25871,0,0
1785574134.587926534,75304394,0,75304394,0,75301880,17778,44400,0,0,0,0,0,412011282,372835459,75301762,43650,188900,0,0,0,25871,0,0
1785574135.611264300,75304394,0,75304394,0,75301880,17778,44400,0,0,0,0,0,412014353,372838455,75301762,43650,188900,0,0,0,25871,0,0
1785574136.635031649,75304394,0,75304394,0,75301880,17778,44400,0,0,0,0,0,412017421,372841508,75301762,43650,188900,0,0,0,25871,0,0
1785574137.660735726,75304394,0,75304394,0,75301880,17778,44400,0,0,0,0,0,412020499,372844541,75301762,43650,188900,0,0,0,25871,0,0
1785574138.684660317,75304394,0,75304394,0,75301880,17778,44400,0,0,0,0,0,412023572,372847556,75301762,43650,188900,0,0,0,25871,0,0
1785574139.708668087,75304394,0,75304394,0,75301880,17778,44400,0,0,0,0,0,412026644,372850611,75301762,43650,188900,0,0,0,25871,0,0
1785574140.731342946,75304394,0,75304394,0,75301880,17778,44400,0,0,0,0,0,412029713,372853617,75301762,43650,188900,0,0,0,25871,0,0
1785574141.755263922,75304394,0,75304394,0,75301880,17778,44400,0,0,0,0,0,412032782,372856629,75301762,43650,188900,0,0,0,25871,0,0
1785574142.778226162,75304394,0,75304394,0,75301880,17778,44400,0,0,0,0,0,412035850,372859682,75301762,43650,188900,0,0,0,25871,0,0
1785574143.800400581,75304394,0,75304394,0,75301880,17778,44400,0,0,0,0,0,412038915,372862680,75301762,43650,188900,0,0,0,25871,0,0
1785574144.824088197,75304394,0,75304394,0,75301880,17778,44400,0,0,0,0,0,412041984,372865714,75301762,43650,188900,0,0,0,25871,0,0
1785574145.848272529,75304394,0,75304394,0,75301880,17778,44400,0,0,0,0,0,412045057,372868768,75301762,43650,188900,0,0,0,25871,0,0
1785574146.871793903,75304394,0,75304394,0,75301880,17778,44400,0,0,0,0,0,412048125,372871770,75301762,43650,188900,0,0,0,25871,0,0
1785574147.895423107,75304394,0,75304394,0,75301880,17778,44400,0,0,0,0,0,412051194,372874804,75301762,43650,188900,0,0,0,25871,0,0
1785574148.919655014,75304394,0,75304394,0,75301880,17778,44400,0,0,0,0,0,412054265,372877859,75301762,43650,188900,0,0,0,25871,0,0
1785574149.941219702,75304394,0,75304394,0,75301880,17778,44400,0,0,0,0,0,412057330,372880838,75301762,43650,188900,0,0,0,25871,0,0
1785574150.964871344,75304394,0,75304394,0,75301880,17778,44400,0,0,0,0,0,412060398,372883879,75301762,43650,188900,0,0,0,25871,0,0
1785574151.988783404,75304394,0,75304394,0,75301880,17778,44400,0,0,0,0,0,412063469,372886920,75301762,43650,188900,0,0,0,25871,0,0
1785574153.012460144,75304394,0,75304394,0,75301880,17778,44400,0,0,0,0,0,412066540,372889904,75301762,43650,188900,0,0,0,25871,0,0
1785574154.036652973,75304394,0,75304394,0,75301880,17778,44400,0,0,0,0,0,412069609,372892959,75301762,43650,188900,0,0,0,25871,0,0
1785574155.059318270,75304394,0,75304394,0,75301880,17778,44400,0,0,0,0,0,412072678,372896006,75301762,43650,188900,0,0,0,25871,0,0
1785574156.082474766,75304394,0,75304394,0,75301880,17778,44400,0,0,0,0,0,412075744,372898997,75301762,43650,188900,0,0,0,25871,0,0
1785574157.105586678,75304394,0,75304394,0,75301880,17778,44400,0,0,0,0,0,412078814,372902049,75301762,43650,188900,0,0,0,25871,0,0
1785574158.128879434,75304394,0,75304394,0,75301880,17778,44400,0,0,0,0,0,412081881,372905093,75301762,43650,188900,0,0,0,25871,0,0
1785574159.150954348,75304394,0,75304394,0,75301880,17778,44400,0,0,0,0,0,412084947,372908085,75301762,43650,188900,0,0,0,25871,0,0
1785574160.174843938,75304394,0,75304394,0,75301880,17778,44400,0,0,0,0,0,412088016,372911135,75301762,43650,188900,0,0,0,25871,0,0
1785574161.197669253,75304394,0,75304394,0,75301880,17778,44400,0,0,0,0,0,412091083,372914154,75301762,43650,188900,0,0,0,25871,0,0
1785574162.221398330,75304394,0,75304394,0,75301880,17778,44400,0,0,0,0,0,412094151,372917147,75301762,43650,188900,0,0,0,25871,0,0
1785574163.244221773,75304394,0,75304394,0,75301880,17778,44400,0,0,0,0,0,412097220,372920200,75301762,43650,188900,0,0,0,25871,0,0
1785574164.267985151,75304394,0,75304394,0,75301880,17778,44400,0,0,0,0,0,412100290,372923227,75301762,43650,188900,0,0,0,25871,0,0
1785574165.292488392,75304394,0,75304394,0,75301880,17778,44400,0,0,0,0,0,412103362,372926244,75301762,43650,188900,0,0,0,25871,0,0
1785574166.316541198,75304394,0,75304394,0,75301880,17778,44400,0,0,0,0,0,412106434,372929299,75301762,43650,188900,0,0,0,25871,0,0
1785574167.336294182,75304394,0,75304394,0,75301880,17778,44400,0,0,0,0,0,412109498,372932297,75301762,43650,188900,0,0,0,25871,0,0
1785574168.359384637,75304394,0,75304394,0,75301880,17778,44400,0,0,0,0,0,412112559,372935323,75301762,43650,188900,0,0,0,25871,0,0
1785574169.382828441,75304394,0,75304394,0,75301880,17778,44400,0,0,0,0,0,412115629,372938376,75301762,43650,188900,0,0,0,25871,0,0
1785574170.406543319,75304394,0,75304394,0,75301880,17778,44400,0,0,0,0,0,412118699,372941387,75301762,43650,188900,0,0,0,25871,0,0
1785574171.428167529,75304394,0,75304394,0,75301880,17778,44400,0,0,0,0,0,412121763,372944416,75301762,43650,188900,0,0,0,25871,0,0
1785574172.452661321,75304394,0,75304394,0,75301880,17778,44400,0,0,0,0,0,412124835,372947451,75301762,43650,188900,0,0,0,25871,0,0
1785574173.475746748,75304394,0,75304394,0,75301880,17778,44400,0,0,0,0,0,412127905,372950436,75301762,43650,188900,0,0,0,25871,0,0
1785574174.498878528,75304394,0,75304394,0,75301880,17778,44400,0,0,0,0,0,412130974,372953486,75301762,43650,188900,0,0,0,25871,0,0
1785574175.517442345,75304394,0,75304394,0,75301880,17778,44400,0,0,0,0,0,412134035,372956531,75301762,43650,188900,0,0,0,25871,0,0
1785574176.540335357,75304394,0,75304394,0,75301880,17778,44400,0,0,0,0,0,412137096,372959510,75301762,43650,188900,0,0,0,25871,0,0
1785574177.563897653,75304394,0,75304394,0,75301880,17778,44400,0,0,0,0,0,412140165,372962564,75301762,43650,188900,0,0,0,25871,0,0
1785574178.585812644,75304394,0,75304394,0,75301880,17778,44400,0,0,0,0,0,412143229,372965608,75301762,43650,188900,0,0,0,25871,0,0
1785574179.609764100,75304394,0,75304394,0,75301880,17778,44400,0,0,0,0,0,412146302,372968599,75301762,43650,188900,0,0,0,25871,0,0
1785574180.632686052,75304394,0,75304394,0,75301880,17778,44400,0,0,0,0,0,412149368,372971650,75301762,43650,188900,0,0,0,25871,0,0
1785574181.655391259,75304394,0,75304394,0,75301880,17778,44400,0,0,0,0,0,412152436,372974691,75301762,43650,188900,0,0,0,25871,0,0
1785574182.678761165,75304394,0,75304394,0,75301880,17778,44400,0,0,0,0,0,412155508,372977603,75301762,43650,188900,0,0,0,25871,0,0
1785574183.702486852,75304394,0,75304394,0,75301880,17778,44400,0,0,0,0,0,412158577,372980658,75301762,43650,188900,0,0,0,25871,0,0
1785574184.724352674,75304394,0,75304394,0,75301880,17778,44400,0,0,0,0,0,412161643,372983682,75301762,43650,188900,0,0,0,25871,0,0
1785574185.744185474,75304394,0,75304394,0,75301880,17778,44400,0,0,0,0,0,412164701,372986679,75301762,43650,188900,0,0,0,25871,0,0
1785574186.767185890,75304394,0,75304394,0,75301880,17778,44400,0,0,0,0,0,412167769,372989733,75301762,43650,188900,0,0,0,25871,0,0
1785574187.787347946,75304394,0,75304394,0,75301880,17778,44400,0,0,0,0,0,412170827,372992771,75301762,43650,188900,0,0,0,25871,0,0
1785574188.812048858,75304394,0,75304394,0,75301880,17778,44400,0,0,0,0,0,412173899,372995763,75301762,43650,188900,0,0,0,25871,0,0
1785574189.836277585,75304394,0,75304394,0,75301880,17778,44400,0,0,0,0,0,412176971,372998819,75301762,43650,188900,0,0,0,25871,0,0
1785574190.858572838,75304394,0,75304394,0,75301880,17778,44400,0,0,0,0,0,412180039,373001823,75301762,43650,188900,0,0,0,25871,0,0
1785574191.882663556,75304394,0,75304394,0,75301880,17778,44400,0,0,0,0,0,412183108,373004851,75301762,43650,188900,0,0,0,25871,0,0
1785574192.905406190,75304394,0,75304394,0,75301880,17778,44400,0,0,0,0,0,412186179,373007882,75301762,43650,188900,0,0,0,25871,0,0
1785574193.927586309,75304394,0,75304394,0,75301880,17778,44400,0,0,0,0,0,412189242,373010900,75301762,43650,188900,0,0,0,25871,0,0
1785574194.951709315,75304394,0,75304394,0,75301880,17778,44400,0,0,0,0,0,412192310,373013912,75301762,43650,188900,0,0,0,25871,0,0
1785574195.974124853,75304394,0,75304394,0,75301880,17778,44400,0,0,0,0,0,412195380,373016964,75301762,43650,188900,0,0,0,25871,0,0
1785574196.996033642,75304394,0,75304394,0,75301880,17778,44400,0,0,0,0,0,412198442,373019950,75301762,43650,188900,0,0,0,25871,0,0
1785574198.020838817,75304394,0,75304394,0,75301880,17778,44400,0,0,0,0,0,412201514,373022997,75301762,43650,188900,0,0,0,25871,0,0
1785574199.044275984,75304394,0,75304394,0,75301880,17778,44400,0,0,0,0,0,412204585,373026051,75301762,43650,188900,0,0,0,25871,0,0
1785574200.066755853,75304394,0,75304394,0,75301880,17778,44400,0,0,0,0,0,412207652,373029050,75301762,43650,188900,0,0,0,25871,0,0
1785574201.089406397,75304394,0,75304394,0,75301880,17778,44400,0,0,0,0,0,412210722,373032085,75301762,43650,188900,0,0,0,25871,0,0
1785574202.112068133,75304394,0,75304394,0,75301880,17778,44400,0,0,0,0,0,412213786,373035131,75301762,43650,188900,0,0,0,25871,0,0
1785574203.135217702,75304394,0,75304394,0,75301880,17778,44400,0,0,0,0,0,412216853,373038098,75301762,43650,188900,0,0,0,25871,0,0
1785574204.159569792,75304394,0,75304394,0,75301880,17778,44400,0,0,0,0,0,412219926,373041154,75301762,43650,188900,0,0,0,25871,0,0
1785574205.183871422,75304394,0,75304394,0,75301880,17778,44400,0,0,0,0,0,412222997,373044209,75301762,43650,188900,0,0,0,25871,0,0
1785574206.205942084,75304394,0,75304394,0,75301880,17778,44400,0,0,0,0,0,412226060,373047189,75301762,43650,188900,0,0,0,25871,0,0
1785574207.229475139,75304394,0,75304394,0,75301880,17778,44400,0,0,0,0,0,412229131,373050243,75301762,43650,188900,0,0,0,25871,0,0
1785574208.250150367,75304394,0,75304394,0,75301880,17778,44400,0,0,0,0,0,412232190,373053265,75301762,43650,188900,0,0,0,25871,0,0
1785574209.273288728,75304394,0,75304394,0,75301880,17778,44400,0,0,0,0,0,412235258,373056272,75301762,43650,188900,0,0,0,25871,0,0
1785574210.296854000,75304394,0,75304394,0,75301880,17778,44400,0,0,0,0,0,412238328,373059326,75301762,43650,188900,0,0,0,25871,0,0
1785574211.320038437,75304394,0,75304394,0,75301880,17778,44400,0,0,0,0,0,412241397,373062374,75301762,43650,188900,0,0,0,25871,0,0
1785574212.340877722,75304394,0,75304394,0,75301880,17778,44400,0,0,0,0,0,412244456,373065354,75301762,43650,188900,0,0,0,25871,0,0
1785574213.365124802,75304394,0,75304394,0,75301880,17778,44400,0,0,0,0,0,412247528,373068388,75301762,43650,188900,0,0,0,25871,0,0
1785574214.387715621,75304394,0,75304394,0,75301880,17778,44400,0,0,0,0,0,412250595,373071398,75301762,43650,188900,0,0,0,25871,0,0
1785574215.411872142,75304394,0,75304394,0,75301880,17778,44400,0,0,0,0,0,412253664,373074427,75301762,43650,188900,0,0,0,25871,0,0
1785574216.434141749,75304394,0,75304394,0,75301880,17778,44400,0,0,0,0,0,412256735,373077478,75301762,43650,188900,0,0,0,25871,0,0
1785574217.452369258,75304394,0,75304394,0,75301880,17778,44400,0,0,0,0,0,412259786,373080490,75301762,43650,188900,0,0,0,25871,0,0
1785574218.476515820,75304394,0,75304394,0,75301880,17778,44400,0,0,0,0,0,412262853,373083497,75301762,43650,188900,0,0,0,25871,0,0
1785574219.500348746,75304394,0,75304394,0,75301880,17778,44400,0,0,0,0,0,412265926,373086553,75301762,43650,188900,0,0,0,25871,0,0
1785574220.521936776,75304394,0,75304394,0,75301880,17778,44400,0,0,0,0,0,412268989,373089546,75301762,43650,188900,0,0,0,25871,0,0
1785574221.545176042,75304394,0,75304394,0,75301880,17778,44400,0,0,0,0,0,412272054,373092587,75301762,43650,188900,0,0,0,25871,0,0
1785574222.567836171,75304394,0,75304394,0,75301880,17778,44400,0,0,0,0,0,412275121,373095639,75301762,43650,188900,0,0,0,25871,0,0
1785574223.591196313,75304394,0,75304394,0,75301880,17778,44400,0,0,0,0,0,412278190,373098630,75301762,43650,188900,0,0,0,25871,0,0
1785574224.615517523,75304394,0,75304394,0,75301880,17778,44400,0,0,0,0,0,412281264,373101662,75301762,43650,188900,0,0,0,25871,0,0
1785574225.638422322,75304394,0,75304394,0,75301880,17778,44400,0,0,0,0,0,412284331,373104713,75301762,43650,188900,0,0,0,25871,0,0
1785574226.660811024,75304394,0,75304394,0,75301880,17778,44400,0,0,0,0,0,412287395,373107696,75301762,43650,188900,0,0,0,25871,0,0
1785574227.684098510,75304394,0,75304394,0,75301880,17778,44400,0,0,0,0,0,412290464,373110749,75301762,43650,188900,0,0,0,25871,0,0
1785574228.707570205,75304394,0,75304394,0,75301880,17778,44400,0,0,0,0,0,412293535,373113803,75301762,43650,188900,0,0,0,25871,0,0
1785574229.730132909,75304394,0,75304394,0,75301880,17778,44400,0,0,0,0,0,412296599,373116791,75301762,43650,188900,0,0,0,25871,0,0
1785574230.753108679,75304394,0,75304394,0,75301880,17778,44400,0,0,0,0,0,412299667,373119837,75301762,43650,188900,0,0,0,25871,0,0
1785574231.773539143,75304394,0,75304394,0,75301880,17778,44400,0,0,0,0,0,412302729,373122861,75301762,43650,188900,0,0,0,25871,0,0
1785574232.797138630,75304394,0,75304394,0,75301880,17778,44400,0,0,0,0,0,412305794,373125867,75301762,43650,188900,0,0,0,25871,0,0
1785574233.820530291,75304394,0,75304394,0,75301880,17778,44400,0,0,0,0,0,412308865,373128898,75301762,43650,188900,0,0,0,25871,0,0
1785574234.841917739,75304394,0,75304394,0,75301880,17778,44400,0,0,0,0,0,412311926,373131942,75301762,43650,188900,0,0,0,25871,0,0
1785574235.863313253,75304394,0,75304394,0,75301880,17778,44400,0,0,0,0,0,412314987,373134922,75301762,43650,188900,0,0,0,25871,0,0
1785574236.886515220,75304394,0,75304394,0,75301880,17778,44400,0,0,0,0,0,412318058,373137975,75301762,43650,188900,0,0,0,25871,0,0
1785574237.909830856,75304394,0,75304394,0,75301880,17778,44400,0,0,0,0,0,412321124,373140989,75301762,43650,188900,0,0,0,25871,0,0
1785574238.933940824,75304394,0,75304394,0,75301880,17778,44400,0,0,0,0,0,412324195,373144015,75301762,43650,188900,0,0,0,25871,0,0
1785574239.957249186,75304394,0,75304394,0,75301880,17778,44400,0,0,0,0,0,412327264,373147069,75301762,43650,188900,0,0,0,25871,0,0
1785574240.979131003,75304394,0,75304394,0,75301880,17778,44400,0,0,0,0,0,412330329,373150093,75301762,43650,188900,0,0,0,25871,0,0
1785574242.000697149,75304394,0,75304394,0,75301880,17778,44400,0,0,0,0,0,412333390,373153095,75301762,43650,188900,0,0,0,25871,0,0
1785574243.024672660,75304394,0,75304394,0,75301880,17778,44400,0,0,0,0,0,412336462,373156151,75301762,43650,188900,0,0,0,25871,0,0
1785574244.044342211,75304394,0,75304394,0,75301880,17778,44400,0,0,0,0,0,412339521,373159116,75301762,43650,188900,0,0,0,25871,0,0
1785574245.067213589,75304394,0,75304394,0,75301880,17778,44400,0,0,0,0,0,412342588,373162137,75301762,43650,188900,0,0,0,25871,0,0
1785574246.090272683,75304394,0,75304394,0,75301880,17778,44400,0,0,0,0,0,412345657,373165189,75301762,43650,188900,0,0,0,25871,0,0
1785574247.112080679,75304394,0,75304394,0,75301880,17778,44400,0,0,0,0,0,412348719,373168195,75301762,43650,188900,0,0,0,25871,0,0
1785574248.134444312,75304394,0,75304394,0,75301880,17778,44400,0,0,0,0,0,412351785,373171217,75301762,43650,188900,0,0,0,25871,0,0
1785574249.156929630,75304394,0,75304394,0,75301880,17778,44400,0,0,0,0,0,412354852,373174269,75301762,43650,188900,0,0,0,25871,0,0
1785574250.179280302,75304394,0,75304394,0,75301880,17778,44400,0,0,0,0,0,412357917,373177265,75301762,43650,188900,0,0,0,25871,0,0
1785574251.202405250,75304394,0,75304394,0,75301880,17778,44400,0,0,0,0,0,412360985,373180301,75301762,43650,188900,0,0,0,25871,0,0
1785574252.223363757,75304394,0,75304394,0,75301880,17778,44400,0,0,0,0,0,412364050,373183350,75301762,43650,188900,0,0,0,25871,0,0
1785574253.246129117,75304394,0,75304394,0,75301880,17778,44400,0,0,0,0,0,412367113,373186342,75301762,43650,188900,0,0,0,25871,0,0
1785574254.265957075,75304394,0,75304394,0,75301880,17778,44400,0,0,0,0,0,412370171,373189358,75301762,43650,188900,0,0,0,25871,0,0
1785574255.288712266,75304394,0,75304394,0,75301880,17778,44400,0,0,0,0,0,412373238,373192402,75301762,43650,188900,0,0,0,25871,0,0
1785574256.312028640,75304394,0,75304394,0,75301880,17778,44400,0,0,0,0,0,412376308,373195386,75301762,43650,188900,0,0,0,25871,0,0
1785574257.334990316,75304394,0,75304394,0,75301880,17778,44400,0,0,0,0,0,412379376,373198438,75301762,43650,188900,0,0,0,25871,0,0
1785574258.357519720,75304394,0,75304394,0,75301880,17778,44400,0,0,0,0,0,412382444,373201487,75301762,43650,188900,0,0,0,25871,0,0
1785574259.381485845,75304394,0,75304394,0,75301880,17778,44400,0,0,0,0,0,412385514,373204472,75301762,43650,188900,0,0,0,25871,0,0
1785574260.404334948,75304394,0,75304394,0,75301880,17778,44400,0,0,0,0,0,412388582,373207524,75301762,43650,188900,0,0,0,25871,0,0
1785574261.426073263,75304394,0,75304394,0,75301880,17778,44400,0,0,0,0,0,412391647,373210557,75301762,43650,188900,0,0,0,25871,0,0
1785574262.448584340,75304394,0,75304394,0,75301880,17778,44400,0,0,0,0,0,412394718,373213555,75301762,43650,188900,0,0,0,25871,0,0
1785574263.472231420,75304394,0,75304394,0,75301880,17778,44400,0,0,0,0,0,412397788,373216608,75301762,43650,188900,0,0,0,25871,0,0
1785574264.494908571,75304394,0,75304394,0,75301880,17778,44400,0,0,0,0,0,412400855,373219633,75301762,43650,188900,0,0,0,25871,0,0
1785574265.515339091,75304394,0,75304394,0,75301880,17778,44400,0,0,0,0,0,412403919,373222610,75301762,43650,188900,0,0,0,25871,0,0
1785574266.539072860,75304394,0,75304394,0,75301880,17778,44400,0,0,0,0,0,412406983,373225658,75301762,43650,188900,0,0,0,25871,0,0
1785574267.561984231,75304394,0,75304394,0,75301880,17778,44400,0,0,0,0,0,412410051,373228677,75301762,43650,188900,0,0,0,25871,0,0
1785574268.585404066,75304394,0,75304394,0,75301880,17778,44400,0,0,0,0,0,412413120,373231692,75301762,43650,188900,0,0,0,25871,0,0
1785574269.609268719,75304394,0,75304394,0,75301880,17778,44400,0,0,0,0,0,412416191,373234746,75301762,43650,188900,0,0,0,25871,0,0
1785574270.632447199,75304394,0,75304394,0,75301880,17778,44400,0,0,0,0,0,412419259,373237764,75301762,43650,188900,0,0,0,25871,0,0
1785574271.656831122,75304394,0,75304394,0,75301880,17778,44400,0,0,0,0,0,412422331,373240784,75301762,43650,188900,0,0,0,25871,0,0
1785574272.681356297,75304394,0,75304394,0,75301880,17778,44400,0,0,0,0,0,412425402,373243839,75301762,43650,188900,0,0,0,25871,0,0
1785574273.701410661,75304394,0,75304394,0,75301880,17778,44400,0,0,0,0,0,412428461,373246830,75301762,43650,188900,0,0,0,25871,0,0
1785574274.722756289,75304394,0,75304394,0,75301880,17778,44400,0,0,0,0,0,412431528,373249859,75301762,43650,188900,0,0,0,25871,0,0
1785574275.746273995,75304394,0,75304394,0,75301880,17778,44400,0,0,0,0,0,412434594,373252892,75301762,43650,188900,0,0,0,25871,0,0
1785574276.768867575,75304394,0,75304394,0,75301880,17778,44400,0,0,0,0,0,412437661,373255891,75301762,43650,188900,0,0,0,25871,0,0
1785574277.791687494,75304394,0,75304394,0,75301880,17778,44400,0,0,0,0,0,412440728,373258923,75301762,43650,188900,0,0,0,25871,0,0
1785574278.814325119,75304394,0,75304394,0,75301880,17778,44400,0,0,0,0,0,412443797,373261972,75301762,43650,188900,0,0,0,25871,0,0
1785574279.834009004,75304394,0,75304394,0,75301880,17778,44400,0,0,0,0,0,412446858,373264952,75301762,43650,188900,0,0,0,25871,0,0
1785574280.854974519,75304394,0,75304394,0,75301880,17778,44400,0,0,0,0,0,412449917,373267995,75301762,43650,188900,0,0,0,25871,0,0
1785574281.877514577,75304394,0,75304394,0,75301880,17778,44400,0,0,0,0,0,412452983,373271046,75301762,43650,188900,0,0,0,25871,0,0
1785574282.901442945,75304394,0,75304394,0,75301880,17778,44400,0,0,0,0,0,412456053,373274032,75301762,43650,188900,0,0,0,25871,0,0
1785574283.924891889,75304394,0,75304394,0,75301880,17778,44400,0,0,0,0,0,412459122,373277086,75301762,43650,188900,0,0,0,25871,0,0
1785574284.946329019,75304394,0,75304394,0,75301880,17778,44400,0,0,0,0,0,412462188,373280119,75301762,43650,188900,0,0,0,25871,0,0
1785574285.968688018,75304394,0,75304394,0,75301880,17778,44400,0,0,0,0,0,412465253,373283094,75301762,43650,188900,0,0,0,25871,0,0
1785574286.991846469,75304394,0,75304394,0,75301880,17778,44400,0,0,0,0,0,412468320,373286147,75301762,43650,188900,0,0,0,25871,0,0
1785574288.012279252,75304394,0,75304394,0,75301880,17778,44400,0,0,0,0,0,412471381,373289183,75301762,43650,188900,0,0,0,25871,0,0
1785574289.035258640,75304394,0,75304394,0,75301880,17778,44400,0,0,0,0,0,412474448,373292180,75301762,43650,188900,0,0,0,25871,0,0
1785574290.059046415,75304394,0,75304394,0,75301880,17778,44400,0,0,0,0,0,412477519,373295235,75301762,43650,188900,0,0,0,25871,0,0
1785574291.082126274,75304394,0,75304394,0,75301880,17778,44400,0,0,0,0,0,412480585,373298256,75301762,43650,188900,0,0,0,25871,0,0
1785574292.101850221,75304394,0,75304394,0,75301880,17778,44400,0,0,0,0,0,412483643,373301266,75301762,43650,188900,0,0,0,25871,0,0
1785574293.125147183,75304394,0,75304394,0,75301880,17778,44400,0,0,0,0,0,412486711,373304318,75301762,43650,188900,0,0,0,25871,0,0
1785574294.148243281,75304394,0,75304394,0,75301880,17778,44400,0,0,0,0,0,412489779,373307340,75301762,43650,188900,0,0,0,25871,0,0
1785574295.171245857,75304394,0,75304394,0,75301880,17778,44400,0,0,0,0,0,412492848,373310354,75301762,43650,188900,0,0,0,25871,0,0
1785574296.193554647,75304394,0,75304394,0,75301880,17778,44400,0,0,0,0,0,412495915,373313383,75301762,43650,188900,0,0,0,25871,0,0
1785574297.216251949,75304394,0,75304394,0,75301880,17778,44400,0,0,0,0,0,412498981,373316383,75301762,43650,188900,0,0,0,25871,0,0
1785574298.239415235,75304394,0,75304394,0,75301880,17778,44400,0,0,0,0,0,412502049,373319417,75301762,43650,188900,0,0,0,25871,0,0
1785574299.262068087,75304394,0,75304394,0,75301880,17778,44400,0,0,0,0,0,412505116,373322468,75301762,43650,188900,0,0,0,25871,0,0
1785574300.284711506,75304394,0,75304394,0,75301880,17778,44400,0,0,0,0,0,412508183,373325469,75301762,43650,188900,0,0,0,25871,0,0
1785574301.304784918,75304394,0,75304394,0,75301880,17778,44400,0,0,0,0,0,412511241,373328493,75301762,43650,188900,0,0,0,25871,0,0
1785574302.328424639,75304394,0,75304394,0,75301880,17778,44400,0,0,0,0,0,412514311,373331546,75301762,43650,188900,0,0,0,25871,0,0
1785574303.351731263,75304394,0,75304394,0,75301880,17778,44400,0,0,0,0,0,412517379,373334530,75301762,43650,188900,0,0,0,25871,0,0
1785574304.375100200,75304394,0,75304394,0,75301880,17778,44400,0,0,0,0,0,412520448,373337583,75301762,43650,188900,0,0,0,25871,0,0
1785574305.398439782,75304394,0,75304394,0,75301880,17778,44400,0,0,0,0,0,412523518,373340634,75301762,43650,188900,0,0,0,25871,0,0
1785574306.420206974,75304394,0,75304394,0,75301880,17778,44400,0,0,0,0,0,412526583,373343551,75301762,43650,188900,0,0,0,25871,0,0
1785574307.440102373,75304394,0,75304394,0,75301880,17778,44400,0,0,0,0,0,412529643,373346576,75301762,43650,188900,0,0,0,25871,0,0
1785574308.462397538,75304394,0,75304394,0,75301880,17778,44400,0,0,0,0,0,412532703,373349614,75301762,43650,188900,0,0,0,25871,0,0
1785574309.487137677,75304394,0,75304394,0,75301880,17778,44400,0,0,0,0,0,412535777,373352605,75301762,43650,188900,0,0,0,25871,0,0
1785574310.510192901,75304394,0,75304394,0,75301880,17778,44400,0,0,0,0,0,412538845,373355659,75301762,43650,188900,0,0,0,25871,0,0
1785574311.531870708,75304394,0,75304394,0,75301880,17778,44400,0,0,0,0,0,412541909,373358707,75301762,43650,188900,0,0,0,25871,0,0
1785574312.554482818,75304394,0,75304394,0,75301880,17778,44400,0,0,0,0,0,412544978,373361691,75301762,43650,188900,0,0,0,25871,0,0
1785574313.577487777,75304394,0,75304394,0,75301880,17778,44400,0,0,0,0,0,412548046,373364742,75301762,43650,188900,0,0,0,25871,0,0
1785574314.601053352,75304394,0,75304394,0,75301880,17778,44400,0,0,0,0,0,412551113,373367767,75301762,43650,188900,0,0,0,25871,0,0
1785574315.626114669,75304394,0,75304394,0,75301880,17778,44400,0,0,0,0,0,412554187,373370785,75301762,43650,188900,0,0,0,25871,0,0
1785574316.646424536,75304394,0,75304394,0,75301880,17778,44400,0,0,0,0,0,412557252,373373811,75301762,43650,188900,0,0,0,25871,0,0
1785574317.667071779,75304394,0,75304394,0,75301880,17778,44400,0,0,0,0,0,412560311,373376852,75301762,43650,188900,0,0,0,25871,0,0
1785574318.691049714,75304394,0,75304394,0,75301880,17778,44400,0,0,0,0,0,412563379,373379840,75301762,43650,188900,0,0,0,25871,0,0
1785574319.714263221,75304394,0,75304394,0,75301880,17778,44400,0,0,0,0,0,412566448,373382893,75301762,43650,188900,0,0,0,25871,0,0
1785574320.734900868,75304394,0,75304394,0,75301880,17778,44400,0,0,0,0,0,412569512,373385891,75301762,43650,188900,0,0,0,25871,0,0
1785574321.757737121,75304394,0,75304394,0,75301880,17778,44400,0,0,0,0,0,412572580,373388922,75301762,43650,188900,0,0,0,25871,0,0
1785574322.782326448,75304394,0,75304394,0,75301880,17778,44400,0,0,0,0,0,412575652,373391979,75301762,43650,188900,0,0,0,25871,0,0
1785574323.806043364,75304394,0,75304394,0,75301880,17778,44400,0,0,0,0,0,412578723,373395007,75301762,43650,188900,0,0,0,25871,0,0
1785574324.829468489,75304394,0,75304394,0,75301880,17778,44400,0,0,0,0,0,412581790,373398016,75301762,43650,188900,0,0,0,25871,0,0
1785574325.854193332,75304394,0,75304394,0,75301880,17778,44400,0,0,0,0,0,412584862,373401072,75301762,43650,188900,0,0,0,25871,0,0
1785574326.878361566,75304394,0,75304394,0,75301880,17778,44400,0,0,0,0,0,412587935,373404040,75301762,43650,188900,0,0,0,25871,0,0
1785574327.900026405,75304394,0,75304394,0,75301880,17778,44400,0,0,0,0,0,412591005,373407093,75301762,43650,188900,0,0,0,25871,0,0
1785574328.924202691,75304394,0,75304394,0,75301880,17778,44400,0,0,0,0,0,412594070,373410142,75301762,43650,188900,0,0,0,25871,0,0
1785574329.946666985,75304394,0,75304394,0,75301880,17778,44400,0,0,0,0,0,412597138,373413147,75301762,43650,188900,0,0,0,25871,0,0
1785574330.971112194,75304394,0,75304394,0,75301880,17778,44400,0,0,0,0,0,412600208,373416182,75301762,43650,188900,0,0,0,25871,0,0
1785574331.994550024,75304394,0,75304394,0,75301880,17778,44400,0,0,0,0,0,412603278,373419228,75301762,43650,188900,0,0,0,25871,0,0
1785574333.016175031,75304394,0,75304394,0,75301880,17778,44400,0,0,0,0,0,412606334,373422156,75301762,43650,188900,0,0,0,25871,0,0
1785574334.039785651,75304394,0,75304394,0,75301880,17778,44400,0,0,0,0,0,412609402,373425209,75301762,43650,188900,0,0,0,25871,0,0
1785574335.061869042,75304394,0,75304394,0,75301880,17778,44400,0,0,0,0,0,412612469,373428259,75301762,43650,188900,0,0,0,25871,0,0
1785574336.084498599,75304394,0,75304394,0,75301880,17778,44400,0,0,0,0,0,412615536,373431245,75301762,43650,188900,0,0,0,25871,0,0
1785574337.105176538,75304394,0,75304394,0,75301880,17778,44400,0,0,0,0,0,412618599,373434261,75301762,43650,188900,0,0,0,25871,0,0
1785574338.127466887,75304394,0,75304394,0,75301880,17778,44400,0,0,0,0,0,412621665,373437285,75301762,43650,188900,0,0,0,25871,0,0
1785574339.149260687,75304394,0,75304394,0,75301880,17778,44400,0,0,0,0,0,412624730,373440293,75301762,43650,188900,0,0,0,25871,0,0
1785574340.168556713,75304394,0,75304394,0,75301880,17778,44400,0,0,0,0,0,412627788,373443334,75301762,43650,188900,0,0,0,25871,0,0
1785574341.186882676,75304394,0,75304394,0,75301880,17778,44400,0,0,0,0,0,412630844,373446374,75301762,43650,188900,0,0,0,25871,0,0
1785574342.208407790,75304394,0,75304394,0,75301880,17778,44400,0,0,0,0,0,412633905,373449349,75301762,43650,188900,0,0,0,25871,0,0
1785574343.230365438,75304394,0,75304394,0,75301880,17778,44400,0,0,0,0,0,412636968,373452397,75301762,43650,188900,0,0,0,25871,0,0
1785574344.252015737,75304394,0,75304394,0,75301880,17778,44400,0,0,0,0,0,412640034,373455400,75301762,43650,188900,0,0,0,25871,0,0
1785574345.271676763,75304394,0,75304394,0,75301880,17778,44400,0,0,0,0,0,412643091,373458423,75301762,43650,188900,0,0,0,25871,0,0
1785574346.293948821,75304394,0,75304394,0,75301880,17778,44400,0,0,0,0,0,412646160,373461474,75301762,43650,188900,0,0,0,25871,0,0
1785574347.314687018,75304394,0,75304394,0,75301880,17778,44400,0,0,0,0,0,412649219,373464479,75301762,43650,188900,0,0,0,25871,0,0
1785574348.336713036,75304394,0,75304394,0,75301880,17778,44400,0,0,0,0,0,412652281,373467474,75301762,43650,188900,0,0,0,25871,0,0
1785574349.359051405,75304394,0,75304394,0,75301880,17778,44400,0,0,0,0,0,412655347,373470524,75301762,43650,188900,0,0,0,25871,0,0
1785574350.380496357,75304394,0,75304394,0,75301880,17778,44400,0,0,0,0,0,412658410,373473508,75301762,43650,188900,0,0,0,25871,0,0
1785574351.403456401,75304394,0,75304394,0,75301880,17778,44400,0,0,0,0,0,412661478,373476558,75301762,43650,188900,0,0,0,25871,0,0
1785574352.426120800,75304394,0,75304394,0,75301880,17778,44400,0,0,0,0,0,412664546,373479609,75301762,43650,188900,0,0,0,25871,0,0
1785574353.448412638,75304394,0,75304394,0,75301880,17778,44400,0,0,0,0,0,412667612,373482623,75301762,43650,188900,0,0,0,25871,0,0
1785574354.471232531,75304394,0,75304394,0,75301880,17778,44400,0,0,0,0,0,412670676,373485637,75301762,43650,188900,0,0,0,25871,0,0
1785574355.493550097,75304394,0,75304394,0,75301880,17778,44400,0,0,0,0,0,412673746,373488684,75301762,43650,188900,0,0,0,25871,0,0
1785574356.516958668,75304394,0,75304394,0,75301880,17778,44400,0,0,0,0,0,412676813,373491675,75301762,43650,188900,0,0,0,25871,0,0
1785574357.539423957,75304394,0,75304394,0,75301880,17778,44400,0,0,0,0,0,412679880,373494710,75301762,43650,188900,0,0,0,25871,0,0
1785574358.563525934,75304394,0,75304394,0,75301880,17778,44400,0,0,0,0,0,412682950,373497757,75301762,43650,188900,0,0,0,25871,0,0
1785574359.586945499,75304394,0,75304394,0,75301880,17778,44400,0,0,0,0,0,412686019,373500758,75301762,43650,188900,0,0,0,25871,0,0
1785574360.611152502,75304394,0,75304394,0,75301880,17778,44400,0,0,0,0,0,412689092,373503798,75301762,43650,188900,0,0,0,25871,0,0
1785574361.633732665,75304394,0,75304394,0,75301880,17778,44400,0,0,0,0,0,412692159,373506822,75301762,43650,188900,0,0,0,25871,0,0
1785574362.657385674,75304394,0,75304394,0,75301880,17778,44400,0,0,0,0,0,412695226,373509832,75301762,43650,188900,0,0,0,25871,0,0
1785574363.682428667,75304394,0,75304394,0,75301880,17778,44400,0,0,0,0,0,412698300,373512889,75301762,43650,188900,0,0,0,25871,0,0
1785574364.704124930,75304394,0,75304394,0,75301880,17778,44400,0,0,0,0,0,412701368,373515940,75301762,43650,188900,0,0,0,25871,0,0
1785574365.728423352,75304394,0,75304394,0,75301880,17778,44400,0,0,0,0,0,412704435,373518922,75301762,43650,188900,0,0,0,25871,0,0
1785574366.751686123,75304394,0,75304394,0,75301880,17778,44400,0,0,0,0,0,412707504,373521976,75301762,43650,188900,0,0,0,25871,0,0
1785574367.774102028,75304394,0,75304394,0,75301880,17778,44400,0,0,0,0,0,412710571,373524964,75301762,43650,188900,0,0,0,25871,0,0
1785574368.797275485,75304394,0,75304394,0,75301880,17778,44400,0,0,0,0,0,412713638,373527958,75301762,43650,188900,0,0,0,25871,0,0
1785574369.821243331,75304394,0,75304394,0,75301880,17778,44400,0,0,0,0,0,412716709,373531011,75301762,43650,188900,0,0,0,25871,0,0
1785574370.842161310,75304394,0,75304394,0,75301880,17778,44400,0,0,0,0,0,412719777,373534043,75301762,43650,188900,0,0,0,25871,0,0
1785574371.864903247,75304394,0,75304394,0,75301880,17778,44400,0,0,0,0,0,412722838,373537043,75301762,43650,188900,0,0,0,25871,0,0
1785574372.887018810,75304394,0,75304394,0,75301880,17778,44400,0,0,0,0,0,412725904,373540093,75301762,43650,188900,0,0,0,25871,0,0
1785574373.909830746,75304394,0,75304394,0,75301880,17778,44400,0,0,0,0,0,412728970,373543096,75301762,43650,188900,0,0,0,25871,0,0
1785574374.934232046,75304394,0,75304394,0,75301880,17778,44400,0,0,0,0,0,412732041,373546130,75301762,43650,188900,0,0,0,25871,0,0
1785574375.958088213,75304394,0,75304394,0,75301880,17778,44400,0,0,0,0,0,412735115,373549185,75301762,43650,188900,0,0,0,25871,0,0
1785574376.979820964,75304394,0,75304394,0,75301880,17778,44400,0,0,0,0,0,412738179,373552194,75301762,43650,188900,0,0,0,25871,0,0
1785574378.002064262,75304394,0,75304394,0,75301880,17778,44400,0,0,0,0,0,412741245,373555210,75301762,43650,188900,0,0,0,25871,0,0
1785574379.022967763,75304394,0,75304394,0,75301880,17778,44400,0,0,0,0,0,412744305,373558235,75301762,43650,188900,0,0,0,25871,0,0
1785574380.041718312,75304394,0,75304394,0,75301880,17778,44400,0,0,0,0,0,412747364,373561208,75301762,43650,188900,0,0,0,25871,0,0
1785574381.065119947,75304394,0,75304394,0,75301880,17778,44400,0,0,0,0,0,412750430,373564258,75301762,43650,188900,0,0,0,25871,0,0
1785574382.089360036,75304394,0,75304394,0,75301880,17778,44400,0,0,0,0,0,412753499,373567312,75301762,43650,188900,0,0,0,25871,0,0
1785574383.111448503,75304394,0,75304394,0,75301880,17778,44400,0,0,0,0,0,412756569,373570309,75301762,43650,188900,0,0,0,25871,0,0
1785574384.131478661,75304394,0,75304394,0,75301880,17778,44400,0,0,0,0,0,412759627,373573335,75301762,43650,188900,0,0,0,25871,0,0
1785574385.153954042,75304394,0,75304394,0,75301880,17778,44400,0,0,0,0,0,412762692,373576381,75301762,43650,188900,0,0,0,25871,0,0
1785574386.177268090,75304394,0,75304394,0,75301880,17778,44400,0,0,0,0,0,412765759,373579367,75301762,43650,188900,0,0,0,25871,0,0
1785574387.200078736,75304394,0,75304394,0,75301880,17778,44400,0,0,0,0,0,412768828,373582418,75301762,43650,188900,0,0,0,25871,0,0
1785574388.221093321,75304394,0,75304394,0,75301880,17778,44400,0,0,0,0,0,412771892,373585462,75301762,43650,188900,0,0,0,25871,0,0
1785574389.244350954,75304394,0,75304394,0,75301880,17778,44400,0,0,0,0,0,412774958,373588427,75301762,43650,188900,0,0,0,25871,0,0
1785574390.268110013,75304394,0,75304394,0,75301880,17778,44400,0,0,0,0,0,412778029,373591480,75301762,43650,188900,0,0,0,25871,0,0
1785574391.289561135,75304394,0,75304394,0,75301880,17778,44400,0,0,0,0,0,412781093,373594501,75301762,43650,188900,0,0,0,25871,0,0
1785574392.312501552,75304394,0,75304394,0,75301880,17778,44400,0,0,0,0,0,412784160,373597507,75301762,43650,188900,0,0,0,25871,0,0
1785574393.336121844,75304394,0,75304394,0,75301880,17778,44400,0,0,0,0,0,412787229,373600561,75301762,43650,188900,0,0,0,25871,0,0
1785574394.362064664,75304394,0,75304394,0,75301880,17778,44400,0,0,0,0,0,412790298,373603594,75301762,43650,188900,0,0,0,25871,0,0
1785574395.386194926,75304394,0,75304394,0,75301880,17778,44400,0,0,0,0,0,412793376,373606605,75301762,43650,188900,0,0,0,25871,0,0
1785574396.410226419,75304394,0,75304394,0,75301880,17778,44400,0,0,0,0,0,412796447,373609661,75301762,43650,188900,0,0,0,25871,0,0
1785574397.432386353,75304394,0,75304394,0,75301880,17778,44400,0,0,0,0,0,412799514,373612661,75301762,43650,188900,0,0,0,25871,0,0
1785574398.453828297,75304394,0,75304394,0,75301880,17778,44400,0,0,0,0,0,412802578,373615687,75301762,43650,188900,0,0,0,25871,0,0
1785574399.477248782,75304394,0,75304394,0,75301880,17778,44400,0,0,0,0,0,412805645,373618716,75301762,43650,188900,0,0,0,25871,0,0
1785574400.499017791,75304394,0,75304394,0,75301880,17778,44400,0,0,0,0,0,412808709,373621731,75301762,43650,188900,0,0,0,25871,0,0
1785574401.522739281,75304394,0,75304394,0,75301880,17778,44400,0,0,0,0,0,412811779,373624750,75301762,43650,188900,0,0,0,25871,0,0
1785574402.546022062,75304394,0,75304394,0,75301880,17778,44400,0,0,0,0,0,412814849,373627803,75301762,43650,188900,0,0,0,25871,0,0
1785574403.569888933,75304394,0,75304394,0,75301880,17778,44400,0,0,0,0,0,412817917,373630795,75301762,43650,188900,0,0,0,25871,0,0
1785574404.593711859,75304394,0,75304394,0,75301880,17778,44400,0,0,0,0,0,412820989,373633843,75301762,43650,188900,0,0,0,25871,0,0
1785574405.617381714,75304394,0,75304394,0,75301880,17778,44400,0,0,0,0,0,412824058,373636897,75301762,43650,188900,0,0,0,25871,0,0
1785574406.641798797,75304394,0,75304394,0,75301880,17778,44400,0,0,0,0,0,412827129,373639899,75301762,43650,188900,0,0,0,25871,0,0
1785574407.665730790,75304394,0,75304394,0,75301880,17778,44400,0,0,0,0,0,412830203,373642937,75301762,43650,188900,0,0,0,25871,0,0
1785574408.688661185,75304394,0,75304394,0,75301880,17778,44400,0,0,0,0,0,412833270,373645986,75301762,43650,188900,0,0,0,25871,0,0
1785574409.712301611,75304394,0,75304394,0,75301880,17778,44400,0,0,0,0,0,412836336,373648950,75301762,43650,188900,0,0,0,25871,0,0
1785574410.736724776,75304394,0,75304394,0,75301880,17778,44400,0,0,0,0,0,412839409,373652006,75301762,43650,188900,0,0,0,25871,0,0
1785574411.759901204,75304394,0,75304394,0,75301880,17778,44400,0,0,0,0,0,412842478,373655059,75301762,43650,188900,0,0,0,25871,0,0
1785574412.783996587,75304394,0,75304394,0,75301880,17778,44400,0,0,0,0,0,412845546,373658040,75301762,43650,188900,0,0,0,25871,0,0
1785574413.807371856,75304394,0,75304394,0,75301880,17778,44400,0,0,0,0,0,412848616,373661093,75301762,43650,188900,0,0,0,25871,0,0
1785574414.829129221,75304394,0,75304394,0,75301880,17778,44400,0,0,0,0,0,412851682,373664119,75301762,43650,188900,0,0,0,25871,0,0
1785574415.852904906,75304394,0,75304394,0,75301880,17778,44400,0,0,0,0,0,412854752,373667126,75301762,43650,188900,0,0,0,25871,0,0
1785574416.876828556,75304394,0,75304394,0,75301880,17778,44400,0,0,0,0,0,412857822,373670180,75301762,43650,188900,0,0,0,25871,0,0
1785574417.899324786,75304394,0,75304394,0,75301880,17778,44400,0,0,0,0,0,412860888,373673218,75301762,43650,188900,0,0,0,25871,0,0
1785574418.922672790,75304394,0,75304394,0,75301880,17778,44400,0,0,0,0,0,412863957,373676212,75301762,43650,188900,0,0,0,25871,0,0
1785574419.947151638,75304394,0,75304394,0,75301880,17778,44400,0,0,0,0,0,412867028,373679244,75301762,43650,188900,0,0,0,25871,0,0
1785574420.970268527,75304394,0,75304394,0,75301880,17778,44400,0,0,0,0,0,412870095,373682255,75301762,43650,188900,0,0,0,25871,0,0
1785574421.994448699,75304394,0,75304394,0,75301880,17778,44400,0,0,0,0,0,412873166,373685281,75301762,43650,188900,0,0,0,25871,0,0
1785574423.018294738,75304394,0,75304394,0,75301880,17778,44400,0,0,0,0,0,412876237,373688335,75301762,43650,188900,0,0,0,25871,0,0
1785574424.041493232,75304394,0,75304394,0,75301880,17778,44400,0,0,0,0,0,412879305,373691357,75301762,43650,188900,0,0,0,25871,0,0
1785574425.064843107,75304394,0,75304394,0,75301880,17778,44400,0,0,0,0,0,412882375,373694342,75301762,43650,188900,0,0,0,25871,0,0
1785574426.091935816,75304394,0,75304394,0,75301880,17778,44400,0,0,0,0,0,412885456,373697405,75301762,43650,188900,0,0,0,25871,0,0
1785574427.111855951,75304394,0,75304394,0,75301880,17778,44400,0,0,0,0,0,412888515,373700392,75301762,43650,188900,0,0,0,25871,0,0
1785574428.131705336,75304394,0,75304394,0,75301880,17778,44400,0,0,0,0,0,412891574,373703421,75301762,43650,188900,0,0,0,25871,0,0
1785574429.155544673,75304394,0,75304394,0,75301880,17778,44400,0,0,0,0,0,412894644,373706475,75301762,43650,188900,0,0,0,25871,0,0
1785574430.176701521,75304394,0,75304394,0,75301880,17778,44400,0,0,0,0,0,412897706,373709410,75301762,43650,188900,0,0,0,25871,0,0
1785574431.199070817,75304394,0,75304394,0,75301880,17778,44400,0,0,0,0,0,412900772,373712418,75301762,43650,188900,0,0,0,25871,0,0
1785574432.223859617,75304394,0,75304394,0,75301880,17778,44400,0,0,0,0,0,412903848,373715474,75301762,43650,188900,0,0,0,25871,0,0
1785574433.244873023,75304394,0,75304394,0,75301880,17778,44400,0,0,0,0,0,412906908,373718450,75301762,43650,188900,0,0,0,25871,0,0
1785574434.268110651,75304394,0,75304394,0,75301880,17778,44400,0,0,0,0,0,412909978,373721503,75301762,43650,188900,0,0,0,25871,0,0
1785574435.291929284,75304394,0,75304394,0,75301880,17778,44400,0,0,0,0,0,412913049,373724557,75301762,43650,188900,0,0,0,25871,0,0
1785574436.314774713,75304394,0,75304394,0,75301880,17778,44400,0,0,0,0,0,412916118,373727561,75301762,43650,188900,0,0,0,25871,0,0
1785574437.334638324,75304394,0,75304394,0,75301880,17778,44400,0,0,0,0,0,412919179,373730586,75301762,43650,188900,0,0,0,25871,0,0
1785574438.357172938,75304394,0,75304394,0,75301880,17778,44400,0,0,0,0,0,412922246,373733621,75301762,43650,188900,0,0,0,25871,0,0
1785574439.383675642,75304394,0,75304394,0,75301880,17778,44400,0,0,0,0,0,412925329,373736640,75301762,43650,188900,0,0,0,25871,0,0
1785574440.407544855,75304394,0,75304394,0,75301880,17778,44400,0,0,0,0,0,412928400,373739673,75301762,43650,188900,0,0,0,25871,0,0
1785574441.430887461,75304394,0,75304394,0,75301880,17778,44400,0,0,0,0,0,412931471,373742727,75301762,43650,188900,0,0,0,25871,0,0
1785574442.451400397,75304394,0,75304394,0,75301880,17778,44400,0,0,0,0,0,412934531,373745704,75301762,43650,188900,0,0,0,25871,0,0
1785574443.473934446,75304394,0,75304394,0,75301880,17778,44400,0,0,0,0,0,412937596,373748754,75301762,43650,188900,0,0,0,25871,0,0
1785574444.497353625,75304394,0,75304394,0,75301880,17778,44400,0,0,0,0,0,412940666,373751766,75301762,43650,188900,0,0,0,25871,0,0
1785574445.521913579,75304394,0,75304394,0,75301880,17778,44400,0,0,0,0,0,412943738,373754794,75301762,43650,188900,0,0,0,25871,0,0
1785574446.543656273,75304394,0,75304394,0,75301880,17778,44400,0,0,0,0,0,412946806,373757844,75301762,43650,188900,0,0,0,25871,0,0
1785574447.567244538,75304394,0,75304394,0,75301880,17778,44400,0,0,0,0,0,412949877,373760893,75301762,43650,188900,0,0,0,25871,0,0
1785574448.591047047,75304394,0,75304394,0,75301880,17778,44400,0,0,0,0,0,412952948,373763881,75301762,43650,188900,0,0,0,25871,0,0
1785574449.615695793,75304394,0,75304394,0,75301880,17778,44400,0,0,0,0,0,412956023,373766938,75301762,43650,188900,0,0,0,25871,0,0
1785574450.639093104,75304394,0,75304394,0,75301880,17778,44400,0,0,0,0,0,412959093,373769911,75301762,43650,188900,0,0,0,25871,0,0
1785574451.662890262,75304394,0,75304394,0,75301880,17778,44400,0,0,0,0,0,412962166,373772952,75301762,43650,188900,0,0,0,25871,0,0
1785574452.686139245,75304394,0,75304394,0,75301880,17778,44400,0,0,0,0,0,412965236,373776003,75301762,43650,188900,0,0,0,25871,0,0
1785574453.707922260,75304394,0,75304394,0,75301880,17778,44400,0,0,0,0,0,412968303,373779027,75301762,43650,188900,0,0,0,25871,0,0
1785574454.730796935,75304394,0,75304394,0,75301880,17778,44400,0,0,0,0,0,412971371,373782033,75301762,43650,188900,0,0,0,25871,0,0
1785574455.757736056,75304394,0,75304394,0,75301880,17778,44400,0,0,0,0,0,412974449,373785092,75301762,43650,188900,0,0,0,25871,0,0
1785574456.780877063,75304394,0,75304394,0,75301880,17778,44400,0,0,0,0,0,412977517,373788073,75301762,43650,188900,0,0,0,25871,0,0
1785574457.804923212,75304394,0,75304394,0,75301880,17778,44400,0,0,0,0,0,412980588,373791127,75301762,43650,188900,0,0,0,25871,0,0
1785574458.829017600,75304394,0,75304394,0,75301880,17778,44400,0,0,0,0,0,412983659,373794181,75301762,43650,188900,0,0,0,25871,0,0
1785574459.850441857,75304394,0,75304394,0,75301880,17778,44400,0,0,0,0,0,412986722,373797179,75301762,43650,188900,0,0,0,25871,0,0
1785574460.872870889,75304394,0,75304394,0,75301880,17778,44400,0,0,0,0,0,412989787,373800181,75301762,43650,188900,0,0,0,25871,0,0
1785574461.895447365,75304394,0,75304394,0,75301880,17778,44400,0,0,0,0,0,412992855,373803215,75301762,43650,188900,0,0,0,25871,0,0
1785574462.918928205,75304394,0,75304394,0,75301880,17778,44400,0,0,0,0,0,412995925,373806212,75301762,43650,188900,0,0,0,25871,0,0
1785574463.942837501,75304394,0,75304394,0,75301880,17778,44400,0,0,0,0,0,412998995,373809266,75301762,43650,188900,0,0,0,25871,0,0
1785574464.966818066,75304394,0,75304394,0,75301880,17778,44400,0,0,0,0,0,413002067,373812320,75301762,43650,188900,0,0,0,25871,0,0
1785574465.989941854,75304394,0,75304394,0,75301880,17778,44400,0,0,0,0,0,413005132,373815300,75301762,43650,188900,0,0,0,25871,0,0
1785574467.015271116,75304394,0,75304394,0,75301880,17778,44400,0,0,0,0,0,413008211,373818357,75301762,43650,188900,0,0,0,25871,0,0
1785574468.038244178,75304394,0,75304394,0,75301880,17778,44400,0,0,0,0,0,413011278,373821377,75301762,43650,188900,0,0,0,25871,0,0
1785574469.062274006,75304394,0,75304394,0,75301880,17778,44400,0,0,0,0,0,413014349,373824394,75301762,43650,188900,0,0,0,25871,0,0
1785574470.086140613,75304394,0,75304394,0,75301880,17778,44400,0,0,0,0,0,413017419,373827448,75301762,43650,188900,0,0,0,25871,0,0
1785574471.106939565,75304394,0,75304394,0,75301880,17778,44400,0,0,0,0,0,413020485,373830476,75301762,43650,188900,0,0,0,25871,0,0
1785574472.129091829,75304394,0,75304394,0,75301880,17778,44400,0,0,0,0,0,413023550,373833454,75301762,43650,188900,0,0,0,25871,0,0
1785574473.151137039,75304394,0,75304394,0,75301880,17778,44400,0,0,0,0,0,413026615,373836504,75301762,43650,188900,0,0,0,25871,0,0
1785574474.171517062,75304394,0,75304394,0,75301880,17778,44400,0,0,0,0,0,413029673,373839494,75301762,43650,188900,0,0,0,25871,0,0
1785574475.194086091,75304394,0,75304394,0,75301880,17778,44400,0,0,0,0,0,413032739,373842526,75301762,43650,188900,0,0,0,25871,0,0
1785574476.215527636,75304394,0,75304394,0,75301880,17778,44400,0,0,0,0,0,413035801,373845573,75301762,43650,188900,0,0,0,25871,0,0
1785574477.237320963,75304394,0,75304394,0,75301880,17778,44400,0,0,0,0,0,413038867,373848599,75301762,43650,188900,0,0,0,25871,0,0
1785574478.259695718,75304394,0,75304394,0,75301880,17778,44400,0,0,0,0,0,413041929,373851599,75301762,43650,188900,0,0,0,25871,0,0
1785574479.282213538,75304394,0,75304394,0,75301880,17778,44400,0,0,0,0,0,413044996,373854649,75301762,43650,188900,0,0,0,25871,0,0
1785574480.306532814,75304394,0,75304394,0,75301880,17778,44400,0,0,0,0,0,413048068,373857635,75301762,43650,188900,0,0,0,25871,0,0
1785574481.328396205,75304394,0,75304394,0,75301880,17778,44400,0,0,0,0,0,413051135,373860675,75301762,43650,188900,0,0,0,25871,0,0
1785574482.351335877,75304394,0,75304394,0,75301880,17778,44400,0,0,0,0,0,413054202,373863711,75301762,43650,188900,0,0,0,25871,0,0
1785574483.374282423,75304394,0,75304394,0,75301880,17778,44400,0,0,0,0,0,413057269,373866716,75301762,43650,188900,0,0,0,25871,0,0
1785574484.395312276,75304394,0,75304394,0,75301880,17778,44400,0,0,0,0,0,413060331,373869741,75301762,43650,188900,0,0,0,25871,0,0
1785574485.418802085,75304394,0,75304394,0,75301880,17778,44400,0,0,0,0,0,413063399,373872781,75301762,43650,188900,0,0,0,25871,0,0
1785574486.440926552,75304394,0,75304394,0,75301880,17778,44400,0,0,0,0,0,413066467,373875771,75301762,43650,188900,0,0,0,25871,0,0
1785574487.464946325,75304394,0,75304394,0,75301880,17778,44400,0,0,0,0,0,413069536,373878824,75301762,43650,188900,0,0,0,25871,0,0
1785574488.488360859,75304394,0,75304394,0,75301880,17778,44400,0,0,0,0,0,413072606,373881878,75301762,43650,188900,0,0,0,25871,0,0
1785574489.512398281,75304394,0,75304394,0,75301880,17778,44400,0,0,0,0,0,413075677,373884868,75301762,43650,188900,0,0,0,25871,0,0
1785574490.535952296,75304394,0,75304394,0,75301880,17778,44400,0,0,0,0,0,413078747,373887913,75301762,43650,188900,0,0,0,25871,0,0
1785574491.560121501,75304394,0,75304394,0,75301880,17778,44400,0,0,0,0,0,413081816,373890927,75301762,43650,188900,0,0,0,25871,0,0
1785574492.583375069,75304394,0,75304394,0,75301880,17778,44400,0,0,0,0,0,413084885,373893897,75301762,43650,188900,0,0,0,25871,0,0
1785574493.606248348,75304394,0,75304394,0,75301880,17778,44400,0,0,0,0,0,413087953,373896948,75301762,43650,188900,0,0,0,25871,0,0
1785574494.629502201,75304394,0,75304394,0,75301880,17778,44400,0,0,0,0,0,413091023,373899999,75301762,43650,188900,0,0,0,25871,0,0
1785574495.653377003,75304394,0,75304394,0,75301880,17778,44400,0,0,0,0,0,413094091,373902984,75301762,43650,188900,0,0,0,25871,0,0
1785574496.677700931,75304394,0,75304394,0,75301880,17778,44400,0,0,0,0,0,413097164,373906040,75301762,43650,188900,0,0,0,25871,0,0
1785574497.700580658,75304394,0,75304394,0,75301880,17778,44400,0,0,0,0,0,413100231,373909064,75301762,43650,188900,0,0,0,25871,0,0
1785574498.723930465,75304394,0,75304394,0,75301880,17778,44400,0,0,0,0,0,413103299,373912075,75301762,43650,188900,0,0,0,25871,0,0
1785574499.748409247,75304394,0,75304394,0,75301880,17778,44400,0,0,0,0,0,413106372,373915130,75301762,43650,188900,0,0,0,25871,0,0
1785574500.768976498,75304394,0,75304394,0,75301880,17778,44400,0,0,0,0,0,413109436,373918153,75301762,43650,188900,0,0,0,25871,0,0
1785574501.789042412,75304394,0,75304394,0,75301880,17778,44400,0,0,0,0,0,413112492,373921148,75301762,43650,188900,0,0,0,25871,0,0
1785574502.812208820,75304394,0,75304394,0,75301880,17778,44400,0,0,0,0,0,413115562,373924180,75301762,43650,188900,0,0,0,25871,0,0
1785574503.833406489,75304394,0,75304394,0,75301880,17778,44400,0,0,0,0,0,413118623,373927176,75301762,43650,188900,0,0,0,25871,0,0
1785574504.857511328,75304394,0,75304394,0,75301880,17778,44400,0,0,0,0,0,413121696,373930210,75301762,43650,188900,0,0,0,25871,0,0
1785574505.881457760,75304394,0,75304394,0,75301880,17778,44400,0,0,0,0,0,413124768,373933266,75301762,43650,188900,0,0,0,25871,0,0
1785574506.904423661,75304394,0,75304394,0,75301880,17778,44400,0,0,0,0,0,413127832,373936274,75301762,43650,188900,0,0,0,25871,0,0
1785574507.928467194,75304394,0,75304394,0,75301880,17778,44400,0,0,0,0,0,413130906,373939303,75301762,43650,188900,0,0,0,25871,0,0
1785574508.952195697,75304394,0,75304394,0,75301880,17778,44400,0,0,0,0,0,413133974,373942355,75301762,43650,188900,0,0,0,25871,0,0
1785574509.975432592,75304394,0,75304394,0,75301880,17778,44400,0,0,0,0,0,413137043,373945341,75301762,43650,188900,0,0,0,25871,0,0
1785574510.998430680,75304394,0,75304394,0,75301880,17778,44400,0,0,0,0,0,413140112,373948391,75301762,43650,188900,0,0,0,25871,0,0
1785574512.021250553,75304394,0,75304394,0,75301880,17778,44400,0,0,0,0,0,413143180,373951444,75301762,43650,188900,0,0,0,25871,0,0
1785574513.044180974,75304394,0,75304394,0,75301880,17778,44400,0,0,0,0,0,413146248,373954413,75301762,43650,188900,0,0,0,25871,0,0
1785574514.067951322,75304394,0,75304394,0,75301880,17778,44400,0,0,0,0,0,413149317,373957456,75301762,43650,188900,0,0,0,25871,0,0
1785574515.091426461,75304394,0,75304394,0,75301880,17778,44400,0,0,0,0,0,413152390,373960505,75301762,43650,188900,0,0,0,25871,0,0
1785574516.114323361,75304394,0,75304394,0,75301880,17778,44400,0,0,0,0,0,413155455,373963490,75301762,43650,188900,0,0,0,25871,0,0
1785574517.134334060,75304394,0,75304394,0,75301880,17778,44400,0,0,0,0,0,413158516,373966533,75301762,43650,188900,0,0,0,25871,0,0
1785574518.156271676,75304394,0,75304394,0,75301880,17778,44400,0,0,0,0,0,413161581,373969578,75301762,43650,188900,0,0,0,25871,0,0
1785574519.178705384,75304394,0,75304394,0,75301880,17778,44400,0,0,0,0,0,413164646,373972564,75301762,43650,188900,0,0,0,25871,0,0
1785574520.202499954,75304394,0,75304394,0,75301880,17778,44400,0,0,0,0,0,413167714,373975616,75301762,43650,188900,0,0,0,25871,0,0
1785574521.225749890,75304394,0,75304394,0,75301880,17778,44400,0,0,0,0,0,413170783,373978644,75301762,43650,188900,0,0,0,25871,0,0
1785574522.249501582,75304394,0,75304394,0,75301880,17778,44400,0,0,0,0,0,413173852,373981653,75301762,43650,188900,0,0,0,25871,0,0
1785574523.272548295,75304394,0,75304394,0,75301880,17778,44400,0,0,0,0,0,413176920,373984682,75301762,43650,188900,0,0,0,25871,0,0
1785574524.294188485,75304394,0,75304394,0,75301880,17778,44400,0,0,0,0,0,413179983,373987707,75301762,43650,188900,0,0,0,25871,0,0
1785574525.318458535,75304394,0,75304394,0,75301880,17778,44400,0,0,0,0,0,413183052,373990716,75301762,43650,188900,0,0,0,25871,0,0
1785574526.342227966,75304394,0,75304394,0,75301880,17778,44400,0,0,0,0,0,413186127,373993774,75301762,43650,188900,0,0,0,25871,0,0
1785574527.361350764,75304394,0,75304394,0,75301880,17778,44400,0,0,0,0,0,413189182,373996770,75301762,43650,188900,0,0,0,25871,0,0
1785574528.385389545,75304394,0,75304394,0,75301880,17778,44400,0,0,0,0,0,413192250,373999801,75301762,43650,188900,0,0,0,25871,0,0
1785574529.409406718,75304394,0,75304394,0,75301880,17778,44400,0,0,0,0,0,413195321,374002855,75301762,43650,188900,0,0,0,25871,0,0
1785574530.432703847,75304394,0,75304394,0,75301880,17778,44400,0,0,0,0,0,413198391,374005869,75301762,43650,188900,0,0,0,25871,0,0
1785574531.455896803,75304394,0,75304394,0,75301880,17778,44400,0,0,0,0,0,413201459,374008892,75301762,43650,188900,0,0,0,25871,0,0
1785574532.479493319,75304394,0,75304394,0,75301880,17778,44400,0,0,0,0,0,413204529,374011947,75301762,43650,188900,0,0,0,25871,0,0
1785574533.499952477,75304394,0,75304394,0,75301880,17778,44400,0,0,0,0,0,413207586,374014909,75301762,43650,188900,0,0,0,25871,0,0
1785574534.524035958,75304394,0,75304394,0,75301880,17778,44400,0,0,0,0,0,413210657,374017958,75301762,43650,188900,0,0,0,25871,0,0
1785574535.548220524,75304394,0,75304394,0,75301880,17778,44400,0,0,0,0,0,413213729,374021013,75301762,43650,188900,0,0,0,25871,0,0
1785574536.571688816,75304394,0,75304394,0,75301880,17778,44400,0,0,0,0,0,413216798,374024009,75301762,43650,188900,0,0,0,25871,0,0
1785574537.595584671,75304394,0,75304394,0,75301880,17778,44400,0,0,0,0,0,413219870,374027053,75301762,43650,188900,0,0,0,25871,0,0
1785574538.622731398,75304394,0,75304394,0,75301880,17778,44400,0,0,0,0,0,413222951,374030112,75301762,43650,188900,0,0,0,25871,0,0
1785574539.646793676,75304394,0,75304394,0,75301880,17778,44400,0,0,0,0,0,413226021,374033102,75301762,43650,188900,0,0,0,25871,0,0
1785574540.670462084,75304394,0,75304394,0,75301880,17778,44400,0,0,0,0,0,413229090,374036154,75301762,43650,188900,0,0,0,25871,0,0
1785574541.693226837,75304394,0,75304394,0,75301880,17778,44400,0,0,0,0,0,413232161,374039204,75301762,43650,188900,0,0,0,25871,0,0
1785574542.716835341,75304394,0,75304394,0,75301880,17778,44400,0,0,0,0,0,413235231,374042186,75301762,43650,188900,0,0,0,25871,0,0
1785574543.740168884,75304394,0,75304394,0,75301880,17778,44400,0,0,0,0,0,413238301,374045216,75301762,43650,188900,0,0,0,25871,0,0
1785574544.758128653,75304394,0,75304394,0,75301880,17778,44400,0,0,0,0,0,413241357,374048232,75301762,43650,188900,0,0,0,25871,0,0
1785574545.781701573,75304394,0,75304394,0,75301880,17778,44400,0,0,0,0,0,413244422,374051235,75301762,43650,188900,0,0,0,25871,0,0
1785574546.806719611,75304394,0,75304394,0,75301880,17778,44400,0,0,0,0,0,413247497,374054293,75301762,43650,188900,0,0,0,25871,0,0
1785574547.829299613,75304394,0,75304394,0,75301880,17778,44400,0,0,0,0,0,413250563,374057329,75301762,43650,188900,0,0,0,25871,0,0
1785574548.853667239,75304394,0,75304394,0,75301880,17778,44400,0,0,0,0,0,413253634,374060334,75301762,43650,188900,0,0,0,25871,0,0
1785574549.877070227,75304394,0,75304394,0,75301880,17778,44400,0,0,0,0,0,413256706,374063389,75301762,43650,188900,0,0,0,25871,0,0
1785574550.899940004,75304394,0,75304394,0,75301880,17778,44400,0,0,0,0,0,413259772,374066397,75301762,43650,188900,0,0,0,25871,0,0
1785574551.924076406,75304394,0,75304394,0,75301880,17778,44400,0,0,0,0,0,413262846,374069427,75301762,43650,188900,0,0,0,25871,0,0
1785574552.947806119,75304394,0,75304394,0,75301880,17778,44400,0,0,0,0,0,413265916,374072480,75301762,43650,188900,0,0,0,25871,0,0
1785574553.969124140,75304394,0,75304394,0,75301880,17778,44400,0,0,0,0,0,413268980,374075434,75301762,43650,188900,0,0,0,25871,0,0
1785574554.994375084,75304394,0,75304394,0,75301880,17778,44400,0,0,0,0,0,413272056,374078430,75301762,43650,188900,0,0,0,25871,0,0
1785574556.018145740,75304394,0,75304394,0,75301880,17778,44400,0,0,0,0,0,413275128,374081486,75301762,43650,188900,0,0,0,25871,0,0
1785574557.041422271,75304394,0,75304394,0,75301880,17778,44400,0,0,0,0,0,413278198,374084477,75301762,43650,188900,0,0,0,25871,0,0
1785574558.065580811,75304394,0,75304394,0,75301880,17778,44400,0,0,0,0,0,413281267,374087524,75301762,43650,188900,0,0,0,25871,0,0
1785574559.089757450,75304394,0,75304394,0,75301880,17778,44400,0,0,0,0,0,413284341,374090579,75301762,43650,188900,0,0,0,25871,0,0
1785574560.110844483,75304394,0,75304394,0,75301880,17778,44400,0,0,0,0,0,413287404,374093598,75301762,43650,188900,0,0,0,25871,0,0
1785574561.134824242,75304394,0,75304394,0,75301880,17778,44400,0,0,0,0,0,413290473,374096607,75301762,43650,188900,0,0,0,25871,0,0
1785574562.158136683,75304394,0,75304394,0,75301880,17778,44400,0,0,0,0,0,413293543,374099658,75301762,43650,188900,0,0,0,25871,0,0
1785574563.181352119,75304394,0,75304394,0,75301880,17778,44400,0,0,0,0,0,413296611,374102641,75301762,43650,188900,0,0,0,25871,0,0
1785574564.205232089,75304394,0,75304394,0,75301880,17778,44400,0,0,0,0,0,413299682,374105675,75301762,43650,188900,0,0,0,25871,0,0
1785574565.228512840,75304394,0,75304394,0,75301880,17778,44400,0,0,0,0,0,413302752,374108726,75301762,43650,188900,0,0,0,25871,0,0
1785574566.250165154,75304394,0,75304394,0,75301880,17778,44400,0,0,0,0,0,413305815,374111723,75301762,43650,188900,0,0,0,25871,0,0
1785574567.273234126,75304394,0,75304394,0,75301880,17778,44400,0,0,0,0,0,413308885,374114757,75301762,43650,188900,0,0,0,25871,0,0
1785574568.296244769,75304394,0,75304394,0,75301880,17778,44400,0,0,0,0,0,413311953,374117788,75301762,43650,188900,0,0,0,25871,0,0
1785574569.318978171,75304394,0,75304394,0,75301880,17778,44400,0,0,0,0,0,413315019,374120790,75301762,43650,188900,0,0,0,25871,0,0
1785574570.341664569,75304394,0,75304394,0,75301880,17778,44400,0,0,0,0,0,413318084,374123839,75301762,43650,188900,0,0,0,25871,0,0
1785574571.365767287,75304394,0,75304394,0,75301880,17778,44400,0,0,0,0,0,413321156,374126894,75301762,43650,188900,0,0,0,25871,0,0
1785574572.388998533,75304394,0,75304394,0,75301880,17778,44400,0,0,0,0,0,413324224,374129877,75301762,43650,188900,0,0,0,25871,0,0
1785574573.411717797,75304394,0,75304394,0,75301880,17778,44400,0,0,0,0,0,413327293,374132928,75301762,43650,188900,0,0,0,25871,0,0
1785574574.433804303,75304394,0,75304394,0,75301880,17778,44400,0,0,0,0,0,413330360,374135921,75301762,43650,188900,0,0,0,25871,0,0
1785574575.456035268,75304394,0,75304394,0,75301880,17778,44400,0,0,0,0,0,413333426,374138936,75301762,43650,188900,0,0,0,25871,0,0
1785574576.474063712,75304394,0,75304394,0,75301880,17778,44400,0,0,0,0,0,413336486,374141980,75301762,43650,188900,0,0,0,25871,0,0
1785574577.496555217,75304394,0,75304394,0,75301880,17778,44400,0,0,0,0,0,413339546,374145020,75301762,43650,188900,0,0,0,25871,0,0
1785574578.516991162,75304394,0,75304394,0,75301880,17778,44400,0,0,0,0,0,413342604,374148000,75301762,43650,188900,0,0,0,25871,0,0
1785574579.539988725,75304394,0,75304394,0,75301880,17778,44400,0,0,0,0,0,413345671,374151051,75301762,43650,188900,0,0,0,25871,0,0
1785574580.563983323,75304394,0,75304394,0,75301880,17778,44400,0,0,0,0,0,413348742,374154056,75301762,43650,188900,0,0,0,25871,0,0
1785574581.586755735,75304394,0,75304394,0,75301880,17778,44400,0,0,0,0,0,413351811,374157090,75301762,43650,188900,0,0,0,25871,0,0
1785574582.609749182,75304394,0,75304394,0,75301880,17778,44400,0,0,0,0,0,413354878,374160141,75301762,43650,188900,0,0,0,25871,0,0
1785574583.632988735,75304394,0,75304394,0,75301880,17778,44400,0,0,0,0,0,413357948,374163164,75301762,43650,188900,0,0,0,25871,0,0
1785574584.655553084,75304394,0,75304394,0,75301880,17778,44400,0,0,0,0,0,413361015,374166155,75301762,43650,188900,0,0,0,25871,0,0
1785574585.679100617,75304394,0,75304394,0,75301880,17778,44400,0,0,0,0,0,413364086,374169202,75301762,43650,188900,0,0,0,25871,0,0
1785574586.702414872,75304394,0,75304394,0,75301880,17778,44400,0,0,0,0,0,413367156,374172194,75301762,43650,188900,0,0,0,25871,0,0
1785574587.725663735,75304394,0,75304394,0,75301880,17778,44400,0,0,0,0,0,413370226,374175248,75301762,43650,188900,0,0,0,25871,0,0
1785574588.748751895,75304394,0,75304394,0,75301880,17778,44400,0,0,0,0,0,413373294,374178299,75301762,43650,188900,0,0,0,25871,0,0
1785574589.770290498,75304394,0,75304394,0,75301880,17778,44400,0,0,0,0,0,413376358,374181300,75301762,43650,188900,0,0,0,25871,0,0
1785574590.791429115,75304394,0,75304394,0,75301880,17778,44400,0,0,0,0,0,413379418,374184321,75301762,43650,188900,0,0,0,25871,0,0
1785574591.814235974,75304394,0,75304394,0,75301880,17778,44400,0,0,0,0,0,413382485,374187353,75301762,43650,188900,0,0,0,25871,0,0
1785574592.837050557,75304394,0,75304394,0,75301880,17778,44400,0,0,0,0,0,413385554,374190351,75301762,43650,188900,0,0,0,25871,0,0
1785574593.860424938,75304394,0,75304394,0,75301880,17778,44400,0,0,0,0,0,413388624,374193404,75301762,43650,188900,0,0,0,25871,0,0
1785574594.883432873,75304394,0,75304394,0,75301880,17778,44400,0,0,0,0,0,413391692,374196448,75301762,43650,188900,0,0,0,25871,0,0
1785574595.906542703,75304394,0,75304394,0,75301880,17778,44400,0,0,0,0,0,413394760,374199423,75301762,43650,188900,0,0,0,25871,0,0
1785574596.930065467,75304394,0,75304394,0,75301880,17778,44400,0,0,0,0,0,413397829,374202471,75301762,43650,188900,0,0,0,25871,0,0
1785574597.952032618,75304394,0,75304394,0,75301880,17778,44400,0,0,0,0,0,413400898,374205490,75301762,43650,188900,0,0,0,25871,0,0
1785574598.975393738,75304394,0,75304394,0,75301880,17778,44400,0,0,0,0,0,413403966,374208507,75301762,43650,188900,0,0,0,25871,0,0
1785574599.999092688,75304394,0,75304394,0,75301880,17778,44400,0,0,0,0,0,413407035,374211561,75301762,43650,188900,0,0,0,25871,0,0
1785574601.022764184,75304394,0,75304394,0,75301880,17778,44400,0,0,0,0,0,413410104,374214611,75301762,43650,188900,0,0,0,25871,0,0
1785574602.046476525,75304394,0,75304394,0,75301880,17778,44400,0,0,0,0,0,413413174,374217602,75301762,43650,188900,0,0,0,25871,0,0
1785574603.069785109,75304394,0,75304394,0,75301880,17778,44400,0,0,0,0,0,413416244,374220656,75301762,43650,188900,0,0,0,25871,0,0
1785574604.092339725,75304394,0,75304394,0,75301880,17778,44400,0,0,0,0,0,413419310,374223653,75301762,43650,188900,0,0,0,25871,0,0
1785574605.113896092,75304394,0,75304394,0,75301880,17778,44400,0,0,0,0,0,413422375,374226682,75301762,43650,188900,0,0,0,25871,0,0
1785574606.136416013,75304394,0,75304394,0,75301880,17778,44400,0,0,0,0,0,413425440,374229714,75301762,43650,188900,0,0,0,25871,0,0
1785574607.159168047,75304394,0,75304394,0,75301880,17778,44400,0,0,0,0,0,413428506,374232739,75301762,43650,188900,0,0,0,25871,0,0
1785574608.182485967,75304394,0,75304394,0,75301880,17778,44400,0,0,0,0,0,413431575,374235746,75301762,43650,188900,0,0,0,25871,0,0
1785574609.204198196,75304394,0,75304394,0,75301880,17778,44400,0,0,0,0,0,413434643,374238799,75301762,43650,188900,0,0,0,25871,0,0
1785574610.228314564,75304394,0,75304394,0,75301880,17778,44400,0,0,0,0,0,413437709,374241782,75301762,43650,188900,0,0,0,25871,0,0
1785574611.252065575,75304394,0,75304394,0,75301880,17778,44400,0,0,0,0,0,413440779,374244836,75301762,43650,188900,0,0,0,25871,0,0
1785574612.275681278,75304394,0,75304394,0,75301880,17778,44400,0,0,0,0,0,413443850,374247890,75301762,43650,188900,0,0,0,25871,0,0
1785574613.298334105,75304394,0,75304394,0,75301880,17778,44400,0,0,0,0,0,413446914,374250897,75301762,43650,188900,0,0,0,25871,0,0
1785574614.322700075,75304394,0,75304394,0,75301880,17778,44400,0,0,0,0,0,413449986,374253926,75301762,43650,188900,0,0,0,25871,0,0
1785574615.345032019,75304394,0,75304394,0,75301880,17778,44400,0,0,0,0,0,413453053,374256959,75301762,43650,188900,0,0,0,25871,0,0
1785574616.367718659,75304394,0,75304394,0,75301880,17778,44400,0,0,0,0,0,413456116,374259876,75301762,43650,188900,0,0,0,25871,0,0
1785574617.390053314,75304394,0,75304394,0,75301880,17778,44400,0,0,0,0,0,413459183,374262926,75301762,43650,188900,0,0,0,25871,0,0
1785574618.413408390,75304394,0,75304394,0,75301880,17778,44400,0,0,0,0,0,413462253,374265978,75301762,43650,188900,0,0,0,25871,0,0
1785574619.436590428,75304394,0,75304394,0,75301880,17778,44400,0,0,0,0,0,413465320,374268971,75301762,43650,188900,0,0,0,25871,0,0
1785574620.460112432,75304394,0,75304394,0,75301880,17778,44400,0,0,0,0,0,413468390,374272012,75301762,43650,188900,0,0,0,25871,0,0
1785574621.482301355,75304394,0,75304394,0,75301880,17778,44400,0,0,0,0,0,413471454,374275046,75301762,43650,188900,0,0,0,25871,0,0
1785574622.505951300,75304394,0,75304394,0,75301880,17778,44400,0,0,0,0,0,413474527,374278044,75301762,43650,188900,0,0,0,25871,0,0
1785574623.529467209,75304394,0,75304394,0,75301880,17778,44400,0,0,0,0,0,413477596,374281096,75301762,43650,188900,0,0,0,25871,0,0
1785574624.552336073,75304394,0,75304394,0,75301880,17778,44400,0,0,0,0,0,413480665,374284146,75301762,43650,188900,0,0,0,25871,0,0
1785574625.576542417,75304394,0,75304394,0,75301880,17778,44400,0,0,0,0,0,413483737,374287133,75301762,43650,188900,0,0,0,25871,0,0
1785574626.599578655,75304394,0,75304394,0,75301880,17778,44400,0,0,0,0,0,413486806,374290162,75301762,43650,188900,0,0,0,25871,0,0
1785574627.624466503,75304394,0,75304394,0,75301880,17778,44400,0,0,0,0,0,413489874,374293184,75301762,43650,188900,0,0,0,25871,0,0
1785574628.648052416,75304394,0,75304394,0,75301880,17778,44400,0,0,0,0,0,413492948,374296202,75301762,43650,188900,0,0,0,25871,0,0
1785574629.671678815,75304394,0,75304394,0,75301880,17778,44400,0,0,0,0,0,413496019,374299255,75301762,43650,188900,0,0,0,25871,0,0
1785574630.693519709,75304394,0,75304394,0,75301880,17778,44400,0,0,0,0,0,413499089,374302288,75301762,43650,188900,0,0,0,25871,0,0
1785574631.718325309,75304394,0,75304394,0,75301880,17778,44400,0,0,0,0,0,413502162,374305291,75301762,43650,188900,0,0,0,25871,0,0
1785574632.742906126,75304394,0,75304394,0,75301880,17778,44400,0,0,0,0,0,413505233,374308346,75301762,43650,188900,0,0,0,25871,0,0
1785574633.765917474,75304394,0,75304394,0,75301880,17778,44400,0,0,0,0,0,413508302,374311345,75301762,43650,188900,0,0,0,25871,0,0
1785574634.789932174,75304394,0,75304394,0,75301880,17778,44400,0,0,0,0,0,413511373,374314381,75301762,43650,188900,0,0,0,25871,0,0
1785574635.814973058,75304394,0,75304394,0,75301880,17778,44400,0,0,0,0,0,413514447,374317438,75301762,43650,188900,0,0,0,25871,0,0
1785574636.837760543,75304394,0,75304394,0,75301880,17778,44400,0,0,0,0,0,413517515,374320433,75301762,43650,188900,0,0,0,25871,0,0
1785574637.861130918,75304394,0,75304394,0,75301880,17778,44400,0,0,0,0,0,413520585,374323453,75301762,43650,188900,0,0,0,25871,0,0
1785574638.885159138,75304394,0,75304394,0,75301880,17778,44400,0,0,0,0,0,413523657,374326508,75301762,43650,188900,0,0,0,25871,0,0
1785574639.908034438,75304394,0,75304394,0,75301880,17778,44400,0,0,0,0,0,413526722,374329488,75301762,43650,188900,0,0,0,25871,0,0
1785574640.930699595,75304394,0,75304394,0,75301880,17778,44400,0,0,0,0,0,413529789,374332539,75301762,43650,188900,0,0,0,25871,0,0
1785574641.953212888,75304394,0,75304394,0,75301880,17778,44400,0,0,0,0,0,413532855,374335590,75301762,43650,188900,0,0,0,25871,0,0
1785574642.976542855,75304394,0,75304394,0,75301880,17778,44400,0,0,0,0,0,413535924,374338591,75301762,43650,188900,0,0,0,25871,0,0
1785574643.999952466,75304394,0,75304394,0,75301880,17778,44400,0,0,0,0,0,413538993,374341625,75301762,43650,188900,0,0,0,25871,0,0
1785574645.023100216,75304394,0,75304394,0,75301880,17778,44400,0,0,0,0,0,413542061,374344669,75301762,43650,188900,0,0,0,25871,0,0
1785574646.046565860,75304394,0,75304394,0,75301880,17778,44400,0,0,0,0,0,413545128,374347660,75301762,43650,188900,0,0,0,25871,0,0
1785574647.066685324,75304394,0,75304394,0,75301880,17778,44400,0,0,0,0,0,413548188,374350681,75301762,43650,188900,0,0,0,25871,0,0
1785574648.089268860,75304394,0,75304394,0,75301880,17778,44400,0,0,0,0,0,413551254,374353733,75301762,43650,188900,0,0,0,25871,0,0
1785574649.111506008,75304394,0,75304394,0,75301880,17778,44400,0,0,0,0,0,413554321,374356713,75301762,43650,188900,0,0,0,25871,0,0
1785574650.134005969,75304394,0,75304394,0,75301880,17778,44400,0,0,0,0,0,413557387,374359763,75301762,43650,188900,0,0,0,25871,0,0
1785574651.151949833,75304394,0,75304394,0,75301880,17778,44400,0,0,0,0,0,413560444,374362777,75301762,43650,188900,0,0,0,25871,0,0
1785574652.173687512,75304394,0,75304394,0,75301880,17778,44400,0,0,0,0,0,413563503,374365780,75301762,43650,188900,0,0,0,25871,0,0
1785574653.199183513,75304394,0,75304394,0,75301880,17778,44400,0,0,0,0,0,413566578,374368839,75301762,43650,188900,0,0,0,25871,0,0
1785574654.221808654,75304394,0,75304394,0,75301880,17778,44400,0,0,0,0,0,413569644,374371880,75301762,43650,188900,0,0,0,25871,0,0
1785574655.245443300,75304394,0,75304394,0,75301880,17778,44400,0,0,0,0,0,413572715,374374878,75301762,43650,188900,0,0,0,25871,0,0
1785574656.268281995,75304394,0,75304394,0,75301880,17778,44400,0,0,0,0,0,413575781,374377929,75301762,43650,188900,0,0,0,25871,0,0
1785574657.289979486,75304394,0,75304394,0,75301880,17778,44400,0,0,0,0,0,413578846,374380908,75301762,43650,188900,0,0,0,25871,0,0
1785574658.312022772,75304394,0,75304394,0,75301880,17778,44400,0,0,0,0,0,413581907,374383937,75301762,43650,188900,0,0,0,25871,0,0
1785574659.335037203,75304394,0,75304394,0,75301880,17778,44400,0,0,0,0,0,413584977,374386989,75301762,43650,188900,0,0,0,25871,0,0
1785574660.359368312,75304394,0,75304394,0,75301880,17778,44400,0,0,0,0,0,413588050,374390017,75301762,43650,188900,0,0,0,25871,0,0
1785574661.383502416,75304394,0,75304394,0,75301880,17778,44400,0,0,0,0,0,413591119,374393029,75301762,43650,188900,0,0,0,25871,0,0
1785574662.407984460,75304394,0,75304394,0,75301880,17778,44400,0,0,0,0,0,413594190,374396084,75301762,43650,188900,0,0,0,25871,0,0
1785574663.431874888,75304394,0,75304394,0,75301880,17778,44400,0,0,0,0,0,413597258,374399067,75301762,43650,188900,0,0,0,25871,0,0
1785574664.455073439,75304394,0,75304394,0,75301880,17778,44400,0,0,0,0,0,413600327,374402119,75301762,43650,188900,0,0,0,25871,0,0
1785574665.478688019,75304394,0,75304394,0,75301880,17778,44400,0,0,0,0,0,413603397,374405171,75301762,43650,188900,0,0,0,25871,0,0
1785574666.501995935,75304394,0,75304394,0,75301880,17778,44400,0,0,0,0,0,413606466,374408171,75301762,43650,188900,0,0,0,25871,0,0
1785574667.525967803,75304394,0,75304394,0,75301880,17778,44400,0,0,0,0,0,413609535,374411183,75301762,43650,188900,0,0,0,25871,0,0
1785574668.545579857,75304394,0,75304394,0,75301880,17778,44400,0,0,0,0,0,413612602,374414227,75301762,43650,188900,0,0,0,25871,0,0
1785574669.566049855,75304394,0,75304394,0,75301880,17778,44400,0,0,0,0,0,413615656,374417201,75301762,43650,188900,0,0,0,25871,0,0
1785574670.589581820,75304394,0,75304394,0,75301880,17778,44400,0,0,0,0,0,413618726,374420255,75301762,43650,188900,0,0,0,25871,0,0
1785574671.612923704,75304394,0,75304394,0,75301880,17778,44400,0,0,0,0,0,413621795,374423308,75301762,43650,188900,0,0,0,25871,0,0
1785574672.635479555,75304394,0,75304394,0,75301880,17778,44400,0,0,0,0,0,413624860,374426290,75301762,43650,188900,0,0,0,25871,0,0
1785574673.658100298,75304394,0,75304394,0,75301880,17778,44400,0,0,0,0,0,413627928,374429340,75301762,43650,188900,0,0,0,25871,0,0
1785574674.680891914,75304394,0,75304394,0,75301880,17778,44400,0,0,0,0,0,413630994,374432365,75301762,43650,188900,0,0,0,25871,0,0
1785574675.700206744,75304394,0,75304394,0,75301880,17778,44400,0,0,0,0,0,413634052,374435366,75301762,43650,188900,0,0,0,25871,0,0
1785574676.719335506,75304394,0,75304394,0,75301880,17778,44400,0,0,0,0,0,413637113,374438411,75301762,43650,188900,0,0,0,25871,0,0
1785574677.741706184,75304394,0,75304394,0,75301880,17778,44400,0,0,0,0,0,413640175,374441426,75301762,43650,188900,0,0,0,25871,0,0
1785574678.762999118,75304394,0,75304394,0,75301880,17778,44400,0,0,0,0,0,413643239,374444355,75301762,43650,188900,0,0,0,25871,0,0
1785574679.785257616,77603218,0,77603218,0,77603493,17769,45300,0,0,0,0,0,413646177,374445718,77608936,43358,189200,0,0,0,25589,0,0
1785574680.810073835,81149777,0,81149777,0,81149318,17750,46500,0,0,0,0,0,413649085,374446321,81155561,42940,190300,0,0,0,25190,0,0
1785574681.830914628,84678037,0,84678037,0,84676777,17742,47600,0,0,0,0,0,413651986,374446923,84681008,42570,191100,0,0,0,24828,0,0
1785574682.854556850,88251171,0,88251171,0,88250040,17723,48600,0,0,0,0,0,413654898,374447532,88255277,42198,191800,0,0,0,24475,0,0
1785574683.877583790,91814553,0,91814553,0,91813555,17710,49500,0,0,0,0,0,413657801,374448142,91817595,41864,192500,0,0,0,24154,0,0
1785574684.900398576,95351107,0,95351107,0,95350675,17703,50500,0,0,0,0,0,413660718,374448735,95355325,41583,193400,0,0,0,23880,0,0
1785574685.920366886,98897807,0,98897807,0,98896616,17693,51400,0,0,0,0,0,413663623,374449350,98901065,41310,194100,0,0,0,23616,0,0
1785574686.941240863,102392791,0,102392791,0,102391567,17686,52200,0,0,0,0,0,413666533,374449966,102396556,41070,195200,0,0,0,23383,0,0
1785574687.963878257,105953332,0,105953332,0,105952193,17682,53100,0,0,0,0,0,413669452,374450575,105956699,40836,195900,0,0,0,23153,0,0
1785574688.987610622,109499217,0,109499217,0,109498318,17675,53800,0,0,0,0,0,413672370,374451183,109504598,40610,196700,0,0,0,22935,0,0
1785574690.010981659,113036016,0,113036016,0,113034789,17664,54500,0,0,0,0,0,413675285,374451794,113040442,40397,197400,0,0,0,22733,0,0
1785574691.031583455,116552485,0,116552485,0,116551602,17657,55200,0,0,0,0,0,413678201,374452394,116556007,40214,198100,0,0,0,22556,0,0
1785574692.054834631,120108269,0,120108269,0,120107491,17640,55700,0,0,0,0,0,413681115,374453018,120112850,40007,198500,0,0,0,22367,0,0
1785574693.076139815,123547913,0,123547913,0,123546809,17640,56400,0,0,0,0,0,413684038,374453643,123551012,39868,199600,0,0,0,22228,0,0
1785574694.098256174,127080130,0,127080130,0,127078700,17634,57000,0,0,0,0,0,413686952,374454286,127083335,39706,200200,0,0,0,22071,0,0
1785574695.120730957,130628575,0,130628575,0,130627767,17628,57500,0,0,0,0,0,413689867,374454913,130633794,39549,200800,0,0,0,21921,0,0
1785574696.142420824,134127219,0,134127219,0,134126384,17627,58100,0,0,0,0,0,413692792,374455547,134132163,39420,201600,0,0,0,21792,0,0
1785574697.164662527,137633657,0,137633657,0,137632453,17618,58500,0,0,0,0,0,413695704,374456173,137638880,39277,202200,0,0,0,21659,0,0
1785574698.185199769,141165858,0,141165858,0,141164692,17614,59000,0,0,0,0,0,413698619,374456797,141169070,39144,202900,0,0,0,21529,0,0
1785574699.207139186,144659336,0,144659336,0,144658204,17616,59400,0,0,0,0,0,413701551,374457393,144662843,39040,203700,0,0,0,21424,0,0
1785574700.230167597,148181692,0,148181692,0,148181372,17610,59800,0,0,0,0,0,413704461,374458040,148187697,38912,204300,0,0,0,21302,0,0
1785574701.253504976,151740529,0,151740529,0,151739256,17605,60200,0,0,0,0,0,413707389,374458670,151743434,38786,204800,0,0,0,21181,0,0
1785574702.276629220,155237739,0,155237739,0,155236872,17606,60600,0,0,0,0,0,413710310,374459293,155241751,38689,205500,0,0,0,21082,0,0
1785574703.299939439,158788040,0,158788040,0,158786735,17600,60900,0,0,0,0,0,413713225,374459923,158790650,38582,206100,0,0,0,20981,0,0
1785574704.321533701,162308663,0,162308663,0,162307262,17597,61300,0,0,0,0,0,413716135,374460544,162311843,38480,206700,0,0,0,20883,0,0
1785574705.345438353,165806467,0,165806467,0,165805464,17593,61600,0,0,0,0,0,413719068,374461172,165810071,38388,207200,0,0,0,20794,0,0
1785574706.365520231,169351278,0,169351278,0,169349961,17589,61900,0,0,0,0,0,413721985,374461804,169354159,38296,207700,0,0,0,20707,0,0
1785574707.389239826,172871733,0,172871733,0,172870618,17586,62200,0,0,0,0,0,413724906,374462438,172876178,38205,208200,0,0,0,20619,0,0
1785574708.411436954,176364093,0,176364093,0,176362999,17584,62500,0,0,0,0,0,413727831,374463052,176367450,38128,208700,0,0,0,20543,0,0
1785574709.427098568,178719930,0,178719930,0,178717416,17587,62700,0,0,0,0,0,413730781,374464468,178717298,38078,209100,0,0,0,20491,0,0
1785574710.449897453,178719930,0,178719930,0,178717416,17587,62700,0,0,0,0,0,413733842,374467469,178717298,38078,209100,0,0,0,20491,0,0
1785574711.473484998,178719930,0,178719930,0,178717416,17587,62700,0,0,0,0,0,413736910,374470504,178717298,38078,209100,0,0,0,20491,0,0
1785574712.496754880,178719930,0,178719930,0,178717416,17587,62700,0,0,0,0,0,413739977,374473556,178717298,38078,209100,0,0,0,20491,0,0
1785574713.520669758,178719930,0,178719930,0,178717416,17587,62700,0,0,0,0,0,413743049,374476604,178717298,38078,209100,0,0,0,20491,0,0
1785574714.544752704,178719930,0,178719930,0,178717416,17587,62700,0,0,0,0,0,413746120,374479600,178717298,38078,209100,0,0,0,20491,0,0
1785574715.568478098,178719930,0,178719930,0,178717416,17587,62700,0,0,0,0,0,413749193,374482654,178717298,38078,209100,0,0,0,20491,0,0
1785574716.592344948,178719930,0,178719930,0,178717416,17587,62700,0,0,0,0,0,413752263,374485645,178717298,38078,209100,0,0,0,20491,0,0
1785574717.616742064,178719930,0,178719930,0,178717416,17587,62700,0,0,0,0,0,413755335,374488699,178717298,38078,209100,0,0,0,20491,0,0
1785574718.639352784,178719930,0,178719930,0,178717416,17587,62700,0,0,0,0,0,413758407,374491756,178717298,38078,209100,0,0,0,20491,0,0
1785574719.662652467,178719930,0,178719930,0,178717416,17587,62700,0,0,0,0,0,413761473,374494755,178717298,38078,209100,0,0,0,20491,0,0
1785574720.685024058,178719930,0,178719930,0,178717416,17587,62700,0,0,0,0,0,413764540,374497762,178717298,38078,209100,0,0,0,20491,0,0
1785574721.708063240,178719930,0,178719930,0,178717416,17587,62700,0,0,0,0,0,413767607,374500796,178717298,38078,209100,0,0,0,20491,0,0
1785574722.731751613,178719930,0,178719930,0,178717416,17587,62700,0,0,0,0,0,413770678,374503800,178717298,38078,209100,0,0,0,20491,0,0
1785574723.756363971,178719930,0,178719930,0,178717416,17587,62700,0,0,0,0,0,413773750,374506855,178717298,38078,209100,0,0,0,20491,0,0
1785574724.780699640,178719930,0,178719930,0,178717416,17587,62700,0,0,0,0,0,413776822,374509911,178717298,38078,209100,0,0,0,20491,0,0
1785574725.804271040,178719930,0,178719930,0,178717416,17587,62700,0,0,0,0,0,413779891,374512914,178717298,38078,209100,0,0,0,20491,0,0
1785574726.823531197,178719930,0,178719930,0,178717416,17587,62700,0,0,0,0,0,413782952,374515941,178717298,38078,209100,0,0,0,20491,0,0
1785574727.845691104,178719930,0,178719930,0,178717416,17587,62700,0,0,0,0,0,413786015,374518951,178717298,38078,209100,0,0,0,20491,0,0
1785574728.868839790,178719930,0,178719930,0,178717416,17587,62700,0,0,0,0,0,413789082,374521968,178717298,38078,209100,0,0,0,20491,0,0
1785574729.893588868,178719930,0,178719930,0,178717416,17587,62700,0,0,0,0,0,413792155,374525001,178717298,38078,209100,0,0,0,20491,0,0
1785574730.917105923,178719930,0,178719930,0,178717416,17587,62700,0,0,0,0,0,413795227,374528056,178717298,38078,209100,0,0,0,20491,0,0
1785574731.938244128,179401369,0,179401369,0,179401016,17609,63000,0,0,0,0,0,413798277,374530694,179408049,38141,209600,0,0,0,20532,0,0
1785574732.960287098,184846401,0,184846401,0,184845664,17705,63500,0,0,0,0,0,413801235,374531331,184857659,38466,211500,0,0,0,20761,0,0
1785574733.984456791,190290789,0,190290789,0,190290083,17800,64100,0,0,0,0,0,413804193,374531942,190301440,38790,213300,0,0,0,20990,0,0
1785574735.004657550,195759746,0,195759746,0,195759590,17887,64500,0,0,0,0,0,413807146,374532579,195770937,39083,214900,0,0,0,21196,0,0
1785574736.025661724,201177786,0,201177786,0,201177596,17968,64900,0,0,0,0,0,413810095,374533240,201186039,39360,216700,0,0,0,21392,0,0
1785574737.046989548,206625125,0,206625125,0,206624779,18041,65300,0,0,0,0,0,413813061,374533887,206632807,39608,218100,0,0,0,21567,0,0
1785574738.069517293,211971362,0,211971362,0,211970753,18119,65700,0,0,0,0,0,413816014,374534508,211977634,39873,219900,0,0,0,21754,0,0
1785574739.090466078,217428034,0,217428034,0,217427890,18188,65900,0,0,0,0,0,413818968,374535160,217442266,40112,221400,0,0,0,21924,0,0
1785574740.110127793,222761882,0,222761882,0,222761384,18256,66200,0,0,0,0,0,413821909,374535764,222768996,40352,223200,0,0,0,22096,0,0
1785574741.132215102,228292684,0,228292684,0,228292298,18312,66400,0,0,0,0,0,413824864,374536376,228304085,40550,224100,0,0,0,22237,0,0
1785574742.153688291,233850277,0,233850277,0,233850480,18366,66600,0,0,0,0,0,413827816,374536994,233862330,40735,224800,0,0,0,22369,0,0
1785574743.175067215,239435736,0,239435736,0,239435396,18412,66700,0,0,0,0,0,413830768,374537594,239442486,40904,225400,0,0,0,22492,0,0
1785574744.194955482,244995168,0,244995168,0,244995203,18459,66900,0,0,0,0,0,413833708,374538184,245002824,41073,226000,0,0,0,22614,0,0
1785574745.214484694,250594409,0,250594409,0,250593824,18499,67000,0,0,0,0,0,413836650,374538805,250601272,41220,226400,0,0,0,22721,0,0
1785574746.234558570,256067934,0,256067934,0,256067311,18540,67200,0,0,0,0,0,413839588,374539411,256074516,41383,227100,0,0,0,22842,0,0
1785574747.256176785,261839490,0,261839490,0,261839467,18580,67300,0,0,0,0,0,413842543,374539980,261846963,41511,227100,0,0,0,22931,0,0
1785574748.276785717,267479538,0,267479538,0,267479422,18617,67400,0,0,0,0,0,413845503,374540594,267487097,41641,227300,0,0,0,23023,0,0
1785574749.297777300,272933978,0,272933978,0,272933116,18654,67500,0,0,0,0,0,413848447,374541221,272939364,41780,228100,0,0,0,23125,0,0
1785574750.320025017,278494877,0,278494877,0,278494450,18688,67600,0,0,0,0,0,413851394,374541823,278502044,41909,228500,0,0,0,23220,0,0
1785574751.342260883,284110902,0,284110902,0,284110151,18721,67700,0,0,0,0,0,413854350,374542441,284117110,42028,228800,0,0,0,23306,0,0
1785574752.364816535,289610773,0,289610773,0,289610649,18753,67800,0,0,0,0,0,413857320,374543054,289620420,42156,229400,0,0,0,23402,0,0
1785574753.385693947,295214948,0,295214948,0,295214986,18781,67800,0,0,0,0,0,413860266,374543684,295222865,42264,229800,0,0,0,23483,0,0
1785574754.408635610,300837861,0,300837861,0,300837267,18808,67900,0,0,0,0,0,413863223,374544311,300844435,42369,230100,0,0,0,23561,0,0
1785574755.430037483,306306207,0,306306207,0,306305553,18836,68000,0,0,0,0,0,413866176,374544917,306311495,42478,230600,0,0,0,23641,0,0
1785574756.451076424,311947627,0,311947627,0,311947203,18863,68000,0,0,0,0,0,413869136,374545535,311955340,42578,231000,0,0,0,23714,0,0
1785574757.471874199,317496304,0,317496304,0,317495576,18888,68100,0,0,0,0,0,413872087,374546148,317505002,42673,231300,0,0,0,23785,0,0
1785574758.494691156,323014959,0,323014959,0,323014479,18913,68200,0,0,0,0,0,413875050,374546771,323023255,42774,231900,0,0,0,23861,0,0
1785574759.516101944,328676755,0,328676755,0,328676453,18936,68200,0,0,0,0,0,413878003,374547383,328684115,42855,232000,0,0,0,23918,0,0
1785574760.536771713,334249621,0,334249621,0,334249028,18958,68200,0,0,0,0,0,413880960,374548000,334255565,42941,232400,0,0,0,23982,0,0
1785574761.558545527,339681262,0,339681262,0,339681045,18980,68300,0,0,0,0,0,413883923,374548627,339688722,43033,233000,0,0,0,24052,0,0
1785574762.580846941,341036874,0,341036874,0,341034360,18986,68300,0,0,0,0,0,413886959,374551105,341034242,43054,233200,0,0,0,24067,0,0
1785574763.603161099,341036874,0,341036874,0,341034360,18986,68300,0,0,0,0,0,413890026,374554106,341034242,43054,233200,0,0,0,24067,0,0
1785574764.623320382,341036874,0,341036874,0,341034360,18986,68300,0,0,0,0,0,413893087,374557130,341034242,43054,233200,0,0,0,24067,0,0
1785574765.648939452,341036874,0,341036874,0,341034360,18986,68300,0,0,0,0,0,413896161,374560188,341034242,43054,233200,0,0,0,24067,0,0
1785574766.673100614,341036874,0,341036874,0,341034360,18986,68300,0,0,0,0,0,413899231,374563214,341034242,43054,233200,0,0,0,24067,0,0
1785574767.697273650,341036874,0,341036874,0,341034360,18986,68300,0,0,0,0,0,413902304,374566231,341034242,43054,233200,0,0,0,24067,0,0
1785574768.722181277,341036874,0,341036874,0,341034360,18986,68300,0,0,0,0,0,413905377,374569288,341034242,43054,233200,0,0,0,24067,0,0
1785574769.745927352,341036874,0,341036874,0,341034360,18986,68300,0,0,0,0,0,413908447,374572274,341034242,43054,233200,0,0,0,24067,0,0
1785574770.769898640,341036874,0,341036874,0,341034360,18986,68300,0,0,0,0,0,413911519,374575305,341034242,43054,233200,0,0,0,24067,0,0
1785574771.794000782,341036874,0,341036874,0,341034360,18986,68300,0,0,0,0,0,413914590,374578361,341034242,43054,233200,0,0,0,24067,0,0
1785574772.817307773,341036874,0,341036874,0,341034360,18986,68300,0,0,0,0,0,413917658,374581365,341034242,43054,233200,0,0,0,24067,0,0
1785574773.841342104,341036874,0,341036874,0,341034360,18986,68300,0,0,0,0,0,413920728,374584401,341034242,43054,233200,0,0,0,24067,0,0
1785574774.862935028,341036874,0,341036874,0,341034360,18986,68300,0,0,0,0,0,413923794,374587440,341034242,43054,233200,0,0,0,24067,0,0
1785574775.886461909,341036874,0,341036874,0,341034360,18986,68300,0,0,0,0,0,413926862,374590435,341034242,43054,233200,0,0,0,24067,0,0
1785574776.908937810,341036874,0,341036874,0,341034360,18986,68300,0,0,0,0,0,413929928,374593484,341034242,43054,233200,0,0,0,24067,0,0
1785574777.932069155,341036874,0,341036874,0,341034360,18986,68300,0,0,0,0,0,413932997,374596537,341034242,43054,233200,0,0,0,24067,0,0
1785574778.955336019,341036874,0,341036874,0,341034360,18986,68300,0,0,0,0,0,413936065,374599519,341034242,43054,233200,0,0,0,24067,0,0
1785574779.979136393,341036874,0,341036874,0,341034360,18986,68300,0,0,0,0,0,413939136,374602575,341034242,43054,233200,0,0,0,24067,0,0
1785574781.001473990,341036874,0,341036874,0,341034360,18986,68300,0,0,0,0,0,413942203,374605576,341034242,43054,233200,0,0,0,24067,0,0
1785574782.026677574,341036874,0,341036874,0,341034360,18986,68300,0,0,0,0,0,413945277,374608595,341034242,43054,233200,0,0,0,24067,0,0
1785574783.050682327,341036874,0,341036874,0,341034360,18986,68300,0,0,0,0,0,413948348,374611649,341034242,43054,233200,0,0,0,24067,0,0
1785574784.072957961,341036874,0,341036874,0,341034360,18986,68300,0,0,0,0,0,413951414,374614691,341034242,43054,233200,0,0,0,24067,0,0
1785574785.094692426,347685737,0,347685737,0,347685217,19073,68500,0,0,0,0,0,413954421,374615504,347694441,43753,242700,0,0,0,24680,0,0
1785574786.114997395,355535175,0,355535175,0,355535611,19146,68500,0,0,0,0,0,413957406,374616079,355544335,44449,249500,0,0,0,25303,0,0
1785574787.137476529,363303127,0,363303127,0,363303869,19222,68500,0,0,0,0,0,413960412,374616644,363316056,45153,255900,0,0,0,25931,0,0
1785574788.160273499,371180804,0,371180804,0,371180300,19288,68400,0,0,0,0,0,413963412,374617214,371188823,45798,260700,0,0,0,26510,0,0
1785574789.182693666,379097579,0,379097579,0,379097324,19348,68300,0,0,0,0,0,413966421,374617792,379108635,46404,264700,0,0,0,27057,0,0
1785574790.201680335,386908395,0,386908395,0,386908770,19410,68300,0,0,0,0,0,413969430,374618369,386917712,47004,268600,0,0,0,27594,0,0
1785574791.222980010,394729950,0,394729950,0,394729552,19473,68300,0,0,0,0,0,413972450,374618920,394738721,47595,272100,0,0,0,28122,0,0
1785574792.243144162,402540188,0,402540188,0,402539827,19528,68300,0,0,0,0,0,413975463,374619506,402549654,48151,275300,0,0,0,28623,0,0
1785574793.263517154,410193295,0,410193295,0,410193549,19583,68300,0,0,0,0,0,413978480,374620086,410202055,48696,278500,0,0,0,29113,0,0
1785574794.286145003,418098327,0,418098327,0,418104479,19634,68200,0,0,0,0,0,413981491,374620668,418118755,49198,280700,0,0,0,29564,0,0
1785574795.309291797,425874226,0,425874226,0,425873980,19686,68200,0,0,0,0,0,413984520,374621257,425883888,49708,283300,0,0,0,30022,0,0
1785574796.330352451,433560853,0,433560853,0,433560835,19736,68200,0,0,0,0,0,413987533,374621847,433570894,50192,285700,0,0,0,30456,0,0
1785574797.350512235,441414093,0,441414093,0,441418520,19782,68100,0,0,0,0,0,413990544,374622417,441430768,50647,287600,0,0,0,30866,0,0
1785574798.370952437,449312624,0,449312624,0,449312678,19827,68100,0,0,0,0,0,413993556,374622991,449322801,51086,289300,0,0,0,31259,0,0
1785574799.392078125,457051549,0,457051549,0,457052874,19873,68100,0,0,0,0,0,413996584,374623556,457063965,51527,291100,0,0,0,31653,0,0
1785574800.411552257,464979729,0,464979729,0,464979362,19917,68100,0,0,0,0,0,413999590,374624134,464990434,51928,292600,0,0,0,32011,0,0
1785574801.431223089,472805949,0,472805949,0,472806133,19956,68100,0,0,0,0,0,414002599,374624727,472816353,52323,294100,0,0,0,32367,0,0
1785574802.448914480,480301290,0,480301290,0,480300455,19999,68100,0,0,0,0,0,414005612,374625266,480307787,52750,296200,0,0,0,32750,0,0
1785574803.471820049,488172373,0,488172373,0,488172699,20039,68000,0,0,0,0,0,414008634,374625817,488185250,53128,297600,0,0,0,33089,0,0
1785574804.492496130,495933843,0,495933843,0,495933647,20075,68000,0,0,0,0,0,414011650,374626405,495947711,53493,299000,0,0,0,33418,0,0
1785574805.513482414,503729454,0,503729454,0,503728897,20111,68000,0,0,0,0,0,414014663,374626979,503737331,53846,300300,0,0,0,33735,0,0
1785574806.534532430,511630985,0,511630985,0,511631054,20145,68000,0,0,0,0,0,414017684,374627558,511641045,54177,301300,0,0,0,34033,0,0
1785574807.554636479,519469769,0,519469769,0,519469311,20178,68000,0,0,0,0,0,414020693,374628148,519478271,54507,302500,0,0,0,34329,0,0
1785574808.576396034,527223244,0,527223244,0,527223917,20213,67900,0,0,0,0,0,414023718,374628712,527232006,54834,303600,0,0,0,34621,0,0
1785574809.597209822,535008720,0,535008720,0,535008941,20244,67900,0,0,0,0,0,414026723,374629301,535019291,55145,304700,0,0,0,34900,0,0
1785574810.617021800,542670358,0,542670358,0,542670217,20277,67900,0,0,0,0,0,414029732,374629881,542680895,55463,305900,0,0,0,35187,0,0
1785574811.637886906,550550256,0,550550256,0,550549941,20307,67900,0,0,0,0,0,414032751,374630464,550560022,55760,306800,0,0,0,35452,0,0
1785574812.659284640,558445931,0,558445931,0,558445105,20336,67900,0,0,0,0,0,414035768,374631038,558453935,56042,307600,0,0,0,35705,0,0
1785574813.678338996,566367639,0,566367639,0,566367196,20365,67900,0,0,0,0,0,414038781,374631604,566376353,56307,308300,0,0,0,35942,0,0
1785574814.701159740,570147306,0,570147306,0,570144792,20378,67900,0,0,0,0,0,414041825,374633429,570144674,56451,308900,0,0,0,36072,0,0
1785574815.723918841,570147306,0,570147306,0,570144792,20378,67900,0,0,0,0,0,414044895,374636481,570144674,56451,308900,0,0,0,36072,0,0
1785574816.743776282,570147306,0,570147306,0,570144792,20378,67900,0,0,0,0,0,414047956,374639460,570144674,56451,308900,0,0,0,36072,0,0
1785574817.765547057,570147306,0,570147306,0,570144792,20378,67900,0,0,0,0,0,414051016,374642506,570144674,56451,308900,0,0,0,36072,0,0
1785574818.790434314,570147306,0,570147306,0,570144792,20378,67900,0,0,0,0,0,414054088,374645559,570144674,56451,308900,0,0,0,36072,0,0
1785574819.810388679,570147306,0,570147306,0,570144792,20378,67900,0,0,0,0,0,414057149,374648579,570144674,56451,308900,0,0,0,36072,0,0
1785574820.833551525,570147306,0,570147306,0,570144792,20378,67900,0,0,0,0,0,414060216,374651586,570144674,56451,308900,0,0,0,36072,0,0
1785574821.856388337,570147306,0,570147306,0,570144792,20378,67900,0,0,0,0,0,414063283,374654620,570144674,56451,308900,0,0,0,36072,0,0
1785574822.879765818,570147306,0,570147306,0,570144792,20378,67900,0,0,0,0,0,414066353,374657605,570144674,56451,308900,0,0,0,36072,0,0
1785574823.903421411,570147306,0,570147306,0,570144792,20378,67900,0,0,0,0,0,414069425,374660658,570144674,56451,308900,0,0,0,36072,0,0
1785574824.927585277,570147306,0,570147306,0,570144792,20378,67900,0,0,0,0,0,414072497,374663713,570144674,56451,308900,0,0,0,36072,0,0
1785574825.950941725,570147306,0,570147306,0,570144792,20378,67900,0,0,0,0,0,414075565,374666727,570144674,56451,308900,0,0,0,36072,0,0
1785574826.969925642,570147306,0,570147306,0,570144792,20378,67900,0,0,0,0,0,414078629,374669745,570144674,56451,308900,0,0,0,36072,0,0
1785574827.991458120,570147306,0,570147306,0,570144792,20378,67900,0,0,0,0,0,414081687,374672752,570144674,56451,308900,0,0,0,36072,0,0
1785574829.015062047,570147306,0,570147306,0,570144792,20378,67900,0,0,0,0,0,414084759,374675771,570144674,56451,308900,0,0,0,36072,0,0
1785574830.039217331,570147306,0,570147306,0,570144792,20378,67900,0,0,0,0,0,414087831,374678826,570144674,56451,308900,0,0,0,36072,0,0
1785574831.063219286,570147306,0,570147306,0,570144792,20378,67900,0,0,0,0,0,414090902,374681855,570144674,56451,308900,0,0,0,36072,0,0
1785574832.086543672,570147306,0,570147306,0,570144792,20378,67900,0,0,0,0,0,414093968,374684851,570144674,56451,308900,0,0,0,36072,0,0
1785574833.110493284,570147306,0,570147306,0,570144792,20378,67900,0,0,0,0,0,414097040,374687870,570144674,56451,308900,0,0,0,36072,0,0
1785574834.134295819,570147306,0,570147306,0,570144792,20378,67900,0,0,0,0,0,414100110,374690870,570144674,56451,308900,0,0,0,36072,0,0
1785574835.157569507,570147306,0,570147306,0,570144792,20378,67900,0,0,0,0,0,414103179,374693906,570144674,56451,308900,0,0,0,36072,0,0
1785574836.181085664,570147306,0,570147306,0,570144792,20378,67900,0,0,0,0,0,414106248,374696959,570144674,56451,308900,0,0,0,36072,0,0
1785574837.208980631,576376128,0,576376128,0,576377559,20418,68000,0,0,0,0,0,414109327,374698101,576393111,56714,308600,0,0,0,36296,0,0
1785574838.229098651,586089783,0,586089783,0,586091074,20470,68000,0,0,0,0,0,414112383,374698229,586106388,57091,307500,0,0,0,36621,0,0
1785574839.255411401,596092841,0,596092841,0,596094856,20517,68000,0,0,0,0,0,414115455,374698353,596118349,57450,306100,0,0,0,36933,0,0
1785574840.278720932,605909335,0,605909335,0,605910313,20563,68000,0,0,0,0,0,414118515,374698468,605924360,57802,305100,0,0,0,37239,0,0
1785574841.303723375,615848393,0,615848393,0,615848287,20606,68000,0,0,0,0,0,414121586,374698616,615858946,58138,303900,0,0,0,37531,0,0
1785574842.323930263,625781800,0,625781800,0,625782940,20646,68000,0,0,0,0,0,414124644,374698763,625795766,58458,302800,0,0,0,37812,0,0
1785574843.348939889,635678836,0,635678836,0,635680810,20688,68000,0,0,0,0,0,414127713,374698881,635718218,58779,301600,0,0,0,38090,0,0
1785574844.371926529,645472624,0,645472624,0,645474125,20727,68000,0,0,0,0,0,414130773,374699021,645489238,59090,300800,0,0,0,38362,0,0
1785574845.392151613,655381120,0,655381120,0,655381872,20766,68000,0,0,0,0,0,414133830,374699191,655394360,59383,299900,0,0,0,38617,0,0
1785574846.414740377,665282124,0,665282124,0,665283421,20806,68000,0,0,0,0,0,414136890,374699308,665298319,59680,299100,0,0,0,38874,0,0
1785574847.439582675,675343410,0,675343410,0,675345334,20840,68000,0,0,0,0,0,414139960,374699457,675359564,59953,298100,0,0,0,39113,0,0
1785574848.461355575,685427426,0,685427426,0,685428403,20872,68000,0,0,0,0,0,414143017,374699602,685441445,60213,297200,0,0,0,39340,0,0
1785574849.485938196,695317190,0,695317190,0,695318085,20905,67900,0,0,0,0,0,414146084,374699728,695332470,60468,296400,0,0,0,39563,0,0
1785574850.511012592,705150344,0,705150344,0,705152009,20939,67900,0,0,0,0,0,414149150,374699855,705167007,60726,295600,0,0,0,39787,0,0
1785574851.535854484,715109141,0,715109141,0,715109470,20969,67900,0,0,0,0,0,414152221,374699980,715121778,60965,294800,0,0,0,39995,0,0
1785574852.559016558,724862886,0,724862886,0,724863535,20999,67900,0,0,0,0,0,414155282,374700119,724875131,61203,294100,0,0,0,40204,0,0
1785574853.581911024,734838112,0,734838112,0,734839983,21027,67900,0,0,0,0,0,414158344,374700255,734856801,61430,293400,0,0,0,40403,0,0
1785574854.602540342,744797215,0,744797215,0,744797857,21057,67900,0,0,0,0,0,414161396,374700424,744811007,61652,292700,0,0,0,40595,0,0
1785574855.626900716,754578249,0,754578249,0,754579920,21085,67900,0,0,0,0,0,414164462,374700570,754596276,61878,292100,0,0,0,40793,0,0
1785574856.649941331,764432155,0,764432155,0,764433660,21110,67900,0,0,0,0,0,414167526,374700732,764449745,62089,291600,0,0,0,40978,0,0
1785574857.671298000,774281043,0,774281043,0,774282464,21138,67900,0,0,0,0,0,414170582,374700891,774294592,62300,291000,0,0,0,41162,0,0
1785574858.692870061,784205863,0,784205863,0,784208316,21166,67800,0,0,0,0,0,414173638,374701029,784225494,62511,290400,0,0,0,41345,0,0
1785574859.713479680,794165374,0,794165374,0,794166531,21190,67800,0,0,0,0,0,414176698,374701192,794181123,62711,289900,0,0,0,41520,0,0
1785574860.734494123,804127447,0,804127447,0,804128717,21214,67800,0,0,0,0,0,414179750,374701358,804142726,62898,289200,0,0,0,41683,0,0
1785574861.755682154,813806107,0,813806107,0,813807897,21244,67800,0,0,0,0,0,414182816,374701517,813821876,63109,288900,0,0,0,41864,0,0
1785574862.778293162,823781101,0,823781101,0,823781781,21268,67800,0,0,0,0,0,414185878,374701665,823795456,63294,288400,0,0,0,42025,0,0
1785574863.799922339,833530132,0,833530132,0,833530755,21292,67800,0,0,0,0,0,414188935,374701796,833544894,63482,287900,0,0,0,42189,0,0
1785574864.820090296,843192359,0,843192359,0,843193259,21319,67800,0,0,0,0,0,414191989,374701910,843206593,63679,287600,0,0,0,42360,0,0
1785574865.844673036,853133862,0,853133862,0,853135656,21340,67800,0,0,0,0,0,414195055,374702066,853150559,63844,287000,0,0,0,42504,0,0
1785574866.860615312,859998050,0,859998050,0,859995536,21353,67800,0,0,0,0,0,414198105,374703142,859995418,63951,286600,0,0,0,42598,0,0
1785574867.881826855,859998050,0,859998050,0,859995536,21353,67800,0,0,0,0,0,414201161,374706122,859995418,63951,286600,0,0,0,42598,0,0
1785574868.907758965,859998050,0,859998050,0,859995536,21353,67800,0,0,0,0,0,414204239,374709182,859995418,63951,286600,0,0,0,42598,0,0
1785574869.930076886,859998050,0,859998050,0,859995536,21353,67800,0,0,0,0,0,414207304,374712204,859995418,63951,286600,0,0,0,42598,0,0
1785574870.953694410,859998050,0,859998050,0,859995536,21353,67800,0,0,0,0,0,414210374,374715216,859995418,63951,286600,0,0,0,42598,0,0
1785574871.977852086,859998050,0,859998050,0,859995536,21353,67800,0,0,0,0,0,414213444,374718271,859995418,63951,286600,0,0,0,42598,0,0
1785574873.001002968,859998050,0,859998050,0,859995536,21353,67800,0,0,0,0,0,414216512,374721309,859995418,63951,286600,0,0,0,42598,0,0
1785574874.024145736,859998050,0,859998050,0,859995536,21353,67800,0,0,0,0,0,414219582,374724309,859995418,63951,286600,0,0,0,42598,0,0
1785574875.047715940,859998050,0,859998050,0,859995536,21353,67800,0,0,0,0,0,414222652,374727340,859995418,63951,286600,0,0,0,42598,0,0
1785574876.065688965,859998050,0,859998050,0,859995536,21353,67800,0,0,0,0,0,414225708,374730334,859995418,63951,286600,0,0,0,42598,0,0
1785574877.082870808,859998050,0,859998050,0,859995536,21353,67800,0,0,0,0,0,414228754,374733346,859995418,63951,286600,0,0,0,42598,0,0
1785574878.106403234,859998050,0,859998050,0,859995536,21353,67800,0,0,0,0,0,414231826,374736401,859995418,63951,286600,0,0,0,42598,0,0
1785574879.128477347,859998050,0,859998050,0,859995536,21353,67800,0,0,0,0,0,414234890,374739419,859995418,63951,286600,0,0,0,42598,0,0
1785574880.151498376,859998050,0,859998050,0,859995536,21353,67800,0,0,0,0,0,414237956,374742434,859995418,63951,286600,0,0,0,42598,0,0
1785574881.173968299,859998050,0,859998050,0,859995536,21353,67800,0,0,0,0,0,414241024,374745485,859995418,63951,286600,0,0,0,42598,0,0
1785574882.196509582,859998050,0,859998050,0,859995536,21353,67800,0,0,0,0,0,414244087,374748467,859995418,63951,286600,0,0,0,42598,0,0
1785574883.219701629,859998050,0,859998050,0,859995536,21353,67800,0,0,0,0,0,414247155,374751519,859995418,63951,286600,0,0,0,42598,0,0
1785574884.243268678,859998050,0,859998050,0,859995536,21353,67800,0,0,0,0,0,414250227,374754573,859995418,63951,286600,0,0,0,42598,0,0
1785574885.266361048,859998050,0,859998050,0,859995536,21353,67800,0,0,0,0,0,414253297,374757553,859995418,63951,286600,0,0,0,42598,0,0
1785574886.290457515,859998050,0,859998050,0,859995536,21353,67800,0,0,0,0,0,414256368,374760590,859995418,63951,286600,0,0,0,42598,0,0
1785574887.312291106,859998050,0,859998050,0,859995536,21353,67800,0,0,0,0,0,414259433,374763633,859995418,63951,286600,0,0,0,42598,0,0
1785574888.335572611,859998050,0,859998050,0,859995536,21353,67800,0,0,0,0,0,414262501,374766620,859995418,63951,286600,0,0,0,42598,0,0
1785574889.361468303,865539121,0,865539121,0,865540540,21375,67900,0,0,0,0,0,414265572,374768210,865557725,64409,290100,0,0,0,43034,0,0
1785574890.388333008,877721062,0,877721062,0,877723102,21411,67800,0,0,0,0,0,414268652,374768249,877740854,65312,294500,0,0,0,43902,0,0
1785574891.407964274,889585218,0,889585218,0,889586275,21450,67700,0,0,0,0,0,414271715,374768271,889603080,66214,299000,0,0,0,44765,0,0
1785574892.431412455,901691334,0,901691334,0,901692512,21485,67700,0,0,0,0,0,414274782,374768307,901710071,67070,302600,0,0,0,45586,0,0
1785574893.459005635,913747282,0,913747282,0,913747767,21518,67600,0,0,0,0,0,414277860,374768350,913763518,67911,306000,0,0,0,46393,0,0
1785574894.481325352,925636801,0,925636801,0,925638445,21554,67500,0,0,0,0,0,414280927,374768397,925653407,68741,309200,0,0,0,47188,0,0
1785574895.504391047,937608524,0,937608524,0,937609799,21585,67500,0,0,0,0,0,414283989,374768441,937625317,69535,311900,0,0,0,47950,0,0
1785574896.532175824,949627599,0,949627599,0,949630193,21614,67400,0,0,0,0,0,414287065,374768499,949649843,70317,314600,0,0,0,48703,0,0
1785574897.553741108,961514962,0,961514962,0,961516762,21647,67400,0,0,0,0,0,414290139,374768531,961533761,71088,317400,0,0,0,49441,0,0
1785574898.582702536,973604439,0,973604439,0,973605472,21676,67300,0,0,0,0,0,414293224,374768593,973621552,71827,319500,0,0,0,50152,0,0
1785574899.605170780,985433105,0,985433105,0,985434525,21707,67300,0,0,0,0,0,414296288,374768646,985452630,72559,321700,0,0,0,50853,0,0
1785574900.625138400,997335957,0,997335957,0,997336422,21737,67200,0,0,0,0,0,414299351,374768682,997352495,73272,323800,0,0,0,51535,0,0
1785574901.646108023,1009298234,0,1009298234,0,1009299104,21764,67200,0,0,0,0,0,414302408,374768737,1009316962,73959,325600,0,0,0,52195,0,0
1785574902.669708869,1021296614,0,1021296614,0,1021298560,21791,67100,0,0,0,0,0,414305480,374768781,1021316746,74642,327400,0,0,0,52851,0,0
1785574903.689154244,1033105320,0,1033105320,0,1033106443,21820,67100,0,0,0,0,0,414308539,374768811,1033122753,75314,329200,0,0,0,53494,0,0
1785574904.710698632,1045267191,0,1045267191,0,1045267360,21842,67000,0,0,0,0,0,414311599,374768834,1045282219,75939,330400,0,0,0,54097,0,0
1785574905.737231094,1057050251,0,1057050251,0,1057050648,21871,67000,0,0,0,0,0,414314672,374768861,1057065435,76586,332000,0,0,0,54715,0,0
1785574906.761575474,1069064095,0,1069064095,0,1069064533,21896,66900,0,0,0,0,0,414317749,374768901,1069079161,77205,333400,0,0,0,55310,0,0
1785574907.783002976,1081155878,0,1081155878,0,1081157655,21918,66900,0,0,0,0,0,414320809,374768945,1081174892,77798,334500,0,0,0,55880,0,0
1785574908.810935323,1093202395,0,1093202395,0,1093202278,21942,66800,0,0,0,0,0,414323895,374768969,1093215002,78398,335900,0,0,0,56456,0,0
1785574909.834038568,1104995386,0,1104995386,0,1104996374,21969,66800,0,0,0,0,0,414326963,374769016,1105011972,78993,337200,0,0,0,57024,0,0
1785574910.859781356,1117054236,0,1117054236,0,1117055553,21990,66800,0,0,0,0,0,414330036,374769068,1117073544,79552,338200,0,0,0,57562,0,0
1785574911.882313264,1128895410,0,1128895410,0,1128895222,22014,66700,0,0,0,0,0,414333101,374769102,1128908051,80118,339400,0,0,0,58104,0,0
1785574912.906048768,1140833392,0,1140833392,0,1140833979,22035,66700,0,0,0,0,0,414336169,374769146,1140850105,80650,340400,0,0,0,58615,0,0
1785574913.927696420,1152764258,0,1152764258,0,1152765275,22055,66600,0,0,0,0,0,414339234,374769216,1152783341,81178,341200,0,0,0,59123,0,0
1785574914.953695130,1164577280,0,1164577280,0,1164581366,22079,66600,0,0,0,0,0,414342309,374769254,1164596364,81710,342300,0,0,0,59632,0,0
1785574915.977554921,1176513861,0,1176513861,0,1176514519,22101,66600,0,0,0,0,0,414345380,374769284,1176531477,82229,343300,0,0,0,60127,0,0
1785574917.005496215,1188515650,0,1188515650,0,1188516736,22121,66600,0,0,0,0,0,414348462,374769334,1188530969,82726,344000,0,0,0,60605,0,0
1785574918.031920644,1200313176,0,1200313176,0,1200314401,22143,66500,0,0,0,0,0,414351539,374769363,1200331092,83228,344900,0,0,0,61085,0,0
1785574919.050086566,1210199240,0,1210199240,0,1210196726,22160,66500,0,0,0,0,0,414354598,374769964,1210196608,83627,345500,0,0,0,61466,0,0
1785574920.066736340,1210199240,0,1210199240,0,1210196726,22160,66500,0,0,0,0,0,414357646,374773000,1210196608,83627,345500,0,0,0,61466,0,0
1785574921.089560901,1210199240,0,1210199240,0,1210196726,22160,66500,0,0,0,0,0,414360708,374775982,1210196608,83627,345500,0,0,0,61466,0,0
1785574922.105921638,1210199240,0,1210199240,0,1210196726,22160,66500,0,0,0,0,0,414363760,374779020,1210196608,83627,345500,0,0,0,61466,0,0
1785574923.128412688,1210199240,0,1210199240,0,1210196726,22160,66500,0,0,0,0,0,414366822,374782056,1210196608,83627,345500,0,0,0,61466,0,0
1785574924.151174112,1210199240,0,1210199240,0,1210196726,22160,66500,0,0,0,0,0,414369889,374785051,1210196608,83627,345500,0,0,0,61466,0,0
1785574925.174032316,1210199240,0,1210199240,0,1210196726,22160,66500,0,0,0,0,0,414372957,374788103,1210196608,83627,345500,0,0,0,61466,0,0
1785574926.197021676,1210199240,0,1210199240,0,1210196726,22160,66500,0,0,0,0,0,414376025,374791131,1210196608,83627,345500,0,0,0,61466,0,0
1785574927.217931345,1210199240,0,1210199240,0,1210196726,22160,66500,0,0,0,0,0,414379086,374794053,1210196608,83627,345500,0,0,0,61466,0,0
1785574928.241389934,1210199240,0,1210199240,0,1210196726,22160,66500,0,0,0,0,0,414382154,374797107,1210196608,83627,345500,0,0,0,61466,0,0
1785574929.265093346,1210199240,0,1210199240,0,1210196726,22160,66500,0,0,0,0,0,414385224,374800132,1210196608,83627,345500,0,0,0,61466,0,0
1785574930.287142218,1210199240,0,1210199240,0,1210196726,22160,66500,0,0,0,0,0,414388291,374803141,1210196608,83627,345500,0,0,0,61466,0,0
1785574931.310017960,1210199240,0,1210199240,0,1210196726,22160,66500,0,0,0,0,0,414391359,374806192,1210196608,83627,345500,0,0,0,61466,0,0
1785574932.332761020,1210199240,0,1210199240,0,1210196726,22160,66500,0,0,0,0,0,414394428,374809239,1210196608,83627,345500,0,0,0,61466,0,0
1785574933.356274054,1210199240,0,1210199240,0,1210196726,22160,66500,0,0,0,0,0,414397496,374812227,1210196608,83627,345500,0,0,0,61466,0,0
1785574934.378928935,1210199240,0,1210199240,0,1210196726,22160,66500,0,0,0,0,0,414400562,374815278,1210196608,83627,345500,0,0,0,61466,0,0
1785574935.402253068,1210199240,0,1210199240,0,1210196726,22160,66500,0,0,0,0,0,414403630,374818279,1210196608,83627,345500,0,0,0,61466,0,0
1785574936.426139202,1210199240,0,1210199240,0,1210196726,22160,66500,0,0,0,0,0,414406701,374821315,1210196608,83627,345500,0,0,0,61466,0,0
1785574937.449288648,1210199240,0,1210199240,0,1210196726,22160,66500,0,0,0,0,0,414409770,374824344,1210196608,83627,345500,0,0,0,61466,0,0
1785574938.471270273,1210199240,0,1210199240,0,1210196726,22160,66500,0,0,0,0,0,414412834,374827369,1210196608,83627,345500,0,0,0,61466,0,0
1785574939.490359657,1210199240,0,1210199240,0,1210196726,22160,66500,0,0,0,0,0,414415892,374830366,1210196608,83627,345500,0,0,0,61466,0,0
1785574940.511864909,1210199240,0,1210199240,0,1210196726,22160,66500,0,0,0,0,0,414418953,374833413,1210196608,83627,345500,0,0,0,61466,0,0
1785574941.541111958,1213822259,0,1213822259,0,1213822937,22175,66600,0,0,0,0,0,414422043,374835446,1213839333,84243,353000,0,0,0,62069,0,0
1785574942.566032108,1226342896,0,1226342896,0,1226343023,22200,66500,0,0,0,0,0,414425115,374835456,1226357776,85789,373300,0,0,0,63590,0,0
1785574943.591570153,1238848083,0,1238848083,0,1238848150,22225,66500,0,0,0,0,0,414428189,374835457,1238865444,87308,391500,0,0,0,65084,0,0
1785574944.616397477,1250975514,0,1250975514,0,1250975028,22254,66400,0,0,0,0,0,414431263,374835475,1250992228,88835,407500,0,0,0,66583,0,0
1785574945.642944414,1263168640,0,1263168640,0,1263168373,22282,66400,0,0,0,0,0,414434341,374835489,1263183721,90342,421200,0,0,0,68061,0,0
1785574946.666260269,1275440803,0,1275440803,0,1275440830,22310,66400,0,0,0,0,0,414437409,374835496,1275456530,91823,433100,0,0,0,69514,0,0
1785574947.689255159,1287336891,0,1287336891,0,1287337847,22343,66400,0,0,0,0,0,414440477,374835505,1287356015,93296,443400,0,0,0,70954,0,0
1785574948.714484424,1299545012,0,1299545012,0,1299544621,22371,66300,0,0,0,0,0,414443552,374835532,1299561666,94711,451600,0,0,0,72342,0,0
1785574949.740551437,1311915534,0,1311915534,0,1311915917,22396,66300,0,0,0,0,0,414446632,374835533,1311932869,96072,458000,0,0,0,73677,0,0
1785574950.763046175,1324050385,0,1324050385,0,1324049822,22423,66300,0,0,0,0,0,414449698,374835545,1324066200,97423,463900,0,0,0,75002,0,0
1785574951.787141487,1336325690,0,1336325690,0,1336327067,22447,66300,0,0,0,0,0,414452767,374835551,1336342685,98744,469100,0,0,0,76298,0,0
1785574952.810462000,1348580508,0,1348580508,0,1348579041,22470,66200,0,0,0,0,0,414455829,374835566,1348593763,100038,473600,0,0,0,77570,0,0
1785574953.835879985,1360702560,0,1360702560,0,1360702622,22496,66200,0,0,0,0,0,414458909,374835583,1360719648,101329,478200,0,0,0,78835,0,0
1785574954.855886300,1373049319,0,1373049319,0,1373049049,22516,66200,0,0,0,0,0,414461970,374835590,1373065068,102551,481300,0,0,0,80036,0,0
1785574955.879495017,1385316238,0,1385316238,0,1385315645,22538,66200,0,0,0,0,0,414465036,374835602,1385330741,103763,484500,0,0,0,81226,0,0
1785574956.902637432,1397359036,0,1397359036,0,1397358461,22564,66100,0,0,0,0,0,414468101,374835618,1397373921,104977,487500,0,0,0,82413,0,0
1785574957.927201689,1409487172,0,1409487172,0,1409487707,22588,66100,0,0,0,0,0,414471173,374835630,1409504846,106189,491200,0,0,0,83602,0,0
1785574958.948739865,1421684311,0,1421684311,0,1421683875,22610,66100,0,0,0,0,0,414474238,374835634,1421699106,107361,494100,0,0,0,84752,0,0
1785574959.972992368,1433816502,0,1433816502,0,1433816678,22632,66100,0,0,0,0,0,414477313,374835657,1433832816,108503,496500,0,0,0,85872,0,0
1785574961.000992311,1446239874,0,1446239874,0,1446240273,22652,66100,0,0,0,0,0,414480394,374835659,1446258359,109626,498800,0,0,0,86975,0,0
1785574962.025922608,1458574139,0,1458574139,0,1458573308,22671,66000,0,0,0,0,0,414483468,374835663,1458589981,110719,500700,0,0,0,88049,0,0
1785574963.048628256,1470619834,0,1470619834,0,1470619578,22693,66000,0,0,0,0,0,414486535,374835671,1470637419,111802,502500,0,0,0,89109,0,0
1785574964.072639063,1482995835,0,1482995835,0,1482995502,22712,66000,0,0,0,0,0,414489602,374835677,1483011600,112873,504600,0,0,0,90162,0,0
1785574965.091999027,1495065718,0,1495065718,0,1495064873,22733,66000,0,0,0,0,0,414492661,374835689,1495076862,113936,506700,0,0,0,91203,0,0
1785574966.120568190,1507414113,0,1507414113,0,1507413655,22752,65900,0,0,0,0,0,414495744,374835690,1507430203,114963,508200,0,0,0,92212,0,0
1785574967.143315840,1519836559,0,1519836559,0,1519836301,22769,65900,0,0,0,0,0,414498810,374835690,1519851553,115966,509600,0,0,0,93197,0,0
1785574968.170226514,1531993219,0,1531993219,0,1531992307,22790,65900,0,0,0,0,0,414501890,374835707,1532007282,116987,511300,0,0,0,94198,0,0
1785574969.191210616,1544043114,0,1544043114,0,1544041206,22810,65900,0,0,0,0,0,414504951,374835723,1544056714,117989,513200,0,0,0,95179,0,0
1785574970.213294149,1556463677,0,1556463677,0,1556463621,22827,65900,0,0,0,0,0,414508015,374835724,1556481488,118932,514100,0,0,0,96106,0,0
1785574971.225275843,1568265493,0,1568265493,0,1568262979,22847,65900,0,0,0,0,0,414511056,374835778,1568262861,119874,515600,0,0,0,97026,0,0
1785574972.241470546,1568265493,0,1568265493,0,1568262979,22847,65900,0,0,0,0,0,414514097,374838809,1568262861,119874,515600,0,0,0,97026,0,0
1785574973.264840945,1568265493,0,1568265493,0,1568262979,22847,65900,0,0,0,0,0,414517166,374841863,1568262861,119874,515600,0,0,0,97026,0,0
1785574974.288783559,1568265493,0,1568265493,0,1568262979,22847,65900,0,0,0,0,0,414520236,374844892,1568262861,119874,515600,0,0,0,97026,0,0
1785574975.309758341,1568265493,0,1568265493,0,1568262979,22847,65900,0,0,0,0,0,414523304,374847903,1568262861,119874,515600,0,0,0,97026,0,0
1785574976.331533540,1568265493,0,1568265493,0,1568262979,22847,65900,0,0,0,0,0,414526365,374850947,1568262861,119874,515600,0,0,0,97026,0,0
1785574977.355532841,1568265493,0,1568265493,0,1568262979,22847,65900,0,0,0,0,0,414529435,374853937,1568262861,119874,515600,0,0,0,97026,0,0
1785574978.379481655,1568265493,0,1568265493,0,1568262979,22847,65900,0,0,0,0,0,414532505,374856967,1568262861,119874,515600,0,0,0,97026,0,0
1785574979.403428560,1568265493,0,1568265493,0,1568262979,22847,65900,0,0,0,0,0,414535578,374860023,1568262861,119874,515600,0,0,0,97026,0,0
1785574980.425362287,1568265493,0,1568265493,0,1568262979,22847,65900,0,0,0,0,0,414538644,374863025,1568262861,119874,515600,0,0,0,97026,0,0
1785574981.449028677,1568265493,0,1568265493,0,1568262979,22847,65900,0,0,0,0,0,414541713,374866059,1568262861,119874,515600,0,0,0,97026,0,0
1785574982.471701708,1568265493,0,1568265493,0,1568262979,22847,65900,0,0,0,0,0,414544783,374869089,1568262861,119874,515600,0,0,0,97026,0,0
1785574983.494266229,1568265493,0,1568265493,0,1568262979,22847,65900,0,0,0,0,0,414547847,374872092,1568262861,119874,515600,0,0,0,97026,0,0
1785574984.519154022,1568265493,0,1568265493,0,1568262979,22847,65900,0,0,0,0,0,414550921,374875149,1568262861,119874,515600,0,0,0,97026,0,0
1785574985.545147236,1568265493,0,1568265493,0,1568262979,22847,65900,0,0,0,0,0,414553998,374878209,1568262861,119874,515600,0,0,0,97026,0,0
1785574986.567920798,1568265493,0,1568265493,0,1568262979,22847,65900,0,0,0,0,0,414557066,374881192,1568262861,119874,515600,0,0,0,97026,0,0
1785574987.590084372,1568265493,0,1568265493,0,1568262979,22847,65900,0,0,0,0,0,414560130,374884241,1568262861,119874,515600,0,0,0,97026,0,0
1785574988.612915514,1568265493,0,1568265493,0,1568262979,22847,65900,0,0,0,0,0,414563196,374887199,1568262861,119874,515600,0,0,0,97026,0,0
1785574989.634215763,1568265493,0,1568265493,0,1568262979,22847,65900,0,0,0,0,0,414566258,374890191,1568262861,119874,515600,0,0,0,97026,0,0
1785574990.650912832,1568265493,0,1568265493,0,1568262979,22847,65900,0,0,0,0,0,414569317,374893235,1568262861,119874,515600,0,0,0,97026,0,0
1785574991.673116738,1568265493,0,1568265493,0,1568262979,22847,65900,0,0,0,0,0,414572378,374896271,1568262861,119874,515600,0,0,0,97026,0,0
1785574992.698865337,1568265493,0,1568265493,0,1568262979,22847,65900,0,0,0,0,0,414575447,374899267,1568262861,119874,515600,0,0,0,97026,0,0
1785574993.734409543,1568324282,6596,1568324282,0,1568322900,22848,65900,6995,32795,154700,0,0,414578558,374902241,1568326543,119872,515600,7283,43003,207100,97024,1168,9479
1785574994.756668671,1571310864,338422,1571310864,0,1571310004,22835,65900,338931,16778,85700,4,0,414581570,374902817,1571316141,119715,515500,339697,23989,155700,96880,714,6499
1785574995.778518517,1574312933,671997,1574312933,0,1574311935,22821,65900,672502,16620,84300,8,0,414584584,374903423,1574317975,119559,515400,673164,23819,159100,96736,712,6488
1785574996.799017432,1577307178,1004685,1577307178,0,1577305790,22808,65900,1005075,16489,84200,16,0,414587590,374904059,1577310169,119402,515300,1005578,23653,160600,96593,706,6457
1785574997.821325262,1580248787,1331531,1580248787,0,1580247519,22795,65900,1331894,16462,84000,20,0,414590603,374904688,1580252339,119249,515200,1332651,23629,161100,96453,706,6459
1785574998.841764280,1583197075,1659124,1583197075,0,1583196252,22783,65900,1659573,16496,84300,24,0,414593608,374905316,1583200726,119098,515100,1660078,23709,163400,96314,708,6502
1785574999.864462421,1586183774,1990980,1586183774,0,1586182907,22770,65900,1991449,16475,83900,28,0,414596611,374905943,1586187899,118944,514900,1991979,23679,162300,96173,705,6498
1785575000.883442562,1589151051,2320673,1589151051,0,1589149327,22757,65900,2320936,16460,83800,32,0,414599602,374906560,1589152374,118792,514800,2321313,23666,162400,96034,706,6498
1785575001.904190565,1592140637,2652854,1592140637,0,1592139049,22744,65900,2653162,16443,83700,38,0,414602594,374907180,1592142887,118639,514700,2653618,23653,162100,95894,707,6502
1785575002.926479964,1595139764,2986077,1595139764,0,1595138906,22732,65900,2986603,16409,83600,43,0,414605596,374907817,1595146242,118486,514600,2987332,23605,162400,95753,708,6487
1785575003.948397049,1598115462,3316714,1598115462,0,1598114003,22719,65900,3317036,16409,83600,48,0,414608593,374908428,1598117380,118335,514500,3317441,23609,162100,95615,708,6490
1785575004.968133365,1601071988,3645218,1601071988,0,1601070406,22706,65900,3645498,16384,83400,61,0,414611582,374909063,1601073353,118185,514400,3645844,23578,161700,95478,709,6483
1785575005.990141512,1604101252,3981809,1604101252,0,1604099904,22693,65900,3982186,16372,83300,66,0,414614575,374909684,1604103717,118032,514300,3982593,23570,162100,95338,709,6487
1785575007.012353643,1607057806,4310309,1607057806,0,1607056704,22681,65900,4310683,16386,83500,69,0,414617567,374910307,1607060433,117885,514100,4311122,23592,162800,95203,707,6497
1785575008.032332244,1610030568,4640611,1610030568,0,1610029144,22669,65900,4640901,16370,83400,76,0,414620554,374910948,1610032058,117736,514000,4641241,23566,162000,95066,707,6488
1785575009.058148977,1613004811,4971089,1613004811,0,1613006116,22656,65900,4971910,16366,83400,79,0,414623552,374911597,1613012095,117587,513900,4972462,23562,162400,94930,706,6488
1785575010.079942400,1615913903,5294323,1615913903,0,1615912604,22644,65900,5294609,16390,83900,86,0,414626544,374912232,1615915577,117444,513800,5294994,23604,164100,94799,707,6505
1785575011.101878445,1618917362,5628038,1618917362,0,1618916326,22632,65900,5628426,16380,83900,97,0,414629544,374912873,1618920368,117295,513700,5628903,23595,164100,94663,706,6508
1785575012.122771550,1621919091,5961573,1621919091,0,1621918038,22619,65900,5961934,16366,83700,105,0,414632529,374913508,1621922036,117147,513600,5962442,23573,163700,94526,705,6500
1785575013.145748423,1624871687,6289632,1624871687,0,1624870614,22607,65900,6289994,16367,83800,107,0,414635512,374914133,1624874205,117002,513500,6290428,23574,163700,94394,705,6499
1785575014.170397167,1627855151,6621124,1627855151,0,1627854548,22595,65900,6621632,16369,83800,114,0,414638508,374914786,1627860208,116856,513400,6622376,23579,163800,94260,705,6504
1785575015.193528297,1630850230,6953916,1630850230,0,1630849275,22583,65900,6954323,16358,83900,116,0,414641484,374915434,1630853360,116710,513300,6954814,23566,163600,94126,705,6502
1785575016.214388100,1633785211,7280028,1633785211,0,1633783807,22571,65900,7280321,16372,84000,122,0,414644470,374916052,1633787156,116568,513200,7280764,23587,163900,93997,707,6507
1785575017.234942021,1636779798,7612763,1636779798,0,1636778780,22559,65900,7613141,16365,84000,128,0,414647436,374916701,1636782397,116423,513000,7613525,23580,164100,93864,708,6506
1785575018.256176021,1639743449,7942043,1639743449,0,1639742457,22547,65900,7942343,16367,84100,133,0,414650413,374917342,1639744966,116281,512900,7942727,23587,164400,93733,708,6510
1785575019.279524377,1642700935,8270661,1642700935,0,1642700356,22535,65900,8271209,16365,84100,139,0,414653393,374917981,1642707686,116138,512800,8271967,23589,164500,93603,708,6515
1785575020.301047998,1645665535,8600060,1645665535,0,1645664493,22523,65900,8600410,16362,84200,143,0,414656363,374918633,1645668237,115997,512700,8600858,23583,164600,93473,708,6512
1785575021.323119308,1648638140,8930353,1648638140,0,1648637247,22511,65900,8930760,16355,84200,147,0,414659329,374919274,1648641358,115854,512600,8931248,23575,164600,93343,708,6510
1785575022.344845226,1651576457,9256836,1651576457,0,1651575576,22499,65900,9257307,16360,84300,150,0,414662296,374919911,1651581046,115715,512500,9257893,23585,164900,93215,708,6514
1785575023.367117123,1654569759,9589419,1654569759,0,1654568997,22487,65900,9589793,16357,84300,152,0,414665267,374920561,1654572445,115573,512400,9590303,23579,164800,93085,708,6512
1785575024.387202881,1655516985,9694668,1655516985,0,1655514933,22483,65900,9694668,16358,84300,154,0,414668298,374922787,1655514353,115529,512400,9694668,23579,164900,93044,708,6511
1785575025.410964432,1655516985,9694668,1655516985,0,1655514933,22483,65900,9694668,16358,84300,154,0,414671366,374925825,1655514353,115529,512400,9694668,23579,164900,93044,708,6511
1785575026.435487174,1655516985,9694668,1655516985,0,1655514933,22483,65900,9694668,16358,84300,154,0,414674441,374928882,1655514353,115529,512400,9694668,23579,164900,93044,708,6511
1785575027.458499532,1655516985,9694668,1655516985,0,1655514933,22483,65900,9694668,16358,84300,154,0,414677506,374931893,1655514353,115529,512400,9694668,23579,164900,93044,708,6511
1785575028.482377840,1655516985,9694668,1655516985,0,1655514933,22483,65900,9694668,16358,84300,154,0,414680578,374934919,1655514353,115529,512400,9694668,23579,164900,93044,708,6511
1785575029.506099902,1655516985,9694668,1655516985,0,1655514933,22483,65900,9694668,16358,84300,154,0,414683647,374937971,1655514353,115529,512400,9694668,23579,164900,93044,708,6511
1785575030.529553379,1655516985,9694668,1655516985,0,1655514933,22483,65900,9694668,16358,84300,154,0,414686717,374940937,1655514353,115529,512400,9694668,23579,164900,93044,708,6511
1785575031.553907249,1655516985,9694668,1655516985,0,1655514933,22483,65900,9694668,16358,84300,154,0,414689790,374943993,1655514353,115529,512400,9694668,23579,164900,93044,708,6511
1785575032.578174751,1655516985,9694668,1655516985,0,1655514933,22483,65900,9694668,16358,84300,154,0,414692862,374947048,1655514353,115529,512400,9694668,23579,164900,93044,708,6511
1785575033.601802498,1655516985,9694668,1655516985,0,1655514933,22483,65900,9694668,16358,84300,154,0,414695931,374950043,1655514353,115529,512400,9694668,23579,164900,93044,708,6511
1785575034.625675194,1655516985,9694668,1655516985,0,1655514933,22483,65900,9694668,16358,84300,154,0,414699002,374953088,1655514353,115529,512400,9694668,23579,164900,93044,708,6511
1785575035.647999415,1655516985,9694668,1655516985,0,1655514933,22483,65900,9694668,16358,84300,154,0,414702068,374956121,1655514353,115529,512400,9694668,23579,164900,93044,708,6511
1785575036.670530515,1655516985,9694668,1655516985,0,1655514933,22483,65900,9694668,16358,84300,154,0,414705136,374959120,1655514353,115529,512400,9694668,23579,164900,93044,708,6511
1785575037.695446655,1655516985,9694668,1655516985,0,1655514933,22483,65900,9694668,16358,84300,154,0,414708209,374962177,1655514353,115529,512400,9694668,23579,164900,93044,708,6511
1785575038.719250939,1655516985,9694668,1655516985,0,1655514933,22483,65900,9694668,16358,84300,154,0,414711280,374965229,1655514353,115529,512400,9694668,23579,164900,93044,708,6511
1785575039.745704378,1655516985,9694668,1655516985,0,1655514933,22483,65900,9694668,16358,84300,154,0,414714353,374968224,1655514353,115529,512400,9694668,23579,164900,93044,708,6511
1785575040.770323708,1655516985,9694668,1655516985,0,1655514933,22483,65900,9694668,16358,84300,154,0,414717430,374971259,1655514353,115529,512400,9694668,23579,164900,93044,708,6511
1785575041.794977827,1655516985,9694668,1655516985,0,1655514933,22483,65900,9694668,16358,84300,154,0,414720501,374974284,1655514353,115529,512400,9694668,23579,164900,93044,708,6511
1785575042.818656638,1655516985,9694668,1655516985,0,1655514933,22483,65900,9694668,16358,84300,154,0,414723573,374977293,1655514353,115529,512400,9694668,23579,164900,93044,708,6511
1785575043.842708446,1655516985,9694668,1655516985,0,1655514933,22483,65900,9694668,16358,84300,154,0,414726644,374980348,1655514353,115529,512400,9694668,23579,164900,93044,708,6511
1785575044.865077924,1655516985,9694668,1655516985,0,1655514933,22483,65900,9694668,16358,84300,154,0,414729710,374983375,1655514353,115529,512400,9694668,23579,164900,93044,708,6511
1785575045.888691058,1655516985,9694668,1655516985,0,1655514933,22483,65900,9694668,16358,84300,154,0,414732783,374986385,1655514353,115529,512400,9694668,23579,164900,93044,708,6511
1785575046.910932248,1658841693,10064138,1658841693,0,1658841141,22479,65900,10064642,16399,83700,178,0,414735780,374987570,1658846411,115411,512300,10065278,24015,166500,92930,705,6909
1785575047.931020319,1663429190,10573858,1663429190,0,1663428916,22472,65900,10574343,16432,82600,209,0,414738774,374988136,1663433967,115245,512100,10575038,24532,167100,92773,701,7397
1785575048.954145492,1668083121,11090965,1668083121,0,1668082859,22463,65900,11091490,16449,81400,259,0,414741776,374988714,1668089429,115075,512000,11092413,24984,166900,92612,697,7836
1785575049.976034945,1672764211,11611080,1672764211,0,1672764656,22454,65900,11611767,16459,80300,302,0,414744771,374989297,1672771570,114905,511900,11612605,25384,166600,92450,693,8230
1785575050.997710514,1677301841,12115261,1677301841,0,1677302218,22446,65900,12115899,16489,79500,347,0,414747782,374989844,1677308079,114745,511700,12116635,25796,167300,92298,691,8615
1785575052.019209114,1681875012,12623391,1681875012,0,1681874972,22438,65900,12623875,16509,78800,377,0,414750779,374990421,1681880131,114583,511600,12624800,26155,167600,92145,688,8957
1785575053.041190488,1686558934,13143827,1686558934,0,1686559749,22429,65900,13144483,16515,78000,408,0,414753777,374991003,1686567581,114414,511500,13145429,26451,167000,91985,684,9251
1785575054.062533249,1691152765,13654258,1691152765,0,1691152868,22420,66000,13654712,16538,77400,449,0,414756775,374991569,1691156903,114254,511400,13655292,26776,167300,91833,682,9554
1785575055.085180618,1695848964,14176059,1695848964,0,1695850199,22411,66000,14176752,16540,76800,482,0,414759767,374992150,1695856455,114087,511200,14177618,27032,166900,91674,679,9811
1785575056.104934135,1700478796,14690482,1700478796,0,1700479191,22403,66000,14690894,16546,76200,528,0,414762765,374992768,1700482027,113924,511100,14691358,27280,166900,91521,676,10056
1785575057.126119062,1705069609,15200565,1705069609,0,1705070464,22394,66000,15201150,16561,75700,572,0,414765775,374993358,1705075455,113765,510900,15201882,27526,166900,91370,675,10289
1785575058.146950385,1709634613,15707795,1709634613,0,1709635455,22386,66000,15708424,16575,75400,615,0,414768767,374993951,1709641114,113608,510800,15709169,27761,167200,91221,673,10512
1785575059.170232668,1714291128,16225186,1714291128,0,1714291630,22378,66000,16225630,16580,75000,649,0,414771769,374994534,1714296189,113447,510700,16226645,27959,167000,91068,670,10707
1785575060.191151536,1718825274,16728981,1718825274,0,1718826578,22370,66000,16729548,16594,74700,683,0,414774764,374995126,1718830722,113294,510600,16730230,28169,167400,90923,669,10905
1785575061.212841712,1723418023,17239288,1723418023,0,1723419479,22361,66000,17239892,16603,74400,720,0,414777759,374995730,1723424496,113137,510400,17240772,28357,167500,90775,667,11085
1785575062.235233921,1728070885,17756266,1728070885,0,1728071730,22353,66000,17756665,16612,74200,746,0,414780754,374996322,1728076340,112981,510300,17757741,28539,167500,90627,665,11260
1785575063.255273841,1732694949,18270057,1732694949,0,1732696020,22346,66000,18270488,16619,73900,777,0,414783765,374996896,1732698747,112825,510200,18271132,28698,167300,90479,664,11414
1785575064.276664598,1737242376,18775318,1737242376,0,1737243884,22337,66000,18775822,16623,73700,808,0,414786763,374997507,1737247111,112673,510000,18776449,28849,167400,90334,662,11562
1785575065.296762912,1741804898,19282266,1741804898,0,1741806538,22329,66100,19282761,16628,73400,851,0,414789757,374998114,1741809170,112521,509900,19283365,28994,167400,90190,661,11704
1785575066.318690592,1746295841,19781258,1746295841,0,1746297308,22322,66100,19781752,16640,73200,884,0,414792760,374998729,1746300433,112374,509800,19782361,29148,167700,90051,660,11847
1785575067.340856468,1750937952,20297050,1750937952,0,1750940093,22314,66100,20297650,16642,73000,912,0,414795766,374999341,1750943613,112221,509700,20298321,29276,167600,89906,658,11974
1785575068.364122404,1755590332,20813988,1755590332,0,1755592311,22306,66100,20814555,16642,72800,958,0,414798775,374999943,1755595853,112067,509500,20815274,29391,167400,89760,657,12089
1785575069.387283630,1760132376,21318656,1760132376,0,1760134354,22298,66100,21319149,16649,72600,993,0,414801778,375000552,1760139248,111920,509400,21320103,29516,167600,89621,657,12208
1785575070.409191430,1764646214,21820198,1764646214,0,1764648470,22290,66100,21820725,16659,72500,1025,0,414804794,375001180,1764651559,111775,509300,21821437,29645,168000,89484,656,12328
1785575071.428450047,1769229630,22329467,1769229630,0,1769231416,22283,66100,22329941,16665,72300,1069,0,414807799,375001770,1769235076,111628,509100,22330799,29759,168000,89344,655,12438
1785575072.449572772,1773767310,22833649,1773767310,0,1773769519,22276,66100,22834140,16675,72200,1108,0,414810799,375002363,1773771623,111485,509000,22834751,29876,168100,89208,655,12544
1785575073.471063478,1778400199,23348407,1778400199,0,1778403392,22268,66100,23349161,16673,72000,1144,0,414813799,375002965,1778408285,111335,508900,23350031,29961,167900,89066,654,12633
1785575074.495223323,1783056377,23865765,1783056377,0,1783059123,22260,66100,23866355,16671,71800,1173,0,414816803,375003561,1783062794,111185,508800,23867605,30040,167600,88924,652,12715
1785575075.516689297,1787641798,24375260,1787641798,0,1787644718,22253,66100,24375843,16683,71700,1203,0,414819810,375004136,1787647367,111042,508600,24376543,30146,167800,88788,652,12811
1785575076.535975263,1790552046,24698615,1790552046,0,1790553189,22248,66100,24698615,16683,71600,1219,0,414822824,375005655,1790549414,110950,508600,24698615,30196,167600,88700,651,12860
1785575077.555809869,1790552046,24698615,1790552046,0,1790553189,22248,66100,24698615,16683,71600,1219,0,414825879,375008637,1790549414,110950,508600,24698615,30196,167600,88700,651,12860
1785575078.579549124,1790552046,24698615,1790552046,0,1790553189,22248,66100,24698615,16683,71600,1219,0,414828950,375011686,1790549414,110950,508600,24698615,30196,167600,88700,651,12860
1785575079.603291739,1790552046,24698615,1790552046,0,1790553189,22248,66100,24698615,16683,71600,1219,0,414832019,375014737,1790549414,110950,508600,24698615,30196,167600,88700,651,12860
1785575080.626480972,1790552046,24698615,1790552046,0,1790553189,22248,66100,24698615,16683,71600,1219,0,414835088,375017779,1790549414,110950,508600,24698615,30196,167600,88700,651,12860
1785575081.649955609,1790552046,24698615,1790552046,0,1790553189,22248,66100,24698615,16683,71600,1219,0,414838156,375020767,1790549414,110950,508600,24698615,30196,167600,88700,651,12860
1785575082.671577550,1790552046,24698615,1790552046,0,1790553189,22248,66100,24698615,16683,71600,1219,0,414841223,375023793,1790549414,110950,508600,24698615,30196,167600,88700,651,12860
1785575083.694998582,1790552046,24698615,1790552046,0,1790553189,22248,66100,24698615,16683,71600,1219,0,414844288,375026776,1790549414,110950,508600,24698615,30196,167600,88700,651,12860
1785575084.719115668,1790552046,24698615,1790552046,0,1790553189,22248,66100,24698615,16683,71600,1219,0,414847361,375029831,1790549414,110950,508600,24698615,30196,167600,88700,651,12860
1785575085.742965961,1790552046,24698615,1790552046,0,1790553189,22248,66100,24698615,16683,71600,1219,0,414850432,375032884,1790549414,110950,508600,24698615,30196,167600,88700,651,12860
1785575086.765205712,1790552046,24698615,1790552046,0,1790553189,22248,66100,24698615,16683,71600,1219,0,414853499,375035905,1790549414,110950,508600,24698615,30196,167600,88700,651,12860
1785575087.788326202,1790552046,24698615,1790552046,0,1790553189,22248,66100,24698615,16683,71600,1219,0,414856566,375038917,1790549414,110950,508600,24698615,30196,167600,88700,651,12860
1785575088.808966846,1790552046,24698615,1790552046,0,1790553189,22248,66100,24698615,16683,71600,1219,0,414859631,375041938,1790549414,110950,508600,24698615,30196,167600,88700,651,12860
1785575089.831828621,1790552046,24698615,1790552046,0,1790553189,22248,66100,24698615,16683,71600,1219,0,414862694,375044942,1790549414,110950,508600,24698615,30196,167600,88700,651,12860
1785575090.856332214,1790552046,24698615,1790552046,0,1790553189,22248,66100,24698615,16683,71600,1219,0,414865766,375047999,1790549414,110950,508600,24698615,30196,167600,88700,651,12860
1785575091.881135828,1790552046,24698615,1790552046,0,1790553189,22248,66100,24698615,16683,71600,1219,0,414868839,375051054,1790549414,110950,508600,24698615,30196,167600,88700,651,12860
1785575092.903794793,1790552046,24698615,1790552046,0,1790553189,22248,66100,24698615,16683,71600,1219,0,414871910,375054035,1790549414,110950,508600,24698615,30196,167600,88700,651,12860
1785575093.924104787,1790552046,24698615,1790552046,0,1790553189,22248,66100,24698615,16683,71600,1219,0,414874970,375057057,1790549414,110950,508600,24698615,30196,167600,88700,651,12860
1785575094.946864750,1790552046,24698615,1790552046,0,1790553189,22248,66100,24698615,16683,71600,1219,0,414878035,375060067,1790549414,110950,508600,24698615,30196,167600,88700,651,12860
1785575095.971151896,1790552046,24698615,1790552046,0,1790553189,22248,66100,24698615,16683,71600,1219,0,414881107,375063092,1790549414,110950,508600,24698615,30196,167600,88700,651,12860
1785575096.994582622,1790552046,24698615,1790552046,0,1790553189,22248,66100,24698615,16683,71600,1219,0,414884179,375066145,1790549414,110950,508600,24698615,30196,167600,88700,651,12860
1785575098.018475551,1790552046,24698615,1790552046,0,1790553189,22248,66100,24698615,16683,71600,1219,0,414887249,375069200,1790549414,110950,508600,24698615,30196,167600,88700,651,12860
1785575099.038484189,1792755226,24943471,1792755226,0,1792758715,22251,66200,24944207,16694,71500,1280,0,414890285,375071206,1792763009,110935,508500,24945130,30507,172400,88683,651,13160
1785575100.057445912,1799011877,25638653,1799011877,0,1799015499,22252,66200,25639235,16684,71000,1477,0,414893259,375071750,1799017512,110867,508500,25640049,31228,180700,88614,648,13894
1785575101.076566091,1805110619,26316290,1805110619,0,1805115070,22253,66200,26317023,16681,70600,1703,0,414896248,375072306,1805118466,110807,508400,26317946,31926,188100,88553,646,14597
1785575102.098127085,1811428320,27018263,1811428320,0,1811433373,22253,66200,27018927,16672,70100,1893,0,414899237,375072829,1811435552,110739,508400,27019833,32574,193100,88485,643,15258
1785575103.118801245,1817671118,27711899,1817671118,0,1817676574,22254,66200,27712554,16665,69700,2081,0,414902227,375073373,1817678114,110675,508300,27713424,33201,197500,88420,641,15894
1785575104.137569819,1823933382,28407708,1823933382,0,1823939419,22254,66200,28408377,16657,69300,2258,0,414905209,375073920,1823939820,110610,508200,28409139,33792,201200,88355,639,16495
1785575105.157845485,1830173190,29101016,1830173190,0,1830179507,22255,66200,29101609,16653,68900,2453,0,414908198,375074425,1830178930,110548,508200,29102336,34369,204400,88292,637,17077
1785575106.177910642,1836482380,29802040,1836482380,0,1836489475,22255,66200,29802820,16644,68500,2637,0,414911181,375074958,1836490911,110482,508100,29803823,34901,206800,88226,635,17620
1785575107.199691476,1842692764,30492087,1842692764,0,1842700244,22256,66200,30492664,16644,68200,2842,0,414914172,375075479,1842698897,110424,508100,30493499,35438,209600,88168,634,18159
1785575108.218578328,1849006781,31193642,1849006781,0,1849014979,22256,66200,31194290,16637,67900,3057,0,414917152,375076012,1849013324,110358,508000,31195108,35920,211500,88101,632,18649
1785575109.238279120,1855294536,31892278,1855294536,0,1855303852,22256,66200,31893050,16628,67500,3253,0,414920130,375076566,1855302883,110293,507900,31893917,36380,213200,88036,630,19120
1785575110.260522322,1861514110,32583350,1861514110,0,1861523319,22257,66200,32583942,16623,67200,3450,0,414923117,375077110,1861520692,110234,507900,32584782,36837,215100,87977,629,19583
1785575111.280919357,1867762959,33277664,1867762959,0,1867773313,22257,66200,33278341,16620,66900,3639,0,414926103,375077643,1867768990,110174,507800,33279038,37273,216800,87916,627,20024
1785575112.302100187,1874065272,33977913,1874065272,0,1874076067,22258,66200,33978633,16615,66600,3832,0,414929088,375078175,1874072716,110112,507800,33979487,37686,218100,87853,626,20443
1785575113.320932696,1880083984,34646662,1880083984,0,1880095201,22260,66200,34647404,16622,66300,4004,0,414932076,375078655,1880096006,110066,507800,34648760,38123,219900,87805,625,20874
1785575114.341168682,1886334178,35341136,1886334178,0,1886346319,22260,66200,35341881,16617,66000,4199,0,414935050,375079205,1886342243,110007,507700,35342813,38508,221200,87746,624,21266
1785575115.360067686,1892585736,36035743,1892585736,0,1892597655,22261,66200,36036307,16612,65700,4396,0,414938027,375079762,1892590627,109949,507700,36036941,38879,222400,87688,622,21643
1785575116.381942450,1898793901,36725548,1898793901,0,1898806898,22261,66200,36726262,16610,65500,4599,0,414941014,375080309,1898801509,109893,507600,36727133,39244,223600,87631,621,22010
1785575117.405252960,1905008539,37416060,1905008539,0,1905022143,22261,66200,37416744,16608,65200,4809,0,414943995,375080871,1905024448,109837,507600,37418742,39593,224600,87575,620,22363
1785575118.425293794,1911318318,38117144,1911318318,0,1911332815,22262,66200,38117923,16603,65000,5013,0,414946971,375081417,1911326253,109776,507500,38118771,39916,225300,87514,619,22693
1785575119.445852603,1917534442,38807820,1917534442,0,1917549451,22263,66300,38808514,16602,64700,5203,0,414949957,375081931,1917546039,109722,507500,38810379,40243,226200,87458,618,23021
1785575120.464647059,1923801869,39504204,1923801869,0,1923817429,22263,66200,39504859,16596,64500,5393,0,414952928,375082486,1923808476,109662,507400,39505642,40538,226900,87398,617,23323
1785575121.485152514,1930098985,40203890,1930098985,0,1930115606,22263,66200,40204634,16592,64300,5574,0,414955895,375083027,1930107233,109602,507400,40205490,40829,227500,87339,616,23620
1785575122.502538519,1936276250,40890255,1936276250,0,1936292805,22264,66300,40890976,16592,64100,5798,0,414958858,375083539,1936283967,109550,507300,40891910,41124,228400,87285,615,23915
1785575123.522769767,1942539324,41586150,1942539324,0,1942556585,22264,66300,41586856,16588,63800,6002,0,414961824,375084077,1942546586,109492,507200,41587715,41395,229100,87228,614,24192
1785575124.543276749,1948803901,42282211,1948803901,0,1948822262,22264,66300,42282945,16586,63600,6200,0,414964797,375084620,1948811537,109437,507200,42283848,41666,229800,87172,613,24466
1785575125.563419110,1954961331,42966364,1954961331,0,1954979485,22264,66300,42966970,16585,63500,6374,0,414967766,375085170,1954967131,109386,507200,42967703,41935,230500,87121,612,24736
1785575126.583348717,1961172920,43656545,1961172920,0,1961191630,22265,66300,43657115,16584,63300,6579,0,414970758,375085733,1961177744,109332,507100,43657825,42188,231200,87066,612,24990
1785575127.603417353,1967389775,44347305,1967389775,0,1967409007,22266,66300,44347960,16581,63100,6762,0,414973717,375086289,1967396477,109277,507100,44348814,42425,231600,87011,611,25231
1785575128.623446888,1973514264,45027804,1973514264,0,1973537272,22266,66300,45029074,16583,62900,6957,0,414976694,375086832,1973527797,109228,507000,45030240,42671,232300,86961,610,25476
1785575129.645024647,1973742810,45053195,1973742810,0,1973761182,22266,66300,45053195,16583,62900,6962,0,414979756,375089806,1973740178,109226,507000,45053195,42680,232400,86959,610,25485
1785575130.664301495,1973742810,45053195,1973742810,0,1973761182,22266,66300,45053195,16583,62900,6962,0,414982809,375092798,1973740178,109226,507000,45053195,42680,232400,86959,610,25485
1785575131.687576987,1973742810,45053195,1973742810,0,1973761182,22266,66300,45053195,16583,62900,6962,0,414985880,375095831,1973740178,109226,507000,45053195,42680,232400,86959,610,25485
1785575132.711188632,1973742810,45053195,1973742810,0,1973761182,22266,66300,45053195,16583,62900,6962,0,414988948,375098883,1973740178,109226,507000,45053195,42680,232400,86959,610,25485
1785575133.733094904,1973742810,45053195,1973742810,0,1973761182,22266,66300,45053195,16583,62900,6962,0,414992010,375101886,1973740178,109226,507000,45053195,42680,232400,86959,610,25485
1785575134.756818679,1973742810,45053195,1973742810,0,1973761182,22266,66300,45053195,16583,62900,6962,0,414995079,375104891,1973740178,109226,507000,45053195,42680,232400,86959,610,25485
1785575135.779135154,1973742810,45053195,1973742810,0,1973761182,22266,66300,45053195,16583,62900,6962,0,414998148,375107944,1973740178,109226,507000,45053195,42680,232400,86959,610,25485
1785575136.802242908,1973742810,45053195,1973742810,0,1973761182,22266,66300,45053195,16583,62900,6962,0,415001212,375110929,1973740178,109226,507000,45053195,42680,232400,86959,610,25485
1785575137.824926620,1973742810,45053195,1973742810,0,1973761182,22266,66300,45053195,16583,62900,6962,0,415004280,375113975,1973740178,109226,507000,45053195,42680,232400,86959,610,25485
1785575138.848401568,1973742810,45053195,1973742810,0,1973761182,22266,66300,45053195,16583,62900,6962,0,415007349,375117028,1973740178,109226,507000,45053195,42680,232400,86959,610,25485
1785575139.870415619,1973742810,45053195,1973742810,0,1973761182,22266,66300,45053195,16583,62900,6962,0,415010413,375120027,1973740178,109226,507000,45053195,42680,232400,86959,610,25485
1785575140.893982156,1973742810,45053195,1973742810,0,1973761182,22266,66300,45053195,16583,62900,6962,0,415013482,375123061,1973740178,109226,507000,45053195,42680,232400,86959,610,25485
1785575141.916492631,1973742810,45053195,1973742810,0,1973761182,22266,66300,45053195,16583,62900,6962,0,415016547,375126108,1973740178,109226,507000,45053195,42680,232400,86959,610,25485
1785575142.940561896,1973742810,45053195,1973742810,0,1973761182,22266,66300,45053195,16583,62900,6962,0,415019620,375129098,1973740178,109226,507000,45053195,42680,232400,86959,610,25485
1785575143.964796938,1973742810,45053195,1973742810,0,1973761182,22266,66300,45053195,16583,62900,6962,0,415022692,375132147,1973740178,109226,507000,45053195,42680,232400,86959,610,25485
1785575144.988344849,1973742810,45053195,1973742810,0,1973761182,22266,66300,45053195,16583,62900,6962,0,415025760,375135182,1973740178,109226,507000,45053195,42680,232400,86959,610,25485
1785575146.011062983,1973742810,45053195,1973742810,0,1973761182,22266,66300,45053195,16583,62900,6962,0,415028826,375138163,1973740178,109226,507000,45053195,42680,232400,86959,610,25485
1785575147.033372374,1973742810,45053195,1973742810,0,1973761182,22266,66300,45053195,16583,62900,6962,0,415031893,375141213,1973740178,109226,507000,45053195,42680,232400,86959,610,25485
1785575148.056016918,1973742810,45053195,1973742810,0,1973761182,22266,66300,45053195,16583,62900,6962,0,415034959,375144238,1973740178,109226,507000,45053195,42680,232400,86959,610,25485
1785575149.078376119,1973742810,45053195,1973742810,0,1973761182,22266,66300,45053195,16583,62900,6962,0,415038029,375147247,1973740178,109226,507000,45053195,42680,232400,86959,610,25485
1785575150.100308629,1973742810,45053195,1973742810,0,1973761182,22266,66300,45053195,16583,62900,6962,0,415041092,375150294,1973740178,109226,507000,45053195,42680,232400,86959,610,25485
1785575151.130449451,1973742810,45053195,1973742810,0,1973761186,22266,66300,45053469,16583,62900,6962,0,415044173,375153329,1973745019,109226,507000,45054208,42682,232400,86960,610,25487
1785575152.158469153,1981205054,45882397,1981205054,0,1981226370,22274,66300,45883201,16583,62700,7316,0,415047257,375153445,1981213383,109222,506800,45884145,43104,232600,86947,609,25909
1785575153.181485364,1988673713,46712247,1988673713,0,1988696731,22280,66300,46713178,16581,62500,7639,0,415050316,375153623,1988685004,109211,506600,46714849,43492,232200,86930,608,26300
1785575154.208869939,1996230104,47551854,1996230104,0,1996253524,22287,66300,47552672,16577,62200,8007,0,415053387,375153760,1996239122,109199,506400,47553711,43861,231800,86911,607,26674
1785575155.235011241,2003701394,48381995,2003701394,0,2003726570,22293,66300,48383054,16575,62000,8332,0,415056458,375153868,2003713671,109188,506200,48384385,44219,231500,86894,607,27035
1785575156.257893445,2011378403,49234989,2011378403,0,2011404853,22299,66300,49236020,16569,61800,8716,0,415059518,375153999,2011390012,109170,505900,49237278,44555,231000,86871,606,27379
1785575157.278224051,2018959914,50077386,2018959914,0,2018986894,22305,66300,50078262,16564,61500,9080,0,415062567,375154131,2018969295,109155,505700,50079283,44879,230600,86849,605,27709
1785575158.303925687,2026570314,50922982,2026570314,0,2026608030,22311,66300,50924943,16561,61300,9434,0,415065636,375154242,2026590081,109143,505500,50926041,45208,230300,86832,604,28042
1785575159.329547551,2034251068,51776401,2034251068,0,2034280502,22316,66300,51777312,16555,61100,9800,0,415068693,375154382,2034260902,109125,505200,51778383,45506,229800,86808,603,28347
1785575160.358239518,2041843282,52619980,2041843282,0,2041872827,22322,66300,52620744,16554,60900,10147,0,415071776,375154513,2041851249,109113,505000,52621703,45813,229600,86790,602,28656
1785575161.383723821,2049445284,53464642,2049445284,0,2049477432,22328,66300,53465693,16552,60700,10495,0,415074835,375154650,2049456580,109101,504800,53466825,46105,229300,86772,601,28951
1785575162.405164956,2057104789,54315698,2057104789,0,2057137592,22333,66300,54316686,16546,60500,10856,0,415077898,375154803,2057116323,109083,504600,54317989,46377,228900,86749,600,29229
1785575163.432066595,2064697608,55159349,2064697608,0,2064731604,22339,66300,55160431,16546,60400,11189,0,415080967,375154925,2064709803,109071,504300,55161882,46658,228600,86732,599,29511
1785575164.455047560,2072315293,56005759,2072315293,0,2072350217,22345,66300,56006684,16544,60200,11551,0,415084030,375155058,2072325404,109060,504100,56007729,46929,228400,86715,599,29785
1785575165.478903027,2079889394,56847326,2079889394,0,2079925072,22351,66300,56848326,16541,60000,11858,0,415087088,375155197,2079901099,109048,503900,56849591,47185,228100,86697,598,30044
1785575166.504486490,2087429415,57685111,2087429415,0,2087465623,22356,66400,57686041,16541,59900,12189,0,415090157,375155298,2087440149,109038,503700,57687203,47441,228000,86681,597,30301
1785575167.523506345,2095076105,58534733,2095076105,0,2095113672,22362,66400,58535629,16538,59700,12572,0,415093208,375155437,2095085310,109024,503400,58536622,47679,227700,86661,597,30543
1785575168.545520449,2102698723,59381696,2102698723,0,2102737567,22367,66400,59382652,16534,59600,12896,0,415096251,375155579,2102709729,109008,503200,59383826,47910,227300,86641,596,30778
1785575169.566509391,2110289354,60225099,2110289354,0,2110328769,22372,66400,60225934,16533,59500,13256,0,415099314,375155696,2110298312,108997,503000,60226939,48142,227200,86624,595,31012
1785575170.588939396,2117873159,61067745,2117873159,0,2117914094,22377,66400,61068789,16529,59300,13561,0,415102368,375155828,2117884737,108982,502800,61069973,48358,226900,86604,595,31233
1785575171.619343131,2125517905,61917158,2125517905,0,2125559804,22383,66400,61918240,16526,59200,13886,0,415105448,375155979,2125530228,108969,502600,61919458,48573,226600,86585,594,31451
1785575172.643949913,2133168553,62767232,2133168553,0,2133210942,22388,66400,62768133,16523,59000,14213,0,415108512,375156070,2133178519,108954,502300,62769238,48779,226400,86565,594,31660
1785575173.664354167,2140782080,63613185,2140782080,0,2140825856,22392,66400,63614081,16519,58900,14589,0,415111563,375156222,2140791690,108938,502100,63615099,48977,226200,86545,593,31863
1785575174.684915947,2148426210,64462525,2148426210,0,2148470868,22397,66400,64463445,16514,58800,14900,0,415114616,375156359,2148436454,108922,501900,64464518,49167,225900,86524,592,32059
1785575175.705998837,2155763982,65277833,2155763982,0,2155809877,22403,66400,65278795,16520,58700,15252,0,415117672,375156449,2155774835,108920,501700,65279981,49386,225900,86516,592,32273
1785575176.731454627,2163385233,66124638,2163385233,0,2163432674,22409,66400,66125661,16517,58600,15616,0,415120733,375156567,2163397448,108908,501500,66126914,49572,225700,86498,591,32462
1785575177.754814805,2171027910,66973833,2171027910,0,2171075848,22414,66400,66974779,16514,58400,15933,0,415123792,375156692,2171038739,108894,501300,66975940,49752,225500,86479,591,32646
1785575178.778703857,2178646296,67820319,2178646296,0,2178694844,22419,66400,67821210,16512,58300,16304,0,415126852,375156813,2178656133,108882,501100,67822286,49931,225300,86461,590,32828
1785575179.800201572,2186288472,68669443,2186288472,0,2186338468,22424,66400,68670421,16508,58200,16654,0,415129907,375156955,2186299463,108866,500800,68671578,50101,225100,86442,590,33001
1785575180.819852291,2193931436,69518670,2193931436,0,2193981677,22429,66400,69519437,16505,58100,16997,0,415132956,375157106,2193939540,108852,500600,69520373,50266,224900,86422,589,33170
1785575181.839907936,2196228381,69773876,2196228381,0,2196277152,22430,66400,69773876,16504,58100,17095,0,415136010,375159247,2196225749,108847,500600,69773876,50314,224800,86416,589,33219
1785575182.860290690,2196228381,69773876,2196228381,0,2196277152,22430,66400,69773876,16504,58100,17095,0,415139071,375162276,2196225749,108847,500600,69773876,50314,224800,86416,589,33219
1785575183.881849169,2196228381,69773876,2196228381,0,2196277152,22430,66400,69773876,16504,58100,17095,0,415142134,375165277,2196225749,108847,500600,69773876,50314,224800,86416,589,33219
1785575184.905528493,2196228381,69773876,2196228381,0,2196277152,22430,66400,69773876,16504,58100,17095,0,415145204,375168314,2196225749,108847,500600,69773876,50314,224800,86416,589,33219
1785575185.927978337,2196228381,69773876,2196228381,0,2196277152,22430,66400,69773876,16504,58100,17095,0,415148272,375171342,2196225749,108847,500600,69773876,50314,224800,86416,589,33219
1785575186.950965610,2196228381,69773876,2196228381,0,2196277152,22430,66400,69773876,16504,58100,17095,0,415151338,375174342,2196225749,108847,500600,69773876,50314,224800,86416,589,33219
1785575187.974132416,2196228381,69773876,2196228381,0,2196277152,22430,66400,69773876,16504,58100,17095,0,415154406,375177328,2196225749,108847,500600,69773876,50314,224800,86416,589,33219
1785575188.998776022,2196228381,69773876,2196228381,0,2196277152,22430,66400,69773876,16504,58100,17095,0,415157478,375180385,2196225749,108847,500600,69773876,50314,224800,86416,589,33219
1785575190.021562304,2196228381,69773876,2196228381,0,2196277152,22430,66400,69773876,16504,58100,17095,0,415160547,375183369,2196225749,108847,500600,69773876,50314,224800,86416,589,33219
1785575191.044670799,2196228381,69773876,2196228381,0,2196277152,22430,66400,69773876,16504,58100,17095,0,415163614,375186421,2196225749,108847,500600,69773876,50314,224800,86416,589,33219
1785575192.069247720,2196228381,69773876,2196228381,0,2196277152,22430,66400,69773876,16504,58100,17095,0,415166687,375189478,2196225749,108847,500600,69773876,50314,224800,86416,589,33219
1785575193.092200584,2196228381,69773876,2196228381,0,2196277152,22430,66400,69773876,16504,58100,17095,0,415169755,375192511,2196225749,108847,500600,69773876,50314,224800,86416,589,33219
1785575194.115310576,2196228381,69773876,2196228381,0,2196277152,22430,66400,69773876,16504,58100,17095,0,415172824,375195511,2196225749,108847,500600,69773876,50314,224800,86416,589,33219
1785575195.138348158,2196228381,69773876,2196228381,0,2196277152,22430,66400,69773876,16504,58100,17095,0,415175891,375198557,2196225749,108847,500600,69773876,50314,224800,86416,589,33219
1785575196.158900679,2196228381,69773876,2196228381,0,2196277152,22430,66400,69773876,16504,58100,17095,0,415178951,375201518,2196225749,108847,500600,69773876,50314,224800,86416,589,33219
1785575197.182051072,2196228381,69773876,2196228381,0,2196277152,22430,66400,69773876,16504,58100,17095,0,415182024,375204567,2196225749,108847,500600,69773876,50314,224800,86416,589,33219
1785575198.206041903,2196228381,69773876,2196228381,0,2196277152,22430,66400,69773876,16504,58100,17095,0,415185092,375207621,2196225749,108847,500600,69773876,50314,224800,86416,589,33219
1785575199.228779353,2196228381,69773876,2196228381,0,2196277152,22430,66400,69773876,16504,58100,17095,0,415188159,375210640,2196225749,108847,500600,69773876,50314,224800,86416,589,33219
1785575200.251122435,2196228381,69773876,2196228381,0,2196277152,22430,66400,69773876,16504,58100,17095,0,415191226,375213628,2196225749,108847,500600,69773876,50314,224800,86416,589,33219
1785575201.273509021,2196228381,69773876,2196228381,0,2196277152,22430,66400,69773876,16504,58100,17095,0,415194292,375216650,2196225749,108847,500600,69773876,50314,224800,86416,589,33219
1785575202.296132891,2196228381,69773876,2196228381,0,2196277152,22430,66400,69773876,16504,58100,17095,0,415197360,375219661,2196225749,108847,500600,69773876,50314,224800,86416,589,33219
1785575203.319536619,2196228381,69773876,2196228381,0,2196277152,22430,66400,69773876,16504,58100,17095,0,415200428,375222715,2196225749,108847,500600,69773876,50314,224800,86416,589,33219
1785575204.342292229,2203252494,70554396,2203252494,0,2203305713,22440,66400,70555445,16491,58000,17863,0,415203491,375223353,2203264317,109025,500500,70556728,50857,226800,86585,588,33777
1785575205.367158258,2212257490,71554948,2212257490,0,2212313357,22450,66400,71555925,16474,57800,18792,0,415206560,375223374,2212268085,109239,500300,71557063,51519,228300,86789,587,34457
1785575206.389949477,2221277975,72557224,2221277975,0,2221337147,22459,66400,72558278,16457,57600,19712,0,415209613,375223400,2221289584,109452,500100,72559467,52167,229600,86992,586,35121
1785575207.419453561,2230341248,73564254,2230341248,0,2230403191,22469,66400,73565301,16442,57500,20687,0,415212703,375223421,2230352490,109669,499900,73566550,52809,231000,87199,585,35780
1785575208.447334955,2239388571,74569512,2239388571,0,2239452941,22479,66400,74570564,16426,57300,21555,0,415215778,375223445,2239399649,109878,499700,74571757,53421,232300,87398,584,36409
1785575209.469123541,2248588092,75591691,2248588092,0,2248655374,22488,66300,75592694,16409,57100,22529,0,415218839,375223480,2248598619,110082,499500,75593849,54011,233100,87593,583,37018
1785575210.491469414,2257710105,76605241,2257710105,0,2257779739,22496,66300,76606226,16391,56900,23427,0,415221901,375223497,2257720924,110283,499300,76607435,54582,234100,87786,582,37606
1785575211.515108527,2266540235,77586364,2266540235,0,2266613092,22506,66300,77587397,16382,56800,24375,0,415224965,375223526,2266551276,110497,499100,77588622,55168,235300,87990,582,38203
1785575212.534677332,2275702922,78604451,2275702922,0,2275778727,22514,66300,78605460,16366,56600,25356,0,415228018,375223553,2275713976,110697,498900,78606616,55715,236100,88181,581,38767
1785575213.556114563,2284678338,79601710,2284678338,0,2284756898,22524,66300,79602746,16354,56500,26275,0,415231080,375223573,2284689606,110899,498700,79603986,56255,236800,88374,580,39321
1785575214.578872917,2293808890,80616220,2293808890,0,2293889917,22532,66300,80617279,16338,56300,27171,0,415234137,375223594,2293820552,111096,498500,80618526,56774,237600,88563,579,39856
1785575215.608016275,2303024940,81640226,2303024940,0,2303109211,22540,66300,81641302,16324,56200,28136,0,415237222,375223624,2303036769,111292,498200,81642524,57288,238200,88751,578,40384
1785575216.631889261,2312178330,82657263,2312178330,0,2312265896,22548,66200,82658386,16309,56100,29109,0,415240283,375223639,2312190556,111487,498000,82659658,57784,238900,88938,577,40896
1785575217.651976305,2321083107,83646686,2321083107,0,2321173117,22558,66200,83647741,16300,55900,30035,0,415243341,375223665,2321094604,111691,497900,83648949,58291,239800,89133,577,41413
1785575218.675294604,2330134457,84652390,2330134457,0,2330226996,22566,66200,84653397,16288,55800,30958,0,415246408,375223696,2330145469,111886,497700,84654579,58770,240400,89318,576,41904
1785575219.695011989,2339042218,85642144,2339042218,0,2339137084,22576,66200,85643120,16279,55700,31949,0,415249461,375223726,2339052431,112083,497500,85644248,59244,241100,89506,575,42387
1785575220.716446052,2348198224,86659477,2348198224,0,2348296828,22583,66200,86660527,16266,55600,32958,0,415252518,375223759,2348209952,112268,497300,86661786,59691,241600,89684,575,42849
1785575221.740763987,2357127083,87651574,2357127083,0,2357229117,22592,66200,87652695,16258,55500,33893,0,415255581,375223812,2357139622,112464,497100,87653980,60148,242300,89871,574,43315
1785575222.760849621,2366231419,88663163,2366231419,0,2366335266,22601,66200,88664147,16246,55300,34877,0,415258640,375223839,2366241807,112650,496900,88665271,60577,242700,90048,573,43757
1785575223.786479504,2375242975,89664453,2375242975,0,2375350504,22609,66200,89665586,16237,55200,35859,0,415261708,375223873,2375255212,112841,496800,89666843,61011,243300,90231,573,44200
1785575224.804901714,2384329143,90674023,2384329143,0,2384438982,22617,66100,90674960,16225,55100,36781,0,415264762,375223901,2384339433,113022,496500,90676127,61418,243600,90404,572,44620
1785575225.828334641,2393300861,91670882,2393300861,0,2393413897,22625,66100,91671936,16215,55000,37748,0,415267823,375223935,2393312272,113207,496400,91673102,61826,244100,90580,571,45038
1785575226.852137182,2402459292,92688489,2402459292,0,2402575458,22633,66100,92689597,16203,54900,38729,0,415270892,375223961,2402471445,113380,496100,92690924,62205,244200,90746,571,45430
1785575227.877125073,2411537580,93697184,2411537580,0,2411656601,22641,66100,93698249,16193,54800,39720,0,415273959,375223999,2411549676,113560,495900,93699555,62594,244500,90919,570,45829
1785575228.897649164,2420587604,94702739,2420587604,0,2420709482,22649,66100,94703752,16183,54700,40701,0,415277014,375224019,2420598567,113738,495700,94704947,62971,244900,91089,569,46217
1785575229.924260861,2429643165,95708912,2429643165,0,2429767790,22656,66100,95709927,16173,54600,41625,0,415280084,375224051,2429654002,113915,495600,95711054,63340,245300,91258,569,46596
1785575230.946214927,2438776591,96723746,2438776591,0,2438904762,22664,66100,96724917,16163,54500,42596,0,415283147,375224067,2438789862,114090,495400,96726283,63698,245700,91425,568,46965
1785575231.967110881,2447782170,97724364,2447782170,0,2447913063,22672,66000,97725544,16155,54400,43525,0,415286203,375224093,2447795179,114267,495200,97726902,64057,246100,91593,568,47333
1785575232.987023968,2456975750,98745863,2456975750,0,2457108910,22679,66000,98746891,16143,54300,44458,0,415289256,375224107,2456986572,114434,495000,98748084,64393,246300,91754,567,47681
1785575234.006809089,2461876237,99290364,2461876237,0,2462008672,22683,66000,99290364,16138,54200,44983,0,415292310,375225553,2461873605,114527,494900,99290364,64578,246400,91843,567,47871
1785575235.030444115,2461876237,99290364,2461876237,0,2462008672,22683,66000,99290364,16138,54200,44983,0,415295377,375228559,2461873605,114527,494900,99290364,64578,246400,91843,567,47871
1785575236.053719267,2461876237,99290364,2461876237,0,2462008672,22683,66000,99290364,16138,54200,44983,0,415298447,375231597,2461873605,114527,494900,99290364,64578,246400,91843,567,47871
1785575237.077255299,2461876237,99290364,2461876237,0,2462008672,22683,66000,99290364,16138,54200,44983,0,415301517,375234594,2461873605,114527,494900,99290364,64578,246400,91843,567,47871
1785575238.100663338,2461876237,99290364,2461876237,0,2462008672,22683,66000,99290364,16138,54200,44983,0,415304589,375237586,2461873605,114527,494900,99290364,64578,246400,91843,567,47871
1785575239.124838928,2461876237,99290364,2461876237,0,2462008672,22683,66000,99290364,16138,54200,44983,0,415307659,375240640,2461873605,114527,494900,99290364,64578,246400,91843,567,47871
1785575240.147663487,2461876237,99290364,2461876237,0,2462008672,22683,66000,99290364,16138,54200,44983,0,415310729,375243695,2461873605,114527,494900,99290364,64578,246400,91843,567,47871
1785575241.168348960,2461876237,99290364,2461876237,0,2462008672,22683,66000,99290364,16138,54200,44983,0,415313785,375246668,2461873605,114527,494900,99290364,64578,246400,91843,567,47871
1785575242.191996986,2461876237,99290364,2461876237,0,2462008672,22683,66000,99290364,16138,54200,44983,0,415316857,375249723,2461873605,114527,494900,99290364,64578,246400,91843,567,47871
1785575243.215179644,2461876237,99290364,2461876237,0,2462008672,22683,66000,99290364,16138,54200,44983,0,415319923,375252730,2461873605,114527,494900,99290364,64578,246400,91843,567,47871
1785575244.237828592,2461876237,99290364,2461876237,0,2462008672,22683,66000,99290364,16138,54200,44983,0,415322991,375255758,2461873605,114527,494900,99290364,64578,246400,91843,567,47871
1785575245.261665865,2461876237,99290364,2461876237,0,2462008672,22683,66000,99290364,16138,54200,44983,0,415326062,375258812,2461873605,114527,494900,99290364,64578,246400,91843,567,47871
1785575246.284186594,2461876237,99290364,2461876237,0,2462008672,22683,66000,99290364,16138,54200,44983,0,415329128,375261850,2461873605,114527,494900,99290364,64578,246400,91843,567,47871
1785575247.308169681,2461876237,99290364,2461876237,0,2462008672,22683,66000,99290364,16138,54200,44983,0,415332198,375264849,2461873605,114527,494900,99290364,64578,246400,91843,567,47871
1785575248.331276459,2461876237,99290364,2461876237,0,2462008672,22683,66000,99290364,16138,54200,44983,0,415335268,375267879,2461873605,114527,494900,99290364,64578,246400,91843,567,47871
1785575249.354532911,2461876237,99290364,2461876237,0,2462008672,22683,66000,99290364,16138,54200,44983,0,415338334,375270869,2461873605,114527,494900,99290364,64578,246400,91843,567,47871
1785575250.378382162,2461876237,99290364,2461876237,0,2462008672,22683,66000,99290364,16138,54200,44983,0,415341407,375273915,2461873605,114527,494900,99290364,64578,246400,91843,567,47871
1785575251.402361425,2461876237,99290364,2461876237,0,2462008672,22683,66000,99290364,16138,54200,44983,0,415344475,375276969,2461873605,114527,494900,99290364,64578,246400,91843,567,47871
1785575252.425715318,2461876237,99290364,2461876237,0,2462008672,22683,66000,99290364,16138,54200,44983,0,415347544,375279992,2461873605,114527,494900,99290364,64578,246400,91843,567,47871
1785575253.449466408,2461876237,99290364,2461876237,0,2462008672,22683,66000,99290364,16138,54200,44983,0,415350612,375283009,2461873605,114527,494900,99290364,64578,246400,91843,567,47871
1785575254.472331493,2461876237,99290364,2461876237,0,2462008672,22683,66000,99290364,16138,54200,44983,0,415353682,375286060,2461873605,114527,494900,99290364,64578,246400,91843,567,47871
1785575255.495425949,2461876237,99290364,2461876237,0,2462008672,22683,66000,99290364,16138,54200,44983,0,415356750,375289044,2461873605,114527,494900,99290364,64578,246400,91843,567,47871
1785575256.519107277,2466855047,99843628,2466855047,0,2466993178,22694,66100,99844688,16137,54200,46412,0,415359815,375290374,2466866461,115061,498900,99845978,65506,258300,92367,567,48801
1785575257.545097943,2476208099,100882857,2476208099,0,2476353137,22708,66000,100883906,16125,54100,48780,0,415362887,375290376,2476217950,115803,504600,100885031,66767,279700,93094,566,50074
1785575258.569077976,2485283684,101891251,2485283684,0,2485434477,22724,66000,101892202,16118,54000,51114,0,415365953,375290397,2485292897,116544,510100,101893341,68016,298800,93820,566,51331
1785575259.595010701,2494662854,102933381,2494662854,0,2494822616,22738,66000,102934616,16107,53900,53416,0,415369024,375290404,2494675180,117259,515100,102935860,69202,312600,94521,565,52529
1785575260.621548955,2503974340,103967997,2503974340,0,2504139817,22751,66000,103969063,16096,53800,55728,0,415372099,375290414,2503990088,117968,519900,103970785,70370,323200,95216,564,53707
1785575261.644207096,2513167916,104989498,2513167916,0,2513340825,22766,66000,104990709,16088,53700,58043,0,415375158,375290441,2513179999,118689,524800,104991943,71547,332500,95923,564,54893
1785575262.665981038,2522534810,106030268,2522534810,0,2522714619,22779,66000,106031328,16077,53600,60330,0,415378218,375290445,2522544831,119401,529700,106032430,72683,340300,96621,563,56041
1785575263.690697559,2531822701,107062258,2531822701,0,2532008804,22793,66000,107063198,16067,53500,62733,0,415381287,375290457,2531832123,120108,534300,107064283,73803,346900,97314,563,57171
1785575264.712727662,2540876780,108068268,2540876780,0,2541069909,22808,66000,108069376,16061,53400,65000,0,415384348,375290478,2540889122,120831,539300,108070670,74942,353500,98022,562,58316
1785575265.732935335,2550208757,109105155,2550208757,0,2550409558,22822,66000,109106600,16051,53300,67350,0,415387404,375290482,2550222297,121514,543400,109107652,75994,357900,98692,562,59380
1785575266.757237789,2559475874,110134833,2559475874,0,2559682232,22835,66000,110135761,16042,53300,69630,0,415390470,375290490,2559484072,122192,546900,110136680,77027,361200,99355,561,60422
1785575267.780045215,2568732388,111163340,2568732388,0,2568947268,22849,66000,111164614,16033,53200,71889,0,415393534,375290503,2568744002,122863,550300,111165800,78042,364200,100013,561,61447
1785575268.809914200,2578014200,112194641,2578014200,0,2578234826,22863,66000,112195619,16026,53100,74216,0,415396613,375290528,2578024118,123546,553900,112196854,79069,367600,100683,561,62481
1785575269.831189671,2587334894,113230278,2587334894,0,2587562961,22876,66000,113231316,16016,53000,76564,0,415399675,375290545,2587344143,124218,557200,113232246,80059,370500,101341,560,63481
1785575270.852975225,2596412810,114238939,2596412810,0,2596647740,22889,66000,114239936,16011,52900,78848,0,415402729,375290578,2596422176,124895,560700,114240987,81058,373700,102004,560,64487
1785575271.876481334,2605793022,115281180,2605793022,0,2606034659,22902,66000,115282143,16001,52800,81221,0,415405800,375290581,2605802013,125561,564000,115283319,82019,376400,102658,559,65458
1785575272.898042339,2614960152,116299750,2614960152,0,2615208553,22915,65900,116300656,15995,52800,83472,0,415408856,375290602,2614969561,126213,566800,116301931,82957,378400,103297,559,66402
1785575273.917893964,2624253031,117332289,2624253031,0,2624508775,22928,65900,117333230,15987,52700,85782,0,415411908,375290614,2624261829,126854,569400,117334331,83865,380200,103925,558,67318
1785575274.936341737,2633637241,118374984,2633637241,0,2633899670,22939,65900,118375972,15977,52600,88107,0,415414961,375290617,2633646989,127483,571600,118377131,84743,381600,104543,558,68207
1785575275.962706495,2642901675,119404365,2642901675,0,2643170340,22952,65900,119405191,15970,52500,90363,0,415418027,375290639,2642908909,128119,573900,119406120,85624,383000,105166,557,69095
1785575276.985697282,2652055530,120421456,2652055530,0,2652331793,22966,65900,120422487,15964,52500,92761,0,415421095,375290651,2652064934,128787,577200,120423606,86548,385900,105820,557,70025
1785575278.007565409,2661358110,121455080,2661358110,0,2661641242,22978,65900,121456148,15956,52400,95074,0,415424155,375290657,2661368131,129428,580000,121457229,87419,387900,106449,557,70905
1785575279.033764973,2670347254,122453877,2670347254,0,2670637524,22993,65900,122454858,15953,52300,97338,0,415427230,375290683,2670355644,130095,583200,122455774,88331,390600,107101,556,71820
1785575280.055982192,2679777357,123501661,2679777357,0,2680074391,23004,65900,123502665,15944,52200,99726,0,415430290,375290687,2679787347,130721,585400,123503819,89158,392100,107715,556,72656
1785575281.080830243,2689176819,124546042,2689176819,0,2689481917,23016,65900,124547137,15936,52200,102077,0,415433358,375290697,2689187298,131333,587400,124548243,89960,393100,108316,556,73467
1785575282.103028090,2698298947,125559615,2698298947,0,2698609590,23029,65900,125560644,15931,52100,104214,0,415436414,375290724,2698309122,131954,589600,125561835,90774,394400,108924,555,74287
1785575283.125897173,2707566971,126589405,2707566971,0,2707884918,23041,65900,126590411,15925,52000,106615,0,415439476,375290736,2707576489,132573,591700,126591515,91578,395800,109531,555,75097
1785575284.151176957,2716985196,127635864,2716985196,0,2717311038,23052,65900,127636899,15916,51900,108989,0,415442552,375290739,2716995832,133169,593200,127638078,92334,396400,110115,554,75862
1785575285.172708869,2726101959,128648839,2726101959,0,2726434499,23065,65900,128649953,15912,51900,111268,0,415445612,375290766,2726113617,133775,595100,128651167,93108,397500,110708,554,76640
1785575286.191140719,2733192944,129436722,2733192944,0,2733529703,23073,65900,129436722,15906,51800,113091,0,415448664,375291525,2733190312,134215,596400,129436722,93655,398000,111140,554,77194
1785575287.207120235,2733192944,129436722,2733192944,0,2733529703,23073,65900,129436722,15906,51800,113091,0,415451707,375294555,2733190312,134215,596400,129436722,93655,398000,111140,554,77194
1785575288.228895797,2733192944,129436722,2733192944,0,2733529703,23073,65900,129436722,15906,51800,113091,0,415454766,375297535,2733190312,134215,596400,129436722,93655,398000,111140,554,77194
1785575289.251463168,2733192944,129436722,2733192944,0,2733529703,23073,65900,129436722,15906,51800,113091,0,415457833,375300562,2733190312,134215,596400,129436722,93655,398000,111140,554,77194
1785575290.273377576,2733192944,129436722,2733192944,0,2733529703,23073,65900,129436722,15906,51800,113091,0,415460897,375303583,2733190312,134215,596400,129436722,93655,398000,111140,554,77194
1785575291.295370369,2733192944,129436722,2733192944,0,2733529703,23073,65900,129436722,15906,51800,113091,0,415463964,375306590,2733190312,134215,596400,129436722,93655,398000,111140,554,77194
1785575292.317164292,2733192944,129436722,2733192944,0,2733529703,23073,65900,129436722,15906,51800,113091,0,415467029,375309639,2733190312,134215,596400,129436722,93655,398000,111140,554,77194
1785575293.340009454,2733192944,129436722,2733192944,0,2733529703,23073,65900,129436722,15906,51800,113091,0,415470094,375312683,2733190312,134215,596400,129436722,93655,398000,111140,554,77194
1785575294.362705860,2733192944,129436722,2733192944,0,2733529703,23073,65900,129436722,15906,51800,113091,0,415473160,375315674,2733190312,134215,596400,129436722,93655,398000,111140,554,77194
1785575295.384785457,2733192944,129436722,2733192944,0,2733529703,23073,65900,129436722,15906,51800,113091,0,415476228,375318723,2733190312,134215,596400,129436722,93655,398000,111140,554,77194
1785575296.407011534,2733192944,129436722,2733192944,0,2733529703,23073,65900,129436722,15906,51800,113091,0,415479291,375321725,2733190312,134215,596400,129436722,93655,398000,111140,554,77194
1785575297.428400401,2733192944,129436722,2733192944,0,2733529703,23073,65900,129436722,15906,51800,113091,0,415482352,375324750,2733190312,134215,596400,129436722,93655,398000,111140,554,77194
1785575298.450668728,2733192944,129436722,2733192944,0,2733529703,23073,65900,129436722,15906,51800,113091,0,415485421,375327802,2733190312,134215,596400,129436722,93655,398000,111140,554,77194
1785575299.473505547,2733192944,129436722,2733192944,0,2733529703,23073,65900,129436722,15906,51800,113091,0,415488487,375330775,2733190312,134215,596400,129436722,93655,398000,111140,554,77194
1785575300.495740801,2733192944,129436722,2733192944,0,2733529703,23073,65900,129436722,15906,51800,113091,0,415491551,375333754,2733190312,134215,596400,129436722,93655,398000,111140,554,77194
1785575301.514497886,2733192944,129436722,2733192944,0,2733529703,23073,65900,129436722,15906,51800,113091,0,415494610,375336796,2733190312,134215,596400,129436722,93655,398000,111140,554,77194
1785575302.536468971,2733192944,129436722,2733192944,0,2733529703,23073,65900,129436722,15906,51800,113091,0,415497672,375339777,2733190312,134215,596400,129436722,93655,398000,111140,554,77194
1785575303.560143462,2733192944,129436722,2733192944,0,2733529703,23073,65900,129436722,15906,51800,113091,0,415500741,375342804,2733190312,134215,596400,129436722,93655,398000,111140,554,77194
1785575304.582841626,2733192944,129436722,2733192944,0,2733529703,23073,65900,129436722,15906,51800,113091,0,415503808,375345854,2733190312,134215,596400,129436722,93655,398000,111140,554,77194
1785575305.606578788,2733192944,129436722,2733192944,0,2733529703,23073,65900,129436722,15906,51800,113091,0,415506880,375348881,2733190312,134215,596400,129436722,93655,398000,111140,554,77194
1785575306.630228788,2733192944,129436722,2733192944,0,2733529703,23073,65900,129436722,15906,51800,113091,0,415509948,375351889,2733190312,134215,596400,129436722,93655,398000,111140,554,77194
1785575307.653129591,2733192944,129436722,2733192944,0,2733529703,23073,65900,129436722,15906,51800,113091,0,415513017,375354938,2733190312,134215,596400,129436722,93655,398000,111140,554,77194
1785575308.673282425,2733192944,130438812,2733192944,0,2733529703,23073,65900,130441845,15848,51800,113091,0,415516060,375357087,2733190312,134215,596400,130445938,93829,398600,111140,555,77427
1785575309.693559743,2733192944,133813469,2733192944,0,2733529703,23073,65900,133816669,15639,51500,113091,0,415519051,375357644,2733190312,134215,596400,133821378,94113,399200,111140,556,77919
1785575310.713693894,2733192944,137218501,2733192944,0,2733529703,23073,65900,137221913,15441,51200,113091,0,415522049,375358178,2733190312,134215,596400,137226145,94426,399800,111140,557,78428
1785575311.734553734,2733192944,140587132,2733192944,0,2733529703,23073,65900,140590823,15255,50900,113091,0,415525044,375358707,2733190312,134215,596400,140595554,94725,400400,111140,558,78912
1785575312.755816508,2733192944,143975952,2733192944,0,2733529703,23073,65900,143979738,15075,50700,113091,0,415528032,375359252,2733190312,134215,596400,143983874,94998,401100,111140,559,79363
1785575313.779243603,2733192944,147352464,2733192944,0,2733529703,23073,65900,147355654,14905,50400,113091,0,415531019,375359807,2733190312,134215,596400,147359697,95276,401700,111140,559,79810
1785575314.797124122,2733192944,150741695,2733192944,0,2733529703,23073,65900,150744724,14743,50200,113091,0,415534019,375360334,2733190312,134215,596400,150747901,95539,402400,111140,560,80234
1785575315.819006031,2733192944,154164596,2733192944,0,2733529703,23073,65900,154167801,14586,49900,113091,0,415537023,375360863,2733190312,134215,596400,154171679,95787,402900,111140,561,80639
1785575316.836913478,2733192944,157579964,2733192944,0,2733529703,23073,65900,157583588,14436,49700,113091,0,415540016,375361393,2733190312,134215,596400,157587762,96039,403400,111140,562,81040
1785575317.855881928,2733192944,160950378,2733192944,0,2733529703,23073,65900,160953452,14295,49500,113091,0,415543018,375361919,2733190312,134215,596400,160956705,96293,404200,111140,563,81434
1785575318.876236989,2733192944,164366657,2733192944,0,2733529703,23073,65900,164370621,14157,49200,113091,0,415546026,375362450,2733190312,134215,596400,164375106,96521,404700,111140,563,81799
1785575319.894090850,2733192944,167750708,2733192944,0,2733529703,23073,65900,167754064,14026,49000,113091,0,415549040,375362976,2733190312,134215,596400,167757649,96737,405200,111140,564,82145
1785575320.912472173,2733192944,171130320,2733192944,0,2733529703,23073,65900,171133228,13902,48800,113091,0,415552050,375363512,2733190312,134215,596400,171136908,96958,405900,111140,565,82489
1785575321.930558822,2733192944,174542823,2733192944,0,2733529703,23073,65900,174546297,13781,48600,113091,0,415555066,375364036,2733190312,134215,596400,174550595,97161,406400,111140,565,82814
1785575322.950338171,2733192944,177960540,2733192944,0,2733529703,23073,65900,177965335,13663,48400,113091,0,415558080,375364558,2733190312,134215,596400,177970146,97353,406800,111140,566,83122
1785575323.968555123,2733192944,181347153,2733192944,0,2733529703,23073,65900,181350155,13551,48200,113091,0,415561096,375365079,2733190312,134215,596400,181353586,97542,407400,111140,567,83423
1785575324.986511371,2733192944,184745804,2733192944,0,2733529703,23073,65900,184748915,13443,48000,113091,0,415564111,375365613,2733190312,134215,596400,184752945,97716,407900,111140,567,83704
1785575326.004857182,2733192944,188123179,2733192944,0,2733529703,23073,65900,188126790,13341,47800,113091,0,415567133,375366128,2733190312,134215,596400,188131190,97911,408700,111140,568,84001
1785575327.024676045,2733192944,191523041,2733192944,0,2733529703,23073,65900,191526663,13240,47600,113091,0,415570155,375366673,2733190312,134215,596400,191531137,98082,409300,111140,569,84272
1785575328.043291790,2733192944,194931306,2733192944,0,2733529703,23073,65900,194934532,13143,47500,113091,0,415573178,375367215,2733190312,134215,596400,194938047,98250,409800,111140,569,84536
1785575329.062357970,2733192944,198337028,2733192944,0,2733529703,23073,65900,198340895,13050,47300,113091,0,415576207,375367722,2733190312,134215,596400,198345238,98413,410300,111140,570,84792
1785575330.080853070,2733192944,201709337,2733192944,0,2733529703,23073,65900,201712661,12960,47100,113091,0,415579237,375368257,2733190312,134215,596400,201719183,98569,410900,111140,570,85038
1785575331.099289650,2733192944,205097743,2733192944,0,2733529703,23073,65900,205101056,12873,46900,113091,0,415582265,375368794,2733190312,134215,596400,205104737,98726,411500,111140,571,85280
1785575332.118142405,2733192944,208479184,2733192944,0,2733529703,23073,65900,208482189,12790,46800,113091,0,415585294,375369310,2733190312,134215,596400,208485714,98879,412100,111140,571,85517
1785575333.137701480,2733192944,211889407,2733192944,0,2733529703,23073,65900,211894646,12707,46600,113091,0,415588320,375369846,2733190312,134215,596400,211899224,99011,412500,111140,572,85731
1785575334.159281038,2733192944,215316915,2733192944,0,2733529703,23073,65900,215325567,12627,46500,113091,0,415591359,375370367,2733190312,134215,596400,215329699,99144,412800,111140,572,85944
1785575335.178757686,2733192944,218659128,2733192944,0,2733529703,23073,65900,218662547,12553,46300,113091,0,415594394,375370880,2733190312,134215,596400,218666514,99303,413600,111140,573,86176
1785575336.197726979,2733192944,222061372,2733192944,0,2733529703,23073,65900,222064488,12478,46200,113091,0,415597427,375371418,2733190312,134215,596400,222067873,99426,414100,111140,573,86373
1785575337.218827383,2733192944,225445962,2733192944,0,2733529703,23073,65900,225449496,12407,46000,113091,0,415600468,375371956,2733190312,134215,596400,225456261,99553,414800,111140,574,86572
1785575338.239555657,2733192944,228831759,2733192944,0,2733529703,23073,65900,228834752,12337,45900,113091,0,415603500,375372494,2733190312,134215,596400,228838362,99680,415400,111140,574,86767
1785575339.260174044,2733192944,229187010,2733192944,0,2733529703,23073,65900,229187010,12330,45900,113091,0,415606560,375375295,2733190312,134215,596400,229187010,99691,415500,111140,574,86785
1785575340.278553105,2733192944,229187010,2733192944,0,2733529703,23073,65900,229187010,12330,45900,113091,0,415609611,375378329,2733190312,134215,596400,229187010,99691,415500,111140,574,86785
1785575341.301348390,2733192944,229187010,2733192944,0,2733529703,23073,65900,229187010,12330,45900,113091,0,415612680,375381289,2733190312,134215,596400,229187010,99691,415500,111140,574,86785
1785575342.325529786,2733192944,229187010,2733192944,0,2733529703,23073,65900,229187010,12330,45900,113091,0,415615751,375384344,2733190312,134215,596400,229187010,99691,415500,111140,574,86785
1785575343.348704959,2733192944,229187010,2733192944,0,2733529703,23073,65900,229187010,12330,45900,113091,0,415618818,375387346,2733190312,134215,596400,229187010,99691,415500,111140,574,86785
1785575344.372386991,2733192944,229187010,2733192944,0,2733529703,23073,65900,229187010,12330,45900,113091,0,415621886,375390381,2733190312,134215,596400,229187010,99691,415500,111140,574,86785
1785575345.396059420,2733192944,229187010,2733192944,0,2733529703,23073,65900,229187010,12330,45900,113091,0,415624957,375393435,2733190312,134215,596400,229187010,99691,415500,111140,574,86785
1785575346.419483903,2733192944,229187010,2733192944,0,2733529703,23073,65900,229187010,12330,45900,113091,0,415628025,375396476,2733190312,134215,596400,229187010,99691,415500,111140,574,86785
1785575347.443748877,2733192944,229187010,2733192944,0,2733529703,23073,65900,229187010,12330,45900,113091,0,415631097,375399476,2733190312,134215,596400,229187010,99691,415500,111140,574,86785
1785575348.467677936,2733192944,229187010,2733192944,0,2733529703,23073,65900,229187010,12330,45900,113091,0,415634168,375402531,2733190312,134215,596400,229187010,99691,415500,111140,574,86785
1785575349.489197030,2733192944,229187010,2733192944,0,2733529703,23073,65900,229187010,12330,45900,113091,0,415637231,375405508,2733190312,134215,596400,229187010,99691,415500,111140,574,86785
1785575350.513144585,2733192944,229187010,2733192944,0,2733529703,23073,65900,229187010,12330,45900,113091,0,415640300,375408562,2733190312,134215,596400,229187010,99691,415500,111140,574,86785
1785575351.537403889,2733192944,229187010,2733192944,0,2733529703,23073,65900,229187010,12330,45900,113091,0,415643373,375411595,2733190312,134215,596400,229187010,99691,415500,111140,574,86785
1785575352.562919728,2733192944,229187010,2733192944,0,2733529703,23073,65900,229187010,12330,45900,113091,0,415646447,375414622,2733190312,134215,596400,229187010,99691,415500,111140,574,86785
1785575353.586779364,2733192944,229187010,2733192944,0,2733529703,23073,65900,229187010,12330,45900,113091,0,415649518,375417640,2733190312,134215,596400,229187010,99691,415500,111140,574,86785
1785575354.610334433,2733192944,229187010,2733192944,0,2733529703,23073,65900,229187010,12330,45900,113091,0,415652587,375420687,2733190312,134215,596400,229187010,99691,415500,111140,574,86785
1785575355.634672516,2733192944,229187010,2733192944,0,2733529703,23073,65900,229187010,12330,45900,113091,0,415655659,375423679,2733190312,134215,596400,229187010,99691,415500,111140,574,86785
1785575356.658718118,2733192944,229187010,2733192944,0,2733529703,23073,65900,229187010,12330,45900,113091,0,415658729,375426735,2733190312,134215,596400,229187010,99691,415500,111140,574,86785
1785575357.682220742,2733192944,229187010,2733192944,0,2733529703,23073,65900,229187010,12330,45900,113091,0,415661800,375429788,2733190312,134215,596400,229187010,99691,415500,111140,574,86785
1785575358.705332868,2733192944,229187010,2733192944,0,2733529703,23073,65900,229187010,12330,45900,113091,0,415664870,375432790,2733190312,134215,596400,229187010,99691,415500,111140,574,86785
1785575359.728697421,2733192944,229187010,2733192944,0,2733529703,23073,65900,229187010,12330,45900,113091,0,415667938,375435823,2733190312,134215,596400,229187010,99691,415500,111140,574,86785
1785575360.767126630,2733192944,229240761,2733192944,0,2733529703,23073,65900,229244498,12331,45900,113091,0,415671041,375438779,2733190312,134215,596400,229247042,99902,417800,111140,574,86999
1785575361.789982297,2733192944,233491385,2733192944,0,2733529703,23073,65900,233494899,12251,45700,113091,0,415674104,375438843,2733190312,134215,596400,233497510,106636,622700,111140,575,93811
1785575362.816632824,2733192944,237860007,2733192944,0,2733529703,23073,65900,237863984,12169,45500,113091,0,415677167,375438860,2733190312,134215,596400,237866818,112886,719100,111140,574,100143
1785575363.840199417,2733192944,242189565,2733192944,0,2733529703,23073,65900,242193778,12092,45400,113091,0,415680215,375438894,2733190312,134215,596400,242197252,118857,764000,111140,574,106191
1785575364.865203748,2733192944,246480998,2733192944,0,2733529703,23073,65900,246485705,12019,45200,113091,0,415683273,375438952,2733190312,134215,596400,246488565,124767,797900,111140,574,112174
1785575365.887516664,2733192944,250796108,2733192944,0,2733529703,23073,65900,250800560,11948,45100,113091,0,415686321,375439003,2733190312,134215,596400,250804198,130305,820600,111140,574,117783
1785575366.910845925,2733192944,255109606,2733192944,0,2733529703,23073,65900,255113592,11879,44900,113091,0,415689373,375439052,2733190312,134215,596400,255116994,135710,841200,111140,574,123257
1785575367.934908887,2733192944,259382369,2733192944,0,2733529703,23073,65900,259386871,11813,44700,113091,0,415692424,375439122,2733190312,134215,596400,259390786,140950,860700,111140,574,128562
1785575368.955274664,2733192944,263719061,2733192944,0,2733529703,23073,65900,263723578,11747,44600,113091,0,415695466,375439146,2733190312,134215,596400,263726914,145951,876500,111140,574,133629
1785575369.974759735,2733192944,268030668,2733192944,0,2733529703,23073,65900,268034837,11685,44400,113091,0,415698507,375439182,2733190312,134215,596400,268038046,150783,891300,111140,574,138525
1785575370.999129545,2733192944,272318350,2733192944,0,2733529703,23073,65900,272322838,11625,44300,113091,0,415701557,375439231,2733190312,134215,596400,272326337,155580,911100,111140,574,143381
1785575372.022292760,2733192944,276662395,2733192944,0,2733529703,23073,65900,276666206,11565,44200,113091,0,415704616,375439268,2733190312,134215,596400,276668728,160180,926000,111140,574,148042
1785575373.044201029,2733192944,280907170,2733192944,0,2733529703,23073,65900,280911202,11510,44000,113091,0,415707661,375439348,2733190312,134215,596400,280914690,164729,944900,111140,574,152645
1785575374.069940101,2733192944,285248103,2733192944,0,2733529703,23073,65900,285252725,11454,43900,113091,0,415710718,375439379,2733190312,134215,596400,285256627,169030,957400,111140,574,157002
1785575375.094038807,2733192944,289583409,2733192944,0,2733529703,23073,65900,289587391,11400,43800,113091,0,415713776,375439437,2733190312,134215,596400,289590530,173209,969300,111140,573,161235
1785575376.121903500,2733192944,293854709,2733192944,0,2733529703,23073,65900,293859114,11349,43700,113091,0,415716826,375439506,2733190312,134215,596400,293862402,177308,983200,111140,573,165386
1785575377.142327604,2733192944,298175925,2733192944,0,2733529703,23073,65900,298180048,11298,43500,113091,0,415719887,375439555,2733190312,134215,596400,298183060,181297,994400,111140,574,169425
1785575378.163915363,2733192944,302499011,2733192944,0,2733529703,23073,65900,302503111,11249,43400,113091,0,415722933,375439591,2733190312,134215,596400,302506116,185103,1003400,111140,573,173281
1785575379.190419508,2733192944,306777938,2733192944,0,2733529703,23073,65900,306782114,11202,43300,113091,0,415725997,375439661,2733190312,134215,596400,306785794,188942,1016000,111140,573,177167
1785575380.214531167,2733192944,311088436,2733192944,0,2733529703,23073,65900,311092511,11156,43200,113091,0,415729040,375439710,2733190312,134215,596400,311095302,192529,1023100,111140,573,180801
1785575381.237872739,2733192944,315402249,2733192944,0,2733529703,23073,65900,315406534,11110,43100,113091,0,415732104,375439783,2733190312,134215,596400,315409948,196104,1031700,111140,573,184420
1785575382.260059993,2733192944,319621931,2733192944,0,2733529703,23073,65900,319626015,11068,43000,113091,0,415735156,375439878,2733190312,134215,596400,319630023,199682,1042900,111140,573,188040
1785575383.286940128,2733192944,323970981,2733192944,0,2733529703,23073,65900,323975172,11025,42900,113091,0,415738219,375439910,2733190312,134215,596400,323991298,203015,1048600,111140,573,191418
1785575384.305093961,2733192944,328275726,2733192944,0,2733529703,23073,65900,328279874,10983,42800,113091,0,415741253,375439967,2733190312,134215,596400,328283162,206249,1054200,111140,573,194692
1785575385.327721905,2733192944,332549551,2733192944,0,2733529703,23073,65900,332554246,10943,42700,113091,0,415744301,375440032,2733190312,134215,596400,332558146,209432,1060600,111140,573,197915
1785575386.350998541,2733192944,336893569,2733192944,0,2733529703,23073,65900,336897798,10903,42600,113091,0,415747354,375440068,2733190312,134215,596400,336901493,212482,1064500,111140,573,201005
1785575387.370907116,2733192944,341169231,2733192944,0,2733529703,23073,65900,341173377,10865,42500,113091,0,415750390,375440139,2733190312,134215,596400,341176962,215488,1069800,111140,573,204049
1785575388.392246149,2733192944,345453426,2733192944,0,2733529703,23073,65900,345457440,10828,42400,113091,0,415753438,375440181,2733190312,134215,596400,345460269,218475,1075600,111140,573,207073
1785575389.414039713,2733192944,349797679,2733192944,0,2733529703,23073,65900,349801724,10791,42300,113091,0,415756483,375440211,2733190312,134215,596400,349804992,221265,1078400,111140,573,209900
1785575390.433040741,2733192944,354067328,2733192944,0,2733529703,23073,65900,354071432,10756,42200,113091,0,415759520,375440273,2733190312,134215,596400,354074561,224098,1083300,111140,573,212768
1785575391.453454129,2733192944,355334146,2733192944,0,2733529703,23073,65900,355334146,10746,42200,113091,0,415762572,375442441,2733190312,134215,596400,355334146,224933,1085000,111140,573,213612
1785575392.476236105,2733192944,355334146,2733192944,0,2733529703,23073,65900,355334146,10746,42200,113091,0,415765641,375445468,2733190312,134215,596400,355334146,224933,1085000,111140,573,213612
1785575393.498963717,2733192944,355334146,2733192944,0,2733529703,23073,65900,355334146,10746,42200,113091,0,415768707,375448481,2733190312,134215,596400,355334146,224933,1085000,111140,573,213612
1785575394.523064862,2733192944,355334146,2733192944,0,2733529703,23073,65900,355334146,10746,42200,113091,0,415771780,375451503,2733190312,134215,596400,355334146,224933,1085000,111140,573,213612
1785575395.546841037,2733192944,355334146,2733192944,0,2733529703,23073,65900,355334146,10746,42200,113091,0,415774850,375454556,2733190312,134215,596400,355334146,224933,1085000,111140,573,213612
1785575396.570115338,2733192944,355334146,2733192944,0,2733529703,23073,65900,355334146,10746,42200,113091,0,415777918,375457538,2733190312,134215,596400,355334146,224933,1085000,111140,573,213612
1785575397.594142287,2733192944,355334146,2733192944,0,2733529703,23073,65900,355334146,10746,42200,113091,0,415780991,375460593,2733190312,134215,596400,355334146,224933,1085000,111140,573,213612
1785575398.618079299,2733192944,355334146,2733192944,0,2733529703,23073,65900,355334146,10746,42200,113091,0,415784062,375463649,2733190312,134215,596400,355334146,224933,1085000,111140,573,213612
1785575399.640873974,2733192944,355334146,2733192944,0,2733529703,23073,65900,355334146,10746,42200,113091,0,415787126,375466646,2733190312,134215,596400,355334146,224933,1085000,111140,573,213612
1785575400.663278292,2733192944,355334146,2733192944,0,2733529703,23073,65900,355334146,10746,42200,113091,0,415790194,375469683,2733190312,134215,596400,355334146,224933,1085000,111140,573,213612
1785575401.686057080,2733192944,355334146,2733192944,0,2733529703,23073,65900,355334146,10746,42200,113091,0,415793259,375472729,2733190312,134215,596400,355334146,224933,1085000,111140,573,213612
1785575402.709406336,2733192944,355334146,2733192944,0,2733529703,23073,65900,355334146,10746,42200,113091,0,415796326,375475693,2733190312,134215,596400,355334146,224933,1085000,111140,573,213612
1785575403.733694660,2733192944,355334146,2733192944,0,2733529703,23073,65900,355334146,10746,42200,113091,0,415799398,375478749,2733190312,134215,596400,355334146,224933,1085000,111140,573,213612
1785575404.757530382,2733192944,355334146,2733192944,0,2733529703,23073,65900,355334146,10746,42200,113091,0,415802468,375481804,2733190312,134215,596400,355334146,224933,1085000,111140,573,213612
1785575405.782218916,2733192944,355334146,2733192944,0,2733529703,23073,65900,355334146,10746,42200,113091,0,415805539,375484789,2733190312,134215,596400,355334146,224933,1085000,111140,573,213612
1785575406.806376049,2733192944,355334146,2733192944,0,2733529703,23073,65900,355334146,10746,42200,113091,0,415808614,375487846,2733190312,134215,596400,355334146,224933,1085000,111140,573,213612
1785575407.828864724,2733192944,355334146,2733192944,0,2733529703,23073,65900,355334146,10746,42200,113091,0,415811677,375490870,2733190312,134215,596400,355334146,224933,1085000,111140,573,213612
1785575408.852346179,2733192944,355334146,2733192944,0,2733529703,23073,65900,355334146,10746,42200,113091,0,415814746,375493881,2733190312,134215,596400,355334146,224933,1085000,111140,573,213612
1785575409.876025951,2733192944,355334146,2733192944,0,2733529703,23073,65900,355334146,10746,42200,113091,0,415817817,375496935,2733190312,134215,596400,355334146,224933,1085000,111140,573,213612
1785575410.898723607,2733192944,355334146,2733192944,0,2733529703,23073,65900,355334146,10746,42200,113091,0,415820883,375499972,2733190312,134215,596400,355334146,224933,1085000,111140,573,213612
1785575411.922159280,2733192944,355334146,2733192944,0,2733529703,23073,65900,355334146,10746,42200,113091,0,415823952,375502969,2733190312,134215,596400,355334146,224933,1085000,111140,573,213612
1785575412.945778287,2733192944,355334146,2733192944,0,2733529703,23073,65900,355334146,10746,42200,113091,0,415827020,375505998,2733190312,134215,596400,355334146,224933,1085000,111140,573,213612
1785575413.990304984,2733192944,358866952,2733192944,0,2733529703,23073,65900,358871057,10719,42100,113091,0,415830138,375506519,2733190312,134215,596400,358866808,246613,1336200,111140,574,235330
1785575415.030390237,2733192944,363178922,2733192944,0,2733529703,23073,65900,363183140,10685,42000,113091,0,415833242,375506551,2733190312,134215,596400,363178656,271842,2604600,111140,574,260582
1785575416.062748329,2733192944,367481543,2733192944,0,2733529703,23073,65900,367485240,10651,41900,113091,0,415836323,375506575,2733190312,134215,596400,367479311,296298,3195500,111140,574,285083
1785575417.098083724,2733192944,371737463,2733192944,0,2733529703,23073,65900,371741566,10619,41800,113091,0,415839412,375506635,2733190312,134215,596400,371738108,320245,3276700,111140,575,309052
1785575418.137617845,2733192944,376033095,2733192944,0,2733529703,23073,65900,376037394,10588,41700,113091,0,415842518,375506670,2733190312,134215,596400,376031459,343783,3276700,111140,575,332634
1785575419.173103933,2733192944,380332304,2733192944,0,2733529703,23073,65900,380336362,10556,41600,113091,0,415845607,375506700,2733190312,134215,596400,380332834,366770,3276700,111140,576,355646
1785575420.211766522,2733192944,384588620,2733192944,0,2733529703,23073,65900,384592675,10527,41500,113091,0,415848710,375506749,2733190312,134215,596400,384586417,389251,3276700,111140,576,378151
1785575421.250929342,2733192944,388929671,2733192944,0,2733529703,23073,65900,388933873,10496,41400,113091,0,415851813,375506767,2733190312,134215,596400,388928646,411278,3276700,111140,577,400213
1785575422.287810732,2733192944,393243741,2733192944,0,2733529703,23073,65900,393247837,10467,41300,113091,0,415854908,375506800,2733190312,134215,596400,393244843,432790,3276700,111140,577,421745
1785575423.320713805,2733192944,397379062,2733192944,0,2733529703,23073,65900,397383338,10441,41200,113091,0,415857989,375506862,2733190312,134215,596400,397379210,453632,3276700,111140,577,442619
1785575424.357995925,2733192944,401642511,2733192944,0,2733529703,23073,65900,401646985,10414,41100,113091,0,415861085,375506906,2733190312,134215,596400,401641599,474173,3276700,111140,578,463196
1785575425.395577383,2733192944,405942552,2733192944,0,2733529703,23073,65900,405946607,10386,41000,113091,0,415864188,375506936,2733190312,134215,596400,405941216,494262,3276700,111140,578,483300
1785575426.435205845,2733192944,410235002,2733192944,0,2733529703,23073,65900,410239326,10360,40900,113091,0,415867289,375506976,2733190312,134215,596400,410232414,514048,3276700,111140,579,503120
1785575427.472811768,2733192944,414560302,2733192944,0,2733529703,23073,65900,414564785,10333,40800,113091,0,415870384,375506996,2733190312,134215,596400,414560455,533324,3276700,111140,579,522418
1785575428.510427474,2733192944,418873107,2733192944,0,2733529703,23073,65900,418877259,10307,40800,113091,0,415873481,375507035,2733190312,134215,596400,418871244,552221,3276700,111140,579,541347
1785575429.544684723,2733192944,423096975,2733192944,0,2733529703,23073,65900,423100873,10283,40700,113091,0,415876574,375507101,2733190312,134215,596400,423095901,570752,3276700,111140,580,559894
1785575430.583768473,2733192944,427424821,2733192944,0,2733529703,23073,65900,427429392,10258,40600,113091,0,415879669,375507126,2733190312,134215,596400,427425195,588862,3276700,111140,580,578024
1785575431.617237275,2733192944,431684970,2733192944,0,2733529703,23073,65900,431689024,10234,40500,113091,0,415882755,375507173,2733190312,134215,596400,431685124,606653,3276700,111140,580,595842
1785575432.652895475,2733192944,435956939,2733192944,0,2733529703,23073,65900,435960991,10211,40400,113091,0,415885849,375507239,2733190312,134215,596400,435954569,624081,3276700,111140,581,613312
1785575433.688096346,2733192944,440241708,2733192944,0,2733529703,23073,65900,440245891,10188,40300,113091,0,415888936,375507285,2733190312,134215,596400,440240016,641138,3276700,111140,581,630377
1785575434.717931195,2733192944,444522713,2733192944,0,2733529703,23073,65900,444526596,10165,40300,113091,0,415892013,375507312,2733190312,134215,596400,444520819,657765,3276700,111140,581,647024
1785575435.758252418,2733192944,448793153,2733192944,0,2733529703,23073,65900,448797351,10143,40200,113091,0,415895118,375507356,2733190312,134215,596400,448791702,674242,3276700,111140,581,663526
1785575436.795027561,2733192944,453113931,2733192944,0,2733529703,23073,65900,453117743,10121,40100,113091,0,415898204,375507378,2733190312,134215,596400,453111034,690333,3276700,111140,582,679642
1785575437.834952575,2733192944,457368175,2733192944,0,2733529703,23073,65900,457372131,10100,40000,113091,0,415901319,375507441,2733190312,134215,596400,457367406,706330,3276700,111140,582,695651
1785575438.865766710,2733192944,461662922,2733192944,0,2733529703,23073,65900,461666476,10078,40000,113091,0,415904390,375507471,2733190312,134215,596400,461661362,721773,3276700,111140,582,711115
1785575439.898099856,2733192944,465978101,2733192944,0,2733529703,23073,65900,465981531,10057,39900,113091,0,415907471,375507488,2733190312,134215,596400,465976744,736932,3276700,111140,582,726293
1785575440.937311696,2733192944,470247695,2733192944,0,2733529703,23073,65900,470251868,10037,39800,113091,0,415910575,375507539,2733190312,134215,596400,470246133,751937,3276700,111140,583,741330
1785575441.975168298,2733192944,474533169,2733192944,0,2733529703,23073,65900,474537292,10017,39700,113091,0,415913668,375507579,2733190312,134215,596400,474531522,766608,3276700,111140,583,756006
1785575443.008069484,2733192944,478827105,2733192944,0,2733529703,23073,65900,478830610,9998,39700,113091,0,415916755,375507610,2733190312,134215,596400,478826166,781067,3276700,111140,583,770490
1785575444.028958983,2733192944,479248871,2733192944,0,2733529703,23073,65900,479248871,9996,39700,113091,0,415919814,375510324,2733190312,134215,596400,479248871,782528,3276700,111140,583,771947
1785575445.052368336,2733192944,479248871,2733192944,0,2733529703,23073,65900,479248871,9996,39700,113091,0,415922882,375513377,2733190312,134215,596400,479248871,782528,3276700,111140,583,771947
1785575446.076326971,2733192944,479248871,2733192944,0,2733529703,23073,65900,479248871,9996,39700,113091,0,415925954,375516431,2733190312,134215,596400,479248871,782528,3276700,111140,583,771947
1785575447.097788476,2733192944,479248871,2733192944,0,2733529703,23073,65900,479248871,9996,39700,113091,0,415929016,375519412,2733190312,134215,596400,479248871,782528,3276700,111140,583,771947
1785575448.121812852,2733192944,479248871,2733192944,0,2733529703,23073,65900,479248871,9996,39700,113091,0,415932085,375522466,2733190312,134215,596400,479248871,782528,3276700,111140,583,771947
1785575449.144589970,2733192944,479248871,2733192944,0,2733529703,23073,65900,479248871,9996,39700,113091,0,415935153,375525457,2733190312,134215,596400,479248871,782528,3276700,111140,583,771947
1785575450.167572167,2733192944,479248871,2733192944,0,2733529703,23073,65900,479248871,9996,39700,113091,0,415938221,375528498,2733190312,134215,596400,479248871,782528,3276700,111140,583,771947
1785575451.190353750,2733192944,479248871,2733192944,0,2733529703,23073,65900,479248871,9996,39700,113091,0,415941288,375531550,2733190312,134215,596400,479248871,782528,3276700,111140,583,771947
1785575452.210912923,2733192944,479248871,2733192944,0,2733529703,23073,65900,479248871,9996,39700,113091,0,415944347,375534587,2733190312,134215,596400,479248871,782528,3276700,111140,583,771947
1785575453.233274772,2733192944,479248871,2733192944,0,2733529703,23073,65900,479248871,9996,39700,113091,0,415947413,375537576,2733190312,134215,596400,479248871,782528,3276700,111140,583,771947
1785575454.254421138,2733192944,479248871,2733192944,0,2733529703,23073,65900,479248871,9996,39700,113091,0,415950477,375540598,2733190312,134215,596400,479248871,782528,3276700,111140,583,771947
1785575455.274266654,2733192944,479248871,2733192944,0,2733529703,23073,65900,479248871,9996,39700,113091,0,415953538,375543571,2733190312,134215,596400,479248871,782528,3276700,111140,583,771947
1785575456.297566515,2733192944,479248871,2733192944,0,2733529703,23073,65900,479248871,9996,39700,113091,0,415956607,375546623,2733190312,134215,596400,479248871,782528,3276700,111140,583,771947
1785575457.321924370,2733192944,479248871,2733192944,0,2733529703,23073,65900,479248871,9996,39700,113091,0,415959680,375549679,2733190312,134215,596400,479248871,782528,3276700,111140,583,771947
1785575458.345413254,2733192944,479248871,2733192944,0,2733529703,23073,65900,479248871,9996,39700,113091,0,415962751,375552707,2733190312,134215,596400,479248871,782528,3276700,111140,583,771947
1785575459.368341918,2733192944,479248871,2733192944,0,2733529703,23073,65900,479248871,9996,39700,113091,0,415965817,375555715,2733190312,134215,596400,479248871,782528,3276700,111140,583,771947
1785575460.391377703,2733192944,479248871,2733192944,0,2733529703,23073,65900,479248871,9996,39700,113091,0,415968885,375558747,2733190312,134215,596400,479248871,782528,3276700,111140,583,771947
1785575461.414814688,2733192944,479248871,2733192944,0,2733529703,23073,65900,479248871,9996,39700,113091,0,415971953,375561750,2733190312,134215,596400,479248871,782528,3276700,111140,583,771947
1785575462.437832143,2733192944,479248871,2733192944,0,2733529703,23073,65900,479248871,9996,39700,113091,0,415975021,375564802,2733190312,134215,596400,479248871,782528,3276700,111140,583,771947
1785575463.461514146,2733192944,479248871,2733192944,0,2733529703,23073,65900,479248871,9996,39700,113091,0,415978092,375567857,2733190312,134215,596400,479248871,782528,3276700,111140,583,771947
1785575464.484312451,2733192944,479248871,2733192944,0,2733529703,23073,65900,479248871,9996,39700,113091,0,415981160,375570843,2733190312,134215,596400,479248871,782528,3276700,111140,583,771947
1785575465.508364804,2733192944,479248871,2733192944,0,2733529703,23073,65900,479248871,9996,39700,113091,0,415984230,375573870,2733190312,134215,596400,479248871,782528,3276700,111140,583,771947
1785575466.531697040,2733192944,479248871,2733192944,0,2733529703,23073,65900,479248871,9996,39700,113091,0,415987299,375576886,2733190312,134215,596400,479248871,782528,3276700,111140,583,771947
1785575467.555730585,2733192944,479248871,2733192944,0,2733529703,23073,65900,479248871,9996,39700,113091,0,415990370,375579905,2733190312,134215,596400,479248871,782528,3276700,111140,583,771947
1785575468.579566743,2733192944,479248871,2733192944,0,2733529703,23073,65900,479248871,9996,39700,113091,0,415993440,375582958,2733190312,134215,596400,479248871,782528,3276700,111140,583,771947
1785575469.603120896,2733192944,479248871,2733192944,0,2733529703,23073,65900,479248871,9996,39700,113091,0,415996513,375586013,2733190312,134215,596400,479248871,782528,3276700,111140,583,771947
1785575470.626167075,2733192944,479248871,2733192944,0,2733529703,23073,65900,479248871,9996,39700,113091,0,415999577,375588991,2733190312,134215,596400,479248871,782528,3276700,111140,583,771947
1785575471.653096516,2733192944,479248871,2733192944,0,2733529703,23073,65900,479248871,9996,39700,113091,0,416002657,375592053,2733190312,134215,596400,479248871,782528,3276700,111140,583,771947
1785575472.675901281,2733192944,479248871,2733192944,0,2733529703,23073,65900,479248871,9996,39700,113091,0,416005729,375595053,2733190312,134215,596400,479248871,782528,3276700,111140,583,771947
1785575473.702449035,2733192944,479248871,2733192944,0,2733529703,23073,65900,479248871,9996,39700,113091,0,416008807,375598095,2733190312,134215,596400,479248871,782528,3276700,111140,583,771947
1785575474.724547678,2733192944,479248871,2733192944,0,2733529703,23073,65900,479248871,9996,39700,113091,0,416011872,375601137,2733190312,134215,596400,479248871,782528,3276700,111140,583,771947
1785575475.747928835,2733192944,479248871,2733192944,0,2733529703,23073,65900,479248871,9996,39700,113091,0,416014942,375604171,2733190312,134215,596400,479248871,782528,3276700,111140,583,771947
1785575476.773439619,2733192944,479248871,2733192944,0,2733529703,23073,65900,479248871,9996,39700,113091,0,416018016,375607165,2733190312,134215,596400,479248871,782528,3276700,111140,583,771947
1785575477.796206540,2733192944,479248871,2733192944,0,2733529703,23073,65900,479248871,9996,39700,113091,0,416021084,375610218,2733190312,134215,596400,479248871,782528,3276700,111140,583,771947
1785575478.818740490,2733192944,479248871,2733192944,0,2733529703,23073,65900,479248871,9996,39700,113091,0,416024150,375613200,2733190312,134215,596400,479248871,782528,3276700,111140,583,771947
1785575479.842031978,2733192944,479248871,2733192944,0,2733529703,23073,65900,479248871,9996,39700,113091,0,416027219,375616252,2733190312,134215,596400,479248871,782528,3276700,111140,583,771947
1785575480.864933218,2733192944,479248871,2733192944,0,2733529703,23073,65900,479248871,9996,39700,113091,0,416030287,375619304,2733190312,134215,596400,479248871,782528,3276700,111140,583,771947
1785575481.887475938,2733192944,479248871,2733192944,0,2733529703,23073,65900,479248871,9996,39700,113091,0,416033353,375622329,2733190312,134215,596400,479248871,782528,3276700,111140,583,771947
1785575482.911052260,2733192944,479248871,2733192944,0,2733529703,23073,65900,479248871,9996,39700,113091,0,416036422,375625340,2733190312,134215,596400,479248871,782528,3276700,111140,583,771947
1785575483.932447925,2733192944,479248871,2733192944,0,2733529703,23073,65900,479248871,9996,39700,113091,0,416039487,375628373,2733190312,134215,596400,479248871,782528,3276700,111140,583,771947
1785575484.954820887,2733192944,479248871,2733192944,0,2733529703,23073,65900,479248871,9996,39700,113091,0,416042552,375631331,2733190312,134215,596400,479248871,782528,3276700,111140,583,771947
1785575485.974526791,2733192944,479248871,2733192944,0,2733529703,23073,65900,479248871,9996,39700,113091,0,416045609,375634353,2733190312,134215,596400,479248871,782528,3276700,111140,583,771947
1785575486.997789668,2733192944,479248871,2733192944,0,2733529703,23073,65900,479248871,9996,39700,113091,0,416048678,375637406,2733190312,134215,596400,479248871,782528,3276700,111140,583,771947
1785575488.020735977,2733192944,479248871,2733192944,0,2733529703,23073,65900,479248871,9996,39700,113091,0,416051747,375640409,2733190312,134215,596400,479248871,782528,3276700,111140,583,771947
1785575489.044121726,2733192944,479248871,2733192944,0,2733529703,23073,65900,479248871,9996,39700,113091,0,416054815,375643441,2733190312,134215,596400,479248871,782528,3276700,111140,583,771947
1785575490.066268512,2733192944,479248871,2733192944,0,2733529703,23073,65900,479248871,9996,39700,113091,0,416057882,375646483,2733190312,134215,596400,479248871,782528,3276700,111140,583,771947
1785575491.089644925,2733192944,479248871,2733192944,0,2733529703,23073,65900,479248871,9996,39700,113091,0,416060950,375649472,2733190312,134215,596400,479248871,782528,3276700,111140,583,771947
1785575492.114156091,2733192944,479248871,2733192944,0,2733529703,23073,65900,479248871,9996,39700,113091,0,416064023,375652527,2733190312,134215,596400,479248871,782528,3276700,111140,583,771947
1785575493.137929809,2733192944,479248871,2733192944,0,2733529703,23073,65900,479248871,9996,39700,113091,0,416067095,375655581,2733190312,134215,596400,479248871,782528,3276700,111140,583,771947
1785575494.161066860,2733192944,479248871,2733192944,0,2733529703,23073,65900,479248871,9996,39700,113091,0,416070165,375658564,2733190312,134215,596400,479248871,782528,3276700,111140,583,771947
1785575495.182256663,2733192944,479248871,2733192944,0,2733529703,23073,65900,479248871,9996,39700,113091,0,416073232,375661608,2733190312,134215,596400,479248871,782528,3276700,111140,583,771947
1785575496.206715426,2733192944,479248871,2733192944,0,2733529703,23073,65900,479248871,9996,39700,113091,0,416076303,375664612,2733190312,134215,596400,479248871,782528,3276700,111140,583,771947
1785575497.228347371,2733192944,479248871,2733192944,0,2733529703,23073,65900,479248871,9996,39700,113091,0,416079367,375667617,2733190312,134215,596400,479248871,782528,3276700,111140,583,771947
1785575498.251777317,2733192944,479248871,2733192944,0,2733529703,23073,65900,479248871,9996,39700,113091,0,416082435,375670669,2733190312,134215,596400,479248871,782528,3276700,111140,583,771947
1785575499.272766815,2733192944,479248871,2733192944,0,2733529703,23073,65900,479248871,9996,39700,113091,0,416085496,375673710,2733190312,134215,596400,479248871,782528,3276700,111140,583,771947
1785575500.296829078,2733192944,479248871,2733192944,0,2733529703,23073,65900,479248871,9996,39700,113091,0,416088568,375676701,2733190312,134215,596400,479248871,782528,3276700,111140,583,771947
1785575501.321233555,2733192944,479248871,2733192944,0,2733529703,23073,65900,479248871,9996,39700,113091,0,416091638,375679756,2733190312,134215,596400,479248871,782528,3276700,111140,583,771947
1785575502.343727710,2733192944,479248871,2733192944,0,2733529703,23073,65900,479248871,9996,39700,113091,0,416094707,375682759,2733190312,134215,596400,479248871,782528,3276700,111140,583,771947
1785575503.365166309,2733192944,479248871,2733192944,0,2733529703,23073,65900,479248871,9996,39700,113091,0,416097769,375685783,2733190312,134215,596400,479248871,782528,3276700,111140,583,771947
1785575504.388581677,2733192944,479248871,2733192944,0,2733529703,23073,65900,479248871,9996,39700,113091,0,416100840,375688837,2733190312,134215,596400,479248871,782528,3276700,111140,583,771947
1785575505.411354858,2733192944,479248871,2733192944,0,2733529703,23073,65900,479248871,9996,39700,113091,0,416103906,375691863,2733190312,134215,596400,479248871,782528,3276700,111140,583,771947
1785575506.435550067,2733192944,479248871,2733192944,0,2733529703,23073,65900,479248871,9996,39700,113091,0,416106980,375694852,2733190312,134215,596400,479248871,782528,3276700,111140,583,771947
1785575507.460437220,2733192944,479248871,2733192944,0,2733529703,23073,65900,479248871,9996,39700,113091,0,416110055,375697910,2733190312,134215,596400,479248871,782528,3276700,111140,583,771947
1785575508.483074464,2733192944,479248871,2733192944,0,2733529703,23073,65900,479248871,9996,39700,113091,0,416113122,375700893,2733190312,134215,596400,479248871,782528,3276700,111140,583,771947
1785575509.506142184,2733192944,479248871,2733192944,0,2733529703,23073,65900,479248871,9996,39700,113091,0,416116189,375703944,2733190312,134215,596400,479248871,782528,3276700,111140,583,771947
1785575510.529988272,2733192944,479248871,2733192944,0,2733529703,23073,65900,479248871,9996,39700,113091,0,416119261,375706999,2733190312,134215,596400,479248871,782528,3276700,111140,583,771947
1785575511.553846256,2733192944,479248871,2733192944,0,2733529703,23073,65900,479248871,9996,39700,113091,0,416122330,375710011,2733190312,134215,596400,479248871,782528,3276700,111140,583,771947
1785575512.578251442,2733192944,479248871,2733192944,0,2733529703,23073,65900,479248871,9996,39700,113091,0,416125402,375713039,2733190312,134215,596400,479248871,782528,3276700,111140,583,771947
1785575513.601375382,2733192944,479248871,2733192944,0,2733529703,23073,65900,479248871,9996,39700,113091,0,416128473,375716088,2733190312,134215,596400,479248871,782528,3276700,111140,583,771947
1785575514.625704661,2733192944,479248871,2733192944,0,2733529703,23073,65900,479248871,9996,39700,113091,0,416131545,375719078,2733190312,134215,596400,479248871,782528,3276700,111140,583,771947
1785575515.648661429,2733192944,479248871,2733192944,0,2733529703,23073,65900,479248871,9996,39700,113091,0,416134613,375722130,2733190312,134215,596400,479248871,782528,3276700,111140,583,771947
1785575516.672177534,2733192944,479248871,2733192944,0,2733529703,23073,65900,479248871,9996,39700,113091,0,416137681,375725158,2733190312,134215,596400,479248871,782528,3276700,111140,583,771947
1785575517.695582903,2733192944,479248871,2733192944,0,2733529703,23073,65900,479248871,9996,39700,113091,0,416140748,375728153,2733190312,134215,596400,479248871,782528,3276700,111140,583,771947
1785575518.721162397,2733192944,479248871,2733192944,0,2733529703,23073,65900,479248871,9996,39700,113091,0,416143824,375731200,2733190312,134215,596400,479248871,782528,3276700,111140,583,771947
1785575519.741039734,2733192944,479248871,2733192944,0,2733529703,23073,65900,479248871,9996,39700,113091,0,416146890,375734221,2733190312,134215,596400,479248871,782528,3276700,111140,583,771947
1785575520.764995566,2733192944,479248871,2733192944,0,2733529703,23073,65900,479248871,9996,39700,113091,0,416149954,375737230,2733190312,134215,596400,479248871,782528,3276700,111140,583,771947
1785575521.788103404,2733192944,479248871,2733192944,0,2733529703,23073,65900,479248871,9996,39700,113091,0,416153022,375740281,2733190312,134215,596400,479248871,782528,3276700,111140,583,771947
1785575522.810411900,2733192944,479248871,2733192944,0,2733529703,23073,65900,479248871,9996,39700,113091,0,416156091,375743330,2733190312,134215,596400,479248871,782528,3276700,111140,583,771947
1785575523.833251923,2733192944,479248871,2733192944,0,2733529703,23073,65900,479248871,9996,39700,113091,0,416159157,375746313,2733190312,134215,596400,479248871,782528,3276700,111140,583,771947
1785575524.857896727,2733192944,479248871,2733192944,0,2733529703,23073,65900,479248871,9996,39700,113091,0,416162232,375749370,2733190312,134215,596400,479248871,782528,3276700,111140,583,771947
1785575525.880962286,2733192944,479248871,2733192944,0,2733529703,23073,65900,479248871,9996,39700,113091,0,416165300,375752373,2733190312,134215,596400,479248871,782528,3276700,111140,583,771947
1785575526.902728615,2733192944,479248871,2733192944,0,2733529703,23073,65900,479248871,9996,39700,113091,0,416168365,375755378,2733190312,134215,596400,479248871,782528,3276700,111140,583,771947
1785575527.926770859,2733192944,479248871,2733192944,0,2733529703,23073,65900,479248871,9996,39700,113091,0,416171436,375758433,2733190312,134215,596400,479248871,782528,3276700,111140,583,771947
1785575528.950965182,2733192944,479248871,2733192944,0,2733529703,23073,65900,479248871,9996,39700,113091,0,416174508,375761469,2733190312,134215,596400,479248871,782528,3276700,111140,583,771947
1785575529.974542318,2733192944,479248871,2733192944,0,2733529703,23073,65900,479248871,9996,39700,113091,0,416177578,375764470,2733190312,134215,596400,479248871,782528,3276700,111140,583,771947
1785575530.998515074,2733192944,479248871,2733192944,0,2733529703,23073,65900,479248871,9996,39700,113091,0,416180648,375767526,2733190312,134215,596400,479248871,782528,3276700,111140,583,771947
1785575532.022809364,2733192944,479248871,2733192944,0,2733529703,23073,65900,479248871,9996,39700,113091,0,416183719,375770513,2733190312,134215,596400,479248871,782528,3276700,111140,583,771947
1785575533.044286542,2733192944,479248871,2733192944,0,2733529703,23073,65900,479248871,9996,39700,113091,0,416186784,375773561,2733190312,134215,596400,479248871,782528,3276700,111140,583,771947
1785575534.068057111,2733192944,479248871,2733192944,0,2733529703,23073,65900,479248871,9996,39700,113091,0,416189853,375776615,2733190312,134215,596400,479248871,782528,3276700,111140,583,771947
1785575535.091866010,2733192944,479248871,2733192944,0,2733529703,23073,65900,479248871,9996,39700,113091,0,416192922,375779635,2733190312,134215,596400,479248871,782528,3276700,111140,583,771947
1785575536.116200690,2733192944,479248871,2733192944,0,2733529703,23073,65900,479248871,9996,39700,113091,0,416195996,375782655,2733190312,134215,596400,479248871,782528,3276700,111140,583,771947
1785575537.139203370,2733192944,479248871,2733192944,0,2733529703,23073,65900,479248871,9996,39700,113091,0,416199065,375785663,2733190312,134215,596400,479248871,782528,3276700,111140,583,771947
