ts,cmd_get,cmd_set,get_hits,get_misses,rcount,ravg,rp99,wcount,wavg,wp99,badcrc,err5,cpu_total,cpu_idle,re2ec,re2ea,re2ep99,we2ec,we2ea,we2ep99,radmit,wadmit,wret,waitenq,yields
1785665095.294947611,1195177680,61666553,1195177680,0,1195177699,17597,57600,61666553,7482,30300,3,0,684589536,629971879,1195177680,23807,134700,61666553,9331,36100,6210,921,925,0,0
1785665096.317805179,1195177680,61666553,1195177680,0,1195177699,17597,57600,61666553,7482,30300,3,0,684592601,629974921,1195177680,23807,134700,61666553,9331,36100,6210,921,925,0,0
1785665097.340793570,1195177680,61666553,1195177680,0,1195177699,17597,57600,61666553,7482,30300,3,0,684595670,629977930,1195177680,23807,134700,61666553,9331,36100,6210,921,925,0,0
1785665098.363851984,1195177680,61666553,1195177680,0,1195177699,17597,57600,61666553,7482,30300,3,0,684598738,629980965,1195177680,23807,134700,61666553,9331,36100,6210,921,925,0,0
1785665099.385725372,1195177680,61666553,1195177680,0,1195177699,17597,57600,61666553,7482,30300,3,0,684601803,629983985,1195177680,23807,134700,61666553,9331,36100,6210,921,925,0,0
1785665100.409131512,1195177680,61666553,1195177680,0,1195177699,17597,57600,61666553,7482,30300,3,0,684604873,629986980,1195177680,23807,134700,61666553,9331,36100,6210,921,925,0,0
1785665101.431895114,1195177680,61666553,1195177680,0,1195177699,17597,57600,61666553,7482,30300,3,0,684607942,629990040,1195177680,23807,134700,61666553,9331,36100,6210,921,925,0,0
1785665102.455533276,1195177680,61666553,1195177680,0,1195177699,17597,57600,61666553,7482,30300,3,0,684611008,629993065,1195177680,23807,134700,61666553,9331,36100,6210,921,925,0,0
1785665103.479470225,1195177680,61666553,1195177680,0,1195177699,17597,57600,61666553,7482,30300,3,0,684614082,629996088,1195177680,23807,134700,61666553,9331,36100,6210,921,925,0,0
1785665104.500981152,1195177680,61666553,1195177680,0,1195177699,17597,57600,61666553,7482,30300,3,0,684617144,629999143,1195177680,23807,134700,61666553,9331,36100,6210,921,925,0,0
1785665105.523823397,1195177680,61666553,1195177680,0,1195177699,17597,57600,61666553,7482,30300,3,0,684620212,630002157,1195177680,23807,134700,61666553,9331,36100,6210,921,925,0,0
1785665106.545884308,1195177680,61666553,1195177680,0,1195177699,17597,57600,61666553,7482,30300,3,0,684623281,630005197,1195177680,23807,134700,61666553,9331,36100,6210,921,925,0,0
1785665107.568910133,1195177680,61666553,1195177680,0,1195177699,17597,57600,61666553,7482,30300,3,0,684626346,630008254,1195177680,23807,134700,61666553,9331,36100,6210,921,925,0,0
1785665108.591787291,1195177680,61666553,1195177680,0,1195177699,17597,57600,61666553,7482,30300,3,0,684629411,630011241,1195177680,23807,134700,61666553,9331,36100,6210,921,925,0,0
1785665109.613125336,1195177680,61666553,1195177680,0,1195177699,17597,57600,61666553,7482,30300,3,0,684632474,630014278,1195177680,23807,134700,61666553,9331,36100,6210,921,925,0,0
1785665110.637059114,1195177680,61666553,1195177680,0,1195177699,17597,57600,61666553,7482,30300,3,0,684635546,630017341,1195177680,23807,134700,61666553,9331,36100,6210,921,925,0,0
1785665111.658992665,1195177680,61666553,1195177680,0,1195177699,17597,57600,61666553,7482,30300,3,0,684638612,630020330,1195177680,23807,134700,61666553,9331,36100,6210,921,925,0,0
1785665112.682765789,1195177680,61666553,1195177680,0,1195177699,17597,57600,61666553,7482,30300,3,0,684641681,630023391,1195177680,23807,134700,61666553,9331,36100,6210,921,925,0,0
1785665113.706243957,1195177680,61666553,1195177680,0,1195177699,17597,57600,61666553,7482,30300,3,0,684644751,630026453,1195177680,23807,134700,61666553,9331,36100,6210,921,925,0,0
1785665114.729819055,1195177680,61666553,1195177680,0,1195177699,17597,57600,61666553,7482,30300,3,0,684647819,630029446,1195177680,23807,134700,61666553,9331,36100,6210,921,925,0,0
1785665115.753567064,1195177680,61666553,1195177680,0,1195177699,17597,57600,61666553,7482,30300,3,0,684650889,630032509,1195177680,23807,134700,61666553,9331,36100,6210,921,925,0,0
1785665116.776813442,1195177680,61666553,1195177680,0,1195177699,17597,57600,61666553,7482,30300,3,0,684653957,630035565,1195177680,23807,134700,61666553,9331,36100,6210,921,925,0,0
1785665117.799968812,1195177680,61666553,1195177680,0,1195177699,17597,57600,61666553,7482,30300,3,0,684657025,630038535,1195177680,23807,134700,61666553,9331,36100,6210,921,925,0,0
1785665118.824211012,1195177680,61666553,1195177680,0,1195177699,17597,57600,61666553,7482,30300,3,0,684660095,630041571,1195177680,23807,134700,61666553,9331,36100,6210,921,925,0,0
1785665119.846673583,1195177680,61666553,1195177680,0,1195177699,17597,57600,61666553,7482,30300,3,0,684663161,630044622,1195177680,23807,134700,61666553,9331,36100,6210,921,925,0,0
1785665120.869796744,1195177680,61666553,1195177680,0,1195177699,17597,57600,61666553,7482,30300,3,0,684666229,630047621,1195177680,23807,134700,61666553,9331,36100,6210,921,925,0,0
1785665121.893795029,1195177680,61666553,1195177680,0,1195177699,17597,57600,61666553,7482,30300,3,0,684669298,630050684,1195177680,23807,134700,61666553,9331,36100,6210,921,925,0,0
1785665122.916178793,1195177680,61666553,1195177680,0,1195177699,17597,57600,61666553,7482,30300,3,0,684672366,630053738,1195177680,23807,134700,61666553,9331,36100,6210,921,925,0,0
1785665123.939696386,1195177680,61666553,1195177680,0,1195177699,17597,57600,61666553,7482,30300,3,0,684675433,630056732,1195177680,23807,134700,61666553,9331,36100,6210,921,925,0,0
1785665124.963107561,1195177680,61666553,1195177680,0,1195177699,17597,57600,61666553,7482,30300,3,0,684678503,630059794,1195177680,23807,134700,61666553,9331,36100,6210,921,925,0,0
1785665125.986493523,1195177680,61666553,1195177680,0,1195177699,17597,57600,61666553,7482,30300,3,0,684681569,630062826,1195177680,23807,134700,61666553,9331,36100,6210,921,925,0,0
1785665127.010502124,1195177680,61666553,1195177680,0,1195177699,17597,57600,61666553,7482,30300,3,0,684684641,630065849,1195177680,23807,134700,61666553,9331,36100,6210,921,925,0,0
1785665128.032807701,1195177680,61666553,1195177680,0,1195177699,17597,57600,61666553,7482,30300,3,0,684687709,630068908,1195177680,23807,134700,61666553,9331,36100,6210,921,925,0,0
1785665129.054736628,1195177680,61666553,1195177680,0,1195177699,17597,57600,61666553,7482,30300,3,0,684690772,630071916,1195177680,23807,134700,61666553,9331,36100,6210,921,925,0,0
1785665130.077819442,1195177680,61666553,1195177680,0,1195177699,17597,57600,61666553,7482,30300,3,0,684693839,630074934,1195177680,23807,134700,61666553,9331,36100,6210,921,925,0,0
1785665131.101207952,1195177680,61666553,1195177680,0,1195177699,17597,57600,61666553,7482,30300,3,0,684696910,630077996,1195177680,23807,134700,61666553,9331,36100,6210,921,925,0,0
1785665132.121440553,1195177680,61666553,1195177680,0,1195177699,17597,57600,61666553,7482,30300,3,0,684699968,630080997,1195177680,23807,134700,61666553,9331,36100,6210,921,925,0,0
1785665133.144559882,1195177680,61666553,1195177680,0,1195177699,17597,57600,61666553,7482,30300,3,0,684703035,630084039,1195177680,23807,134700,61666553,9331,36100,6210,921,925,0,0
1785665134.167299747,1195177680,61666553,1195177680,0,1195177699,17597,57600,61666553,7482,30300,3,0,684706103,630087098,1195177680,23807,134700,61666553,9331,36100,6210,921,925,0,0
1785665135.190199080,1195177680,61666553,1195177680,0,1195177699,17597,57600,61666553,7482,30300,3,0,684709171,630090115,1195177680,23807,134700,61666553,9331,36100,6210,921,925,0,0
1785665136.214299726,1195177680,61666553,1195177680,0,1195177699,17597,57600,61666553,7482,30300,3,0,684712241,630093151,1195177680,23807,134700,61666553,9331,36100,6210,921,925,0,0
1785665137.237739944,1195177680,61666553,1195177680,0,1195177699,17597,57600,61666553,7482,30300,3,0,684715312,630096212,1195177680,23807,134700,61666553,9331,36100,6210,921,925,0,0
1785665138.261136687,1195177680,61666553,1195177680,0,1195177699,17597,57600,61666553,7482,30300,3,0,684718380,630099202,1195177680,23807,134700,61666553,9331,36100,6210,921,925,0,0
1785665139.282856554,1195177680,61666553,1195177680,0,1195177699,17597,57600,61666553,7482,30300,3,0,684721444,630102234,1195177680,23807,134700,61666553,9331,36100,6210,921,925,0,0
1785665140.306220851,1195177680,61666553,1195177680,0,1195177699,17597,57600,61666553,7482,30300,3,0,684724513,630105295,1195177680,23807,134700,61666553,9331,36100,6210,921,925,0,0
1785665141.329192243,1195177680,61666553,1195177680,0,1195177699,17597,57600,61666553,7482,30300,3,0,684727583,630108296,1195177680,23807,134700,61666553,9331,36100,6210,921,925,0,0
1785665142.351516120,1195177680,61666553,1195177680,0,1195177699,17597,57600,61666553,7482,30300,3,0,684730650,630111344,1195177680,23807,134700,61666553,9331,36100,6210,921,925,0,0
1785665143.374296879,1195177680,61666553,1195177680,0,1195177699,17597,57600,61666553,7482,30300,3,0,684733715,630114396,1195177680,23807,134700,61666553,9331,36100,6210,921,925,0,0
1785665144.395816369,1195177680,61666553,1195177680,0,1195177699,17597,57600,61666553,7482,30300,3,0,684736783,630117370,1195177680,23807,134700,61666553,9331,36100,6210,921,925,0,0
1785665145.418322963,1195177680,61666553,1195177680,0,1195177699,17597,57600,61666553,7482,30300,3,0,684739850,630120429,1195177680,23807,134700,61666553,9331,36100,6210,921,925,0,0
1785665146.440174549,1195177680,61666553,1195177680,0,1195177699,17597,57600,61666553,7482,30300,3,0,684742914,630123483,1195177680,23807,134700,61666553,9331,36100,6210,921,925,0,0
1785665147.464078744,1195177680,61666553,1195177680,0,1195177699,17597,57600,61666553,7482,30300,3,0,684745985,630126482,1195177680,23807,134700,61666553,9331,36100,6210,921,925,0,0
1785665148.488772025,1195177680,61666553,1195177680,0,1195177699,17597,57600,61666553,7482,30300,3,0,684749060,630129547,1195177680,23807,134700,61666553,9331,36100,6210,921,925,0,0
1785665149.512173241,1195177680,61666553,1195177680,0,1195177699,17597,57600,61666553,7482,30300,3,0,684752128,630132582,1195177680,23807,134700,61666553,9331,36100,6210,921,925,0,0
1785665150.535200622,1195177680,61666553,1195177680,0,1195177699,17597,57600,61666553,7482,30300,3,0,684755197,630135577,1195177680,23807,134700,61666553,9331,36100,6210,921,925,0,0
1785665151.559231048,1195177680,61666553,1195177680,0,1195177699,17597,57600,61666553,7482,30300,3,0,684758269,630138640,1195177680,23807,134700,61666553,9331,36100,6210,921,925,0,0
1785665152.581748876,1195177680,61666553,1195177680,0,1195177699,17597,57600,61666553,7482,30300,3,0,684761335,630141675,1195177680,23807,134700,61666553,9331,36100,6210,921,925,0,0
1785665153.605419646,1195177680,61666553,1195177680,0,1195177699,17597,57600,61666553,7482,30300,3,0,684764402,630144689,1195177680,23807,134700,61666553,9331,36100,6210,921,925,0,0
1785665154.629451134,1195177680,61666553,1195177680,0,1195177699,17597,57600,61666553,7482,30300,3,0,684767475,630147753,1195177680,23807,134700,61666553,9331,36100,6210,921,925,0,0
1785665155.654761764,1195177680,61666553,1195177680,0,1195177699,17597,57600,61666553,7482,30300,3,0,684770550,630150792,1195177680,23807,134700,61666553,9331,36100,6210,921,925,0,0
1785665156.679134370,1195177680,61666553,1195177680,0,1195177699,17597,57600,61666553,7482,30300,3,0,684773620,630153812,1195177680,23807,134700,61666553,9331,36100,6210,921,925,0,0
1785665157.703458561,1195177680,61666553,1195177680,0,1195177699,17597,57600,61666553,7482,30300,3,0,684776693,630156877,1195177680,23807,134700,61666553,9331,36100,6210,921,925,0,0
1785665158.727081042,1195177680,61666553,1195177680,0,1195177699,17597,57600,61666553,7482,30300,3,0,684779763,630159898,1195177680,23807,134700,61666553,9331,36100,6210,921,925,0,0
1785665159.750441140,1195177680,61666553,1195177680,0,1195177699,17597,57600,61666553,7482,30300,3,0,684782833,630162908,1195177680,23807,134700,61666553,9331,36100,6210,921,925,0,0
1785665160.775029739,1195177680,61666553,1195177680,0,1195177699,17597,57600,61666553,7482,30300,3,0,684785905,630165971,1195177680,23807,134700,61666553,9331,36100,6210,921,925,0,0
1785665161.798471299,1195177680,61666553,1195177680,0,1195177699,17597,57600,61666553,7482,30300,3,0,684788975,630168986,1195177680,23807,134700,61666553,9331,36100,6210,921,925,0,0
1785665162.822707430,1195177680,61666553,1195177680,0,1195177699,17597,57600,61666553,7482,30300,3,0,684792047,630172028,1195177680,23807,134700,61666553,9331,36100,6210,921,925,0,0
1785665163.847073668,1195177680,61666553,1195177680,0,1195177699,17597,57600,61666553,7482,30300,3,0,684795120,630175093,1195177680,23807,134700,61666553,9331,36100,6210,921,925,0,0
1785665164.867846127,1195177680,61666553,1195177680,0,1195177699,17597,57600,61666553,7482,30300,3,0,684798179,630178087,1195177680,23807,134700,61666553,9331,36100,6210,921,925,0,0
1785665165.892484608,1195177680,61666553,1195177680,0,1195177699,17597,57600,61666553,7482,30300,3,0,684801254,630181142,1195177680,23807,134700,61666553,9331,36100,6210,921,925,0,0
1785665166.916580620,1195177680,61666553,1195177680,0,1195177699,17597,57600,61666553,7482,30300,3,0,684804327,630184206,1195177680,23807,134700,61666553,9331,36100,6210,921,925,0,0
1785665167.938240675,1195177680,61666553,1195177680,0,1195177699,17597,57600,61666553,7482,30300,3,0,684807390,630187192,1195177680,23807,134700,61666553,9331,36100,6210,921,925,0,0
1785665168.961775207,1195177680,61666553,1195177680,0,1195177699,17597,57600,61666553,7482,30300,3,0,684810457,630190251,1195177680,23807,134700,61666553,9331,36100,6210,921,925,0,0
1785665169.984540178,1195177680,61666553,1195177680,0,1195177699,17597,57600,61666553,7482,30300,3,0,684813526,630193285,1195177680,23807,134700,61666553,9331,36100,6210,921,925,0,0
1785665171.007980692,1195177680,61666553,1195177680,0,1195177699,17597,57600,61666553,7482,30300,3,0,684816595,630196278,1195177680,23807,134700,61666553,9331,36100,6210,921,925,0,0
1785665172.031877370,1195177680,61666553,1195177680,0,1195177699,17597,57600,61666553,7482,30300,3,0,684819664,630199341,1195177680,23807,134700,61666553,9331,36100,6210,921,925,0,0
1785665173.052309476,1195177680,61666553,1195177680,0,1195177699,17597,57600,61666553,7482,30300,3,0,684822731,630202394,1195177680,23807,134700,61666553,9331,36100,6210,921,925,0,0
1785665174.075102418,1195177680,61666553,1195177680,0,1195177699,17597,57600,61666553,7482,30300,3,0,684825791,630205383,1195177680,23807,134700,61666553,9331,36100,6210,921,925,0,0
1785665175.091566244,1195177680,61666553,1195177680,0,1195177699,17597,57600,61666553,7482,30300,3,0,684828844,630208429,1195177680,23807,134700,61666553,9331,36100,6210,921,925,0,0
1785665176.113567886,1195177680,61666553,1195177680,0,1195177699,17597,57600,61666553,7482,30300,3,0,684831903,630211462,1195177680,23807,134700,61666553,9331,36100,6210,921,925,0,0
1785665177.136891767,1195177680,61666553,1195177680,0,1195177699,17597,57600,61666553,7482,30300,3,0,684834972,630214473,1195177680,23807,134700,61666553,9331,36100,6210,921,925,0,0
1785665178.158703114,1195177680,61666553,1195177680,0,1195177699,17597,57600,61666553,7482,30300,3,0,684838038,630217532,1195177680,23807,134700,61666553,9331,36100,6210,921,925,0,0
1785665179.178292494,1195177680,61666553,1195177680,0,1195177699,17597,57600,61666553,7482,30300,3,0,684841094,630220555,1195177680,23807,134700,61666553,9331,36100,6210,921,925,0,0
1785665180.199116248,1195177680,61666553,1195177680,0,1195177699,17597,57600,61666553,7482,30300,3,0,684844151,630223514,1195177680,23807,134700,61666553,9331,36100,6210,921,925,0,0
1785665181.223150048,1195177680,61666553,1195177680,0,1195177699,17597,57600,61666553,7482,30300,3,0,684847225,630226577,1195177680,23807,134700,61666553,9331,36100,6210,921,925,0,0
1785665182.246242869,1195177680,61666553,1195177680,0,1195177699,17597,57600,61666553,7482,30300,3,0,684850293,630229601,1195177680,23807,134700,61666553,9331,36100,6210,921,925,0,0
1785665183.270309461,1195177680,61666553,1195177680,0,1195177699,17597,57600,61666553,7482,30300,3,0,684853364,630232632,1195177680,23807,134700,61666553,9331,36100,6210,921,925,0,0
1785665184.293936832,1195177680,61666553,1195177680,0,1195177699,17597,57600,61666553,7482,30300,3,0,684856432,630235694,1195177680,23807,134700,61666553,9331,36100,6210,921,925,0,0
1785665185.314666030,1195177680,61666553,1195177680,0,1195177699,17597,57600,61666553,7482,30300,3,0,684859500,630238726,1195177680,23807,134700,61666553,9331,36100,6210,921,925,0,0
1785665186.338019563,1195177680,61666553,1195177680,0,1195177699,17597,57600,61666553,7482,30300,3,0,684862562,630241738,1195177680,23807,134700,61666553,9331,36100,6210,921,925,0,0
1785665187.360058007,1195177680,61666553,1195177680,0,1195177699,17597,57600,61666553,7482,30300,3,0,684865630,630244800,1195177680,23807,134700,61666553,9331,36100,6210,921,925,0,0
1785665188.380936159,1195177680,61666553,1195177680,0,1195177699,17597,57600,61666553,7482,30300,3,0,684868685,630247799,1195177680,23807,134700,61666553,9331,36100,6210,921,925,0,0
1785665189.404878158,1195177680,61666553,1195177680,0,1195177699,17597,57600,61666553,7482,30300,3,0,684871757,630250846,1195177680,23807,134700,61666553,9331,36100,6210,921,925,0,0
1785665190.427929125,1195177680,61666553,1195177680,0,1195177699,17597,57600,61666553,7482,30300,3,0,684874825,630253894,1195177680,23807,134700,61666553,9331,36100,6210,921,925,0,0
1785665191.450364653,1195177680,61666553,1195177680,0,1195177699,17597,57600,61666553,7482,30300,3,0,684877891,630256902,1195177680,23807,134700,61666553,9331,36100,6210,921,925,0,0
1785665192.473304728,1195177680,61666553,1195177680,0,1195177699,17597,57600,61666553,7482,30300,3,0,684880959,630259934,1195177680,23807,134700,61666553,9331,36100,6210,921,925,0,0
1785665193.495293219,1195177680,61666553,1195177680,0,1195177699,17597,57600,61666553,7482,30300,3,0,684884023,630262988,1195177680,23807,134700,61666553,9331,36100,6210,921,925,0,0
1785665194.518900731,1195177680,61666553,1195177680,0,1195177699,17597,57600,61666553,7482,30300,3,0,684887092,630265981,1195177680,23807,134700,61666553,9331,36100,6210,921,925,0,0
1785665195.542844260,1195177680,61666553,1195177680,0,1195177699,17597,57600,61666553,7482,30300,3,0,684890165,630269045,1195177680,23807,134700,61666553,9331,36100,6210,921,925,0,0
1785665196.566466928,1195177680,61666553,1195177680,0,1195177699,17597,57600,61666553,7482,30300,3,0,684893235,630272107,1195177680,23807,134700,61666553,9331,36100,6210,921,925,0,0
1785665197.589877896,1195177680,61666553,1195177680,0,1195177699,17597,57600,61666553,7482,30300,3,0,684896302,630275111,1195177680,23807,134700,61666553,9331,36100,6210,921,925,0,0
1785665198.613820462,1195177680,61666553,1195177680,0,1195177699,17597,57600,61666553,7482,30300,3,0,684899372,630278160,1195177680,23807,134700,61666553,9331,36100,6210,921,925,0,0
1785665199.637249363,1195177680,61666553,1195177680,0,1195177699,17597,57600,61666553,7482,30300,3,0,684902442,630281203,1195177680,23807,134700,61666553,9331,36100,6210,921,925,0,0
1785665200.660334625,1195177680,61666553,1195177680,0,1195177699,17597,57600,61666553,7482,30300,3,0,684905511,630284211,1195177680,23807,134700,61666553,9331,36100,6210,921,925,0,0
1785665201.685127622,1195177680,61666553,1195177680,0,1195177699,17597,57600,61666553,7482,30300,3,0,684908583,630287261,1195177680,23807,134700,61666553,9331,36100,6210,921,925,0,0
1785665202.707981893,1195177680,61666553,1195177680,0,1195177699,17597,57600,61666553,7482,30300,3,0,684911653,630290320,1195177680,23807,134700,61666553,9331,36100,6210,921,925,0,0
1785665203.728515819,1195177680,61666553,1195177680,0,1195177699,17597,57600,61666553,7482,30300,3,0,684914712,630293305,1195177680,23807,134700,61666553,9331,36100,6210,921,925,0,0
1785665204.751380497,1195177680,61666553,1195177680,0,1195177699,17597,57600,61666553,7482,30300,3,0,684917780,630296365,1195177680,23807,134700,61666553,9331,36100,6210,921,925,0,0
1785665205.774415179,1195177680,61666553,1195177680,0,1195177699,17597,57600,61666553,7482,30300,3,0,684920847,630299388,1195177680,23807,134700,61666553,9331,36100,6210,921,925,0,0
1785665206.795356766,1195177680,62453323,1195177680,0,1195177699,17597,57600,62455793,7496,30500,3,0,684923855,630301600,1195177680,23807,134700,62458840,9332,36300,6210,919,916,0,0
1785665207.817790583,1195177680,62666617,1195177680,0,1195177699,17597,57600,62666617,7494,30500,3,0,684926904,630304480,1195177680,23807,134700,62666617,9327,36400,6210,918,913,0,0
1785665208.840254221,1195177683,62666617,1195177683,0,1195177702,17597,57600,62666617,7494,30500,3,0,684929969,630307520,1195177683,23807,134700,62666617,9327,36400,6210,918,913,0,0
1785665209.862664190,1195177683,62666617,1195177683,0,1195177702,17597,57600,62666617,7494,30500,3,0,684933034,630310529,1195177683,23807,134700,62666617,9327,36400,6210,918,913,0,0
1785665210.885741666,1195177683,62666617,1195177683,0,1195177702,17597,57600,62666617,7494,30500,3,0,684936104,630313584,1195177683,23807,134700,62666617,9327,36400,6210,918,913,0,0
1785665211.908085374,1195177683,62666617,1195177683,0,1195177702,17597,57600,62666617,7494,30500,3,0,684939169,630316571,1195177683,23807,134700,62666617,9327,36400,6210,918,913,0,0
1785665212.931400189,1195177683,62666617,1195177683,0,1195177702,17597,57600,62666617,7494,30500,3,0,684942237,630319616,1195177683,23807,134700,62666617,9327,36400,6210,918,913,0,0
1785665213.957469785,1199573229,62666617,1199573229,0,1199577791,17614,57700,62666617,7494,30500,3,0,684945315,630321404,1199592904,23820,134700,62666617,9327,36400,6205,918,913,0,0
1785665214.981075672,1210641857,62666617,1210641857,0,1210646969,17650,57800,62666617,7494,30500,3,0,684948387,630321419,1210660516,23843,134700,62666617,9327,36400,6193,918,913,0,0
1785665216.007255959,1221706093,62666617,1221706093,0,1221710352,17683,57800,62666617,7494,30500,3,0,684951461,630321428,1221725503,23864,134800,62666617,9327,36400,6180,918,913,0,0
1785665217.031032738,1232970022,62666617,1232970022,0,1232974055,17712,57900,62666617,7494,30500,3,0,684954530,630321437,1232989657,23881,134800,62666617,9327,36400,6167,918,913,0,0
1785665218.061534768,1243949533,62666617,1243949533,0,1243953782,17743,57900,62666617,7494,30500,3,0,684957621,630321446,1243970296,23900,134800,62666617,9327,36400,6156,918,913,0,0
1785665219.087743710,1255297958,62666617,1255297958,0,1255302622,17771,57900,62666617,7494,30500,3,0,684960699,630321446,1255317630,23916,134900,62666617,9327,36400,6143,918,913,0,0
1785665220.114619312,1266572153,62666617,1266572153,0,1266576752,17799,58000,62666617,7494,30500,3,0,684963778,630321447,1266590221,23931,134900,62666617,9327,36400,6131,918,913,0,0
1785665221.140219944,1277554210,62666617,1277554210,0,1277559113,17827,58000,62666617,7494,30500,3,0,684966855,630321453,1277574128,23949,134900,62666617,9327,36400,6120,918,913,0,0
1785665222.166385153,1288615084,62666617,1288615084,0,1288619428,17855,58100,62666617,7494,30500,3,0,684969930,630321469,1288636086,23965,135000,62666617,9327,36400,6109,918,913,0,0
1785665223.193876092,1299882544,62666617,1299882544,0,1299886580,17881,58100,62666617,7494,30500,3,0,684973014,630321477,1299902614,23979,135000,62666617,9327,36400,6098,918,913,0,0
1785665224.220894098,1310821721,62666617,1310821721,0,1310826247,17908,58200,62666617,7494,30500,3,0,684976091,630321493,1310840838,23997,135100,62666617,9327,36400,6088,918,913,0,0
1785665225.250071057,1322088699,62666617,1322088699,0,1322092971,17933,58200,62666617,7494,30500,3,0,684979170,630321494,1322108323,24010,135100,62666617,9327,36400,6076,918,913,0,0
1785665226.277528529,1333284024,62666617,1333284024,0,1333288033,17959,58200,62666617,7494,30500,3,0,684982258,630321513,1333303770,24025,135100,62666617,9327,36400,6066,918,913,0,0
1785665227.308172909,1344299280,62666617,1344299280,0,1344303870,17984,58300,62666617,7494,30500,3,0,684985338,630321520,1344316626,24041,135200,62666617,9327,36400,6056,918,913,0,0
1785665228.333219250,1355553043,62666617,1355553043,0,1355557386,18007,58300,62666617,7494,30500,3,0,684988424,630321521,1355573128,24054,135200,62666617,9327,36400,6046,918,913,0,0
1785665229.364401425,1366731824,62666617,1366731824,0,1366736724,18032,58300,62666617,7494,30500,3,0,684991515,630321539,1366782983,24068,135200,62666617,9327,36400,6035,918,913,0,0
1785665230.390001593,1377796959,62666617,1377796959,0,1377801564,18056,58400,62666617,7494,30500,3,0,684994589,630321553,1377817876,24083,135300,62666617,9327,36400,6026,918,913,0,0
1785665231.412581227,1389089348,62666617,1389089348,0,1389092720,18079,58400,62666617,7494,30500,3,0,684997654,630321556,1389105011,24095,135300,62666617,9327,36400,6015,918,913,0,0
1785665232.435714962,1400242941,62666617,1400242941,0,1400248268,18101,58400,62666617,7494,30500,3,0,685000726,630321572,1400263234,24108,135300,62666617,9327,36400,6006,918,913,0,0
1785665233.463954852,1411157624,62666617,1411157624,0,1411162615,18126,58400,62666617,7494,30500,3,0,685003808,630321599,1411178383,24124,135300,62666617,9327,36400,5998,918,913,0,0
1785665234.488723060,1422450552,62666617,1422450552,0,1422454944,18147,58500,62666617,7494,30500,3,0,685006879,630321607,1422469785,24136,135300,62666617,9327,36400,5988,918,913,0,0
1785665235.512583840,1433484591,62666617,1433484591,0,1433489256,18170,58500,62666617,7494,30500,3,0,685009949,630321610,1433503333,24149,135300,62666617,9327,36400,5979,918,913,0,0
1785665236.536785371,1444569637,62666617,1444569637,0,1444573852,18192,58500,62666617,7494,30500,3,0,685013020,630321624,1444590488,24163,135400,62666617,9327,36400,5970,918,913,0,0
1785665237.558440530,1455746205,62666617,1455746205,0,1455750561,18213,58600,62666617,7494,30500,3,0,685016087,630321654,1455766504,24175,135400,62666617,9327,36400,5961,918,913,0,0
1785665238.584307289,1466941403,62666617,1466941403,0,1466944609,18234,58600,62666617,7494,30500,3,0,685019160,630321662,1466958250,24187,135400,62666617,9327,36400,5952,918,913,0,0
1785665239.604652613,1477837764,62666617,1477837764,0,1477840743,18255,58600,62666617,7494,30500,3,0,685022221,630321682,1477852444,24201,135400,62666617,9327,36400,5944,918,913,0,0
1785665240.632743442,1489117691,62666617,1489117691,0,1489122445,18275,58700,62666617,7494,30500,3,0,685025303,630321682,1489138504,24211,135400,62666617,9327,36400,5935,918,913,0,0
1785665241.658227219,1500035233,62666617,1500035233,0,1500039019,18296,58700,62666617,7494,30500,3,0,685028377,630321699,1500055068,24225,135500,62666617,9327,36400,5928,918,913,0,0
1785665242.685108855,1510885438,62666617,1510885438,0,1510891185,18317,58700,62666617,7494,30500,3,0,685031459,630321710,1510906877,24239,135500,62666617,9327,36400,5921,918,913,0,0
1785665243.703340261,1520246615,62666617,1520246615,0,1520246634,18333,58700,62666617,7494,30500,3,0,685034518,630322233,1520246615,24248,135500,62666617,9327,36400,5914,918,913,0,0
1785665244.721347797,1520246615,62666617,1520246615,0,1520246634,18333,58700,62666617,7494,30500,3,0,685037571,630325255,1520246615,24248,135500,62666617,9327,36400,5914,918,913,0,0
1785665245.744944166,1520246615,62666617,1520246615,0,1520246634,18333,58700,62666617,7494,30500,3,0,685040636,630328272,1520246615,24248,135500,62666617,9327,36400,5914,918,913,0,0
1785665246.768783480,1520246615,62666617,1520246615,0,1520246634,18333,58700,62666617,7494,30500,3,0,685043705,630331334,1520246615,24248,135500,62666617,9327,36400,5914,918,913,0,0
1785665247.790715328,1520246615,62666617,1520246615,0,1520246634,18333,58700,62666617,7494,30500,3,0,685046774,630334366,1520246615,24248,135500,62666617,9327,36400,5914,918,913,0,0
1785665248.814582076,1520246615,62666617,1520246615,0,1520246634,18333,58700,62666617,7494,30500,3,0,685049841,630337387,1520246615,24248,135500,62666617,9327,36400,5914,918,913,0,0
1785665249.837886636,1520246615,62666617,1520246615,0,1520246634,18333,58700,62666617,7494,30500,3,0,685052910,630340448,1520246615,24248,135500,62666617,9327,36400,5914,918,913,0,0
1785665250.860420144,1520246615,62666617,1520246615,0,1520246634,18333,58700,62666617,7494,30500,3,0,685055979,630343457,1520246615,24248,135500,62666617,9327,36400,5914,918,913,0,0
1785665251.884500986,1520246615,62666617,1520246615,0,1520246634,18333,58700,62666617,7494,30500,3,0,685059048,630346498,1520246615,24248,135500,62666617,9327,36400,5914,918,913,0,0
1785665252.908359842,1520246615,62666617,1520246615,0,1520246634,18333,58700,62666617,7494,30500,3,0,685062117,630349537,1520246615,24248,135500,62666617,9327,36400,5914,918,913,0,0
1785665253.929563354,1520246615,62666617,1520246615,0,1520246634,18333,58700,62666617,7494,30500,3,0,685065180,630352543,1520246615,24248,135500,62666617,9327,36400,5914,918,913,0,0
1785665254.953305490,1520246615,62666617,1520246615,0,1520246634,18333,58700,62666617,7494,30500,3,0,685068249,630355583,1520246615,24248,135500,62666617,9327,36400,5914,918,913,0,0
1785665255.976929776,1520246615,62666617,1520246615,0,1520246634,18333,58700,62666617,7494,30500,3,0,685071318,630358645,1520246615,24248,135500,62666617,9327,36400,5914,918,913,0,0
1785665256.999339925,1520246615,62666617,1520246615,0,1520246634,18333,58700,62666617,7494,30500,3,0,685074381,630361634,1520246615,24248,135500,62666617,9327,36400,5914,918,913,0,0
1785665258.022926409,1520246615,62666617,1520246615,0,1520246634,18333,58700,62666617,7494,30500,3,0,685077452,630364697,1520246615,24248,135500,62666617,9327,36400,5914,918,913,0,0
1785665259.042359177,1520246615,62666617,1520246615,0,1520246634,18333,58700,62666617,7494,30500,3,0,685080515,630367752,1520246615,24248,135500,62666617,9327,36400,5914,918,913,0,0
1785665260.061256646,1520246615,62666617,1520246615,0,1520246634,18333,58700,62666617,7494,30500,3,0,685083562,630370728,1520246615,24248,135500,62666617,9327,36400,5914,918,913,0,0
1785665261.084070681,1520246615,62666617,1520246615,0,1520246634,18333,58700,62666617,7494,30500,3,0,685086632,630373788,1520246615,24248,135500,62666617,9327,36400,5914,918,913,0,0
1785665262.104675555,1520246615,62666617,1520246615,0,1520246634,18333,58700,62666617,7494,30500,3,0,685089697,630376841,1520246615,24248,135500,62666617,9327,36400,5914,918,913,0,0
1785665263.126195249,1520246615,62666617,1520246615,0,1520246634,18333,58700,62666617,7494,30500,3,0,685092756,630379807,1520246615,24248,135500,62666617,9327,36400,5914,918,913,0,0
1785665264.149734487,1520246615,62666617,1520246615,0,1520246634,18333,58700,62666617,7494,30500,3,0,685095827,630382869,1520246615,24248,135500,62666617,9327,36400,5914,918,913,0,0
1785665265.172492403,1520246615,62666617,1520246615,0,1520246634,18333,58700,62666617,7494,30500,3,0,685098893,630385924,1520246615,24248,135500,62666617,9327,36400,5914,918,913,0,0
1785665266.195503680,1520246615,62666617,1520246615,0,1520246634,18333,58700,62666617,7494,30500,3,0,685101961,630388917,1520246615,24248,135500,62666617,9327,36400,5914,918,913,0,0
1785665267.219075174,1520246615,62666617,1520246615,0,1520246634,18333,58700,62666617,7494,30500,3,0,685105031,630391979,1520246615,24248,135500,62666617,9327,36400,5914,918,913,0,0
1785665268.248045472,1522014062,62863065,1522014062,0,1522017036,18330,58700,62864033,7496,30500,3,0,685108115,630394296,1522027740,24249,135600,62865254,9328,36400,5918,917,913,0,0
1785665269.275110579,1530378411,63792435,1530378411,0,1530382078,18306,58700,63793541,7492,30500,3,0,685111199,630394315,1530394019,24238,135600,63794864,9319,36300,5931,912,913,0,0
1785665270.300104020,1538875387,64736544,1538875387,0,1538878593,18280,58700,64737560,7488,30500,3,0,685114270,630394317,1538889847,24225,135700,64738826,9308,36100,5944,907,911,0,0
1785665271.324474633,1547307177,65673412,1547307177,0,1547310906,18255,58600,65674496,7484,30500,3,0,685117339,630394326,1547322871,24213,135700,65675780,9298,36100,5957,902,910,0,0
1785665272.347858481,1555621891,66597261,1555621891,0,1555624803,18231,58600,66598274,7480,30400,3,0,685120407,630394332,1555636888,24202,135800,66599583,9289,36000,5970,898,909,0,0
1785665273.370438416,1563999956,67528162,1563999956,0,1564003283,18207,58600,67529194,7477,30400,4,0,685123469,630394346,1564014913,24190,135800,67530400,9280,35900,5982,894,908,0,0
1785665274.395871271,1572278774,68448031,1572278774,0,1572281888,18184,58500,68448968,7473,30400,5,0,685126545,630394358,1572293027,24179,135900,68451233,9271,35800,5995,889,906,0,0
1785665275.422346018,1580693137,69382965,1580693137,0,1580696770,18160,58500,69384000,7469,30400,5,0,685129620,630394365,1580708128,24168,136000,69385303,9261,35700,6007,885,905,0,0
1785665276.448310147,1589170099,70324847,1589170099,0,1589173171,18135,58500,70325878,7465,30400,5,0,685132695,630394379,1589184546,24155,136000,70327168,9251,35600,6019,881,903,0,0
1785665277.475787077,1597497131,71250073,1597497131,0,1597499933,18113,58400,71250923,7462,30300,5,0,685135773,630394391,1597509591,24144,136100,71252081,9243,35600,6031,877,902,0,0
1785665278.505868742,1605850479,72178216,1605850479,0,1605853927,18090,58400,72179276,7459,30300,5,0,685138864,630394397,1605865915,24134,136100,72180581,9234,35500,6043,873,901,0,0
1785665279.525841354,1614284800,73115370,1614284800,0,1614288010,18067,58400,73116232,7455,30300,5,0,685141921,630394399,1614297870,24122,136200,73117366,9225,35400,6054,870,899,0,0
1785665280.548528596,1622464235,74024198,1622464235,0,1622468025,18046,58300,74025269,7452,30300,5,0,685144986,630394425,1622479488,24113,136300,74026486,9218,35400,6066,866,898,0,0
1785665281.576983978,1630892053,74960621,1630892053,0,1630895837,18023,58300,74961672,7449,30300,5,0,685148064,630394437,1630907469,24102,136300,74962952,9210,35300,6078,862,897,0,0
1785665282.603428855,1639385994,75904389,1639385994,0,1639389724,18000,58300,75905490,7445,30300,5,0,685151134,630394437,1639402334,24089,136400,75906827,9201,35300,6089,859,896,0,0
1785665283.631891524,1647591832,76816155,1647591832,0,1647594639,17980,58200,76817148,7442,30200,5,0,685154223,630394459,1647605976,24081,136400,76818349,9195,35200,6101,855,895,0,0
1785665284.655190366,1655986537,77748892,1655986537,0,1655989917,17958,58200,77749848,7439,30200,5,0,685157289,630394463,1656000088,24070,136500,77751030,9186,35100,6112,852,894,0,0
1785665285.677771628,1664429742,78687027,1664429742,0,1664433363,17935,58200,78688073,7435,30200,5,0,685160351,630394464,1664444399,24059,136500,78689305,9179,35100,6123,849,893,0,0
1785665286.701244318,1672626879,79597821,1672626879,0,1672629700,17916,58200,79598769,7433,30200,5,0,685163421,630394489,1672640575,24051,136600,79599997,9172,35000,6134,846,892,0,0
1785665287.728139170,1681067672,80535691,1681067672,0,1681071649,17894,58100,80536793,7430,30200,5,0,685166498,630394496,1681083508,24040,136700,80538123,9165,35000,6145,843,891,0,0
1785665288.750274423,1689507938,81473493,1689507938,0,1689511011,17872,58100,81474432,7426,30200,5,0,685169561,630394498,1689521006,24029,136700,81475584,9157,34900,6155,839,890,0,0
1785665289.774729794,1697659794,82379254,1697659794,0,1697663366,17854,58000,82380293,7425,30100,5,0,685172630,630394538,1697674889,24021,136800,82381566,9152,34900,6167,837,889,0,0
1785665290.801204068,1706162181,83323959,1706162181,0,1706166180,17832,58000,83325062,7422,30100,5,0,685175708,630394539,1706178416,24010,136800,83326470,9145,34800,6177,834,888,0,0
1785665291.823435129,1714553908,84256378,1714553908,0,1714556731,17812,58000,84257286,7419,30100,5,0,685178776,630394556,1714567595,24000,136900,84258475,9138,34800,6187,831,887,0,0
1785665292.845997846,1722813303,85174093,1722813303,0,1722816674,17793,58000,85175089,7416,30100,5,0,685181837,630394579,1722827868,23991,136900,85176341,9132,34800,6198,828,886,0,0
1785665293.871674614,1731138773,86099146,1731138773,0,1731142672,17773,57900,86100162,7414,30100,5,0,685184908,630394596,1731154238,23982,137000,86101574,9126,34700,6208,825,885,0,0
1785665294.900220894,1739553559,87034122,1739553559,0,1739557160,17754,57900,87035175,7411,30100,5,0,685187986,630394606,1739568911,23972,137000,87036528,9120,34700,6218,823,884,0,0
1785665295.921948269,1747814049,87951952,1747814049,0,1747817001,17735,57900,87952916,7409,30100,6,0,685191054,630394621,1747827912,23964,137100,87954083,9115,34600,6228,820,884,0,0
1785665296.945661928,1756251124,88889409,1756251124,0,1756254366,17715,57800,88890299,7406,30100,6,0,685194120,630394624,1756264371,23954,137100,88891502,9109,34600,6238,818,883,0,0
1785665297.970862001,1764601797,89817255,1764601797,0,1764605130,17696,57800,89818244,7404,30000,6,0,685197194,630394636,1764616348,23945,137200,89819527,9103,34600,6248,815,882,0,0
1785665298.990702295,1764835103,89843176,1764835103,0,1764835144,17696,57800,89843176,7404,30000,6,0,685200253,630397590,1764835103,23945,137200,89843176,9103,34600,6248,815,882,0,0
1785665300.015658265,1764835103,89843176,1764835103,0,1764835144,17696,57800,89843176,7404,30000,6,0,685203328,630400656,1764835103,23945,137200,89843176,9103,34600,6248,815,882,0,0
1785665301.036955340,1764835103,89843176,1764835103,0,1764835144,17696,57800,89843176,7404,30000,6,0,685206396,630403686,1764835103,23945,137200,89843176,9103,34600,6248,815,882,0,0
1785665302.056933486,1764835103,89843176,1764835103,0,1764835144,17696,57800,89843176,7404,30000,6,0,685209451,630406695,1764835103,23945,137200,89843176,9103,34600,6248,815,882,0,0
1785665303.077011372,1764835103,89843176,1764835103,0,1764835144,17696,57800,89843176,7404,30000,6,0,685212510,630409747,1764835103,23945,137200,89843176,9103,34600,6248,815,882,0,0
1785665304.106433269,1771679972,89843176,1771679972,0,1771684113,17717,57900,89843176,7404,30000,6,0,685215597,630410720,1771698721,23962,137200,89843176,9103,34600,6245,815,882,0,0
1785665305.131535869,1782385140,89843176,1782385140,0,1782389354,17740,57900,89843176,7404,30000,6,0,685218673,630410729,1782404634,23978,137300,89843176,9103,34600,6237,815,882,0,0
1785665306.157402686,1793573050,89843176,1793573050,0,1793577133,17761,58000,89843176,7404,30000,6,0,685221746,630410735,1793592855,23990,137200,89843176,9103,34600,6228,815,882,0,0
1785665307.182026803,1804511348,89843176,1804511348,0,1804515336,17783,58000,89843176,7404,30000,6,0,685224824,630410741,1804526479,24004,137300,89843176,9103,34600,6220,815,882,0,0
1785665308.206518598,1815531487,89843176,1815531487,0,1815536544,17803,58000,89843176,7404,30000,6,0,685227893,630410748,1815553300,24015,137300,89843176,9103,34600,6212,815,882,0,0
1785665309.229474232,1826653793,89843176,1826653793,0,1826658611,17822,58100,89843176,7404,30000,6,0,685230963,630410758,1826674288,24026,137300,89843176,9103,34600,6203,815,882,0,0
1785665310.253136656,1837609483,89843176,1837609483,0,1837613546,17842,58100,89843176,7404,30000,6,0,685234032,630410776,1837629145,24038,137300,89843176,9103,34600,6195,815,882,0,0
1785665311.282844077,1848574180,89843176,1848574180,0,1848580084,17861,58100,89843176,7404,30000,6,0,685237118,630410785,1848596351,24050,137300,89843176,9103,34600,6188,815,882,0,0
1785665312.308803070,1859694105,89843176,1859694105,0,1859698726,17880,58200,89843176,7404,30000,6,0,685240196,630410785,1859713571,24060,137300,89843176,9103,34600,6179,815,882,0,0
1785665313.332516214,1870478947,89843176,1870478947,0,1870483149,17899,58200,89843176,7404,30000,6,0,685243266,630410792,1870498071,24072,137400,89843176,9103,34600,6172,815,882,0,0
1785665314.358151225,1881596378,89843176,1881596378,0,1881601840,17917,58200,89843176,7404,30000,6,0,685246340,630410793,1881616955,24082,137400,89843176,9103,34600,6164,815,882,0,0
1785665315.383853947,1892633265,89843176,1892633265,0,1892638227,17935,58300,89843176,7404,30000,6,0,685249418,630410800,1892653375,24093,137400,89843176,9103,34600,6157,815,882,0,0
1785665316.413662059,1903555584,89843176,1903555584,0,1903559628,17953,58300,89843176,7404,30000,6,0,685252506,630410810,1903575574,24104,137400,89843176,9103,34600,6150,815,882,0,0
1785665317.439157183,1914633426,89843176,1914633426,0,1914638708,17971,58300,89843176,7404,30000,6,0,685255582,630410815,1914656247,24114,137400,89843176,9103,34600,6142,815,882,0,0
1785665318.465434012,1925793799,89843176,1925793799,0,1925797965,17988,58300,89843176,7404,30000,6,0,685258659,630410821,1925813599,24123,137400,89843176,9103,34600,6134,815,882,0,0
1785665319.489402517,1936648342,89843176,1936648342,0,1936653345,18005,58400,89843176,7404,30000,6,0,685261730,630410828,1936669447,24134,137400,89843176,9103,34600,6128,815,882,0,0
1785665320.517953060,1947909249,89843176,1947909249,0,1947913716,18021,58400,89843176,7404,30000,6,0,685264816,630410828,1947929207,24142,137400,89843176,9103,34600,6120,815,882,0,0
1785665321.541564364,1959116019,89843176,1959116019,0,1959120993,18038,58400,89843176,7404,30000,6,0,685267884,630410832,1959137407,24151,137400,89843176,9103,34600,6112,815,882,0,0
1785665322.569021758,1970042460,89843176,1970042460,0,1970047001,18054,58400,89843176,7404,30000,6,0,685270967,630410835,1970079919,24161,137400,89843176,9103,34600,6106,815,882,0,0
1785665323.593908896,1981150226,89843176,1981150226,0,1981155715,18071,58500,89843176,7404,30000,6,0,685274039,630410843,1981171508,24170,137400,89843176,9103,34600,6098,815,882,0,0
1785665324.620437261,1992209279,89843176,1992209279,0,1992213028,18087,58500,89843176,7404,30000,6,0,685277119,630410848,1992227141,24179,137400,89843176,9103,34600,6092,815,882,0,0
1785665325.648352247,2003025370,89843176,2003025370,0,2003029765,18104,58500,89843176,7404,30000,6,0,685280203,630410856,2003045155,24190,137400,89843176,9103,34600,6086,815,882,0,0
1785665326.672377853,2014153160,89843176,2014153160,0,2014157683,18119,58500,89843176,7404,30000,6,0,685283273,630410862,2014173418,24199,137400,89843176,9103,34600,6078,815,882,0,0
1785665327.695197485,2025270074,89843176,2025270074,0,2025275622,18134,58600,89843176,7404,30000,6,0,685286341,630410872,2025291955,24207,137400,89843176,9103,34600,6071,815,882,0,0
1785665328.721483656,2036084472,89843176,2036084472,0,2036088734,18151,58600,89843176,7404,30000,6,0,685289420,630410897,2036104122,24217,137400,89843176,9103,34600,6066,815,882,0,0
1785665329.744527150,2047239957,89843176,2047239957,0,2047243612,18165,58600,89843176,7404,30000,6,0,685292486,630410902,2047256569,24225,137400,89843176,9103,34600,6059,815,882,0,0
1785665330.769251278,2058291140,89843176,2058291140,0,2058296413,18180,58600,89843176,7404,30000,6,0,685295559,630410905,2058311085,24233,137400,89843176,9103,34600,6052,815,882,0,0
1785665331.797194304,2069328077,89843176,2069328077,0,2069332801,18196,58700,89843176,7404,30000,6,0,685298643,630410909,2069347236,24242,137400,89843176,9103,34600,6046,815,882,0,0
1785665332.820104863,2080523570,89843176,2080523570,0,2080528011,18210,58700,89843176,7404,30000,6,0,685301710,630410913,2080543089,24250,137300,89843176,9103,34600,6039,815,882,0,0
1785665333.839646103,2086918031,89843176,2086918031,0,2086918072,18218,58700,89843176,7404,30000,6,0,685304766,630412227,2086918031,24254,137300,89843176,9103,34600,6035,815,882,0,0
1785665334.860393522,2086918031,89843176,2086918031,0,2086918072,18218,58700,89843176,7404,30000,6,0,685307827,630415227,2086918031,24254,137300,89843176,9103,34600,6035,815,882,0,0
1785665335.884564842,2086918031,89843176,2086918031,0,2086918072,18218,58700,89843176,7404,30000,6,0,685310896,630418266,2086918031,24254,137300,89843176,9103,34600,6035,815,882,0,0
1785665336.907071434,2086918031,89843176,2086918031,0,2086918072,18218,58700,89843176,7404,30000,6,0,685313964,630421277,2086918031,24254,137300,89843176,9103,34600,6035,815,882,0,0
1785665337.929401088,2086918031,89843176,2086918031,0,2086918072,18218,58700,89843176,7404,30000,6,0,685317029,630424313,2086918031,24254,137300,89843176,9103,34600,6035,815,882,0,0
1785665338.953819772,2086918031,89843176,2086918031,0,2086918072,18218,58700,89843176,7404,30000,6,0,685320104,630427378,2086918031,24254,137300,89843176,9103,34600,6035,815,882,0,0
1785665339.976561592,2086918031,89843176,2086918031,0,2086918072,18218,58700,89843176,7404,30000,6,0,685323171,630430405,2086918031,24254,137300,89843176,9103,34600,6035,815,882,0,0
1785665341.001327683,2086918031,89843176,2086918031,0,2086918072,18218,58700,89843176,7404,30000,6,0,685326243,630433434,2086918031,24254,137300,89843176,9103,34600,6035,815,882,0,0
1785665342.025824867,2086918031,89843176,2086918031,0,2086918072,18218,58700,89843176,7404,30000,6,0,685329316,630436499,2086918031,24254,137300,89843176,9103,34600,6035,815,882,0,0
1785665343.047482091,2086918031,89843176,2086918031,0,2086918072,18218,58700,89843176,7404,30000,6,0,685332381,630439492,2086918031,24254,137300,89843176,9103,34600,6035,815,882,0,0
1785665344.069795198,2086918031,89843176,2086918031,0,2086918072,18218,58700,89843176,7404,30000,6,0,685335445,630442543,2086918031,24254,137300,89843176,9103,34600,6035,815,882,0,0
1785665345.094160861,2086918031,89843176,2086918031,0,2086918072,18218,58700,89843176,7404,30000,6,0,685338519,630445607,2086918031,24254,137300,89843176,9103,34600,6035,815,882,0,0
1785665346.115277014,2086918031,89843176,2086918031,0,2086918072,18218,58700,89843176,7404,30000,6,0,685341583,630448586,2086918031,24254,137300,89843176,9103,34600,6035,815,882,0,0
1785665347.140336804,2086918031,89843176,2086918031,0,2086918072,18218,58700,89843176,7404,30000,6,0,685344656,630451634,2086918031,24254,137300,89843176,9103,34600,6035,815,882,0,0
1785665348.164163200,2086918031,89843176,2086918031,0,2086918072,18218,58700,89843176,7404,30000,6,0,685347726,630454694,2086918031,24254,137300,89843176,9103,34600,6035,815,882,0,0
1785665349.187838490,2086918031,89843176,2086918031,0,2086918072,18218,58700,89843176,7404,30000,6,0,685350798,630457690,2086918031,24254,137300,89843176,9103,34600,6035,815,882,0,0
1785665350.211721231,2086918031,89843176,2086918031,0,2086918072,18218,58700,89843176,7404,30000,6,0,685353868,630460754,2086918031,24254,137300,89843176,9103,34600,6035,815,882,0,0
1785665351.234889310,2086918031,89843176,2086918031,0,2086918072,18218,58700,89843176,7404,30000,6,0,685356940,630463816,2086918031,24254,137300,89843176,9103,34600,6035,815,882,0,0
1785665352.258920234,2086918031,89843176,2086918031,0,2086918072,18218,58700,89843176,7404,30000,6,0,685360007,630466808,2086918031,24254,137300,89843176,9103,34600,6035,815,882,0,0
1785665353.282987743,2086918031,89843176,2086918031,0,2086918072,18218,58700,89843176,7404,30000,6,0,685363080,630469871,2086918031,24254,137300,89843176,9103,34600,6035,815,882,0,0
1785665354.305397313,2086918031,89843176,2086918031,0,2086918072,18218,58700,89843176,7404,30000,6,0,685366146,630472906,2086918031,24254,137300,89843176,9103,34600,6035,815,882,0,0
1785665355.327968127,2086918031,89843176,2086918031,0,2086918072,18218,58700,89843176,7404,30000,6,0,685369211,630475920,2086918031,24254,137300,89843176,9103,34600,6035,815,882,0,0
1785665356.352124532,2086918031,89843176,2086918031,0,2086918072,18218,58700,89843176,7404,30000,6,0,685372281,630478960,2086918031,24254,137300,89843176,9103,34600,6035,815,882,0,0
1785665357.375734934,2086918031,89843176,2086918031,0,2086918072,18218,58700,89843176,7404,30000,6,0,685375351,630482009,2086918031,24254,137300,89843176,9103,34600,6035,815,882,0,0
1785665358.401551651,2091208200,90319927,2091208200,0,2091211289,18211,58700,90320920,7404,30000,6,0,685378424,630483386,2091222664,24252,137400,90322166,9103,34600,6040,814,882,0,0
1785665359.428458245,2099704466,91263950,2099704466,0,2099707860,18192,58700,91264979,7402,30000,6,0,685381506,630483388,2099719791,24242,137400,91266242,9098,34500,6049,812,882,0,0
1785665360.461464437,2108093006,92196011,2108093006,0,2108096331,18175,58600,92196938,7400,30000,6,0,685384601,630483404,2108106661,24234,137400,92198127,9093,34500,6058,809,882,0,0
1785665361.487757184,2116443135,93123801,2116443135,0,2116446153,18157,58600,93124735,7398,30000,6,0,685387680,630483416,2116456674,24226,137500,93125965,9088,34400,6067,807,881,0,0
1785665362.510729888,2124872975,94060456,2124872975,0,2124875931,18139,58600,94061468,7395,30000,6,0,685390742,630483418,2124887721,24216,137500,94062739,9082,34400,6076,805,880,0,0
1785665363.542880578,2133192969,94984905,2133192969,0,2133196696,18122,58600,94985953,7394,30000,6,0,685393829,630483440,2133207133,24208,137500,94987120,9078,34400,6085,803,880,0,0
1785665364.570951853,2141607729,95919872,2141607729,0,2141611980,18105,58500,95921087,7391,30000,6,0,685396916,630483449,2141623789,24200,137500,95922386,9072,34300,6094,800,879,0,0
1785665365.594811534,2150080944,96861338,2150080944,0,2150084633,18087,58500,96862433,7389,30000,6,0,685399984,630483450,2150096334,24190,137600,96863712,9067,34300,6102,798,878,0,0
1785665366.617860235,2158061731,97748099,2158061731,0,2158064849,18073,58500,97749064,7388,29900,7,0,685403055,630483471,2158075507,24185,137600,97750201,9064,34300,6112,797,877,0,0
1785665367.641333231,2166257384,98658724,2166257384,0,2166260302,18057,58500,98659720,7386,29900,7,0,685406120,630483498,2166271406,24179,137700,98660979,9059,34200,6121,795,877,0,0
1785665368.666880655,2174723486,99599400,2174723486,0,2174726960,18040,58400,99600507,7384,29900,7,0,685409192,630483510,2174739258,24169,137700,99601858,9054,34200,6129,793,876,0,0
1785665369.689536828,2182961071,100514690,2182961071,0,2182964259,18024,58400,100515630,7382,29900,7,0,685412258,630483532,2182974943,24162,137700,100516833,9050,34200,6138,791,875,0,0
1785665370.712010287,2191347565,101446524,2191347565,0,2191351002,18007,58400,101447579,7380,29900,7,0,685415320,630483538,2191362412,24154,137800,101448846,9045,34200,6146,789,875,0,0
1785665371.734177982,2199786031,102384132,2199786031,0,2199788876,17990,58400,102385032,7378,29900,7,0,685418386,630483552,2199798677,24145,137800,102386150,9040,34100,6154,787,874,0,0
1785665372.761050971,2208136094,103311914,2208136094,0,2208147180,17974,58300,103314026,7375,29900,7,0,685421464,630483561,2208161674,24137,137800,103315370,9036,34100,6162,785,873,0,0
1785665373.784494942,2216359711,104225646,2216359711,0,2216362444,17959,58300,104226601,7374,29900,7,0,685424536,630483590,2216373924,24130,137800,104227845,9032,34100,6170,783,873,0,0
1785665374.805668328,2224766943,105159792,2224766943,0,2224770449,17942,58300,105160813,7372,29900,7,0,685427596,630483606,2224781921,24122,137900,105162089,9027,34000,6178,781,872,0,0
1785665375.831748168,2233020638,106076863,2233020638,0,2233024000,17927,58300,106077834,7371,29800,7,0,685430673,630483624,2233035465,24115,137900,106079095,9024,34000,6187,780,872,0,0
1785665376.859259889,2241422724,107010423,2241422724,0,2241426469,17911,58200,107011515,7369,29800,7,0,685433751,630483644,2241438029,24107,137900,107012779,9019,34000,6195,778,871,0,0
1785665377.883288331,2249843986,107946129,2249843986,0,2249847223,17895,58200,107947152,7367,29800,7,0,685436820,630483659,2249858823,24099,138000,107948450,9015,34000,6202,776,870,0,0
1785665378.904845406,2258059288,108858934,2258059288,0,2258062351,17881,58200,108859941,7366,29800,7,0,685439881,630483695,2258073799,24092,138000,108861219,9012,34000,6211,775,870,0,0
1785665379.928241284,2266455549,109791851,2266455549,0,2266459155,17865,58200,109792798,7364,29800,7,0,685442949,630483714,2266469567,24085,138000,109794011,9008,33900,6218,773,869,0,0
1785665380.952094407,2274899464,110730065,2274899464,0,2274902988,17850,58100,110731055,7362,29800,7,0,685446018,630483719,2274913530,24076,138100,110732285,9004,33900,6226,771,869,0,0
1785665381.974995477,2283122003,111643687,2283122003,0,2283125865,17835,58100,111644724,7361,29800,7,0,685449084,630483732,2283137370,24070,138100,111646034,9001,33900,6234,770,868,0,0
1785665382.998260552,2291608519,112586635,2291608519,0,2291611688,17819,58100,112587701,7359,29800,7,0,685452150,630483732,2291624437,24061,138100,112589033,8996,33900,6241,768,868,0,0
1785665384.022620392,2300077862,113527663,2300077862,0,2300080690,17804,58100,113528598,7357,29800,7,0,685455222,630483740,2300091074,24053,138200,113529773,8992,33800,6249,767,867,0,0
1785665385.046989564,2308228067,114433245,2308228067,0,2308232042,17790,58000,114434308,7356,29800,7,0,685458292,630483778,2308243199,24048,138200,114435554,8990,33800,6257,765,866,0,0
1785665386.070866824,2316661368,115370277,2316661368,0,2316664946,17775,58000,115371319,7354,29700,7,0,685461363,630483786,2316676252,24040,138200,115372595,8985,33800,6264,764,866,0,0
1785665387.094026844,2325015343,116298494,2325015343,0,2325018460,17760,58000,116299488,7352,29700,7,0,685464431,630483788,2325036324,24032,138300,116301447,8982,33800,6271,762,865,0,0
1785665388.110466038,2331029031,116966685,2331029031,0,2331029095,17751,58000,116966685,7351,29700,10,0,685467481,630484585,2331029031,24029,138300,116966685,8979,33800,6277,761,865,0,0
1785665389.129231418,2331029031,116966685,2331029031,0,2331029095,17751,58000,116966685,7351,29700,10,0,685470532,630487629,2331029031,24029,138300,116966685,8979,33800,6277,761,865,0,0
1785665390.150682513,2331029031,116966685,2331029031,0,2331029095,17751,58000,116966685,7351,29700,10,0,685473596,630490679,2331029031,24029,138300,116966685,8979,33800,6277,761,865,0,0
1785665391.170672189,2331029031,116966685,2331029031,0,2331029095,17751,58000,116966685,7351,29700,10,0,685476653,630493668,2331029031,24029,138300,116966685,8979,33800,6277,761,865,0,0
1785665392.193959860,2331029031,116966685,2331029031,0,2331029095,17751,58000,116966685,7351,29700,10,0,685479722,630496728,2331029031,24029,138300,116966685,8979,33800,6277,761,865,0,0
1785665393.217298781,2331029031,116966685,2331029031,0,2331029095,17751,58000,116966685,7351,29700,10,0,685482787,630499755,2331029031,24029,138300,116966685,8979,33800,6277,761,865,0,0
1785665394.238119652,2331029031,116966685,2331029031,0,2331029095,17751,58000,116966685,7351,29700,10,0,685485850,630502775,2331029031,24029,138300,116966685,8979,33800,6277,761,865,0,0
1785665395.261395221,2331029031,116966685,2331029031,0,2331029095,17751,58000,116966685,7351,29700,10,0,685488919,630505836,2331029031,24029,138300,116966685,8979,33800,6277,761,865,0,0
1785665396.283091003,2331029031,116966685,2331029031,0,2331029095,17751,58000,116966685,7351,29700,10,0,685491984,630508868,2331029031,24029,138300,116966685,8979,33800,6277,761,865,0,0
1785665397.305933278,2331029031,116966685,2331029031,0,2331029095,17751,58000,116966685,7351,29700,10,0,685495050,630511884,2331029031,24029,138300,116966685,8979,33800,6277,761,865,0,0
1785665398.328467046,2331029031,116966685,2331029031,0,2331029095,17751,58000,116966685,7351,29700,10,0,685498116,630514922,2331029031,24029,138300,116966685,8979,33800,6277,761,865,0,0
1785665399.352560107,2331029031,116966685,2331029031,0,2331029095,17751,58000,116966685,7351,29700,10,0,685501185,630517935,2331029031,24029,138300,116966685,8979,33800,6277,761,865,0,0
1785665400.376233516,2331029031,116966685,2331029031,0,2331029095,17751,58000,116966685,7351,29700,10,0,685504256,630520981,2331029031,24029,138300,116966685,8979,33800,6277,761,865,0,0
1785665401.399560662,2331029031,116966685,2331029031,0,2331029095,17751,58000,116966685,7351,29700,10,0,685507325,630524042,2331029031,24029,138300,116966685,8979,33800,6277,761,865,0,0
1785665402.422376328,2331029031,116966685,2331029031,0,2331029095,17751,58000,116966685,7351,29700,10,0,685510391,630527048,2331029031,24029,138300,116966685,8979,33800,6277,761,865,0,0
1785665403.446085444,2331029031,116966685,2331029031,0,2331029095,17751,58000,116966685,7351,29700,10,0,685513462,630530087,2331029031,24029,138300,116966685,8979,33800,6277,761,865,0,0
1785665404.470115441,2331029031,116966685,2331029031,0,2331029095,17751,58000,116966685,7351,29700,10,0,685516533,630533150,2331029031,24029,138300,116966685,8979,33800,6277,761,865,0,0
1785665405.494575023,2331029031,116966685,2331029031,0,2331029095,17751,58000,116966685,7351,29700,10,0,685519604,630536149,2331029031,24029,138300,116966685,8979,33800,6277,761,865,0,0
1785665406.518243223,2331029031,116966685,2331029031,0,2331029095,17751,58000,116966685,7351,29700,10,0,685522672,630539211,2331029031,24029,138300,116966685,8979,33800,6277,761,865,0,0
1785665407.541384762,2331029031,116966685,2331029031,0,2331029095,17751,58000,116966685,7351,29700,10,0,685525743,630542272,2331029031,24029,138300,116966685,8979,33800,6277,761,865,0,0
1785665408.564093473,2331029031,116966685,2331029031,0,2331029095,17751,58000,116966685,7351,29700,10,0,685528809,630545241,2331029031,24029,138300,116966685,8979,33800,6277,761,865,0,0
1785665409.587948237,2331029031,116966685,2331029031,0,2331029095,17751,58000,116966685,7351,29700,10,0,685531881,630548304,2331029031,24029,138300,116966685,8979,33800,6277,761,865,0,0
1785665410.611241176,2331029031,116966685,2331029031,0,2331029095,17751,58000,116966685,7351,29700,10,0,685534952,630551348,2331029031,24029,138300,116966685,8979,33800,6277,761,865,0,0
1785665411.635954982,2331029031,116966685,2331029031,0,2331029095,17751,58000,116966685,7351,29700,10,0,685538024,630554360,2331029031,24029,138300,116966685,8979,33800,6277,761,865,0,0
1785665412.659476488,2331029031,116966685,2331029031,0,2331029095,17751,58000,116966685,7351,29700,10,0,685541095,630557422,2331029031,24029,138300,116966685,8979,33800,6277,761,865,0,0
1785665413.682965576,2331029031,116966685,2331029031,0,2331029095,17751,58000,116966685,7351,29700,10,0,685544165,630560478,2331029031,24029,138300,116966685,8979,33800,6277,761,865,0,0
1785665414.706799033,2331029031,116966685,2331029031,0,2331029095,17751,58000,116966685,7351,29700,10,0,685547237,630563476,2331029031,24029,138300,116966685,8979,33800,6277,761,865,0,0
1785665415.730402468,2331029031,116966685,2331029031,0,2331029095,17751,58000,116966685,7351,29700,10,0,685550307,630566538,2331029031,24029,138300,116966685,8979,33800,6277,761,865,0,0
1785665416.753259670,2331029031,116966685,2331029031,0,2331029095,17751,58000,116966685,7351,29700,10,0,685553375,630569562,2331029031,24029,138300,116966685,8979,33800,6277,761,865,0,0
1785665417.777531369,2331029031,116966685,2331029031,0,2331029095,17751,58000,116966685,7351,29700,10,0,685556447,630572591,2331029031,24029,138300,116966685,8979,33800,6277,761,865,0,0
1785665418.801033937,2331029031,116966685,2331029031,0,2331029095,17751,58000,116966685,7351,29700,10,0,685559516,630575631,2331029031,24029,138300,116966685,8979,33800,6277,761,865,0,0
1785665419.824281082,2331029031,116966685,2331029031,0,2331029095,17751,58000,116966685,7351,29700,10,0,685562584,630578666,2331029031,24029,138300,116966685,8979,33800,6277,761,865,0,0
1785665420.848477591,2331029031,116966685,2331029031,0,2331029095,17751,58000,116966685,7351,29700,10,0,685565654,630581686,2331029031,24029,138300,116966685,8979,33800,6277,761,865,0,0
1785665421.872900980,2331029031,116966685,2331029031,0,2331029095,17751,58000,116966685,7351,29700,10,0,685568728,630584751,2331029031,24029,138300,116966685,8979,33800,6277,761,865,0,0
1785665422.893222411,2331029031,116966685,2331029031,0,2331029095,17751,58000,116966685,7351,29700,10,0,685571785,630587750,2331029031,24029,138300,116966685,8979,33800,6277,761,865,0,0
1785665423.917742142,2331029031,116966685,2331029031,0,2331029095,17751,58000,116966685,7351,29700,10,0,685574857,630590796,2331029031,24029,138300,116966685,8979,33800,6277,761,865,0,0
1785665424.941187850,2331029031,116966685,2331029031,0,2331029095,17751,58000,116966685,7351,29700,10,0,685577928,630593858,2331029031,24029,138300,116966685,8979,33800,6277,761,865,0,0
1785665425.963725352,2331029031,116966685,2331029031,0,2331029095,17751,58000,116966685,7351,29700,10,0,685580994,630596869,2331029031,24029,138300,116966685,8979,33800,6277,761,865,0,0
1785665426.987482616,2331029031,116966685,2331029031,0,2331029095,17751,58000,116966685,7351,29700,10,0,685584066,630599909,2331029031,24029,138300,116966685,8979,33800,6277,761,865,0,0
1785665428.010521151,2331029031,116966685,2331029031,0,2331029095,17751,58000,116966685,7351,29700,10,0,685587133,630602970,2331029031,24029,138300,116966685,8979,33800,6277,761,865,0,0
1785665429.030668336,2331029031,116966685,2331029031,0,2331029095,17751,58000,116966685,7351,29700,10,0,685590196,630605898,2331029031,24029,138300,116966685,8979,33800,6277,761,865,0,0
1785665430.053773703,2331029031,116966685,2331029031,0,2331029095,17751,58000,116966685,7351,29700,10,0,685593259,630608935,2331029031,24029,138300,116966685,8979,33800,6277,761,865,0,0
1785665431.077632330,2331029031,116966685,2331029031,0,2331029095,17751,58000,116966685,7351,29700,10,0,685596330,630611998,2331029031,24029,138300,116966685,8979,33800,6277,761,865,0,0
1785665432.099674848,2331029031,116966685,2331029031,0,2331029095,17751,58000,116966685,7351,29700,10,0,685599395,630614990,2331029031,24029,138300,116966685,8979,33800,6277,761,865,0,0
1785665433.122455653,2331029031,116966685,2331029031,0,2331029095,17751,58000,116966685,7351,29700,10,0,685602462,630618043,2331029031,24029,138300,116966685,8979,33800,6277,761,865,0,0
1785665434.143939328,2331029031,116966685,2331029031,0,2331029095,17751,58000,116966685,7351,29700,10,0,685605527,630621100,2331029031,24029,138300,116966685,8979,33800,6277,761,865,0,0
1785665435.166310059,2331029031,116966685,2331029031,0,2331029095,17751,58000,116966685,7351,29700,10,0,685608590,630624087,2331029031,24029,138300,116966685,8979,33800,6277,761,865,0,0
1785665436.189844361,2331029031,116966685,2331029031,0,2331029095,17751,58000,116966685,7351,29700,10,0,685611660,630627149,2331029031,24029,138300,116966685,8979,33800,6277,761,865,0,0
1785665437.212776691,2331029031,116966685,2331029031,0,2331029095,17751,58000,116966685,7351,29700,10,0,685614728,630630204,2331029031,24029,138300,116966685,8979,33800,6277,761,865,0,0
1785665438.235551023,2331029031,116966685,2331029031,0,2331029095,17751,58000,116966685,7351,29700,10,0,685617795,630633198,2331029031,24029,138300,116966685,8979,33800,6277,761,865,0,0
1785665439.258198387,2331029031,116966685,2331029031,0,2331029095,17751,58000,116966685,7351,29700,10,0,685620859,630636232,2331029031,24029,138300,116966685,8979,33800,6277,761,865,0,0
1785665440.281220538,2331029031,116966685,2331029031,0,2331029095,17751,58000,116966685,7351,29700,10,0,685623928,630639285,2331029031,24029,138300,116966685,8979,33800,6277,761,865,0,0
1785665441.304657742,2331029031,116966685,2331029031,0,2331029095,17751,58000,116966685,7351,29700,10,0,685626995,630642283,2331029031,24029,138300,116966685,8979,33800,6277,761,865,0,0
1785665442.328155637,2331029031,116966685,2331029031,0,2331029095,17751,58000,116966685,7351,29700,10,0,685630065,630645345,2331029031,24029,138300,116966685,8979,33800,6277,761,865,0,0
1785665443.347715236,2331029031,116966685,2331029031,0,2331029095,17751,58000,116966685,7351,29700,10,0,685633123,630648369,2331029031,24029,138300,116966685,8979,33800,6277,761,865,0,0
1785665444.369845071,2331029031,116966685,2331029031,0,2331029095,17751,58000,116966685,7351,29700,10,0,685636187,630651384,2331029031,24029,138300,116966685,8979,33800,6277,761,865,0,0
1785665445.393382900,2331029031,116966685,2331029031,0,2331029095,17751,58000,116966685,7351,29700,10,0,685639259,630654446,2331029031,24029,138300,116966685,8979,33800,6277,761,865,0,0
1785665446.414801622,2331029031,116966685,2331029031,0,2331029095,17751,58000,116966685,7351,29700,10,0,685642322,630657474,2331029031,24029,138300,116966685,8979,33800,6277,761,865,0,0
1785665447.437993163,2331029031,116966685,2331029031,0,2331029095,17751,58000,116966685,7351,29700,10,0,685645388,630660490,2331029031,24029,138300,116966685,8979,33800,6277,761,865,0,0
1785665448.461696630,2331029031,116966685,2331029031,0,2331029095,17751,58000,116966685,7351,29700,10,0,685648460,630663553,2331029031,24029,138300,116966685,8979,33800,6277,761,865,0,0
1785665449.484699229,2331029031,116966685,2331029031,0,2331029095,17751,58000,116966685,7351,29700,10,0,685651525,630666548,2331029031,24029,138300,116966685,8979,33800,6277,761,865,0,0
1785665450.509234958,2331029031,116966685,2331029031,0,2331029095,17751,58000,116966685,7351,29700,10,0,685654599,630669588,2331029031,24029,138300,116966685,8979,33800,6277,761,865,0,0
1785665451.533389926,2331029031,116966685,2331029031,0,2331029095,17751,58000,116966685,7351,29700,10,0,685657670,630672651,2331029031,24029,138300,116966685,8979,33800,6277,761,865,0,0
1785665452.555143593,2331029031,116966685,2331029031,0,2331029095,17751,58000,116966685,7351,29700,10,0,685660734,630675659,2331029031,24029,138300,116966685,8979,33800,6277,761,865,0,0
1785665453.576805857,2331029031,116966685,2331029031,0,2331029095,17751,58000,116966685,7351,29700,10,0,685663798,630678694,2331029031,24029,138300,116966685,8979,33800,6277,761,865,0,0
1785665454.596809861,2331029031,116966685,2331029031,0,2331029095,17751,58000,116966685,7351,29700,10,0,685666862,630681751,2331029031,24029,138300,116966685,8979,33800,6277,761,865,0,0
1785665455.618419135,2331029031,116966685,2331029031,0,2331029095,17751,58000,116966685,7351,29700,10,0,685669920,630684744,2331029031,24029,138300,116966685,8979,33800,6277,761,865,0,0
1785665456.642546502,2331029031,116966685,2331029031,0,2331029095,17751,58000,116966685,7351,29700,10,0,685672991,630687795,2331029031,24029,138300,116966685,8979,33800,6277,761,865,0,0
1785665457.667731965,2331029031,116966685,2331029031,0,2331029095,17751,58000,116966685,7351,29700,10,0,685676068,630690862,2331029031,24029,138300,116966685,8979,33800,6277,761,865,0,0
1785665458.690335133,2331029031,116966685,2331029031,0,2331029095,17751,58000,116966685,7351,29700,10,0,685679130,630693853,2331029031,24029,138300,116966685,8979,33800,6277,761,865,0,0
1785665459.713308600,2331029031,116966685,2331029031,0,2331029095,17751,58000,116966685,7351,29700,10,0,685682199,630696886,2331029031,24029,138300,116966685,8979,33800,6277,761,865,0,0
1785665460.734799989,2331029031,116966685,2331029031,0,2331029095,17751,58000,116966685,7351,29700,10,0,685685264,630699940,2331029031,24029,138300,116966685,8979,33800,6277,761,865,0,0
1785665461.757919383,2331029031,116966685,2331029031,0,2331029095,17751,58000,116966685,7351,29700,10,0,685688331,630702931,2331029031,24029,138300,116966685,8979,33800,6277,761,865,0,0
1785665462.781885909,2331029031,116966685,2331029031,0,2331029095,17751,58000,116966685,7351,29700,10,0,685691401,630705995,2331029031,24029,138300,116966685,8979,33800,6277,761,865,0,0
1785665463.805517972,2331029031,116966685,2331029031,0,2331029095,17751,58000,116966685,7351,29700,10,0,685694472,630709051,2331029031,24029,138300,116966685,8979,33800,6277,761,865,0,0
1785665464.828377139,2331029031,116966685,2331029031,0,2331029095,17751,58000,116966685,7351,29700,10,0,685697539,630712046,2331029031,24029,138300,116966685,8979,33800,6277,761,865,0,0
1785665465.852336238,2331029031,116966685,2331029031,0,2331029095,17751,58000,116966685,7351,29700,10,0,685700610,630715109,2331029031,24029,138300,116966685,8979,33800,6277,761,865,0,0
1785665466.875696189,2331029031,116966685,2331029031,0,2331029095,17751,58000,116966685,7351,29700,10,0,685703679,630718151,2331029031,24029,138300,116966685,8979,33800,6277,761,865,0,0
1785665467.900511121,2331029031,116966685,2331029031,0,2331029095,17751,58000,116966685,7351,29700,10,0,685706753,630721167,2331029031,24029,138300,116966685,8979,33800,6277,761,865,0,0
1785665468.923528630,2331029031,116966685,2331029031,0,2331029095,17751,58000,116966685,7351,29700,10,0,685709821,630724228,2331029031,24029,138300,116966685,8979,33800,6277,761,865,0,0
1785665469.945769364,2331029031,116966685,2331029031,0,2331029095,17751,58000,116966685,7351,29700,10,0,685712887,630727244,2331029031,24029,138300,116966685,8979,33800,6277,761,865,0,0
1785665470.970054103,2331029031,116966685,2331029031,0,2331029095,17751,58000,116966685,7351,29700,10,0,685715957,630730264,2331029031,24029,138300,116966685,8979,33800,6277,761,865,0,0
1785665471.994308910,2331029031,116966685,2331029031,0,2331029095,17751,58000,116966685,7351,29700,10,0,685719030,630733328,2331029031,24029,138300,116966685,8979,33800,6277,761,865,0,0
1785665473.017664013,2331029031,116966685,2331029031,0,2331029095,17751,58000,116966685,7351,29700,10,0,685722100,630736352,2331029031,24029,138300,116966685,8979,33800,6277,761,865,0,0
1785665474.041714959,2331029031,116966685,2331029031,0,2331029095,17751,58000,116966685,7351,29700,10,0,685725172,630739383,2331029031,24029,138300,116966685,8979,33800,6277,761,865,0,0
1785665475.063541178,2331029031,116966685,2331029031,0,2331029095,17751,58000,116966685,7351,29700,10,0,685728237,630742440,2331029031,24029,138300,116966685,8979,33800,6277,761,865,0,0
1785665476.084504420,2331029031,116966685,2331029031,0,2331029095,17751,58000,116966685,7351,29700,10,0,685731299,630745447,2331029031,24029,138300,116966685,8979,33800,6277,761,865,0,0
1785665477.107363229,2331029031,116966685,2331029031,0,2331029095,17751,58000,116966685,7351,29700,10,0,685734367,630748483,2331029031,24029,138300,116966685,8979,33800,6277,761,865,0,0
1785665478.130007063,2331029031,116966685,2331029031,0,2331029095,17751,58000,116966685,7351,29700,10,0,685737435,630751543,2331029031,24029,138300,116966685,8979,33800,6277,761,865,0,0
1785665479.148359115,2331029031,116966685,2331029031,0,2331029095,17751,58000,116966685,7351,29700,10,0,685740487,630754537,2331029031,24029,138300,116966685,8979,33800,6277,761,865,0,0
1785665480.170812570,2331029031,116966685,2331029031,0,2331029095,17751,58000,116966685,7351,29700,10,0,685743554,630757559,2331029031,24029,138300,116966685,8979,33800,6277,761,865,0,0
1785665481.195751530,2331029031,116966685,2331029031,0,2331029095,17751,58000,116966685,7351,29700,10,0,685746627,630760620,2331029031,24029,138300,116966685,8979,33800,6277,761,865,0,0
1785665482.218033935,2331029031,116966685,2331029031,0,2331029095,17751,58000,116966685,7351,29700,10,0,685749694,630763616,2331029031,24029,138300,116966685,8979,33800,6277,761,865,0,0
1785665483.242454383,2331029031,116966685,2331029031,0,2331029095,17751,58000,116966685,7351,29700,10,0,685752767,630766671,2331029031,24029,138300,116966685,8979,33800,6277,761,865,0,0
1785665484.265192510,2331029031,116966685,2331029031,0,2331029095,17751,58000,116966685,7351,29700,10,0,685755835,630769711,2331029031,24029,138300,116966685,8979,33800,6277,761,865,0,0
1785665485.287077703,2331029031,116966685,2331029031,0,2331029095,17751,58000,116966685,7351,29700,10,0,685758903,630772698,2331029031,24029,138300,116966685,8979,33800,6277,761,865,0,0
1785665486.312072720,2331029031,116966685,2331029031,0,2331029095,17751,58000,116966685,7351,29700,10,0,685761978,630775765,2331029031,24029,138300,116966685,8979,33800,6277,761,865,0,0
1785665487.334392574,2331029031,116966685,2331029031,0,2331029095,17751,58000,116966685,7351,29700,10,0,685765045,630778821,2331029031,24029,138300,116966685,8979,33800,6277,761,865,0,0
1785665488.356994090,2331029031,116966685,2331029031,0,2331029095,17751,58000,116966685,7351,29700,10,0,685768110,630781810,2331029031,24029,138300,116966685,8979,33800,6277,761,865,0,0
1785665489.381734901,2331029031,116966685,2331029031,0,2331029095,17751,58000,116966685,7351,29700,10,0,685771184,630784874,2331029031,24029,138300,116966685,8979,33800,6277,761,865,0,0
1785665490.402345230,2331029031,116966685,2331029031,0,2331029095,17751,58000,116966685,7351,29700,10,0,685774243,630787902,2331029031,24029,138300,116966685,8979,33800,6277,761,865,0,0
1785665491.425724319,2331029031,116966685,2331029031,0,2331029095,17751,58000,116966685,7351,29700,10,0,685777313,630790848,2331029031,24029,138300,116966685,8979,33800,6277,761,865,0,0
1785665492.449454125,2331029031,116966685,2331029031,0,2331029095,17751,58000,116966685,7351,29700,10,0,685780385,630793911,2331029031,24029,138300,116966685,8979,33800,6277,761,865,0,0
1785665493.476890621,2331029031,116966685,2331029031,0,2331029095,17751,58000,116966685,7351,29700,10,0,685783454,630796949,2331029031,24029,138300,116966685,8979,33800,6277,761,865,0,0
1785665494.501272154,2331029031,116966685,2331029031,0,2331029095,17751,58000,116966685,7351,29700,10,0,685786539,630799977,2331029031,24029,138300,116966685,8979,33800,6277,761,865,0,0
1785665495.525056256,2331029031,116966685,2331029031,0,2331029095,17751,58000,116966685,7351,29700,10,0,685789609,630803039,2331029031,24029,138300,116966685,8979,33800,6277,761,865,0,0
1785665496.548302990,2331029031,116966685,2331029031,0,2331029095,17751,58000,116966685,7351,29700,10,0,685792677,630806081,2331029031,24029,138300,116966685,8979,33800,6277,761,865,0,0
1785665497.572460995,2331029031,116966685,2331029031,0,2331029095,17751,58000,116966685,7351,29700,10,0,685795748,630809094,2331029031,24029,138300,116966685,8979,33800,6277,761,865,0,0
1785665498.596822899,2331029031,116966685,2331029031,0,2331029095,17751,58000,116966685,7351,29700,10,0,685798821,630812159,2331029031,24029,138300,116966685,8979,33800,6277,761,865,0,0
1785665499.619946233,2331029031,116966685,2331029031,0,2331029095,17751,58000,116966685,7351,29700,10,0,685801889,630815181,2331029031,24029,138300,116966685,8979,33800,6277,761,865,0,0
1785665500.643669417,2331029031,116966685,2331029031,0,2331029095,17751,58000,116966685,7351,29700,10,0,685804959,630818212,2331029031,24029,138300,116966685,8979,33800,6277,761,865,0,0
1785665501.667169975,2331029031,116966685,2331029031,0,2331029095,17751,58000,116966685,7351,29700,10,0,685808028,630821249,2331029031,24029,138300,116966685,8979,33800,6277,761,865,0,0
1785665502.689558359,2331029031,116966685,2331029031,0,2331029095,17751,58000,116966685,7351,29700,10,0,685811094,630824270,2331029031,24029,138300,116966685,8979,33800,6277,761,865,0,0
1785665503.713336433,2331029031,116966685,2331029031,0,2331029095,17751,58000,116966685,7351,29700,10,0,685814164,630827301,2331029031,24029,138300,116966685,8979,33800,6277,761,865,0,0
1785665504.737149364,2331029031,116966685,2331029031,0,2331029095,17751,58000,116966685,7351,29700,10,0,685817234,630830363,2331029031,24029,138300,116966685,8979,33800,6277,761,865,0,0
1785665505.760567401,2331029031,116966685,2331029031,0,2331029095,17751,58000,116966685,7351,29700,10,0,685820303,630833369,2331029031,24029,138300,116966685,8979,33800,6277,761,865,0,0
1785665506.784483066,2331029031,116966685,2331029031,0,2331029095,17751,58000,116966685,7351,29700,10,0,685823375,630836419,2331029031,24029,138300,116966685,8979,33800,6277,761,865,0,0
1785665507.808228953,2331029031,116966685,2331029031,0,2331029095,17751,58000,116966685,7351,29700,10,0,685826446,630839481,2331029031,24029,138300,116966685,8979,33800,6277,761,865,0,0
1785665508.831039093,2331029031,116966685,2331029031,0,2331029095,17751,58000,116966685,7351,29700,10,0,685829513,630842486,2331029031,24029,138300,116966685,8979,33800,6277,761,865,0,0
1785665509.854003834,2331029031,116966685,2331029031,0,2331029095,17751,58000,116966685,7351,29700,10,0,685832580,630845529,2331029031,24029,138300,116966685,8979,33800,6277,761,865,0,0
1785665510.876221184,2331029031,116966685,2331029031,0,2331029095,17751,58000,116966685,7351,29700,10,0,685835645,630848585,2331029031,24029,138300,116966685,8979,33800,6277,761,865,0,0
1785665511.899999370,2331029031,116966685,2331029031,0,2331029095,17751,58000,116966685,7351,29700,10,0,685838712,630851558,2331029031,24029,138300,116966685,8979,33800,6277,761,865,0,0
1785665512.924845170,2331029031,116966685,2331029031,0,2331029095,17751,58000,116966685,7351,29700,10,0,685841786,630854621,2331029031,24029,138300,116966685,8979,33800,6277,761,865,0,0
1785665513.946947603,2331029031,116966685,2331029031,0,2331029095,17751,58000,116966685,7351,29700,10,0,685844854,630857682,2331029031,24029,138300,116966685,8979,33800,6277,761,865,0,0
1785665514.970450626,2331029031,116966685,2331029031,0,2331029095,17751,58000,116966685,7351,29700,10,0,685847924,630860676,2331029031,24029,138300,116966685,8979,33800,6277,761,865,0,0
1785665515.994545266,2331029031,116966685,2331029031,0,2331029095,17751,58000,116966685,7351,29700,10,0,685850995,630863739,2331029031,24029,138300,116966685,8979,33800,6277,761,865,0,0
1785665517.017213211,2331029031,116966685,2331029031,0,2331029095,17751,58000,116966685,7351,29700,10,0,685854062,630866780,2331029031,24029,138300,116966685,8979,33800,6277,761,865,0,0
1785665518.040565192,2331029031,116966685,2331029031,0,2331029095,17751,58000,116966685,7351,29700,10,0,685857131,630869790,2331029031,24029,138300,116966685,8979,33800,6277,761,865,0,0
1785665519.063162941,2331029031,116966685,2331029031,0,2331029095,17751,58000,116966685,7351,29700,10,0,685860198,630872849,2331029031,24029,138300,116966685,8979,33800,6277,761,865,0,0
1785665520.085295684,2331029031,116966685,2331029031,0,2331029095,17751,58000,116966685,7351,29700,10,0,685863264,630875890,2331029031,24029,138300,116966685,8979,33800,6277,761,865,0,0
1785665521.107048299,2331029031,116966685,2331029031,0,2331029095,17751,58000,116966685,7351,29700,10,0,685866328,630878897,2331029031,24029,138300,116966685,8979,33800,6277,761,865,0,0
1785665522.126478578,2331029031,116966685,2331029031,0,2331029095,17751,58000,116966685,7351,29700,10,0,685869385,630881923,2331029031,24029,138300,116966685,8979,33800,6277,761,865,0,0
1785665523.149712304,2331029031,116966685,2331029031,0,2331029095,17751,58000,116966685,7351,29700,10,0,685872453,630884951,2331029031,24029,138300,116966685,8979,33800,6277,761,865,0,0
1785665524.172525579,2331029031,116966685,2331029031,0,2331029095,17751,58000,116966685,7351,29700,10,0,685875523,630887972,2331029031,24029,138300,116966685,8979,33800,6277,761,865,0,0
1785665525.195377532,2331029031,116966685,2331029031,0,2331029095,17751,58000,116966685,7351,29700,10,0,685878590,630891031,2331029031,24029,138300,116966685,8979,33800,6277,761,865,0,0
1785665526.218138140,2331029031,116966685,2331029031,0,2331029095,17751,58000,116966685,7351,29700,10,0,685881654,630894056,2331029031,24029,138300,116966685,8979,33800,6277,761,865,0,0
1785665527.241976057,2331029031,116966685,2331029031,0,2331029095,17751,58000,116966685,7351,29700,10,0,685884727,630897082,2331029031,24029,138300,116966685,8979,33800,6277,761,865,0,0
1785665528.265803408,2331029031,116966685,2331029031,0,2331029095,17751,58000,116966685,7351,29700,10,0,685887798,630900146,2331029031,24029,138300,116966685,8979,33800,6277,761,865,0,0
1785665529.289104848,2331029031,116966685,2331029031,0,2331029095,17751,58000,116966685,7351,29700,10,0,685890865,630903156,2331029031,24029,138300,116966685,8979,33800,6277,761,865,0,0
1785665537.456194726,0,0,0,0,0,0,0,0,0,0,0,0,685915359,630927247,0,0,0,0,0,0,0,0,0,0,0
1785665538.478193614,0,0,0,0,0,0,0,0,0,0,0,0,685918423,630930235,0,0,0,0,0,0,0,0,0,0,0
1785665539.500860275,0,0,0,0,0,0,0,0,0,0,0,0,685921490,630933294,0,0,0,0,0,0,0,0,0,0,0
1785665540.523111442,0,0,0,0,0,0,0,0,0,0,0,0,685924555,630936344,0,0,0,0,0,0,0,0,0,0,0
1785665541.546129068,0,0,0,0,0,0,0,0,0,0,0,0,685927625,630939343,0,0,0,0,0,0,0,0,0,0,0
1785665542.569003947,0,0,0,0,0,0,0,0,0,0,0,0,685930693,630942378,0,0,0,0,0,0,0,0,0,0,0
1785665543.592535015,0,0,0,0,0,0,0,0,0,0,0,0,685933757,630945427,0,0,0,0,0,0,0,0,0,0,0
1785665544.617969259,0,0,0,0,0,0,0,0,0,0,0,0,685936837,630948438,0,0,0,0,0,0,0,0,0,0,0
1785665545.640125225,0,0,0,0,0,0,0,0,0,0,0,0,685939905,630951496,0,0,0,0,0,0,0,0,0,0,0
1785665546.661069380,0,0,0,0,0,0,0,0,0,0,0,0,685942967,630954473,0,0,0,0,0,0,0,0,0,0,0
1785665547.684189360,0,0,0,0,0,0,0,0,0,0,0,0,685946034,630957473,0,0,0,0,0,0,0,0,0,0,0
1785665548.707545308,0,0,0,0,0,0,0,0,0,0,0,0,685949104,630960503,0,0,0,0,0,0,0,0,0,0,0
1785665549.728773414,0,0,0,0,0,0,0,0,0,0,0,0,685952167,630963526,0,0,0,0,0,0,0,0,0,0,0
1785665550.751798561,0,0,0,0,0,0,0,0,0,0,0,0,685955234,630966547,0,0,0,0,0,0,0,0,0,0,0
1785665551.772253131,0,0,0,0,0,0,0,0,0,0,0,0,685958297,630969602,0,0,0,0,0,0,0,0,0,0,0
1785665552.792450144,0,0,0,0,0,0,0,0,0,0,0,0,685961359,630972562,0,0,0,0,0,0,0,0,0,0,0
1785665553.814732109,0,0,0,0,0,0,0,0,0,0,0,0,685964422,630975568,0,0,0,0,0,0,0,0,0,0,0
1785665554.833146399,0,0,0,0,0,0,0,0,0,0,0,0,685967481,630978620,0,0,0,0,0,0,0,0,0,0,0
1785665555.855047208,0,0,0,0,0,0,0,0,0,0,0,0,685970540,630981624,0,0,0,0,0,0,0,0,0,0,0
1785665556.877696479,0,0,0,0,0,0,0,0,0,0,0,0,685973608,630984664,0,0,0,0,0,0,0,0,0,0,0
1785665557.900051531,0,0,0,0,0,0,0,0,0,0,0,0,685976674,630987722,0,0,0,0,0,0,0,0,0,0,0
1785665558.920863670,0,0,0,0,0,0,0,0,0,0,0,0,685979736,630990725,0,0,0,0,0,0,0,0,0,0,0
1785665559.940260085,0,0,0,0,0,0,0,0,0,0,0,0,685982792,630993757,0,0,0,0,0,0,0,0,0,0,0
1785665560.962946424,0,0,0,0,0,0,0,0,0,0,0,0,685985858,630996816,0,0,0,0,0,0,0,0,0,0,0
1785665561.984178890,0,0,0,0,0,0,0,0,0,0,0,0,685988922,630999803,0,0,0,0,0,0,0,0,0,0,0
1785665563.004209980,0,0,0,0,0,0,0,0,0,0,0,0,685991981,631002850,0,0,0,0,0,0,0,0,0,0,0
1785665564.026746585,0,0,0,0,0,0,0,0,0,0,0,0,685995046,631005890,0,0,0,0,0,0,0,0,0,0,0
1785665565.046949851,0,0,0,0,0,0,0,0,0,0,0,0,685998105,631008872,0,0,0,0,0,0,0,0,0,0,0
1785665566.067380427,0,0,0,0,0,0,0,0,0,0,0,0,686001165,631011925,0,0,0,0,0,0,0,0,0,0,0
1785665567.088190342,0,0,0,0,0,0,0,0,0,0,0,0,686004228,631014972,0,0,0,0,0,0,0,0,0,0,0
1785665568.109585775,0,0,0,0,0,0,0,0,0,0,0,0,686007290,631017965,0,0,0,0,0,0,0,0,0,0,0
1785665569.131258666,0,0,0,0,0,0,0,0,0,0,0,0,686010355,631021020,0,0,0,0,0,0,0,0,0,0,0
1785665570.151911651,0,0,0,0,0,0,0,0,0,0,0,0,686013415,631024071,0,0,0,0,0,0,0,0,0,0,0
1785665571.173501685,0,0,0,0,0,0,0,0,0,0,0,0,686016481,631027062,0,0,0,0,0,0,0,0,0,0,0
1785665572.195976866,0,0,0,0,0,0,0,0,0,0,0,0,686019547,631030120,0,0,0,0,0,0,0,0,0,0,0
1785665573.216930851,0,0,0,0,0,0,0,0,0,0,0,0,686022611,631033145,0,0,0,0,0,0,0,0,0,0,0
1785665574.239871089,0,0,0,0,0,0,0,0,0,0,0,0,686025683,631036140,0,0,0,0,0,0,0,0,0,0,0
1785665575.261758323,0,0,0,0,0,0,0,0,0,0,0,0,686028750,631039197,0,0,0,0,0,0,0,0,0,0,0
1785665576.282142156,0,0,0,0,0,0,0,0,0,0,0,0,686031810,631042224,0,0,0,0,0,0,0,0,0,0,0
1785665577.306964019,0,0,0,0,0,0,0,0,0,0,0,0,686034882,631045245,0,0,0,0,0,0,0,0,0,0,0
1785665578.329288007,0,0,0,0,0,0,0,0,0,0,0,0,686037950,631048305,0,0,0,0,0,0,0,0,0,0,0
1785665579.349838417,0,0,0,0,0,0,0,0,0,0,0,0,686041009,631051307,0,0,0,0,0,0,0,0,0,0,0
1785665580.372064284,0,0,0,0,0,0,0,0,0,0,0,0,686044075,631054343,0,0,0,0,0,0,0,0,0,0,0
1785665581.394419123,0,0,0,0,0,0,0,0,0,0,0,0,686047140,631057401,0,0,0,0,0,0,0,0,0,0,0
1785665582.409986399,0,0,0,0,0,0,0,0,0,0,0,0,686050194,631060400,0,0,0,0,0,0,0,0,0,0,0
1785665583.427924658,0,0,0,0,0,0,0,0,0,0,0,0,686053239,631063393,0,0,0,0,0,0,0,0,0,0,0
1785665584.450024802,0,0,0,0,0,0,0,0,0,0,0,0,686056303,631066425,0,0,0,0,0,0,0,0,0,0,0
1785665585.471179693,0,0,0,0,0,0,0,0,0,0,0,0,686059370,631069415,0,0,0,0,0,0,0,0,0,0,0
1785665586.493563529,0,0,0,0,0,0,0,0,0,0,0,0,686062436,631072473,0,0,0,0,0,0,0,0,0,0,0
1785665587.515817910,0,0,0,0,0,0,0,0,0,0,0,0,686065500,631075530,0,0,0,0,0,0,0,0,0,0,0
1785665588.535411001,0,0,0,0,0,0,0,0,0,0,0,0,686068559,631078535,0,0,0,0,0,0,0,0,0,0,0
1785665589.557353401,0,0,0,0,0,0,0,0,0,0,0,0,686071624,631081566,0,0,0,0,0,0,0,0,0,0,0
1785665590.577277466,0,0,0,0,0,0,0,0,0,0,0,0,686074681,631084612,0,0,0,0,0,0,0,0,0,0,0
1785665591.600358735,0,0,0,0,0,0,0,0,0,0,0,0,686077747,631087609,0,0,0,0,0,0,0,0,0,0,0
1785665592.623075445,0,0,0,0,0,0,0,0,0,0,0,0,686080815,631090668,0,0,0,0,0,0,0,0,0,0,0
1785665593.646068629,0,0,0,0,0,0,0,0,0,0,0,0,686083882,631093728,0,0,0,0,0,0,0,0,0,0,0
1785665594.667096448,0,0,0,0,0,0,0,0,0,0,0,0,686086942,631096700,0,0,0,0,0,0,0,0,0,0,0
1785665595.689845313,0,0,0,0,0,0,0,0,0,0,0,0,686090011,631099749,0,0,0,0,0,0,0,0,0,0,0
1785665596.711520752,0,0,0,0,0,0,0,0,0,0,0,0,686093075,631102778,0,0,0,0,0,0,0,0,0,0,0
1785665597.733888735,0,0,0,0,0,0,0,0,0,0,0,0,686096140,631105792,0,0,0,0,0,0,0,0,0,0,0
1785665598.756778786,0,0,0,0,0,0,0,0,0,0,0,0,686099207,631108853,0,0,0,0,0,0,0,0,0,0,0
1785665599.777817975,0,0,0,0,0,0,0,0,0,0,0,0,686102271,631111906,0,0,0,0,0,0,0,0,0,0,0
1785665600.800308246,0,0,0,0,0,0,0,0,0,0,0,0,686105335,631114896,0,0,0,0,0,0,0,0,0,0,0
1785665601.822819436,0,0,0,0,0,0,0,0,0,0,0,0,686108402,631117955,0,0,0,0,0,0,0,0,0,0,0
1785665602.844097631,0,0,0,0,0,0,0,0,0,0,0,0,686111463,631120963,0,0,0,0,0,0,0,0,0,0,0
1785665603.866763993,0,0,0,0,0,0,0,0,0,0,0,0,686114532,631124000,0,0,0,0,0,0,0,0,0,0,0
1785665604.887912242,0,0,0,0,0,0,0,0,0,0,0,0,686117594,631127032,0,0,0,0,0,0,0,0,0,0,0
1785665605.909559288,0,0,0,0,0,0,0,0,0,0,0,0,686120655,631130069,0,0,0,0,0,0,0,0,0,0,0
1785665606.931435111,0,0,0,0,0,0,0,0,0,0,0,0,686123723,631133082,0,0,0,0,0,0,0,0,0,0,0
1785665607.953745482,0,0,0,0,0,0,0,0,0,0,0,0,686126787,631136139,0,0,0,0,0,0,0,0,0,0,0
1785665608.975783628,0,0,0,0,0,0,0,0,0,0,0,0,686129850,631139132,0,0,0,0,0,0,0,0,0,0,0
1785665609.997815228,0,0,0,0,0,0,0,0,0,0,0,0,686132913,631142183,0,0,0,0,0,0,0,0,0,0,0
1785665611.020232045,0,0,0,0,0,0,0,0,0,0,0,0,686135981,631145242,0,0,0,0,0,0,0,0,0,0,0
1785665612.041545323,0,0,0,0,0,0,0,0,0,0,0,0,686139043,631148258,0,0,0,0,0,0,0,0,0,0,0
1785665613.062361954,0,0,0,0,0,0,0,0,0,0,0,0,686142105,631151282,0,0,0,0,0,0,0,0,0,0,0
1785665614.081240669,0,0,0,0,0,0,0,0,0,0,0,0,686145160,631154327,0,0,0,0,0,0,0,0,0,0,0
1785665615.100528518,0,0,0,0,0,0,0,0,0,0,0,0,686148215,631157273,0,0,0,0,0,0,0,0,0,0,0
1785665616.123371231,0,0,0,0,0,0,0,0,0,0,0,0,686151283,631160322,0,0,0,0,0,0,0,0,0,0,0
1785665617.146177226,0,0,0,0,0,0,0,0,0,0,0,0,686154349,631163381,0,0,0,0,0,0,0,0,0,0,0
1785665618.167336890,0,0,0,0,0,0,0,0,0,0,0,0,686157411,631166380,0,0,0,0,0,0,0,0,0,0,0
1785665619.188855354,0,0,0,0,0,0,0,0,0,0,0,0,686160474,631169421,0,0,0,0,0,0,0,0,0,0,0
1785665620.208411988,0,524973,0,0,0,0,0,525646,35439,625700,0,0,686163332,631171211,0,0,0,526747,60499,856600,0,23902,1199,0,0
1785665621.227563581,0,1000064,0,0,0,0,0,1000064,30353,545500,0,0,686166264,631173459,0,0,0,1000064,53095,823800,0,21976,764,0,0
1785665622.248199068,0,1000064,0,0,0,0,0,1000064,30353,545500,0,0,686169325,631176513,0,0,0,1000064,53095,823800,0,21976,764,0,0
1785665623.269590189,3,1000064,3,0,3,57119,58400,1000064,30353,545500,0,0,686172386,631179566,3,70226,76200,1000064,53095,823800,13107,21976,764,0,0
1785665624.292143287,3,1000064,3,0,3,57119,58400,1000064,30353,545500,0,0,686175450,631182552,3,70226,76200,1000064,53095,823800,13107,21976,764,0,0
1785665625.312903896,3,1000064,3,0,3,57119,58400,1000064,30353,545500,0,0,686178511,631185582,3,70226,76200,1000064,53095,823800,13107,21976,764,0,0
1785665626.334440153,3,1000064,3,0,3,57119,58400,1000064,30353,545500,0,0,686181575,631188610,3,70226,76200,1000064,53095,823800,13107,21976,764,0,0
1785665627.357555373,3,1000064,3,0,3,57119,58400,1000064,30353,545500,0,0,686184640,631191627,3,70226,76200,1000064,53095,823800,13107,21976,764,0,0
1785665628.385337225,7920296,1000064,7920296,0,7925660,22769,74000,1000064,30353,545500,0,0,686187724,631192498,7939244,27632,153400,1000064,53095,823800,4872,21976,764,0,0
1785665629.411577929,19471357,1000064,19471357,0,19475625,21839,67900,1000064,30353,545500,0,0,686190801,631192506,19488136,26608,143900,1000064,53095,823800,4771,21976,764,0,0
1785665630.435230852,30783648,1000064,30783648,0,30788115,21608,66600,1000064,30353,545500,0,0,686193872,631192510,30801877,26377,141700,1000064,53095,823800,4770,21976,764,0,0
1785665631.460819564,42326144,1000064,42326144,0,42330379,21406,65600,1000064,30353,545500,0,0,686196949,631192523,42343466,26152,139400,1000064,53095,823800,4746,21976,764,0,0
1785665632.487405594,53660378,1000064,53660378,0,53664212,21310,65200,1000064,30353,545500,0,0,686200025,631192527,53678666,26064,139100,1000064,53095,823800,4754,21976,764,0,0
1785665633.510790420,65059700,1000064,65059700,0,65063756,21221,64800,1000064,30353,545500,0,0,686203093,631192531,65077084,25976,138800,1000064,53095,823800,4755,21976,764,0,0
1785665634.539734623,76451585,1000064,76451585,0,76456364,21155,64400,1000064,30353,545500,0,0,686206177,631192544,76470430,25907,138200,1000064,53095,823800,4752,21976,764,0,0
1785665635.565115237,87652863,1000064,87652863,0,87658628,21130,64400,1000064,30353,545500,0,0,686209256,631192552,87671901,25898,138500,1000064,53095,823800,4768,21976,764,0,0
1785665636.590712586,99039450,1000064,99039450,0,99043868,21090,64200,1000064,30353,545500,0,0,686212331,631192558,99057918,25858,138200,1000064,53095,823800,4768,21976,764,0,0
1785665637.614908207,110653623,1000064,110653623,0,110658344,21038,64000,1000064,30353,545500,0,0,686215402,631192563,110673319,25795,137500,1000064,53095,823800,4757,21976,764,0,0
1785665638.637115369,121908170,1000064,121908170,0,121912269,21022,63900,1000064,30353,545500,0,0,686218468,631192582,121925329,25785,137400,1000064,53095,823800,4762,21976,764,0,0
1785665639.661487803,133384703,1000064,133384703,0,133389552,20994,63800,1000064,30353,545500,0,0,686221543,631192593,133403545,25754,137100,1000064,53095,823800,4759,21976,764,0,0
1785665640.685423901,144994852,1000064,144994852,0,144999624,20962,63600,1000064,30353,545500,0,0,686224613,631192593,145014064,25715,136700,1000064,53095,823800,4752,21976,764,0,0
1785665641.712579687,156287897,1000064,156287897,0,156293419,20955,63600,1000064,30353,545500,0,0,686227690,631192612,156306442,25713,136700,1000064,53095,823800,4758,21976,764,0,0
1785665642.737670407,167739965,1000064,167739965,0,167744124,20942,63600,1000064,30353,545500,0,0,686230762,631192619,167758108,25697,136400,1000064,53095,823800,4754,21976,764,0,0
1785665643.765552713,179216346,1000064,179216346,0,179221405,20927,63500,1000064,30353,545500,0,0,686233845,631192643,179235928,25680,136300,1000064,53095,823800,4753,21976,764,0,0
1785665644.790362971,190429054,1000064,190429054,0,190433515,20935,63500,1000064,30353,545500,0,0,686236918,631192673,190448023,25696,136500,1000064,53095,823800,4761,21976,764,0,0
1785665645.813260431,201903060,1000064,201903060,0,201908386,20923,63500,1000064,30353,545500,0,0,686239986,631192680,201922969,25683,136400,1000064,53095,823800,4759,21976,764,0,0
1785665646.835879352,213541503,1000064,213541503,0,213545357,20904,63400,1000064,30353,545500,0,0,686243054,631192681,213556298,25657,135900,1000064,53095,823800,4752,21976,764,0,0
1785665647.858849330,224792488,1000064,224792488,0,224797199,20906,63400,1000064,30353,545500,0,0,686246119,631192707,224811617,25663,136000,1000064,53095,823800,4756,21976,764,0,0
1785665648.885529694,236300384,1000064,236300384,0,236306481,20894,63400,1000064,30353,545500,0,0,686249198,631192714,236321660,25649,135900,1000064,53095,823800,4754,21976,764,0,0
1785665649.907865456,247788547,1000064,247788547,0,247793702,20883,63300,1000064,30353,545500,0,0,686252265,631192721,247808949,25636,135600,1000064,53095,823800,4752,21976,764,0,0
1785665650.933877129,259065535,1000064,259065535,0,259069828,20882,63300,1000064,30353,545500,0,0,686255339,631192727,259082516,25639,135700,1000064,53095,823800,4756,21976,764,0,0
1785665651.957821024,270694900,1000064,270694900,0,270699322,20870,63300,1000064,30353,545500,0,0,686258407,631192727,270714224,25621,135300,1000064,53095,823800,4751,21976,764,0,0
1785665652.980432447,282279880,1000064,282279880,0,282284830,20859,63300,1000064,30353,545500,0,0,686261476,631192729,282298606,25606,135000,1000064,53095,823800,4747,21976,764,0,0
1785665654.003499022,293465338,1000064,293465338,0,293469161,20865,63300,1000064,30353,545500,0,0,686264542,631192760,293479125,25616,135100,1000064,53095,823800,4750,21976,764,0,0
1785665655.028536108,305038398,1000064,305038398,0,305043413,20856,63200,1000064,30353,545500,0,0,686267617,631192766,305056958,25605,134900,1000064,53095,823800,4748,21976,764,0,0
1785665656.052109754,316365350,1000064,316365350,0,316369996,20854,63200,1000064,30353,545500,0,0,686270688,631192772,316384532,25604,134900,1000064,53095,823800,4749,21976,764,0,0
1785665657.078148545,327757699,1000064,327757699,0,327762139,20852,63200,1000064,30353,545500,0,0,686273761,631192776,327776609,25602,134900,1000064,53095,823800,4750,21976,764,0,0
1785665658.094982359,334170970,1000064,334170970,0,334170970,20847,63200,1000064,30353,545500,0,0,686276817,631194145,334170970,25596,134800,1000064,53095,823800,4748,21976,764,0,0
1785665659.112805109,334170970,1000064,334170970,0,334170970,20847,63200,1000064,30353,545500,0,0,686279864,631197172,334170970,25596,134800,1000064,53095,823800,4748,21976,764,0,0
1785665660.136221294,334170970,1000064,334170970,0,334170970,20847,63200,1000064,30353,545500,0,0,686282930,631200180,334170970,25596,134800,1000064,53095,823800,4748,21976,764,0,0
1785665661.159294102,334170970,1000064,334170970,0,334170970,20847,63200,1000064,30353,545500,0,0,686285999,631203240,334170970,25596,134800,1000064,53095,823800,4748,21976,764,0,0
1785665662.182738718,334170970,1000064,334170970,0,334170970,20847,63200,1000064,30353,545500,0,0,686289069,631206264,334170970,25596,134800,1000064,53095,823800,4748,21976,764,0,0
1785665663.206096333,334170970,1000064,334170970,0,334170970,20847,63200,1000064,30353,545500,0,0,686292139,631209296,334170970,25596,134800,1000064,53095,823800,4748,21976,764,0,0
1785665664.228986062,334170970,1000064,334170970,0,334170970,20847,63200,1000064,30353,545500,0,0,686295208,631212356,334170970,25596,134800,1000064,53095,823800,4748,21976,764,0,0
1785665665.250718020,334170970,1000064,334170970,0,334170970,20847,63200,1000064,30353,545500,0,0,686298271,631215380,334170970,25596,134800,1000064,53095,823800,4748,21976,764,0,0
1785665666.272447495,334170970,1000064,334170970,0,334170970,20847,63200,1000064,30353,545500,0,0,686301334,631218383,334170970,25596,134800,1000064,53095,823800,4748,21976,764,0,0
1785665667.292839497,334170970,1000064,334170970,0,334170970,20847,63200,1000064,30353,545500,0,0,686304399,631221439,334170970,25596,134800,1000064,53095,823800,4748,21976,764,0,0
1785665668.315152245,334170970,1000064,334170970,0,334170970,20847,63200,1000064,30353,545500,0,0,686307458,631224438,334170970,25596,134800,1000064,53095,823800,4748,21976,764,0,0
1785665669.338777005,334170970,1000064,334170970,0,334170970,20847,63200,1000064,30353,545500,0,0,686310527,631227487,334170970,25596,134800,1000064,53095,823800,4748,21976,764,0,0
1785665670.361581431,334170970,1000064,334170970,0,334170970,20847,63200,1000064,30353,545500,0,0,686313595,631230547,334170970,25596,134800,1000064,53095,823800,4748,21976,764,0,0
1785665671.384490853,334170970,1000064,334170970,0,334170970,20847,63200,1000064,30353,545500,0,0,686316661,631233554,334170970,25596,134800,1000064,53095,823800,4748,21976,764,0,0
1785665672.404753936,334170970,1000064,334170970,0,334170970,20847,63200,1000064,30353,545500,0,0,686319721,631236589,334170970,25596,134800,1000064,53095,823800,4748,21976,764,0,0
1785665673.428048464,334170970,1000064,334170970,0,334170970,20847,63200,1000064,30353,545500,0,0,686322789,631239648,334170970,25596,134800,1000064,53095,823800,4748,21976,764,0,0
1785665674.449419180,334170970,1000064,334170970,0,334170970,20847,63200,1000064,30353,545500,0,0,686325853,631242636,334170970,25596,134800,1000064,53095,823800,4748,21976,764,0,0
1785665675.470265798,334170970,1000064,334170970,0,334170970,20847,63200,1000064,30353,545500,0,0,686328915,631245689,334170970,25596,134800,1000064,53095,823800,4748,21976,764,0,0
1785665676.493212451,334170970,1000064,334170970,0,334170970,20847,63200,1000064,30353,545500,0,0,686331982,631248725,334170970,25596,134800,1000064,53095,823800,4748,21976,764,0,0
1785665677.514401922,334170970,1000064,334170970,0,334170970,20847,63200,1000064,30353,545500,0,0,686335043,631251692,334170970,25596,134800,1000064,53095,823800,4748,21976,764,0,0
1785665678.539534958,334170970,1000064,334170970,0,334170970,20847,63200,1000064,30353,545500,0,0,686338117,631254758,334170970,25596,134800,1000064,53095,823800,4748,21976,764,0,0
1785665679.562319604,334170970,1000064,334170970,0,334170970,20847,63200,1000064,30353,545500,0,0,686341183,631257798,334170970,25596,134800,1000064,53095,823800,4748,21976,764,0,0
1785665680.586682632,334170970,1000064,334170970,0,334170970,20847,63200,1000064,30353,545500,0,0,686344256,631260813,334170970,25596,134800,1000064,53095,823800,4748,21976,764,0,0
1785665681.610801661,334170970,1000064,334170970,0,334170970,20847,63200,1000064,30353,545500,0,0,686347329,631263876,334170970,25596,134800,1000064,53095,823800,4748,21976,764,0,0
1785665682.633506394,338687527,1501969,338687527,0,338690589,20755,63200,1502839,22410,234600,0,0,686350389,631265222,338700820,25557,135200,1503985,42780,692700,4802,14814,5570,0,0
1785665683.666270105,347150997,2442356,347150997,0,347153849,20572,63000,2443118,16209,148400,0,0,686353475,631265261,347161673,25460,135700,2444018,34502,297200,4887,9336,8960,0,0
1785665684.694491156,355815554,3405083,355815554,0,355818818,20386,62800,3406076,13396,116100,0,0,686356546,631265289,355829325,25353,135900,3407241,30651,206300,4967,6856,10400,0,0
1785665685.717674395,364239251,4341051,364239251,0,364242674,20218,62600,4342016,11863,98700,0,0,686359605,631265322,364252636,25263,136400,4343055,28631,172000,5044,5503,11265,0,0
1785665686.746157709,372734805,5285002,372734805,0,372738267,20056,62400,5285984,10861,86600,0,0,686362676,631265353,372749109,25174,136700,5287179,27316,150800,5118,4623,11832,0,0
1785665687.772719444,381206234,6226271,381206234,0,381210264,19901,62300,6227344,10168,77900,0,0,686365740,631265383,381221808,25089,137000,6228662,26402,135900,5187,4011,12223,0,0
1785665688.801226511,389679947,7167796,389679947,0,389682602,19753,62100,7168536,9654,71100,0,0,686368817,631265416,389690484,25009,137300,7169420,25732,124700,5255,3559,12517,0,0
1785665689.829145454,398163874,8110450,398163874,0,398167566,19611,61900,8111435,9258,65600,0,0,686371889,631265442,398177535,24931,137600,8112601,25205,115500,5319,3213,12733,0,0
1785665690.860929154,406836980,9074132,406836980,0,406840885,19469,61700,9075125,8937,61000,0,0,686374973,631265466,406850929,24849,137900,9076298,24760,107800,5380,2932,12890,0,0
1785665691.884199958,415154230,9998262,415154230,0,415157520,19344,61600,9999194,8690,57400,0,0,686378033,631265520,415166824,24785,138300,10000231,24448,102000,5440,2714,13043,0,0
1785665692.907836953,423631841,10940224,423631841,0,423634890,19217,61400,10941126,8480,54300,0,0,686381096,631265540,423643833,24714,138500,10942085,24161,96700,5497,2530,13150,0,0
1785665693.933649415,432239169,11896598,432239169,0,432242926,19091,61200,11897651,8300,51700,0,0,686384161,631265550,432254151,24642,138700,11898907,23903,91900,5550,2372,13230,0,0
1785665694.957468561,440532669,12818097,440532669,0,440535828,18981,61100,12819086,8155,49500,0,0,686387219,631265592,440547701,24586,139000,12820433,23728,88200,5604,2243,13329,0,0
1785665695.980908044,449084014,13768244,449084014,0,449086902,18867,60900,13769037,8022,47500,0,0,686390279,631265607,449095644,24520,139300,13770043,23541,84900,5653,2127,13390,0,0
1785665697.007757442,457684796,14723891,457684796,0,457688203,18755,60800,14724831,7908,45600,0,0,686393348,631265623,457697938,24456,139400,14726042,23375,82000,5700,2026,13440,0,0
1785665698.033663001,465889483,15635513,465889483,0,465892649,18660,60600,15636449,7814,43900,0,0,686396409,631265654,465903230,24410,139800,15637700,23276,79800,5749,1942,13518,0,0
1785665699.059082979,474502977,16592575,474502977,0,474506163,18556,60500,16593571,7724,42300,0,0,686399471,631265670,474517612,24349,139900,16594872,23145,77700,5793,1863,13556,0,0
1785665700.082901889,483081589,17545761,483081589,0,483085318,18456,60300,17546784,7644,40900,0,0,686402538,631265682,483096106,24292,140100,17548036,23032,75900,5835,1793,13593,0,0
1785665701.107181871,491394793,18469440,491394793,0,491398430,18367,60200,18470457,7576,39600,0,0,686405602,631265730,491409193,24248,140300,18471690,22954,74500,5879,1732,13644,0,0
1785665702.131288131,499967507,19421965,499967507,0,499971250,18274,60100,19422988,7510,38400,0,0,686408662,631265754,499981267,24194,140500,19424170,22861,73200,5919,1675,13673,0,0
1785665703.156468875,508486373,20368504,508486373,0,508489617,18187,59900,20369497,7453,37400,0,0,686411722,631265782,508500860,24145,140600,20370734,22783,72100,5958,1624,13705,0,0
1785665704.183029362,516865733,21299545,516865733,0,516869613,18105,59800,21300591,7401,36600,0,0,686414793,631265824,516880235,24104,140800,21301811,22721,71200,5997,1578,13740,0,0
1785665705.208320590,525412543,22249195,525412543,0,525415789,18022,59700,22250180,7351,35800,0,0,686417860,631265836,525426106,24056,141000,22251358,22649,70300,6033,1535,13760,0,0
1785665706.234690879,533891818,23191335,533891818,0,533895650,17943,59600,23192369,7306,35200,0,0,686420930,631265849,533906038,24012,141200,23193496,22588,69500,6069,1496,13783,0,0
1785665707.265956975,542292545,24124748,542292545,0,542295899,17868,59500,24126573,7266,34700,0,0,686424007,631265875,542340221,23973,141400,24130656,22540,68800,6105,1461,13811,0,0
1785665708.293020724,550839508,25074409,550839508,0,550841860,17793,59300,25075163,7230,34200,0,0,686427082,631265903,550851006,23932,141500,25076315,22491,68200,6138,1427,13833,0,0
1785665709.315199971,559197409,26003070,559197409,0,559200433,17724,59200,26003926,7196,33800,0,0,686430138,631265941,559209837,23896,141700,26005078,22450,67600,6172,1397,13855,0,0
1785665710.340412376,567606754,26937445,567606754,0,567610460,17656,59100,26938513,7164,33400,0,0,686433194,631265972,567622212,23860,141900,26939890,22409,67100,6203,1368,13876,0,0
1785665711.368393661,576225841,27895110,576225841,0,576229219,17585,59000,27896123,7131,33100,0,0,686436269,631265996,576240142,23819,142000,27897327,22359,66500,6233,1340,13886,0,0
1785665712.385709375,581976028,28534018,581976028,0,581976028,17540,58900,28534018,7111,32900,0,0,686439318,631266976,581976028,23793,142100,28534018,22331,66200,6252,1323,13894,0,0
1785665713.408232587,581976028,28534018,581976028,0,581976028,17540,58900,28534018,7111,32900,0,0,686442379,631270009,581976028,23793,142100,28534018,22331,66200,6252,1323,13894,0,0
1785665714.428545792,581976028,28534018,581976028,0,581976028,17540,58900,28534018,7111,32900,0,0,686445443,631273066,581976028,23793,142100,28534018,22331,66200,6252,1323,13894,0,0
1785665715.451220959,581976028,28534018,581976028,0,581976028,17540,58900,28534018,7111,32900,0,0,686448506,631276068,581976028,23793,142100,28534018,22331,66200,6252,1323,13894,0,0
1785665716.474055724,581976028,28534018,581976028,0,581976028,17540,58900,28534018,7111,32900,0,0,686451573,631279116,581976028,23793,142100,28534018,22331,66200,6252,1323,13894,0,0
1785665717.497028276,581976028,28534018,581976028,0,581976028,17540,58900,28534018,7111,32900,0,0,686454641,631282175,581976028,23793,142100,28534018,22331,66200,6252,1323,13894,0,0
1785665718.522041123,592208561,28534018,592208561,0,592212969,17622,59200,28534018,7111,32900,0,0,686457718,631282312,592227309,23855,142200,28534018,22331,66200,6232,1323,13894,0,0
1785665719.550625707,603620481,28534018,603620481,0,603624643,17690,59300,28534018,7111,32900,0,0,686460802,631282320,603639785,23896,142000,28534018,22331,66200,6205,1323,13894,0,0
1785665720.583681741,614993926,28534018,614993926,0,615019009,17753,59400,28534018,7111,32900,0,0,686463900,631282334,615033398,23933,141800,28534018,22331,66200,6180,1323,13894,0,0
1785665721.606963102,626113344,28534018,626113344,0,626117436,17815,59500,28534018,7111,32900,0,0,686466967,631282350,626131772,23974,141800,28534018,22331,66200,6157,1323,13894,0,0
1785665722.634733641,637601640,28534018,637601640,0,637606992,17869,59600,28534018,7111,32900,0,0,686470040,631282350,637623738,24001,141600,28534018,22331,66200,6131,1323,13894,0,0
1785665723.660293405,649046291,28534018,649046291,0,649050294,17922,59700,28534018,7111,32900,0,0,686473126,631282368,649065311,24030,141500,28534018,22331,66200,6107,1323,13894,0,0
1785665724.683046730,660092688,28534018,660092688,0,660097485,17976,59800,28534018,7111,32900,0,0,686476197,631282390,660111591,24065,141500,28534018,22331,66200,6088,1323,13894,0,0
1785665725.705566794,671490681,28534018,671490681,0,671495996,18025,59900,28534018,7111,32900,0,0,686479261,631282400,671510639,24092,141400,28534018,22331,66200,6065,1323,13894,0,0
1785665726.729135813,682873445,28534018,682873445,0,682878358,18072,59900,28534018,7111,32900,0,0,686482333,631282412,682891753,24117,141200,28534018,22331,66200,6044,1323,13894,0,0
1785665727.753669501,693995966,28534018,693995966,0,694001274,18120,60000,28534018,7111,32900,0,0,686485400,631282419,694017115,24147,141200,28534018,22331,66200,6025,1323,13894,0,0
1785665728.778688018,705329283,28534018,705329283,0,705333903,18165,60100,28534018,7111,32900,0,0,686488477,631282427,705350024,24171,141000,28534018,22331,66200,6005,1323,13894,0,0
1785665729.806272448,716748079,28534018,716748079,0,716755103,18207,60100,28534018,7111,32900,0,0,686491557,631282429,716770500,24193,140900,28534018,22331,66200,5985,1323,13894,0,0
1785665730.828838658,727874840,28534018,727874840,0,727880245,18250,60200,28534018,7111,32900,0,0,686494624,631282437,727896066,24219,140800,28534018,22331,66200,5969,1323,13894,0,0
1785665731.854766758,739321404,28534018,739321404,0,739327201,18289,60200,28534018,7111,32900,0,0,686497703,631282438,739342948,24240,140700,28534018,22331,66200,5950,1323,13894,0,0
1785665732.879215353,750596497,28534018,750596497,0,750601375,18328,60300,28534018,7111,32900,0,0,686500775,631282448,750616937,24262,140500,28534018,22331,66200,5933,1323,13894,0,0
1785665733.903057366,761665074,28534018,761665074,0,761670389,18368,60300,28534018,7111,32900,0,0,686503843,631282471,761684857,24287,140500,28534018,22331,66200,5918,1323,13894,0,0
1785665734.927054842,773020404,28534018,773020404,0,773025087,18403,60400,28534018,7111,32900,0,0,686506914,631282478,773039172,24305,140400,28534018,22331,66200,5901,1323,13894,0,0
1785665735.958158207,784250811,28534018,784250811,0,784301795,18439,60400,28534018,7111,32900,0,0,686510008,631282487,784323846,24326,140300,28534018,22331,66200,5886,1323,13894,0,0
1785665736.983321092,795488452,28534018,795488452,0,795493530,18475,60500,28534018,7111,32900,0,0,686513082,631282500,795508488,24348,140200,28534018,22331,66200,5872,1323,13894,0,0
1785665738.007955952,806905549,28534018,806905549,0,806909758,18508,60500,28534018,7111,32900,0,0,686516153,631282507,806924717,24365,140000,28534018,22331,66200,5856,1323,13894,0,0
1785665739.029729703,817696648,28534018,817696648,0,817702593,18547,60600,28534018,7111,32900,0,0,686519219,631282514,817717037,24393,140000,28534018,22331,66200,5846,1323,13894,0,0
1785665740.053122846,828724583,28534018,828724583,0,828729818,18580,60600,28534018,7111,32900,0,0,686522285,631282533,828744121,24415,140000,28534018,22331,66200,5834,1323,13894,0,0
1785665741.078369133,840164669,28534018,840164669,0,840170148,18610,60600,28534018,7111,32900,0,0,686525362,631282533,840186345,24430,139900,28534018,22331,66200,5819,1323,13894,0,0
1785665742.102836007,851274417,28534018,851274417,0,851278971,18642,60700,28534018,7111,32900,0,0,686528431,631282551,851294344,24450,139900,28534018,22331,66200,5807,1323,13894,0,0
1785665743.126476560,862438033,28534018,862438033,0,862442698,18673,60700,28534018,7111,32900,0,0,686531502,631282570,862458258,24469,139900,28534018,22331,66200,5795,1323,13894,0,0
1785665744.151879990,873786332,28534018,873786332,0,873791613,18700,60800,28534018,7111,32900,0,0,686534576,631282575,873807506,24482,139800,28534018,22331,66200,5781,1323,13894,0,0
1785665745.182349584,885021925,28534018,885021925,0,885027253,18729,60800,28534018,7111,32900,0,0,686537667,631282605,885044110,24500,139800,28534018,22331,66200,5770,1323,13894,0,0
1785665746.205840598,896242166,28534018,896242166,0,896247092,18757,60800,28534018,7111,32900,0,0,686540735,631282609,896262730,24516,139700,28534018,22331,66200,5758,1323,13894,0,0
1785665747.229972785,907664645,28534018,907664645,0,907667939,18781,60900,28534018,7111,32900,0,0,686543804,631282610,907679277,24528,139600,28534018,22331,66200,5746,1323,13894,0,0
1785665748.252943776,911142328,28534018,911142328,0,911142328,18789,60900,28534018,7111,32900,0,0,686546873,631284699,911142328,24532,139500,28534018,22331,66200,5742,1323,13894,0,0
1785665749.274368688,911142328,28534018,911142328,0,911142328,18789,60900,28534018,7111,32900,0,0,686549935,631287740,911142328,24532,139500,28534018,22331,66200,5742,1323,13894,0,0
1785665750.295703131,911142328,28534018,911142328,0,911142328,18789,60900,28534018,7111,32900,0,0,686553001,631290777,911142328,24532,139500,28534018,22331,66200,5742,1323,13894,0,0
1785665751.316734265,911142328,28534018,911142328,0,911142328,18789,60900,28534018,7111,32900,0,0,686556063,631293787,911142328,24532,139500,28534018,22331,66200,5742,1323,13894,0,0
1785665752.340134358,911142328,28534018,911142328,0,911142328,18789,60900,28534018,7111,32900,0,0,686559130,631296827,911142328,24532,139500,28534018,22331,66200,5742,1323,13894,0,0
1785665753.363542307,911142328,28534018,911142328,0,911142328,18789,60900,28534018,7111,32900,0,0,686562199,631299885,911142328,24532,139500,28534018,22331,66200,5742,1323,13894,0,0
1785665754.387053698,911142328,28534018,911142328,0,911142328,18789,60900,28534018,7111,32900,0,0,686565269,631302879,911142328,24532,139500,28534018,22331,66200,5742,1323,13894,0,0
1785665755.410766916,911142328,28534018,911142328,0,911142328,18789,60900,28534018,7111,32900,0,0,686568337,631305940,911142328,24532,139500,28534018,22331,66200,5742,1323,13894,0,0
1785665756.434046987,911142328,28534018,911142328,0,911142328,18789,60900,28534018,7111,32900,0,0,686571408,631309003,911142328,24532,139500,28534018,22331,66200,5742,1323,13894,0,0
1785665757.456235225,911142328,28534018,911142328,0,911142328,18789,60900,28534018,7111,32900,0,0,686574472,631311990,911142328,24532,139500,28534018,22331,66200,5742,1323,13894,0,0
1785665758.480006268,911142328,28534018,911142328,0,911142328,18789,60900,28534018,7111,32900,0,0,686577544,631315053,911142328,24532,139500,28534018,22331,66200,5742,1323,13894,0,0
1785665759.503052713,911142328,28534018,911142328,0,911142328,18789,60900,28534018,7111,32900,0,0,686580613,631318088,911142328,24532,139500,28534018,22331,66200,5742,1323,13894,0,0
1785665760.527543708,911142328,28534018,911142328,0,911142328,18789,60900,28534018,7111,32900,0,0,686583685,631321087,911142328,24532,139500,28534018,22331,66200,5742,1323,13894,0,0
1785665761.551427919,911142328,28534018,911142328,0,911142328,18789,60900,28534018,7111,32900,0,0,686586754,631324149,911142328,24532,139500,28534018,22331,66200,5742,1323,13894,0,0
1785665762.575152821,911142328,28534018,911142328,0,911142328,18789,60900,28534018,7111,32900,0,0,686589825,631327208,911142328,24532,139500,28534018,22331,66200,5742,1323,13894,0,0
1785665763.598764403,911142328,28534018,911142328,0,911142328,18789,60900,28534018,7111,32900,0,0,686592896,631330203,911142328,24532,139500,28534018,22331,66200,5742,1323,13894,0,0
1785665764.622342683,911142328,28534018,911142328,0,911142328,18789,60900,28534018,7111,32900,0,0,686595966,631333265,911142328,24532,139500,28534018,22331,66200,5742,1323,13894,0,0
1785665765.645585727,911142328,28534018,911142328,0,911142328,18789,60900,28534018,7111,32900,0,0,686599035,631336284,911142328,24532,139500,28534018,22331,66200,5742,1323,13894,0,0
1785665766.668726163,911142328,28534018,911142328,0,911142328,18789,60900,28534018,7111,32900,0,0,686602103,631339317,911142328,24532,139500,28534018,22331,66200,5742,1323,13894,0,0
1785665767.691747407,911142328,28534018,911142328,0,911142328,18789,60900,28534018,7111,32900,0,0,686605171,631342376,911142328,24532,139500,28534018,22331,66200,5742,1323,13894,0,0
1785665768.712452404,911142328,28534018,911142328,0,911142328,18789,60900,28534018,7111,32900,0,0,686608232,631345403,911142328,24532,139500,28534018,22331,66200,5742,1323,13894,0,0
1785665769.736565603,911142328,28534018,911142328,0,911142328,18789,60900,28534018,7111,32900,0,0,686611302,631348424,911142328,24532,139500,28534018,22331,66200,5742,1323,13894,0,0
1785665770.761131911,911142328,28534018,911142328,0,911142328,18789,60900,28534018,7111,32900,0,0,686614375,631351466,911142328,24532,139500,28534018,22331,66200,5742,1323,13894,0,0
1785665771.783884795,911142328,28534018,911142328,0,911142328,18789,60900,28534018,7111,32900,0,0,686617442,631354469,911142328,24532,139500,28534018,22331,66200,5742,1323,13894,0,0
1785665772.810470187,917701093,29262833,917701093,0,917704284,18751,60900,29263872,7096,32800,0,0,686620516,631355107,917715372,24514,139600,29265027,22315,66000,5762,1305,13913,0,0
1785665773.834837225,926350559,30223890,926350559,0,926354239,18698,60800,30224910,7069,32500,0,0,686623580,631355118,926365171,24482,139600,30226191,22275,65600,5784,1281,13923,0,0
1785665774.859994018,934756875,31157926,934756875,0,934759916,18648,60700,31158869,7045,32300,0,0,686626640,631355153,934770074,24456,139700,31160003,22248,65200,5807,1260,13941,0,0
1785665775.890430274,943269165,32103730,943269165,0,943272206,18598,60600,32104676,7023,32100,0,0,686629714,631355185,943282623,24428,139800,32105850,22218,64800,5829,1240,13954,0,0
1785665776.914952642,951831730,33055128,951831730,0,951835421,18547,60600,33056184,7000,31900,0,0,686632781,631355195,951846110,24398,139900,33057365,22186,64500,5850,1221,13963,0,0
1785665777.939116351,960015298,33964410,960015298,0,960018888,18503,60500,33965432,6980,31700,0,0,686635840,631355252,960029613,24377,140000,33966586,22171,64200,5873,1204,13985,0,0
1785665778.967547892,968617429,34920211,968617429,0,968621059,18453,60400,34921246,6960,31600,0,0,686638913,631355259,968631770,24347,140000,34922492,22139,63800,5893,1187,13991,0,0
1785665779.991569324,977226804,35876805,977226804,0,977230716,18404,60400,35877864,6940,31500,0,0,686641979,631355268,977241764,24318,140100,35879129,22108,63500,5913,1170,13995,0,0
1785665781.016668225,985387199,36783510,985387199,0,985390083,18362,60300,36784485,6923,31300,0,0,686645045,631355329,985400837,24298,140200,36785580,22096,63300,5935,1156,14015,0,0
1785665782.044563087,993995604,37739999,993995604,0,993999056,18315,60200,37740979,6906,31200,0,0,686648121,631355340,994009486,24270,140300,37742183,22069,63000,5954,1141,14020,0,0
1785665783.070529731,1002493366,38684198,1002493366,0,1002496757,18271,60200,38685193,6890,31100,0,0,686651187,631355359,1002507541,24244,140400,38686368,22045,62700,5973,1127,14026,0,0
1785665784.097782807,1010830861,39610581,1010830861,0,1010834153,18229,60100,39611587,6875,31000,0,0,686654259,631355403,1010844896,24222,140500,39612783,22030,62500,5993,1114,14038,0,0
1785665785.124257852,1019428517,40565878,1019428517,0,1019431732,18184,60000,40566847,6860,30900,0,0,686657326,631355426,1019442837,24196,140500,40568024,22006,62200,6011,1102,14042,0,0
1785665786.152064929,1028028061,41521383,1028028061,0,1028031339,18140,60000,41522365,6845,30800,0,0,686660392,631355441,1028042546,24170,140600,41523621,21983,62000,6029,1089,14046,0,0
1785665787.177374141,1036381546,42449553,1036381546,0,1036384509,18100,59900,42450536,6833,30700,0,0,686663462,631355479,1036395740,24149,140700,42451760,21970,61800,6048,1078,14057,0,0
1785665788.213524826,1045001041,43407269,1045001041,0,1045007535,18057,59800,43408497,6819,30600,0,0,686666555,631355501,1045016205,24124,140700,43409652,21949,61600,6066,1067,14061,0,0
1785665789.234443738,1053460915,44347265,1053460915,0,1053464836,18017,59800,44348301,6807,30600,0,0,686669613,631355526,1053475248,24102,140800,44349407,21933,61400,6084,1057,14067,0,0
1785665790.257823908,1061861761,45280683,1061861761,0,1061864934,17978,59700,45281658,6795,30500,0,0,686672669,631355571,1061875777,24080,140900,45282895,21918,61200,6101,1047,14074,0,0
1785665791.283709183,1070351887,46224033,1070351887,0,1070355309,17939,59700,46225050,6784,30400,0,0,686675738,631355604,1070366834,24058,140900,46226344,21903,61100,6118,1037,14080,0,0
1785665792.311333781,1078849080,47168166,1078849080,0,1078852878,17901,59600,47169156,6774,30400,0,0,686678813,631355640,1078863681,24036,141000,47170360,21890,60900,6135,1028,14086,0,0
1785665793.336709427,1087276870,48104589,1087276870,0,1087281278,17863,59600,48105741,6764,30300,0,0,686681877,631355672,1087292604,24016,141000,48107016,21878,60700,6152,1019,14094,0,0
1785665794.361042065,1095843896,49056479,1095843896,0,1095846947,17825,59500,49057406,6754,30200,0,0,686684937,631355689,1095857391,23994,141100,49058628,21862,60600,6168,1011,14096,0,0
1785665795.388733751,1104245870,49990026,1104245870,0,1104249178,17789,59400,49991015,6745,30200,0,0,686688009,631355733,1104259538,23975,141200,49992184,21853,60500,6184,1002,14104,0,0
1785665796.412788000,1112755189,50935515,1112755189,0,1112758683,17753,59400,50936482,6735,30100,0,0,686691069,631355747,1112768509,23953,141200,50937633,21839,60300,6200,994,14107,0,0
1785665797.437679926,1121299333,51884862,1121299333,0,1121303050,17716,59300,51885943,6726,30100,0,0,686694131,631355770,1121314672,23932,141300,51887199,21824,60200,6215,987,14110,0,0
1785665798.464985490,1129680609,52816115,1129680609,0,1129684262,17682,59300,52817167,6717,30000,0,0,686697207,631355807,1129695574,23914,141300,52818480,21817,60100,6231,980,14118,0,0
1785665799.486814331,1138140533,53756103,1138140533,0,1138143990,17647,59200,53757109,6708,30000,0,0,686700262,631355827,1138155388,23894,141400,53758419,21804,59900,6246,972,14122,0,0
1785665800.510812512,1146700890,54707251,1146700890,0,1146704781,17612,59200,54708311,6699,29900,0,0,686703317,631355834,1146715491,23873,141500,54709581,21790,59800,6261,965,14123,0,0
1785665801.536376845,1154712638,55597454,1154712638,0,1154716566,17583,59100,55598553,6693,29900,0,0,686706388,631355859,1154728475,23862,141600,55599898,21793,59700,6278,960,14139,0,0
1785665802.557338812,1158458242,56013620,1158458242,0,1158458242,17569,59100,56013620,6690,29900,0,0,686709446,631357558,1158458242,23855,141600,56013620,21791,59700,6284,957,14142,0,0
1785665803.579265577,1158458242,56013620,1158458242,0,1158458242,17569,59100,56013620,6690,29900,0,0,686712507,631360611,1158458242,23855,141600,56013620,21791,59700,6284,957,14142,0,0
1785665804.602797754,1158458242,56013620,1158458242,0,1158458242,17569,59100,56013620,6690,29900,0,0,686715574,631363603,1158458242,23855,141600,56013620,21791,59700,6284,957,14142,0,0
1785665805.626758965,1158458242,56013620,1158458242,0,1158458242,17569,59100,56013620,6690,29900,0,0,686718646,631366667,1158458242,23855,141600,56013620,21791,59700,6284,957,14142,0,0
1785665806.650893245,1158458242,56013620,1158458242,0,1158458242,17569,59100,56013620,6690,29900,0,0,686721717,631369730,1158458242,23855,141600,56013620,21791,59700,6284,957,14142,0,0
1785665807.674279371,1158458242,56013620,1158458242,0,1158458242,17569,59100,56013620,6690,29900,0,0,686724786,631372739,1158458242,23855,141600,56013620,21791,59700,6284,957,14142,0,0
1785665808.697692867,1158458242,56013620,1158458242,0,1158458242,17569,59100,56013620,6690,29900,0,0,686727856,631375786,1158458242,23855,141600,56013620,21791,59700,6284,957,14142,0,0
1785665809.721086963,1158458242,56013620,1158458242,0,1158458242,17569,59100,56013620,6690,29900,0,0,686730927,631378840,1158458242,23855,141600,56013620,21791,59700,6284,957,14142,0,0
1785665810.745041862,1158458242,56013620,1158458242,0,1158458242,17569,59100,56013620,6690,29900,0,0,686733998,631381842,1158458242,23855,141600,56013620,21791,59700,6284,957,14142,0,0
1785665811.767068420,1158458242,56013620,1158458242,0,1158458242,17569,59100,56013620,6690,29900,0,0,686737062,631384877,1158458242,23855,141600,56013620,21791,59700,6284,957,14142,0,0
1785665812.791213391,1158458242,56013620,1158458242,0,1158458242,17569,59100,56013620,6690,29900,0,0,686740134,631387940,1158458242,23855,141600,56013620,21791,59700,6284,957,14142,0,0
1785665813.815498222,1158458242,56013620,1158458242,0,1158458242,17569,59100,56013620,6690,29900,0,0,686743206,631390935,1158458242,23855,141600,56013620,21791,59700,6284,957,14142,0,0
1785665814.838219443,1158458242,56013620,1158458242,0,1158458242,17569,59100,56013620,6690,29900,0,0,686746274,631393994,1158458242,23855,141600,56013620,21791,59700,6284,957,14142,0,0
1785665815.861713453,1158458242,56013620,1158458242,0,1158458242,17569,59100,56013620,6690,29900,0,0,686749343,631397028,1158458242,23855,141600,56013620,21791,59700,6284,957,14142,0,0
1785665816.885159729,1158458242,56013620,1158458242,0,1158458242,17569,59100,56013620,6690,29900,0,0,686752412,631400051,1158458242,23855,141600,56013620,21791,59700,6284,957,14142,0,0
1785665817.909140442,1158458242,56013620,1158458242,0,1158458242,17569,59100,56013620,6690,29900,0,0,686755485,631403115,1158458242,23855,141600,56013620,21791,59700,6284,957,14142,0,0
1785665818.932587661,1158458242,56013620,1158458242,0,1158458242,17569,59100,56013620,6690,29900,0,0,686758552,631406153,1158458242,23855,141600,56013620,21791,59700,6284,957,14142,0,0
1785665819.955830812,1158458242,56013620,1158458242,0,1158458242,17569,59100,56013620,6690,29900,0,0,686761617,631409099,1158458242,23855,141600,56013620,21791,59700,6284,957,14142,0,0
1785665820.979704530,1158458242,56013620,1158458242,0,1158458242,17569,59100,56013620,6690,29900,0,0,686764687,631412160,1158458242,23855,141600,56013620,21791,59700,6284,957,14142,0,0
1785665822.002290972,1158458242,56013620,1158458242,0,1158458242,17569,59100,56013620,6690,29900,0,0,686767753,631415148,1158458242,23855,141600,56013620,21791,59700,6284,957,14142,0,0
1785665823.026483527,1158458242,56013620,1158458242,0,1158458242,17569,59100,56013620,6690,29900,0,0,686770825,631418190,1158458242,23855,141600,56013620,21791,59700,6284,957,14142,0,0
1785665824.050673609,1158458242,56013620,1158458242,0,1158458242,17569,59100,56013620,6690,29900,0,0,686773897,631421254,1158458242,23855,141600,56013620,21791,59700,6284,957,14142,0,0
1785665825.073053798,1158458242,56013620,1158458242,0,1158458242,17569,59100,56013620,6690,29900,0,0,686776964,631424282,1158458242,23855,141600,56013620,21791,59700,6284,957,14142,0,0
1785665826.094874066,1158458242,56013620,1158458242,0,1158458242,17569,59100,56013620,6690,29900,0,0,686780027,631427297,1158458242,23855,141600,56013620,21791,59700,6284,957,14142,0,0
1785665827.118501129,1158458242,56013620,1158458242,0,1158458242,17569,59100,56013620,6690,29900,0,0,686783097,631430359,1158458242,23855,141600,56013620,21791,59700,6284,957,14142,0,0
1785665828.141342540,1158458242,56013620,1158458242,0,1158458242,17569,59100,56013620,6690,29900,0,0,686786164,631433348,1158458242,23855,141600,56013620,21791,59700,6284,957,14142,0,0
1785665829.165430012,1158458242,56013620,1158458242,0,1158458242,17569,59100,56013620,6690,29900,0,0,686789236,631436411,1158458242,23855,141600,56013620,21791,59700,6284,957,14142,0,0
1785665830.188724172,1158458242,56013620,1158458242,0,1158458242,17569,59100,56013620,6690,29900,0,0,686792304,631439472,1158458242,23855,141600,56013620,21791,59700,6284,957,14142,0,0
1785665831.208723359,1158458242,56013620,1158458242,0,1158458242,17569,59100,56013620,6690,29900,0,0,686795368,631442478,1158458242,23855,141600,56013620,21791,59700,6284,957,14142,0,0
1785665832.230535530,1158458242,56013620,1158458242,0,1158458242,17569,59100,56013620,6690,29900,0,0,686798429,631445507,1158458242,23855,141600,56013620,21791,59700,6284,957,14142,0,0
1785665833.254211261,1158458242,56013620,1158458242,0,1158458242,17569,59100,56013620,6690,29900,0,0,686801499,631448544,1158458242,23855,141600,56013620,21791,59700,6284,957,14142,0,0
1785665834.277970757,1158458242,56013620,1158458242,0,1158458242,17569,59100,56013620,6690,29900,0,0,686804567,631451547,1158458242,23855,141600,56013620,21791,59700,6284,957,14142,0,0
1785665835.300840746,1158458242,56013620,1158458242,0,1158458242,17569,59100,56013620,6690,29900,0,0,686807636,631454608,1158458242,23855,141600,56013620,21791,59700,6284,957,14142,0,0
1785665836.321436525,1158458242,56013620,1158458242,0,1158458242,17569,59100,56013620,6690,29900,0,0,686810701,631457665,1158458242,23855,141600,56013620,21791,59700,6284,957,14142,0,0
1785665837.344414624,1158458242,56013620,1158458242,0,1158458242,17569,59100,56013620,6690,29900,0,0,686813762,631460649,1158458242,23855,141600,56013620,21791,59700,6284,957,14142,0,0
1785665838.369076623,1158458242,56013620,1158458242,0,1158458242,17569,59100,56013620,6690,29900,0,0,686816837,631463714,1158458242,23855,141600,56013620,21791,59700,6284,957,14142,0,0
1785665839.392410656,1158458242,56013620,1158458242,0,1158458242,17569,59100,56013620,6690,29900,0,0,686819906,631466746,1158458242,23855,141600,56013620,21791,59700,6284,957,14142,0,0
1785665840.415362903,1158458242,56013620,1158458242,0,1158458242,17569,59100,56013620,6690,29900,0,0,686822970,631469763,1158458242,23855,141600,56013620,21791,59700,6284,957,14142,0,0
1785665841.439020271,1158458242,56013620,1158458242,0,1158458242,17569,59100,56013620,6690,29900,0,0,686826042,631472825,1158458242,23855,141600,56013620,21791,59700,6284,957,14142,0,0
1785665842.461468501,1158458242,56013620,1158458242,0,1158458242,17569,59100,56013620,6690,29900,0,0,686829108,631475871,1158458242,23855,141600,56013620,21791,59700,6284,957,14142,0,0
1785665843.488455681,1158458242,56013620,1158458242,0,1158458242,17569,59100,56013620,6690,29900,0,0,686832190,631478866,1158458242,23855,141600,56013620,21791,59700,6284,957,14142,0,0
1785665844.512468880,1158458242,56013620,1158458242,0,1158458242,17569,59100,56013620,6690,29900,0,0,686835261,631481929,1158458242,23855,141600,56013620,21791,59700,6284,957,14142,0,0
1785665845.535439833,1158458242,56013620,1158458242,0,1158458242,17569,59100,56013620,6690,29900,0,0,686838329,631484940,1158458242,23855,141600,56013620,21791,59700,6284,957,14142,0,0
1785665846.556881666,1158458242,56013620,1158458242,0,1158458242,17569,59100,56013620,6690,29900,0,0,686841391,631487976,1158458242,23855,141600,56013620,21791,59700,6284,957,14142,0,0
1785665847.580061061,1158458242,56013620,1158458242,0,1158458242,17569,59100,56013620,6690,29900,0,0,686844461,631491038,1158458242,23855,141600,56013620,21791,59700,6284,957,14142,0,0
1785665848.604114109,1158458242,56013620,1158458242,0,1158458242,17569,59100,56013620,6690,29900,0,0,686847530,631494071,1158458242,23855,141600,56013620,21791,59700,6284,957,14142,0,0
1785665849.628560525,1158458242,56013620,1158458242,0,1158458242,17569,59100,56013620,6690,29900,0,0,686850602,631497092,1158458242,23855,141600,56013620,21791,59700,6284,957,14142,0,0
1785665850.652862286,1158458242,56013620,1158458242,0,1158458242,17569,59100,56013620,6690,29900,0,0,686853675,631500156,1158458242,23855,141600,56013620,21791,59700,6284,957,14142,0,0
1785665851.676545203,1158458242,56013620,1158458242,0,1158458242,17569,59100,56013620,6690,29900,0,0,686856744,631503151,1158458242,23855,141600,56013620,21791,59700,6284,957,14142,0,0
1785665852.699234686,1158458242,56013620,1158458242,0,1158458242,17569,59100,56013620,6690,29900,0,0,686859811,631506207,1158458242,23855,141600,56013620,21791,59700,6284,957,14142,0,0
1785665853.722872678,1158458242,56013620,1158458242,0,1158458242,17569,59100,56013620,6690,29900,0,0,686862878,631509247,1158458242,23855,141600,56013620,21791,59700,6284,957,14142,0,0
1785665854.746343922,1158458242,56013620,1158458242,0,1158458242,17569,59100,56013620,6690,29900,0,0,686865948,631512255,1158458242,23855,141600,56013620,21791,59700,6284,957,14142,0,0
1785665855.770154900,1158458242,56013620,1158458242,0,1158458242,17569,59100,56013620,6690,29900,0,0,686869018,631515298,1158458242,23855,141600,56013620,21791,59700,6284,957,14142,0,0
1785665856.793569301,1158458242,56013620,1158458242,0,1158458242,17569,59100,56013620,6690,29900,0,0,686872088,631518348,1158458242,23855,141600,56013620,21791,59700,6284,957,14142,0,0
1785665857.817750315,1158458242,56013620,1158458242,0,1158458242,17569,59100,56013620,6690,29900,0,0,686875157,631521352,1158458242,23855,141600,56013620,21791,59700,6284,957,14142,0,0
1785665858.841480106,1158458242,56013620,1158458242,0,1158458242,17569,59100,56013620,6690,29900,0,0,686878228,631524414,1158458242,23855,141600,56013620,21791,59700,6284,957,14142,0,0
1785665859.864562126,1158458242,56013620,1158458242,0,1158458242,17569,59100,56013620,6690,29900,0,0,686881297,631527475,1158458242,23855,141600,56013620,21791,59700,6284,957,14142,0,0
1785665860.887689362,1158458242,56013620,1158458242,0,1158458242,17569,59100,56013620,6690,29900,0,0,686884366,631530463,1158458242,23855,141600,56013620,21791,59700,6284,957,14142,0,0
1785665861.910989707,1158458242,56013620,1158458242,0,1158458242,17569,59100,56013620,6690,29900,0,0,686887434,631533524,1158458242,23855,141600,56013620,21791,59700,6284,957,14142,0,0
1785665862.933399114,1158458242,56013620,1158458242,0,1158458242,17569,59100,56013620,6690,29900,0,0,686890500,631536545,1158458242,23855,141600,56013620,21791,59700,6284,957,14142,0,0
1785665863.957296069,1158458242,56013620,1158458242,0,1158458242,17569,59100,56013620,6690,29900,0,0,686893571,631539520,1158458242,23855,141600,56013620,21791,59700,6284,957,14142,0,0
1785665864.980799394,1158458242,56013620,1158458242,0,1158458242,17569,59100,56013620,6690,29900,0,0,686896639,631542581,1158458242,23855,141600,56013620,21791,59700,6284,957,14142,0,0
1785665866.004514429,1158458242,56013620,1158458242,0,1158458242,17569,59100,56013620,6690,29900,0,0,686899710,631545639,1158458242,23855,141600,56013620,21791,59700,6284,957,14142,0,0
1785665867.028422085,1158458242,56013620,1158458242,0,1158458242,17569,59100,56013620,6690,29900,0,0,686902780,631548636,1158458242,23855,141600,56013620,21791,59700,6284,957,14142,0,0
1785665868.052555518,1158458242,56013620,1158458242,0,1158458242,17569,59100,56013620,6690,29900,0,0,686905853,631551700,1158458242,23855,141600,56013620,21791,59700,6284,957,14142,0,0
1785665869.074902015,1158458242,56013620,1158458242,0,1158458242,17569,59100,56013620,6690,29900,0,0,686908921,631554732,1158458242,23855,141600,56013620,21791,59700,6284,957,14142,0,0
1785665870.098394384,1158458242,56013620,1158458242,0,1158458242,17569,59100,56013620,6690,29900,0,0,686911989,631557748,1158458242,23855,141600,56013620,21791,59700,6284,957,14142,0,0
1785665871.121739691,1158458242,56013620,1158458242,0,1158458242,17569,59100,56013620,6690,29900,0,0,686915058,631560809,1158458242,23855,141600,56013620,21791,59700,6284,957,14142,0,0
1785665872.140851715,1158458242,56013620,1158458242,0,1158458242,17569,59100,56013620,6690,29900,0,0,686918116,631563832,1158458242,23855,141600,56013620,21791,59700,6284,957,14142,0,0
1785665873.161575324,1158458242,56013620,1158458242,0,1158458242,17569,59100,56013620,6690,29900,0,0,686921177,631566843,1158458242,23855,141600,56013620,21791,59700,6284,957,14142,0,0
1785665874.185447197,1158458242,56013620,1158458242,0,1158458242,17569,59100,56013620,6690,29900,0,0,686924246,631569880,1158458242,23855,141600,56013620,21791,59700,6284,957,14142,0,0
1785665875.203782801,1158458242,56013620,1158458242,0,1158458242,17569,59100,56013620,6690,29900,0,0,686927303,631572880,1158458242,23855,141600,56013620,21791,59700,6284,957,14142,0,0
1785665876.225211155,1158458242,56013620,1158458242,0,1158458242,17569,59100,56013620,6690,29900,0,0,686930365,631575914,1158458242,23855,141600,56013620,21791,59700,6284,957,14142,0,0
1785665877.247170965,1158458242,56013620,1158458242,0,1158458242,17569,59100,56013620,6690,29900,0,0,686933433,631578972,1158458242,23855,141600,56013620,21791,59700,6284,957,14142,0,0
1785665878.268915401,1158458242,56013620,1158458242,0,1158458242,17569,59100,56013620,6690,29900,0,0,686936500,631581981,1158458242,23855,141600,56013620,21791,59700,6284,957,14142,0,0
1785665879.292703658,1158458242,56013620,1158458242,0,1158458242,17569,59100,56013620,6690,29900,0,0,686939570,631585019,1158458242,23855,141600,56013620,21791,59700,6284,957,14142,0,0
1785665880.314739764,1158458242,56013620,1158458242,0,1158458242,17569,59100,56013620,6690,29900,0,0,686942634,631588077,1158458242,23855,141600,56013620,21791,59700,6284,957,14142,0,0
1785665881.337805891,1158458242,56013620,1158458242,0,1158458242,17569,59100,56013620,6690,29900,0,0,686945701,631591074,1158458242,23855,141600,56013620,21791,59700,6284,957,14142,0,0
1785665882.360647065,1158458242,56013620,1158458242,0,1158458242,17569,59100,56013620,6690,29900,0,0,686948771,631594126,1158458242,23855,141600,56013620,21791,59700,6284,957,14142,0,0
1785665883.383892731,1158458242,56013620,1158458242,0,1158458242,17569,59100,56013620,6690,29900,0,0,686951839,631597187,1158458242,23855,141600,56013620,21791,59700,6284,957,14142,0,0
1785665884.406548633,1158458242,56013620,1158458242,0,1158458242,17569,59100,56013620,6690,29900,0,0,686954905,631600167,1158458242,23855,141600,56013620,21791,59700,6284,957,14142,0,0
1785665885.429456645,1158458242,56013620,1158458242,0,1158458242,17569,59100,56013620,6690,29900,0,0,686957972,631603226,1158458242,23855,141600,56013620,21791,59700,6284,957,14142,0,0
1785665886.448573645,1158458242,56013620,1158458242,0,1158458242,17569,59100,56013620,6690,29900,0,0,686961034,631606278,1158458242,23855,141600,56013620,21791,59700,6284,957,14142,0,0
1785665887.471352119,1158458242,56013620,1158458242,0,1158458242,17569,59100,56013620,6690,29900,0,0,686964096,631609264,1158458242,23855,141600,56013620,21791,59700,6284,957,14142,0,0
1785665888.495213771,1158458242,56013620,1158458242,0,1158458242,17569,59100,56013620,6690,29900,0,0,686967166,631612327,1158458242,23855,141600,56013620,21791,59700,6284,957,14142,0,0
