ts,cmd_get,cmd_set,get_hits,get_misses,rcount,ravg,rp99,wcount,wavg,wp99,badcrc,err5,cpu_total,cpu_idle,re2ec,re2ea,re2ep99,we2ec,we2ea,we2ep99,radmit,wadmit,wret,waitenq,yields,srvc,srva,srvp50,srvp99,quec,quea,bkc,bka,rxfer,rcrypto,rsync,wxfer,wcrypto,wsync,rp50,wp50
1785950292.294647798,492053927,1000064,492053927,0,492053927,18086,58000,1000064,31304,512000,0,0,648206221,624264961,492053927,22939,73700,1000064,53549,722700,4852,22009,234,31,0,493055480,133356,112400,581900,493055480,25976,493053991,106601,14748,702,37,27786,1884,16,14500,9400
1785950293.320168437,492053927,1000064,492053927,0,492053927,18086,58000,1000064,31304,512000,0,0,648209297,624268031,492053927,22939,73700,1000064,53549,722700,4852,22009,234,31,0,493055482,133356,112400,581900,493055482,25976,493053991,106601,14748,702,37,27786,1884,16,14500,9400
1785950294.345075167,492053927,1000064,492053927,0,492053927,18086,58000,1000064,31304,512000,0,0,648212372,624271102,492053927,22939,73700,1000064,53549,722700,4852,22009,234,31,0,493055484,133356,112400,581900,493055484,25976,493053991,106601,14748,702,37,27786,1884,16,14500,9400
1785950295.370554765,492053927,1000064,492053927,0,492053927,18086,58000,1000064,31304,512000,0,0,648215449,624274173,492053927,22939,73700,1000064,53549,722700,4852,22009,234,31,0,493055486,133356,112400,581900,493055486,25976,493053991,106601,14748,702,37,27786,1884,16,14500,9400
1785950296.395077739,492053927,1000064,492053927,0,492053927,18086,58000,1000064,31304,512000,0,0,648218520,624277237,492053927,22939,73700,1000064,53549,722700,4852,22009,234,31,0,493055488,133356,112400,581900,493055488,25976,493053991,106601,14748,702,37,27786,1884,16,14500,9400
1785950297.420603227,492053927,1000064,492053927,0,492053927,18086,58000,1000064,31304,512000,0,0,648221596,624280212,492053927,22939,73700,1000064,53549,722700,4852,22009,234,31,0,493055490,133356,112400,581900,493055490,25976,493053991,106601,14748,702,37,27786,1884,16,14500,9400
1785950298.445578942,492053927,1000064,492053927,0,492053927,18086,58000,1000064,31304,512000,0,0,648224671,624283224,492053927,22939,73700,1000064,53549,722700,4852,22009,234,31,0,493055492,133356,112400,581900,493055492,25976,493053991,106601,14748,702,37,27786,1884,16,14500,9400
1785950299.471785370,492053927,1000064,492053927,0,492053927,18086,58000,1000064,31304,512000,0,0,648227749,624286297,492053927,22939,73700,1000064,53549,722700,4852,22009,234,31,0,493055494,133356,112400,581900,493055494,25976,493053991,106601,14748,702,37,27786,1884,16,14500,9400
1785950300.497409769,492053927,1000064,492053927,0,492053927,18086,58000,1000064,31304,512000,0,0,648230824,624289368,492053927,22939,73700,1000064,53549,722700,4852,22009,234,31,0,493055496,133356,112400,581900,493055496,25976,493053991,106601,14748,702,37,27786,1884,16,14500,9400
1785950301.523782820,492053927,1000064,492053927,0,492053927,18086,58000,1000064,31304,512000,0,0,648233904,624292443,492053927,22939,73700,1000064,53549,722700,4852,22009,234,31,0,493055498,133356,112400,581900,493055498,25976,493053991,106601,14748,702,37,27786,1884,16,14500,9400
1785950302.550137234,492053927,1000064,492053927,0,492053927,18086,58000,1000064,31304,512000,0,0,648236983,624295516,492053927,22939,73700,1000064,53549,722700,4852,22009,234,31,0,493055500,133356,112400,581900,493055500,25976,493053991,106601,14748,702,37,27786,1884,16,14500,9400
1785950303.578617017,492053927,1000064,492053927,0,492053927,18086,58000,1000064,31304,512000,0,0,648240064,624298482,492053927,22939,73700,1000064,53549,722700,4852,22009,234,31,0,493055502,133356,112400,581900,493055502,25976,493053991,106601,14748,702,37,27786,1884,16,14500,9400
1785950304.605785733,492053927,1000064,492053927,0,492053927,18086,58000,1000064,31304,512000,0,0,648243145,624301534,492053927,22939,73700,1000064,53549,722700,4852,22009,234,31,0,493055504,133356,112400,581900,493055504,25976,493053991,106601,14748,702,37,27786,1884,16,14500,9400
1785950305.631713918,492053927,1000064,492053927,0,492053927,18086,58000,1000064,31304,512000,0,0,648246221,624304606,492053927,22939,73700,1000064,53549,722700,4852,22009,234,31,0,493055506,133356,112400,581900,493055506,25976,493053991,106601,14748,702,37,27786,1884,16,14500,9400
1785950306.657129822,492053927,1000064,492053927,0,492053927,18086,58000,1000064,31304,512000,0,0,648249298,624307678,492053927,22939,73700,1000064,53549,722700,4852,22009,234,31,0,493055508,133356,112400,581900,493055508,25976,493053991,106601,14748,702,37,27786,1884,16,14500,9400
1785950307.681786744,492053927,1000064,492053927,0,492053927,18086,58000,1000064,31304,512000,0,0,648252372,624310723,492053927,22939,73700,1000064,53549,722700,4852,22009,234,31,0,493055510,133356,112400,581900,493055510,25976,493053991,106601,14748,702,37,27786,1884,16,14500,9400
1785950308.704104894,492053927,1000064,492053927,0,492053927,18086,58000,1000064,31304,512000,0,0,648255442,624313783,492053927,22939,73700,1000064,53549,722700,4852,22009,234,31,0,493055512,133356,112400,581900,493055512,25976,493053991,106601,14748,702,37,27786,1884,16,14500,9400
1785950309.729120722,492053927,1000064,492053927,0,492053927,18086,58000,1000064,31304,512000,0,0,648258514,624316720,492053927,22939,73700,1000064,53549,722700,4852,22009,234,31,0,493055514,133356,112400,581900,493055514,25976,493053991,106601,14748,702,37,27786,1884,16,14500,9400
1785950310.754419555,492053927,1000064,492053927,0,492053927,18086,58000,1000064,31304,512000,0,0,648261591,624319791,492053927,22939,73700,1000064,53549,722700,4852,22009,234,31,0,493055516,133356,112400,581900,493055516,25976,493053991,106601,14748,702,37,27786,1884,16,14500,9400
1785950311.779722194,492053927,1000064,492053927,0,492053927,18086,58000,1000064,31304,512000,0,0,648264669,624322863,492053927,22939,73700,1000064,53549,722700,4852,22009,234,31,0,493055518,133356,112400,581900,493055518,25976,493053991,106601,14748,702,37,27786,1884,16,14500,9400
1785950312.805874097,492053927,1000064,492053927,0,492053927,18086,58000,1000064,31304,512000,0,0,648267744,624325935,492053927,22939,73700,1000064,53549,722700,4852,22009,234,31,0,493055520,133356,112400,581900,493055520,25976,493053991,106601,14748,702,37,27786,1884,16,14500,9400
1785950313.831701984,492053927,1000064,492053927,0,492053927,18086,58000,1000064,31304,512000,0,0,648270820,624329007,492053927,22939,73700,1000064,53549,722700,4852,22009,234,31,0,493055522,133356,112400,581900,493055522,25976,493053991,106601,14748,702,37,27786,1884,16,14500,9400
1785950314.854252586,492053927,1000064,492053927,0,492053927,18086,58000,1000064,31304,512000,0,0,648273893,624332027,492053927,22939,73700,1000064,53549,722700,4852,22009,234,31,0,493055524,133356,112400,581900,493055524,25976,493053991,106601,14748,702,37,27786,1884,16,14500,9400
1785950315.877844828,492053927,1000064,492053927,0,492053927,18086,58000,1000064,31304,512000,0,0,648276961,624335007,492053927,22939,73700,1000064,53549,722700,4852,22009,234,31,0,493055526,133356,112400,581900,493055526,25976,493053991,106601,14748,702,37,27786,1884,16,14500,9400
1785950316.903264936,492053927,1000064,492053927,0,492053927,18086,58000,1000064,31304,512000,0,0,648280037,624338078,492053927,22939,73700,1000064,53549,722700,4852,22009,234,31,0,493055528,133356,112400,581900,493055528,25976,493053991,106601,14748,702,37,27786,1884,16,14500,9400
1785950317.929274087,492053927,1000064,492053927,0,492053927,18086,58000,1000064,31304,512000,0,0,648283115,624341132,492053927,22939,73700,1000064,53549,722700,4852,22009,234,31,0,493055530,133356,112400,581900,493055530,25976,493053991,106601,14748,702,37,27786,1884,16,14500,9400
1785950318.955275717,492053927,1000064,492053927,0,492053927,18086,58000,1000064,31304,512000,0,0,648286192,624344199,492053927,22939,73700,1000064,53549,722700,4852,22009,234,31,0,493055532,133356,112400,581900,493055532,25976,493053991,106601,14748,702,37,27786,1884,16,14500,9400
1785950319.980718619,492053927,1000064,492053927,0,492053927,18086,58000,1000064,31304,512000,0,0,648289269,624347271,492053927,22939,73700,1000064,53549,722700,4852,22009,234,31,0,493055534,133356,112400,581900,493055534,25976,493053991,106601,14748,702,37,27786,1884,16,14500,9400
1785950321.004298456,492053927,1000064,492053927,0,492053927,18086,58000,1000064,31304,512000,0,0,648292339,624350248,492053927,22939,73700,1000064,53549,722700,4852,22009,234,31,0,493055536,133356,112400,581900,493055536,25976,493053991,106601,14748,702,37,27786,1884,16,14500,9400
1785950322.030638545,492053927,1000064,492053927,0,492053927,18086,58000,1000064,31304,512000,0,0,648295416,624353275,492053927,22939,73700,1000064,53549,722700,4852,22009,234,31,0,493055538,133356,112400,581900,493055538,25976,493053991,106601,14748,702,37,27786,1884,16,14500,9400
1785950323.056994134,492053927,1000064,492053927,0,492053927,18086,58000,1000064,31304,512000,0,0,648298496,624356349,492053927,22939,73700,1000064,53549,722700,4852,22009,234,31,0,493055540,133356,112400,581900,493055540,25976,493053991,106601,14748,702,37,27786,1884,16,14500,9400
1785950324.083646515,492053927,1000064,492053927,0,492053927,18086,58000,1000064,31304,512000,0,0,648301576,624359424,492053927,22939,73700,1000064,53549,722700,4852,22009,234,31,0,493055542,133356,112400,581900,493055542,25977,493053991,106601,14748,702,37,27786,1884,16,14500,9400
1785950325.109753954,492053927,1000064,492053927,0,492053927,18086,58000,1000064,31304,512000,0,0,648304653,624362496,492053927,22939,73700,1000064,53549,722700,4852,22009,234,31,0,493055544,133356,112400,581900,493055544,25977,493053991,106601,14748,702,37,27786,1884,16,14500,9400
1785950326.136108613,492053927,1000064,492053927,0,492053927,18086,58000,1000064,31304,512000,0,0,648307731,624365569,492053927,22939,73700,1000064,53549,722700,4852,22009,234,31,0,493055546,133356,112400,581900,493055546,25977,493053991,106601,14748,702,37,27786,1884,16,14500,9400
1785950327.160769358,492053927,1000064,492053927,0,492053927,18086,58000,1000064,31304,512000,0,0,648310804,624368515,492053927,22939,73700,1000064,53549,722700,4852,22009,234,31,0,493055548,133356,112400,581900,493055548,25977,493053991,106601,14748,702,37,27786,1884,16,14500,9400
1785950328.187012904,492053927,1000064,492053927,0,492053927,18086,58000,1000064,31304,512000,0,0,648313881,624371563,492053927,22939,73700,1000064,53549,722700,4852,22009,234,31,0,493055550,133356,112400,581900,493055550,25977,493053991,106601,14748,702,37,27786,1884,16,14500,9400
1785950329.212836258,492053927,1000064,492053927,0,492053927,18086,58000,1000064,31304,512000,0,0,648316958,624374623,492053927,22939,73700,1000064,53549,722700,4852,22009,234,31,0,493055552,133356,112400,581900,493055552,25977,493053991,106601,14748,702,37,27786,1884,16,14500,9400
1785950330.238834545,492053927,1000064,492053927,0,492053927,18086,58000,1000064,31304,512000,0,0,648320036,624377696,492053927,22939,73700,1000064,53549,722700,4852,22009,234,31,0,493055554,133356,112400,581900,493055554,25977,493053991,106601,14748,702,37,27786,1884,16,14500,9400
1785950331.264225743,492053927,1000064,492053927,0,492053927,18086,58000,1000064,31304,512000,0,0,648323112,624380767,492053927,22939,73700,1000064,53549,722700,4852,22009,234,31,0,493055556,133356,112400,581900,493055556,25977,493053991,106601,14748,702,37,27786,1884,16,14500,9400
1785950332.282537092,492053927,1000064,492053927,0,492053927,18086,58000,1000064,31304,512000,0,0,648326172,624383816,492053927,22939,73700,1000064,53549,722700,4852,22009,234,31,0,493055558,133356,112400,581900,493055558,25977,493053991,106601,14748,702,37,27786,1884,16,14500,9400
1785950333.304506084,492053927,1000064,492053927,0,492053927,18086,58000,1000064,31304,512000,0,0,648329229,624386744,492053927,22939,73700,1000064,53549,722700,4852,22009,234,31,0,493055560,133356,112400,581900,493055560,25977,493053991,106601,14748,702,37,27786,1884,16,14500,9400
1785950334.328531716,492053927,1000064,492053927,0,492053927,18086,58000,1000064,31304,512000,0,0,648332299,624389810,492053927,22939,73700,1000064,53549,722700,4852,22009,234,31,0,493055562,133356,112400,581900,493055562,25977,493053991,106601,14748,702,37,27786,1884,16,14500,9400
1785950335.356887299,492053927,1000064,492053927,0,492053927,18086,58000,1000064,31304,512000,0,0,648335386,624392890,492053927,22939,73700,1000064,53549,722700,4852,22009,234,31,0,493055564,133357,112400,581900,493055564,25977,493053991,106601,14748,702,37,27786,1884,16,14500,9400
1785950336.381987197,492053927,1000064,492053927,0,492053927,18086,58000,1000064,31304,512000,0,0,648338461,624395962,492053927,22939,73700,1000064,53549,722700,4852,22009,234,31,0,493055566,133357,112400,581900,493055566,25977,493053991,106601,14748,702,37,27786,1884,16,14500,9400
1785950337.407977506,492053927,1000064,492053927,0,492053927,18086,58000,1000064,31304,512000,0,0,648341538,624399034,492053927,22939,73700,1000064,53549,722700,4852,22009,234,31,0,493055568,133357,112400,581900,493055568,25977,493053991,106601,14748,702,37,27786,1884,16,14500,9400
1785950338.432185731,492053927,1000064,492053927,0,492053927,18086,58000,1000064,31304,512000,0,0,648344611,624402050,492053927,22939,73700,1000064,53549,722700,4852,22009,234,31,0,493055570,133357,112400,581900,493055570,25977,493053991,106601,14748,702,37,27786,1884,16,14500,9400
1785950339.458283823,492053927,1000064,492053927,0,492053927,18086,58000,1000064,31304,512000,0,0,648347688,624404940,492053927,22939,73700,1000064,53549,722700,4852,22009,234,31,0,493055572,133357,112400,581900,493055572,25977,493053991,106601,14748,702,37,27786,1884,16,14500,9400
1785950340.484866622,492053927,1000064,492053927,0,492053927,18086,58000,1000064,31304,512000,0,0,648350768,624408015,492053927,22939,73700,1000064,53549,722700,4852,22009,234,31,0,493055574,133357,112400,581900,493055574,25977,493053991,106601,14748,702,37,27786,1884,16,14500,9400
1785950341.510547968,492053927,1000064,492053927,0,492053927,18086,58000,1000064,31304,512000,0,0,648353844,624411085,492053927,22939,73700,1000064,53549,722700,4852,22009,234,31,0,493055576,133357,112400,581900,493055576,25977,493053991,106601,14748,702,37,27786,1884,16,14500,9400
1785950342.536051288,492053927,1000064,492053927,0,492053927,18086,58000,1000064,31304,512000,0,0,648356921,624414158,492053927,22939,73700,1000064,53549,722700,4852,22009,234,31,0,493055578,133357,112400,581900,493055578,25977,493053991,106601,14748,702,37,27786,1884,16,14500,9400
1785950343.561743121,492053927,1000064,492053927,0,492053927,18086,58000,1000064,31304,512000,0,0,648359997,624417228,492053927,22939,73700,1000064,53549,722700,4852,22009,234,31,0,493055580,133357,112400,581900,493055580,25977,493053991,106601,14748,702,37,27786,1884,16,14500,9400
1785950344.584042695,492053927,1000064,492053927,0,492053927,18086,58000,1000064,31304,512000,0,0,648363064,624420244,492053927,22939,73700,1000064,53549,722700,4852,22009,234,31,0,493055582,133357,112400,581900,493055582,25977,493053991,106601,14748,702,37,27786,1884,16,14500,9400
1785950345.610116881,492053927,1000064,492053927,0,492053927,18086,58000,1000064,31304,512000,0,0,648366142,624423229,492053927,22939,73700,1000064,53549,722700,4852,22009,234,31,0,493055584,133357,112400,581900,493055584,25977,493053991,106601,14748,702,37,27786,1884,16,14500,9400
1785950346.636043909,492053927,1000064,492053927,0,492053927,18086,58000,1000064,31304,512000,0,0,648369219,624426302,492053927,22939,73700,1000064,53549,722700,4852,22009,234,31,0,493055586,133357,112400,581900,493055586,25977,493053991,106601,14748,702,37,27786,1884,16,14500,9400
1785950347.659432299,492053927,1000064,492053927,0,492053927,18086,58000,1000064,31304,512000,0,0,648372289,624429367,492053927,22939,73700,1000064,53549,722700,4852,22009,234,31,0,493055588,133357,112400,581900,493055588,25977,493053991,106601,14748,702,37,27786,1884,16,14500,9400
1785950348.685530933,492053927,1000064,492053927,0,492053927,18086,58000,1000064,31304,512000,0,0,648375368,624432441,492053927,22939,73700,1000064,53549,722700,4852,22009,234,31,0,493055590,133357,112400,581900,493055590,25977,493053991,106601,14748,702,37,27786,1884,16,14500,9400
1785950349.711349929,492053927,1000064,492053927,0,492053927,18086,58000,1000064,31304,512000,0,0,648378444,624435488,492053927,22939,73700,1000064,53549,722700,4852,22009,234,31,0,493055592,133357,112400,581900,493055592,25977,493053991,106601,14748,702,37,27786,1884,16,14500,9400
1785950350.734933151,492053927,1000064,492053927,0,492053927,18086,58000,1000064,31304,512000,0,0,648381517,624438462,492053927,22939,73700,1000064,53549,722700,4852,22009,234,31,0,493055594,133357,112400,581900,493055594,25977,493053991,106601,14748,702,37,27786,1884,16,14500,9400
1785950351.761224686,492053927,1000064,492053927,0,492053927,18086,58000,1000064,31304,512000,0,0,648384595,624441488,492053927,22939,73700,1000064,53549,722700,4852,22009,234,31,0,493055596,133357,112400,581900,493055596,25977,493053991,106601,14748,702,37,27786,1884,16,14500,9400
1785950352.787920748,492053927,1000064,492053927,0,492053927,18086,58000,1000064,31304,512000,0,0,648387675,624444562,492053927,22939,73700,1000064,53549,722700,4852,22009,234,31,0,493055598,133357,112400,581900,493055598,25977,493053991,106601,14748,702,37,27786,1884,16,14500,9400
1785950353.814080917,492053927,1000064,492053927,0,492053927,18086,58000,1000064,31304,512000,0,0,648390751,624447634,492053927,22939,73700,1000064,53549,722700,4852,22009,234,31,0,493055600,133357,112400,581900,493055600,25977,493053991,106601,14748,702,37,27786,1884,16,14500,9400
1785950354.840816880,492053927,1000064,492053927,0,492053927,18086,58000,1000064,31304,512000,0,0,648393831,624450710,492053927,22939,73700,1000064,53549,722700,4852,22009,234,31,0,493055602,133357,112400,581900,493055602,25977,493053991,106601,14748,702,37,27786,1884,16,14500,9400
1785950355.866769629,492053927,1000064,492053927,0,492053927,18086,58000,1000064,31304,512000,0,0,648396908,624453782,492053927,22939,73700,1000064,53549,722700,4852,22009,234,31,0,493055604,133357,112400,581900,493055604,25977,493053991,106601,14748,702,37,27786,1884,16,14500,9400
1785950356.891523609,492053927,1000064,492053927,0,492053927,18086,58000,1000064,31304,512000,0,0,648399980,624456736,492053927,22939,73700,1000064,53549,722700,4852,22009,234,31,0,493055606,133357,112400,581900,493055606,25977,493053991,106601,14748,702,37,27786,1884,16,14500,9400
1785950357.913415846,492053927,1000064,492053927,0,492053927,18086,58000,1000064,31304,512000,0,0,648403047,624459781,492053927,22939,73700,1000064,53549,722700,4852,22009,234,31,0,493055608,133357,112400,581900,493055608,25977,493053991,106601,14748,702,37,27786,1884,16,14500,9400
1785950358.939063787,492053927,1000064,492053927,0,492053927,18086,58000,1000064,31304,512000,0,0,648406122,624462852,492053927,22939,73700,1000064,53549,722700,4852,22009,234,31,0,493055610,133357,112400,581900,493055610,25977,493053991,106601,14748,702,37,27786,1884,16,14500,9400
1785950359.965335477,492053927,1000064,492053927,0,492053927,18086,58000,1000064,31304,512000,0,0,648409198,624465902,492053927,22939,73700,1000064,53549,722700,4852,22009,234,31,0,493055612,133357,112400,581900,493055612,25977,493053991,106601,14748,702,37,27786,1884,16,14500,9400
1785950360.991869649,492053927,1000064,492053927,0,492053927,18086,58000,1000064,31304,512000,0,0,648412278,624468977,492053927,22939,73700,1000064,53549,722700,4852,22009,234,31,0,493055614,133357,112400,581900,493055614,25977,493053991,106601,14748,702,37,27786,1884,16,14500,9400
1785950362.017408378,492053927,1000064,492053927,0,492053927,18086,58000,1000064,31304,512000,0,0,648415353,624472044,492053927,22939,73700,1000064,53549,722700,4852,22009,234,31,0,493055616,133357,112400,581900,493055616,25977,493053991,106601,14748,702,37,27786,1884,16,14500,9400
1785950363.042982872,492053927,1000064,492053927,0,492053927,18086,58000,1000064,31304,512000,0,0,648418430,624474985,492053927,22939,73700,1000064,53549,722700,4852,22009,234,31,0,493055618,133357,112400,581900,493055618,25977,493053991,106601,14748,702,37,27786,1884,16,14500,9400
1785950364.068620088,492053927,1000064,492053927,0,492053927,18086,58000,1000064,31304,512000,0,0,648421506,624478057,492053927,22939,73700,1000064,53549,722700,4852,22009,234,31,0,493055620,133357,112400,581900,493055620,25977,493053991,106601,14748,702,37,27786,1884,16,14500,9400
1785950365.094857167,492053927,1000064,492053927,0,492053927,18086,58000,1000064,31304,512000,0,0,648424586,624481130,492053927,22939,73700,1000064,53549,722700,4852,22009,234,31,0,493055622,133357,112400,581900,493055622,25977,493053991,106601,14748,702,37,27786,1884,16,14500,9400
1785950366.119418360,492053927,1000064,492053927,0,492053927,18086,58000,1000064,31304,512000,0,0,648427658,624484172,492053927,22939,73700,1000064,53549,722700,4852,22009,234,31,0,493055624,133357,112400,581900,493055624,25977,493053991,106601,14748,702,37,27786,1884,16,14500,9400
1785950371.198193564,0,0,0,0,0,0,0,0,0,0,0,0,648442884,624499114,0,0,0,0,0,0,0,0,0,0,0,0,0,0,0,0,0,0,0,0,0,0,0,0,0,0,0
1785950372.223074300,0,0,0,0,0,0,0,0,0,0,0,0,648445959,624502184,0,0,0,0,0,0,0,0,0,0,0,2,15604148,3276700,18446744073709551616,2,7721954,0,0,0,0,0,0,0,0,0,0
1785950373.247518249,0,0,0,0,0,0,0,0,0,0,0,0,648449035,624505252,0,0,0,0,0,0,0,0,0,0,0,4,9582105,3276700,18446744073709551616,4,4748182,0,0,0,0,0,0,0,0,0,0
1785950374.270648678,0,0,0,0,0,0,0,0,0,0,0,0,648452105,624508249,0,0,0,0,0,0,0,0,0,0,0,6,7591369,3276700,18446744073709551616,6,3735738,0,0,0,0,0,0,0,0,0,0
1785950375.294856365,0,0,0,0,0,0,0,0,0,0,0,0,648455173,624511249,0,0,0,0,0,0,0,0,0,0,0,8,6568983,3276700,18446744073709551616,8,3230815,0,0,0,0,0,0,0,0,0,0
1785950376.318946890,0,0,0,0,0,0,0,0,0,0,0,0,648458245,624514317,0,0,0,0,0,0,0,0,0,0,0,10,5944052,3276700,18446744073709551616,10,2925064,0,0,0,0,0,0,0,0,0,0
1785950377.340516966,0,0,0,0,0,0,0,0,0,0,0,0,648461312,624517377,0,0,0,0,0,0,0,0,0,0,0,12,5546178,3276700,18446744073709551616,12,2724197,0,0,0,0,0,0,0,0,0,0
1785950378.364572333,0,0,0,0,0,0,0,0,0,0,0,0,648464383,624520444,0,0,0,0,0,0,0,0,0,0,0,14,4966201,3276700,18446744073709551616,14,2436420,0,0,0,0,0,0,0,0,0,0
1785950379.388261721,0,0,0,0,0,0,0,0,0,0,0,0,648467453,624523510,0,0,0,0,0,0,0,0,0,0,0,16,4787324,3276700,18446744073709551616,16,2344459,0,0,0,0,0,0,0,0,0,0
1785950380.405617462,0,0,0,0,0,0,0,0,0,0,0,0,648470512,624526396,0,0,0,0,0,0,0,0,0,0,0,18,4642917,3276700,18446744073709551616,18,2272530,0,0,0,0,0,0,0,0,0,0
1785950381.429233753,0,0,0,0,0,0,0,0,0,0,0,0,648473577,624529403,0,0,0,0,0,0,0,0,0,0,0,22,3952951,3276700,18446744073709551616,22,1927143,0,0,0,0,0,0,0,0,0,0
1785950382.452921771,0,0,0,0,0,0,0,0,0,0,0,0,648476645,624532442,0,0,0,0,0,0,0,0,0,0,0,26,3628871,3276700,18446744073709551616,26,1764901,0,0,0,0,0,0,0,0,0,0
1785950383.473713275,0,53611,0,0,0,0,0,54054,91674,724100,0,0,648479687,624535148,0,0,0,54749,113985,895000,0,21573,2317,0,0,55148,1092681,431400,18446744073709551616,55764,304713,56424,765959,0,0,0,51995,22005,82,0,12600
1785950384.488971817,0,1000003,0,0,0,0,0,1000003,30891,473100,0,0,648482471,624536331,0,0,0,1000002,53345,739200,0,22091,361,0,0,1000025,398169,257400,1859500,1000025,77470,999995,319440,0,0,0,27662,1919,19,0,9000
1785950385.509641488,0,1000003,0,0,0,0,0,1000003,30891,473100,0,0,648485527,624539384,0,0,0,1000002,53345,739200,0,22091,361,0,0,1000027,398174,257400,1860500,1000027,77473,999995,319440,0,0,0,27662,1919,19,0,9000
1785950386.533843097,0,1000003,0,0,0,0,0,1000003,30891,473100,0,0,648488599,624542322,0,0,0,1000002,53345,739200,0,22091,361,0,0,1000029,398180,257400,1860800,1000029,77476,999995,319440,0,0,0,27662,1919,19,0,9000
1785950387.559348125,0,1000003,0,0,0,0,0,1000003,30891,473100,0,0,648491674,624545393,0,0,0,1000002,53345,739200,0,22091,361,0,0,1000031,398189,257400,1860900,1000031,77481,999995,319440,0,0,0,27662,1919,19,0,9000
1785950388.585129945,0,1000003,0,0,0,0,0,1000003,30891,473100,0,0,648494750,624548465,0,0,0,1000002,53345,739200,0,22091,361,0,0,1000033,398197,257400,1861000,1000033,77485,999995,319440,0,0,0,27662,1919,19,0,9000
1785950389.608915695,0,1000003,0,0,0,0,0,1000003,30891,473100,0,0,648497821,624551532,0,0,0,1000002,53345,739200,0,22091,361,0,0,1000035,398206,257400,1861100,1000035,77489,999995,319440,0,0,0,27662,1919,19,0,9000
1785950390.634500341,0,1000003,0,0,0,0,0,1000003,30891,473100,0,0,648500898,624554579,0,0,0,1000002,53345,739200,0,22091,361,0,0,1000037,398214,257400,1861600,1000037,77494,999995,319440,0,0,0,27662,1919,19,0,9000
1785950391.659490366,0,1000003,0,0,0,0,0,1000003,30891,473100,0,0,648503970,624557624,0,0,0,1000003,60688,739300,0,22091,7704,0,0,1000047,456963,257400,1864200,1000047,77498,1000003,378183,0,0,0,27662,1919,19,0,9000
1785950392.685917327,0,1000064,0,0,0,0,0,1000064,30890,473100,0,0,648507048,624560564,0,0,0,1000064,60685,739300,0,22090,7703,0,0,1000112,456955,257400,1864700,1000112,77503,1000064,378163,0,0,0,27661,1919,19,0,9000
1785950393.710200241,0,1000064,0,0,0,0,0,1000064,30890,473100,0,0,648510120,624563626,0,0,0,1000064,60685,739300,0,22090,7703,0,0,1000114,456964,257400,1864900,1000114,77508,1000064,378163,0,0,0,27661,1919,19,0,9000
1785950394.734330317,0,1000064,0,0,0,0,0,1000064,30890,473100,0,0,648513189,624566671,0,0,0,1000064,60685,739300,0,22090,7703,0,0,1000118,456972,257400,1865200,1000118,77512,1000064,378163,0,0,0,27661,1919,19,0,9000
1785950395.760053312,0,1000064,0,0,0,0,0,1000064,30890,473100,0,0,648516268,624569741,0,0,0,1000064,60685,739300,0,22090,7703,0,0,1000122,456988,257400,1866100,1000122,77520,1000064,378163,0,0,0,27661,1919,19,0,9000
1785950396.785793894,0,1000064,0,0,0,0,0,1000064,30890,473100,0,0,648519343,624572786,0,0,0,1000064,60685,739300,0,22090,7703,0,0,1000124,456997,257400,1867400,1000124,77525,1000064,378163,0,0,0,27661,1919,19,0,9000
1785950397.810320055,0,1000064,0,0,0,0,0,1000064,30890,473100,0,0,648522417,624575790,0,0,0,1000064,60685,739300,0,22090,7703,0,0,1000126,457005,257400,1868100,1000126,77529,1000064,378163,0,0,0,27661,1919,19,0,9000
1785950398.836703410,0,1000064,0,0,0,0,0,1000064,30890,473100,0,0,648525496,624578797,0,0,0,1000064,60685,739300,0,22090,7703,0,0,1000128,457013,257400,1868200,1000128,77534,1000064,378163,0,0,0,27661,1919,19,0,9000
1785950399.864775844,0,1000064,0,0,0,0,0,1000064,30890,473100,0,0,648528579,624581876,0,0,0,1000064,60685,739300,0,22090,7703,0,0,1000130,457022,257400,1868200,1000130,77538,1000064,378163,0,0,0,27661,1919,19,0,9000
1785950400.887844698,0,1000064,0,0,0,0,0,1000064,30890,473100,0,0,648531652,624584892,0,0,0,1000064,60685,739300,0,22090,7703,0,0,1000132,457030,257400,1868400,1000132,77542,1000064,378163,0,0,0,27661,1919,19,0,9000
1785950401.913525288,0,1000064,0,0,0,0,0,1000064,30890,473100,0,0,648534724,624587958,0,0,0,1000064,60685,739300,0,22090,7703,0,0,1000134,457036,257400,1868500,1000134,77546,1000064,378163,0,0,0,27661,1919,19,0,9000
1785950402.940590775,0,1000064,0,0,0,0,0,1000064,30890,473100,0,0,648537805,624591035,0,0,0,1000064,60685,739300,0,22090,7703,0,0,1000136,457044,257400,1868600,1000136,77550,1000064,378163,0,0,0,27661,1919,19,0,9000
1785950403.969129637,0,1000064,0,0,0,0,0,1000064,30890,473100,0,0,648540893,624594004,0,0,0,1000064,60685,739300,0,22090,7703,0,0,1000138,457053,257400,1868600,1000138,77554,1000064,378163,0,0,0,27661,1919,19,0,9000
1785950404.994765524,0,1000064,0,0,0,0,0,1000064,30890,473100,0,0,648543970,624597053,0,0,0,1000064,60685,739300,0,22090,7703,0,0,1000140,457063,257400,1868700,1000140,77560,1000064,378163,0,0,0,27661,1919,19,0,9000
1785950406.019351436,0,1000064,0,0,0,0,0,1000064,30890,473100,0,0,648547045,624600124,0,0,0,1000064,60685,739300,0,22090,7703,0,0,1000142,457071,257400,1868900,1000142,77564,1000064,378163,0,0,0,27661,1919,19,0,9000
1785950407.042109062,0,1000064,0,0,0,0,0,1000064,30890,473100,0,0,648550110,624603186,0,0,0,1000064,60685,739300,0,22090,7703,0,0,1000144,457079,257400,1869100,1000144,77568,1000064,378163,0,0,0,27661,1919,19,0,9000
1785950408.068230020,0,1000064,0,0,0,0,0,1000064,30890,473100,0,0,648553189,624606259,0,0,0,1000064,60685,739300,0,22090,7703,0,0,1000146,457088,257400,1869200,1000146,77573,1000064,378163,0,0,0,27661,1919,19,0,9000
1785950409.087569434,0,1000064,0,0,0,0,0,1000064,30890,473100,0,0,648556249,624609310,0,0,0,1000064,60685,739300,0,22090,7703,0,0,1000148,457096,257400,1869400,1000148,77577,1000064,378163,0,0,0,27661,1919,19,0,9000
1785950410.107986031,0,1000064,0,0,0,0,0,1000064,30890,473100,0,0,648559311,624612235,0,0,0,1000064,60685,739300,0,22090,7703,0,0,1000150,457101,257400,1869500,1000150,77580,1000064,378163,0,0,0,27661,1919,19,0,9000
1785950411.132372427,0,1000064,0,0,0,0,0,1000064,30890,473100,0,0,648562383,624615290,0,0,0,1000064,60685,739300,0,22090,7703,0,0,1000152,457109,257400,1869600,1000152,77584,1000064,378163,0,0,0,27661,1919,19,0,9000
1785950412.157531181,0,1000064,0,0,0,0,0,1000064,30890,473100,0,0,648565458,624618351,0,0,0,1000064,60685,739300,0,22090,7703,0,0,1000154,457117,257400,1869700,1000154,77588,1000064,378163,0,0,0,27661,1919,19,0,9000
1785950413.183322354,0,1000064,0,0,0,0,0,1000064,30890,473100,0,0,648568533,624621422,0,0,0,1000064,60685,739300,0,22090,7703,0,0,1000156,457125,257400,1870000,1000156,77592,1000064,378163,0,0,0,27661,1919,19,0,9000
1785950414.207471413,0,1000064,0,0,0,0,0,1000064,30890,473100,0,0,648571606,624624491,0,0,0,1000064,60685,739300,0,22090,7703,0,0,1000158,457133,257400,1870200,1000158,77596,1000064,378163,0,0,0,27661,1919,19,0,9000
1785950415.230465089,0,1000064,0,0,0,0,0,1000064,30890,473100,0,0,648574675,624627509,0,0,0,1000064,60685,739300,0,22090,7703,0,0,1000160,457141,257400,1870300,1000160,77601,1000064,378163,0,0,0,27661,1919,19,0,9000
1785950416.253488238,0,1000064,0,0,0,0,0,1000064,30890,473100,0,0,648577743,624630486,0,0,0,1000064,60685,739300,0,22090,7703,0,0,1000162,457150,257400,1870500,1000162,77605,1000064,378163,0,0,0,27661,1919,19,0,9000
1785950417.279038062,0,1000064,0,0,0,0,0,1000064,30890,473100,0,0,648580817,624633556,0,0,0,1000064,60685,739300,0,22090,7703,0,0,1000164,457158,257400,1870800,1000164,77610,1000064,378163,0,0,0,27661,1919,19,0,9000
1785950418.304102996,0,1000064,0,0,0,0,0,1000064,30890,473100,0,0,648583893,624636627,0,0,0,1000064,60685,739300,0,22090,7703,0,0,1000166,457166,257400,1870900,1000166,77614,1000064,378163,0,0,0,27661,1919,19,0,9000
1785950419.329443231,0,1000064,0,0,0,0,0,1000064,30890,473100,0,0,648586967,624639698,0,0,0,1000064,60685,739300,0,22090,7703,0,0,1000168,457174,257400,1870900,1000168,77618,1000064,378163,0,0,0,27661,1919,19,0,9000
1785950420.356031806,0,1000064,0,0,0,0,0,1000064,30890,473100,0,0,648590046,624642772,0,0,0,1000064,60685,739300,0,22090,7703,0,0,1000170,457181,257400,1871000,1000170,77622,1000064,378163,0,0,0,27661,1919,19,0,9000
1785950421.380987868,0,1000064,0,0,0,0,0,1000064,30890,473100,0,0,648593119,624645758,0,0,0,1000064,60685,739300,0,22090,7703,0,0,1000172,457189,257400,1871100,1000172,77626,1000064,378163,0,0,0,27661,1919,19,0,9000
1785950422.404242195,0,1000064,0,0,0,0,0,1000064,30890,473100,0,0,648596192,624648757,0,0,0,1000064,60685,739300,0,22090,7703,0,0,1000174,457199,257400,1871200,1000174,77631,1000064,378163,0,0,0,27661,1919,19,0,9000
1785950423.429003397,0,1000064,0,0,0,0,0,1000064,30890,473100,0,0,648599261,624651822,0,0,0,1000064,60685,739300,0,22090,7703,0,0,1000176,457206,257400,1871300,1000176,77635,1000064,378163,0,0,0,27661,1919,19,0,9000
1785950424.452201571,0,1000064,0,0,0,0,0,1000064,30890,473100,0,0,648602331,624654888,0,0,0,1000064,60685,739300,0,22090,7703,0,0,1000178,457214,257400,1871400,1000178,77639,1000064,378163,0,0,0,27661,1919,19,0,9000
1785950425.477916360,0,1000064,0,0,0,0,0,1000064,30890,473100,0,0,648605407,624657959,0,0,0,1000064,60685,739300,0,22090,7703,0,0,1000180,457222,257400,1871500,1000180,77643,1000064,378163,0,0,0,27661,1919,19,0,9000
1785950426.503071344,0,1000064,0,0,0,0,0,1000064,30890,473100,0,0,648608482,624661030,0,0,0,1000064,60685,739300,0,22090,7703,0,0,1000182,457230,257400,1871600,1000182,77647,1000064,378163,0,0,0,27661,1919,19,0,9000
1785950427.528958848,0,1000064,0,0,0,0,0,1000064,30890,473100,0,0,648611557,624663987,0,0,0,1000064,60685,739300,0,22090,7703,0,0,1000184,457238,257400,1871600,1000184,77651,1000064,378163,0,0,0,27661,1919,19,0,9000
1785950428.555103574,0,1000064,0,0,0,0,0,1000064,30890,473100,0,0,648614635,624667041,0,0,0,1000064,60685,739300,0,22090,7703,0,0,1000186,457247,257400,1871700,1000186,77656,1000064,378163,0,0,0,27661,1919,19,0,9000
1785950429.579446273,0,1000064,0,0,0,0,0,1000064,30890,473100,0,0,648617708,624670108,0,0,0,1000064,60685,739300,0,22090,7703,0,0,1000188,457255,257400,1871800,1000188,77661,1000064,378163,0,0,0,27661,1919,19,0,9000
1785950430.605080968,0,1000064,0,0,0,0,0,1000064,30890,473100,0,0,648620783,624673180,0,0,0,1000064,60685,739300,0,22090,7703,0,0,1000190,457263,257400,1872000,1000190,77665,1000064,378163,0,0,0,27661,1919,19,0,9000
1785950431.630250874,0,1000064,0,0,0,0,0,1000064,30890,473100,0,0,648623857,624676246,0,0,0,1000064,60685,739300,0,22090,7703,0,0,1000192,457271,257400,1872000,1000192,77669,1000064,378163,0,0,0,27661,1919,19,0,9000
1785950432.652184456,0,1000064,0,0,0,0,0,1000064,30890,473100,0,0,648626922,624679284,0,0,0,1000064,60685,739300,0,22090,7703,0,0,1000194,457279,257400,1872100,1000194,77673,1000064,378163,0,0,0,27661,1919,19,0,9000
1785950433.678301962,0,1000064,0,0,0,0,0,1000064,30890,473100,0,0,648629999,624682230,0,0,0,1000064,60685,739300,0,22090,7703,0,0,1000196,457287,257400,1872200,1000196,77677,1000064,378163,0,0,0,27661,1919,19,0,9000
1785950434.703869788,0,1000064,0,0,0,0,0,1000064,30890,473100,0,0,648633077,624685303,0,0,0,1000064,60685,739300,0,22090,7703,0,0,1000198,457295,257400,1872200,1000198,77681,1000064,378163,0,0,0,27661,1919,19,0,9000
1785950435.728869290,0,1000064,0,0,0,0,0,1000064,30890,473100,0,0,648636151,624688373,0,0,0,1000064,60685,739300,0,22090,7703,0,0,1000200,457303,257400,1872300,1000200,77685,1000064,378163,0,0,0,27661,1919,19,0,9000
1785950436.754594329,0,1000064,0,0,0,0,0,1000064,30890,473100,0,0,648639226,624691445,0,0,0,1000064,60685,739300,0,22090,7703,0,0,1000202,457310,257400,1872500,1000202,77689,1000064,378163,0,0,0,27661,1919,19,0,9000
1785950437.780847671,0,1000064,0,0,0,0,0,1000064,30890,473100,0,0,648642305,624694518,0,0,0,1000064,60685,739300,0,22090,7703,0,0,1000204,457319,257400,1872500,1000204,77694,1000064,378163,0,0,0,27661,1919,19,0,9000
1785950438.803343196,0,1000064,0,0,0,0,0,1000064,30890,473100,0,0,648645372,624697534,0,0,0,1000064,60685,739300,0,22090,7703,0,0,1000206,457327,257400,1872600,1000206,77698,1000064,378163,0,0,0,27661,1919,19,0,9000
1785950439.822159884,0,1000064,0,0,0,0,0,1000064,30890,473100,0,0,648648431,624700504,0,0,0,1000064,60685,739300,0,22090,7703,0,0,1000208,457335,257400,1872700,1000208,77702,1000064,378163,0,0,0,27661,1919,19,0,9000
1785950440.844776407,0,1000064,0,0,0,0,0,1000064,30890,473100,0,0,648651493,624703562,0,0,0,1000064,60685,739300,0,22090,7703,0,0,1000210,457343,257400,1873000,1000210,77707,1000064,378163,0,0,0,27661,1919,19,0,9000
1785950441.870970766,0,1000064,0,0,0,0,0,1000064,30890,473100,0,0,648654570,624706630,0,0,0,1000064,60685,739300,0,22090,7703,0,0,1000212,457351,257400,1873000,1000212,77711,1000064,378163,0,0,0,27661,1919,19,0,9000
1785950442.895142788,0,1000064,0,0,0,0,0,1000064,30890,473100,0,0,648657644,624709679,0,0,0,1000064,60685,739300,0,22090,7703,0,0,1000214,457359,257400,1873100,1000214,77715,1000064,378163,0,0,0,27661,1919,19,0,9000
1785950443.920208708,0,1000064,0,0,0,0,0,1000064,30890,473100,0,0,648660719,624712749,0,0,0,1000064,60685,739300,0,22090,7703,0,0,1000216,457366,257400,1873100,1000216,77719,1000064,378163,0,0,0,27661,1919,19,0,9000
1785950444.944915105,0,1000064,0,0,0,0,0,1000064,30890,473100,0,0,648663793,624715734,0,0,0,1000064,60685,739300,0,22090,7703,0,0,1000218,457375,257400,1873200,1000218,77723,1000064,378163,0,0,0,27661,1919,19,0,9000
1785950445.971035919,0,1000064,0,0,0,0,0,1000064,30890,473100,0,0,648666867,624718754,0,0,0,1000064,60685,739300,0,22090,7703,0,0,1000220,457382,257400,1873200,1000220,77727,1000064,378163,0,0,0,27661,1919,19,0,9000
1785950446.999903397,0,1000064,0,0,0,0,0,1000064,30890,473100,0,0,648669954,624721836,0,0,0,1000064,60685,739300,0,22090,7703,0,0,1000222,457390,257400,1873300,1000222,77731,1000064,378163,0,0,0,27661,1919,19,0,9000
1785950448.022846816,0,1000064,0,0,0,0,0,1000064,30890,473100,0,0,648673023,624724900,0,0,0,1000064,60685,739300,0,22090,7703,0,0,1000224,457398,257400,1873600,1000224,77736,1000064,378163,0,0,0,27661,1919,19,0,9000
1785950449.048785832,0,1000064,0,0,0,0,0,1000064,30890,473100,0,0,648676100,624727972,0,0,0,1000064,60685,739300,0,22090,7703,0,0,1000226,457406,257400,1873800,1000226,77740,1000064,378163,0,0,0,27661,1919,19,0,9000
1785950450.073949252,0,1000064,0,0,0,0,0,1000064,30890,473100,0,0,648679175,624731042,0,0,0,1000064,60685,739300,0,22090,7703,0,0,1000228,457415,257400,1873900,1000228,77744,1000064,378163,0,0,0,27661,1919,19,0,9000
1785950451.098543449,0,1000064,0,0,0,0,0,1000064,30890,473100,0,0,648682245,624733992,0,0,0,1000064,60685,739300,0,22090,7703,0,0,1000230,457422,257400,1874400,1000230,77748,1000064,378163,0,0,0,27661,1919,19,0,9000
1785950452.123327110,0,1000064,0,0,0,0,0,1000064,30890,473100,0,0,648685320,624737044,0,0,0,1000064,60685,739300,0,22090,7703,0,0,1000232,457430,257400,1874500,1000232,77752,1000064,378163,0,0,0,27661,1919,19,0,9000
1785950453.148551251,0,1000064,0,0,0,0,0,1000064,30890,473100,0,0,648688394,624740093,0,0,0,1000064,60685,739300,0,22090,7703,0,0,1000234,457438,257400,1874800,1000234,77757,1000064,378163,0,0,0,27661,1919,19,0,9000
1785950454.174327583,0,1000064,0,0,0,0,0,1000064,30890,473100,0,0,648691471,624743164,0,0,0,1000064,60685,739300,0,22090,7703,0,0,1000236,457446,257400,1874900,1000236,77761,1000064,378163,0,0,0,27661,1919,19,0,9000
1785950455.200816937,0,1000064,0,0,0,0,0,1000064,30890,473100,0,0,648694550,624746239,0,0,0,1000064,60685,739300,0,22090,7703,0,0,1000238,457454,257400,1875000,1000238,77765,1000064,378163,0,0,0,27661,1919,19,0,9000
1785950456.223477525,0,1000064,0,0,0,0,0,1000064,30890,473100,0,0,648697618,624749296,0,0,0,1000064,60685,739300,0,22090,7703,0,0,1000240,457462,257400,1875100,1000240,77769,1000064,378163,0,0,0,27661,1919,19,0,9000
1785950457.248246238,0,1000064,0,0,0,0,0,1000064,30890,473100,0,0,648700688,624752235,0,0,0,1000064,60685,739300,0,22090,7703,0,0,1000242,457470,257400,1875100,1000242,77773,1000064,378163,0,0,0,27661,1919,19,0,9000
1785950458.273436240,0,1000064,0,0,0,0,0,1000064,30890,473100,0,0,648703763,624755306,0,0,0,1000064,60685,739300,0,22090,7703,0,0,1000244,457478,257400,1875300,1000244,77777,1000064,378163,0,0,0,27661,1919,19,0,9000
1785950459.298496448,0,1000064,0,0,0,0,0,1000064,30890,473100,0,0,648706838,624758377,0,0,0,1000064,60685,739300,0,22090,7703,0,0,1000246,457486,257400,1875600,1000246,77782,1000064,378163,0,0,0,27661,1919,19,0,9000
1785950460.324225859,0,1000064,0,0,0,0,0,1000064,30890,473100,0,0,648709913,624761448,0,0,0,1000064,60685,739300,0,22090,7703,0,0,1000248,457494,257400,1875900,1000248,77786,1000064,378163,0,0,0,27661,1919,19,0,9000
1785950461.350002161,0,1000064,0,0,0,0,0,1000064,30890,473100,0,0,648712990,624764519,0,0,0,1000064,60685,739300,0,22090,7703,0,0,1000250,457502,257400,1875900,1000250,77790,1000064,378163,0,0,0,27661,1919,19,0,9000
1785950462.375065385,0,1000064,0,0,0,0,0,1000064,30890,473100,0,0,648716065,624767542,0,0,0,1000064,60685,739300,0,22090,7703,0,0,1000252,457510,257400,1876100,1000252,77794,1000064,378163,0,0,0,27661,1919,19,0,9000
1785950463.397399885,0,1000064,0,0,0,0,0,1000064,30890,473100,0,0,648719137,624770448,0,0,0,1000064,60685,739300,0,22090,7703,0,0,1000254,457516,257400,1876100,1000254,77798,1000064,378163,0,0,0,27661,1919,19,0,9000
1785950464.421264552,0,1000064,0,0,0,0,0,1000064,30890,473100,0,0,648722202,624773508,0,0,0,1000064,60685,739300,0,22090,7703,0,0,1000256,457524,257400,1876300,1000256,77802,1000064,378163,0,0,0,27661,1919,19,0,9000
1785950465.446830175,0,1000064,0,0,0,0,0,1000064,30890,473100,0,0,648725277,624776579,0,0,0,1000064,60685,739300,0,22090,7703,0,0,1000258,457532,257400,1876400,1000258,77806,1000064,378163,0,0,0,27661,1919,19,0,9000
1785950466.471224954,0,1000064,0,0,0,0,0,1000064,30890,473100,0,0,648728351,624779648,0,0,0,1000064,60685,739300,0,22090,7703,0,0,1000260,457540,257400,1876500,1000260,77810,1000064,378163,0,0,0,27661,1919,19,0,9000
1785950467.496969298,0,1000064,0,0,0,0,0,1000064,30890,473100,0,0,648731426,624782719,0,0,0,1000064,60685,739300,0,22090,7703,0,0,1000262,457548,257400,1876600,1000262,77814,1000064,378163,0,0,0,27661,1919,19,0,9000
1785950468.520210311,0,1000064,0,0,0,0,0,1000064,30890,473100,0,0,648734497,624785743,0,0,0,1000064,60685,739300,0,22090,7703,0,0,1000264,457556,257400,1876700,1000264,77819,1000064,378163,0,0,0,27661,1919,19,0,9000
1785950469.545853164,0,1000064,0,0,0,0,0,1000064,30890,473100,0,0,648737571,624788722,0,0,0,1000064,60685,739300,0,22090,7703,0,0,1000266,457561,257400,1876800,1000266,77821,1000064,378163,0,0,0,27661,1919,19,0,9000
1785950470.571727839,0,1000064,0,0,0,0,0,1000064,30890,473100,0,0,648740647,624791793,0,0,0,1000064,60685,739300,0,22090,7703,0,0,1000268,457569,257400,1876800,1000268,77826,1000064,378163,0,0,0,27661,1919,19,0,9000
1785950471.597270503,0,1000064,0,0,0,0,0,1000064,30890,473100,0,0,648743724,624794865,0,0,0,1000064,60685,739300,0,22090,7703,0,0,1000270,457577,257400,1876900,1000270,77830,1000064,378163,0,0,0,27661,1919,19,0,9000
1785950472.620893348,0,1000064,0,0,0,0,0,1000064,30890,473100,0,0,648746794,624797931,0,0,0,1000064,60685,739300,0,22090,7703,0,0,1000272,457585,257400,1877000,1000272,77834,1000064,378163,0,0,0,27661,1919,19,0,9000
1785950473.640947630,0,1000064,0,0,0,0,0,1000064,30890,473100,0,0,648749857,624800966,0,0,0,1000064,60685,739300,0,22090,7703,0,0,1000274,457593,257400,1877100,1000274,77838,1000064,378163,0,0,0,27661,1919,19,0,9000
1785950474.664724184,0,1000064,0,0,0,0,0,1000064,30890,473100,0,0,648752925,624803955,0,0,0,1000064,60685,739300,0,22090,7703,0,0,1000276,457601,257400,1877100,1000276,77842,1000064,378163,0,0,0,27661,1919,19,0,9000
1785950475.689701463,0,1000064,0,0,0,0,0,1000064,30890,473100,0,0,648755998,624806960,0,0,0,1000064,60685,739300,0,22090,7703,0,0,1000279,457608,257400,1877200,1000279,77846,1000064,378163,0,0,0,27661,1919,19,0,9000
1785950476.715245123,0,1000064,0,0,0,0,0,1000064,30890,473100,0,0,648759074,624810030,0,0,0,1000064,60685,739300,0,22090,7703,0,0,1000283,457620,257400,1877400,1000283,77850,1000064,378163,0,0,0,27661,1919,19,0,9000
1785950477.738840705,0,1000064,0,0,0,0,0,1000064,30890,473100,0,0,648762148,624813100,0,0,0,1000064,60685,739300,0,22090,7703,0,0,1000286,457627,257400,1877500,1000286,77854,1000064,378163,0,0,0,27661,1919,19,0,9000
1785950478.763269753,0,1000064,0,0,0,0,0,1000064,30890,473100,0,0,648765217,624816164,0,0,0,1000064,60685,739300,0,22090,7703,0,0,1000288,457635,257400,1877600,1000288,77858,1000064,378163,0,0,0,27661,1919,19,0,9000
1785950479.786563486,0,1000064,0,0,0,0,0,1000064,30890,473100,0,0,648768286,624819229,0,0,0,1000064,60685,739300,0,22090,7703,0,0,1000290,457643,257400,1877700,1000290,77862,1000064,378163,0,0,0,27661,1919,19,0,9000
1785950480.810501404,0,1000064,0,0,0,0,0,1000064,30890,473100,0,0,648771359,624822191,0,0,0,1000064,60685,739300,0,22090,7703,0,0,1000292,457651,257400,1877900,1000292,77867,1000064,378163,0,0,0,27661,1919,19,0,9000
1785950481.833123522,0,1000064,0,0,0,0,0,1000064,30890,473100,0,0,648774426,624825230,0,0,0,1000064,60685,739300,0,22090,7703,0,0,1000294,457658,257400,1878000,1000294,77871,1000064,378163,0,0,0,27661,1919,19,0,9000
1785950482.862357627,0,1000064,0,0,0,0,0,1000064,30890,473100,0,0,648777512,624828311,0,0,0,1000064,60685,739300,0,22090,7703,0,0,1000296,457666,257400,1878000,1000296,77875,1000064,378163,0,0,0,27661,1919,19,0,9000
1785950483.888053615,0,1000064,0,0,0,0,0,1000064,30890,473100,0,0,648780590,624831360,0,0,0,1000064,60685,739300,0,22090,7703,0,0,1000298,457674,257400,1878100,1000298,77879,1000064,378163,0,0,0,27661,1919,19,0,9000
1785950484.912870133,0,1000064,0,0,0,0,0,1000064,30890,473100,0,0,648783661,624834427,0,0,0,1000064,60685,739300,0,22090,7703,0,0,1000300,457682,257400,1878200,1000300,77883,1000064,378163,0,0,0,27661,1919,19,0,9000
1785950485.938014826,0,1000064,0,0,0,0,0,1000064,30890,473100,0,0,648786737,624837492,0,0,0,1000064,60685,739300,0,22090,7703,0,0,1000302,457690,257400,1878200,1000302,77887,1000064,378163,0,0,0,27661,1919,19,0,9000
1785950486.960215391,0,1000064,0,0,0,0,0,1000064,30890,473100,0,0,648789802,624840425,0,0,0,1000064,60685,739300,0,22090,7703,0,0,1000304,457698,257400,1878200,1000304,77891,1000064,378163,0,0,0,27661,1919,19,0,9000
1785950487.983775980,3,1000064,3,0,3,59421,60700,1000064,30890,473100,0,0,648792877,624843494,3,72956,78500,1000064,60685,739300,13534,22090,7703,0,0,1000309,457704,257400,1878300,1000309,77895,1000067,378162,11588,16094,110,27661,1919,19,59600,9000
1785950489.009440449,3,1000064,3,0,3,59421,60700,1000064,30890,473100,0,0,648795948,624846561,3,72956,78500,1000064,60685,739300,13534,22090,7703,0,0,1000313,457711,257400,1878500,1000313,77899,1000067,378162,11588,16094,110,27661,1919,19,59600,9000
1785950490.036192665,3,1000064,3,0,3,59421,60700,1000064,30890,473100,0,0,648799029,624849636,3,72956,78500,1000064,60685,739300,13534,22090,7703,0,0,1000317,457723,257400,1879000,1000317,77903,1000067,378162,11588,16094,110,27661,1919,19,59600,9000
1785950491.061741523,3,1000064,3,0,3,59421,60700,1000064,30890,473100,0,0,648802104,624852707,3,72956,78500,1000064,60685,739300,13534,22090,7703,0,0,1000321,457731,257400,1879700,1000321,77907,1000067,378162,11588,16094,110,27661,1919,19,59600,9000
1785950492.085793544,3,1000064,3,0,3,59421,60700,1000064,30890,473100,0,0,648805175,624855730,3,72956,78500,1000064,60685,739300,13534,22090,7703,0,0,1000325,457742,257400,1880100,1000325,77911,1000067,378162,11588,16094,110,27661,1919,19,59600,9000
1785950493.107517465,60829,1000064,60829,0,61002,18716,128900,1000064,30890,473100,0,0,648808212,624858332,61715,33494,207900,1000064,60685,739300,15144,22090,7703,0,0,1062797,435098,241200,1832300,1063226,73331,1063342,359768,13960,2724,72,27661,1919,19,9400,9000
1785950494.132587788,696005,1000064,696005,0,696197,13950,95700,1000064,30890,473100,0,0,648811052,624858955,696895,24425,153700,1000064,60685,739300,10505,22090,7703,0,0,1697989,290172,116700,1533200,1698467,46017,1698662,242142,10811,1820,45,27661,1919,19,7700,9000
1785950495.157339231,1324808,1000064,1324808,0,1325076,13841,94600,1000064,30890,473100,0,0,648813871,624859592,1325884,24260,150900,1000064,60685,739300,10432,22090,7703,0,0,2326977,224885,68300,1398000,2327361,33669,2327436,189208,10759,1785,43,27661,1919,19,7700,9000
1785950496.183129364,1912969,1000064,1912969,0,1913202,13812,97500,1000064,30890,473100,0,0,648816665,624860284,1914026,24078,152100,1000064,60685,739300,10278,22090,7703,0,0,2915264,189118,56100,1314200,2915818,26936,2915993,160153,10769,1767,42,27661,1919,19,7700,9000
1785950497.208555190,2504300,1000064,2504300,0,2504589,13747,97900,1000064,30890,473100,0,0,648819460,624860976,2505221,23916,151900,1000064,60685,739300,10175,22090,7703,0,0,3506220,165207,50600,1247600,3506598,22450,3506674,140739,10723,1756,41,27661,1919,19,7700,9000
1785950498.234537952,3072876,1000064,3072876,0,3073084,13779,98900,1000064,30890,473100,0,0,648822306,624861679,3074127,23921,153100,1000064,60685,739300,10150,22090,7703,0,0,4075599,148901,47800,1196600,4076249,19356,4076471,127501,10758,1758,41,27661,1919,19,7800,9000
1785950499.262559212,3653428,1000064,3653428,0,3653595,13788,99900,1000064,30890,473100,0,0,648825139,624862392,3654401,23900,154400,1000064,60685,739300,10118,22090,7703,0,0,4655562,136340,46000,1151800,4656496,16983,4656872,117296,10775,1754,41,27661,1919,19,7700,9000
1785950500.286042294,4244692,1000064,4244692,0,4244838,13767,100300,1000064,30890,473100,0,0,648827957,624863133,4245460,23824,154200,1000064,60685,739300,10061,22090,7703,0,0,5246472,126284,44500,1111900,5246890,15108,5247033,109127,10766,1745,41,27661,1919,19,7700,9000
1785950501.309842593,4831277,1000064,4831277,0,4831553,13752,100200,1000064,30890,473100,0,0,648830762,624863863,4832223,23780,154300,1000064,60685,739300,10031,22090,7703,0,0,5833291,118343,43500,1078700,5833695,13619,5833849,102678,10761,1740,41,27661,1919,19,7700,9000
1785950502.334467128,5419462,1000064,5419462,0,5419645,13716,100100,1000064,30890,473100,0,0,648833576,624864595,5420294,23704,154100,1000064,60685,739300,9990,22090,7703,0,0,6421332,111797,42700,1045600,6421696,12400,6421777,97355,10737,1733,41,27661,1919,19,7700,9000
1785950503.358329018,6010118,1000064,6010118,0,6010308,13695,100000,1000064,30890,473100,0,0,648836390,624865310,6011039,23665,153800,1000064,60685,739300,9972,22090,7703,0,0,7012150,106351,42100,1014200,7012611,11381,7012788,92927,10722,1730,41,27661,1919,19,7700,9000
1785950504.381550369,6586479,1000064,6586479,0,6586627,13725,100800,1000064,30890,473100,0,0,648839231,624866012,6587177,23699,155000,1000064,60685,739300,9975,22090,7703,0,0,7588113,101970,41600,986300,7588432,10541,7588483,89382,10750,1730,41,27661,1919,19,7700,9000
1785950505.405232441,7173624,1000064,7173624,0,7173849,13719,101200,1000064,30890,473100,0,0,648842055,624866732,7174655,23688,155300,1000064,60685,739300,9970,22090,7703,0,0,8175671,98061,41200,959000,8176049,9805,8176134,86204,10745,1731,41,27661,1919,19,7700,9000
1785950506.431081363,7756784,1000064,7756784,0,7756969,13712,101100,1000064,30890,473100,0,0,648844854,624867463,7757764,23670,155300,1000064,60685,739300,9960,22090,7703,0,0,8759359,94696,40900,930900,8759941,9172,8760087,83471,10742,1730,41,27661,1919,19,7700,9000
1785950507.455817076,8342209,1000064,8342209,0,8342402,13721,101300,1000064,30890,473100,0,0,648847645,624868198,8343081,23683,155700,1000064,60685,739300,9963,22090,7703,0,0,9344158,91782,40600,907500,9344552,8617,9344626,81114,10749,1730,41,27661,1919,19,7700,9000
1785950508.481501313,8932964,1000064,8932964,0,8933190,13711,101400,1000064,30890,473100,0,0,648850439,624868937,8934281,23661,155500,1000064,60685,739300,9952,22090,7703,0,0,9935595,89123,40300,884100,9936110,8123,9936344,78948,10741,1729,41,27661,1919,19,7700,9000
1785950509.507412830,9517629,1000064,9517629,0,9517905,13699,101400,1000064,30890,473100,0,0,648853257,624869690,9518831,23637,155500,1000064,60685,739300,9940,22090,7703,0,0,10520225,86801,40100,860400,10520724,7688,10520918,77061,10732,1728,41,27661,1919,19,7700,9000
1785950510.532479411,10089672,1000064,10089672,0,10089891,13713,101800,1000064,30890,473100,0,0,648856122,624870409,10090557,23663,156100,1000064,60685,739300,9951,22090,7703,0,0,11091891,84834,39900,838800,11092578,7309,11092764,75468,10745,1728,41,27661,1919,19,7700,9000
1785950511.556940913,10675628,1000064,10675628,0,10675797,13716,101900,1000064,30890,473100,0,0,648859013,624871155,10676384,23667,156100,1000064,60685,739300,9951,22090,7703,0,0,11677291,82981,39700,816900,11677606,6958,11677623,73965,10747,1728,41,27661,1919,19,7700,9000
1785950512.584334435,11261033,1000064,11261033,0,11261212,13706,102000,1000064,30890,473100,0,0,648861948,624871916,11261965,23641,156000,1000064,60685,739300,9935,22090,7703,0,0,12263129,81254,39600,795200,12263508,6640,12263615,72556,10739,1728,41,27661,1919,19,7700,9000
1785950513.609965372,11842746,1000064,11842746,0,11842880,13700,101900,1000064,30890,473100,0,0,648864863,624872680,11843452,23624,156000,1000064,60685,739300,9924,22090,7703,0,0,12844634,79710,39400,773500,12845119,6354,12845174,71299,10736,1727,41,27661,1919,19,7700,9000
1785950514.636587818,12425714,1000064,12425714,0,12425887,13686,101900,1000064,30890,473100,0,0,648867723,624873447,12426656,23593,155900,1000064,60685,739300,9907,22090,7703,0,0,13427852,78276,39200,752200,13428310,6091,13428422,70128,10725,1726,41,27661,1919,19,7700,9000
1785950515.663074801,13006428,1000064,13006428,0,13006661,13687,101900,1000064,30890,473100,0,0,648870583,624874219,13007639,23586,156000,1000064,60685,739300,9899,22090,7703,0,0,14009118,76990,39100,732300,14009636,5851,14009754,69082,10729,1725,41,27661,1919,19,7700,9000
1785950516.688786059,13579638,1000064,13579638,0,13579891,13697,102300,1000064,30890,473100,0,0,648873447,624874968,13580607,23597,156400,1000064,60685,739300,9900,22090,7703,0,0,14581682,75852,39000,712300,14582010,5634,14582036,68158,10738,1725,41,27661,1919,19,7700,9000
1785950517.715211910,14163637,1000064,14163637,0,14164057,13696,102300,1000064,30890,473100,0,0,648876286,624875744,14164858,23590,156500,1000064,60685,739300,9894,22090,7703,0,0,15166116,74750,38900,691400,15166543,5428,15166655,67261,10739,1724,41,27661,1919,19,7700,9000
1785950518.741438292,14750787,1000064,14750787,0,14751036,13693,102200,1000064,30890,473100,0,0,648879133,624876510,14752093,23583,156400,1000064,60685,739300,9891,22090,7703,0,0,15753794,73726,38800,671500,15754408,5237,15754568,66428,10738,1724,41,27661,1919,19,7700,9000
1785950519.765401779,15335405,1000064,15335405,0,15335634,13691,102200,1000064,30890,473100,0,0,648881972,624877283,15336572,23579,156500,1000064,60685,739300,9888,22090,7703,0,0,16337808,72786,38700,653400,16338296,5061,16338470,65665,10736,1723,40,27661,1919,19,7700,9000
1785950520.790037255,15923060,1000064,15923060,0,15923235,13689,102200,1000064,30890,473100,0,0,648884815,624878065,15924082,23567,156500,1000064,60685,739300,9879,22090,7703,0,0,16925405,71887,38600,636400,16925926,4896,16926043,64932,10735,1723,40,27661,1919,19,7700,9000
1785950521.813536286,16502758,1000064,16502758,0,16502911,13684,102200,1000064,30890,473100,0,0,648887656,624878830,16503479,23554,156400,1000064,60685,739300,9870,22090,7703,0,0,17504509,71061,38500,621100,17504850,4744,17504915,64258,10732,1721,40,27661,1919,19,7700,9000
1785950522.836705192,17084888,1000064,17084888,0,17085062,13693,102500,1000064,30890,473100,0,0,648890503,624879571,17085807,23570,156900,1000064,60685,739300,9877,22090,7703,0,0,18086898,70332,38400,606400,18087250,4601,18087308,63670,10739,1722,40,27661,1919,19,7700,9000
1785950523.858454309,17157313,1000064,17157313,0,17157313,13695,102500,1000064,30890,473100,0,0,648893539,624882364,17157313,23571,156900,1000064,60685,739300,9876,22090,7703,0,0,18157699,70244,38400,604400,18157699,4585,18157377,63599,10740,1722,40,27661,1919,19,7700,9000
1785950524.881025457,17157313,1000064,17157313,0,17157313,13695,102500,1000064,30890,473100,0,0,648896604,624885372,17157313,23571,156900,1000064,60685,739300,9876,22090,7703,0,0,18157703,70244,38400,604400,18157703,4585,18157377,63599,10740,1722,40,27661,1919,19,7700,9000
1785950525.906064203,17157313,1000064,17157313,0,17157313,13695,102500,1000064,30890,473100,0,0,648899678,624888442,17157313,23571,156900,1000064,60685,739300,9876,22090,7703,0,0,18157706,70245,38400,604400,18157706,4585,18157377,63599,10740,1722,40,27661,1919,19,7700,9000
1785950526.931611063,17157313,1000064,17157313,0,17157313,13695,102500,1000064,30890,473100,0,0,648902755,624891513,17157313,23571,156900,1000064,60685,739300,9876,22090,7703,0,0,18157708,70245,38400,604400,18157708,4585,18157377,63599,10740,1722,40,27661,1919,19,7700,9000
1785950527.957290336,17157313,1000064,17157313,0,17157313,13695,102500,1000064,30890,473100,0,0,648905829,624894515,17157313,23571,156900,1000064,60685,739300,9876,22090,7703,0,0,18157710,70246,38400,604400,18157710,4586,18157377,63599,10740,1722,40,27661,1919,19,7700,9000
1785950528.983528137,17157313,1000064,17157313,0,17157313,13695,102500,1000064,30890,473100,0,0,648908907,624897519,17157313,23571,156900,1000064,60685,739300,9876,22090,7703,0,0,18157712,70246,38400,604400,18157712,4586,18157377,63599,10740,1722,40,27661,1919,19,7700,9000
1785950530.008411248,17157313,1000064,17157313,0,17157313,13695,102500,1000064,30890,473100,0,0,648911982,624900589,17157313,23571,156900,1000064,60685,739300,9876,22090,7703,0,0,18157714,70247,38400,604400,18157714,4586,18157377,63599,10740,1722,40,27661,1919,19,7700,9000
1785950531.033130674,17157313,1000064,17157313,0,17157313,13695,102500,1000064,30890,473100,0,0,648915055,624903658,17157313,23571,156900,1000064,60685,739300,9876,22090,7703,0,0,18157716,70248,38400,604400,18157716,4586,18157377,63599,10740,1722,40,27661,1919,19,7700,9000
1785950532.057960290,17157313,1000064,17157313,0,17157313,13695,102500,1000064,30890,473100,0,0,648918128,624906727,17157313,23571,156900,1000064,60685,739300,9876,22090,7703,0,0,18157718,70248,38400,604400,18157718,4587,18157377,63599,10740,1722,40,27661,1919,19,7700,9000
1785950533.083762298,17157313,1000064,17157313,0,17157313,13695,102500,1000064,30890,473100,0,0,648921206,624909799,17157313,23571,156900,1000064,60685,739300,9876,22090,7703,0,0,18157720,70248,38400,604400,18157720,4587,18157377,63599,10740,1722,40,27661,1919,19,7700,9000
1785950534.107195924,17157313,1000064,17157313,0,17157313,13695,102500,1000064,30890,473100,0,0,648924274,624912764,17157313,23571,156900,1000064,60685,739300,9876,22090,7703,0,0,18157722,70249,38400,604400,18157722,4587,18157377,63599,10740,1722,40,27661,1919,19,7700,9000
1785950535.132240357,17157313,1000064,17157313,0,17157313,13695,102500,1000064,30890,473100,0,0,648927346,624915783,17157313,23571,156900,1000064,60685,739300,9876,22090,7703,0,0,18157724,70250,38400,604400,18157724,4587,18157377,63599,10740,1722,40,27661,1919,19,7700,9000
1785950536.160026663,17157313,1000064,17157313,0,17157313,13695,102500,1000064,30890,473100,0,0,648930428,624918860,17157313,23571,156900,1000064,60685,739300,9876,22090,7703,0,0,18157726,70250,38400,604400,18157726,4588,18157377,63599,10740,1722,40,27661,1919,19,7700,9000
1785950537.186543386,17157313,1000064,17157313,0,17157313,13695,102500,1000064,30890,473100,0,0,648933508,624921935,17157313,23571,156900,1000064,60685,739300,9876,22090,7703,0,0,18157728,70251,38400,604400,18157728,4588,18157377,63599,10740,1722,40,27661,1919,19,7700,9000
1785950538.212434558,17157313,1000064,17157313,0,17157313,13695,102500,1000064,30890,473100,0,0,648936588,624925008,17157313,23571,156900,1000064,60685,739300,9876,22090,7703,0,0,18157730,70251,38400,604400,18157730,4588,18157377,63599,10740,1722,40,27661,1919,19,7700,9000
1785950539.237353125,17157313,1000064,17157313,0,17157313,13695,102500,1000064,30890,473100,0,0,648939661,624928075,17157313,23571,156900,1000064,60685,739300,9876,22090,7703,0,0,18157732,70252,38400,604400,18157732,4589,18157377,63599,10740,1722,40,27661,1919,19,7700,9000
1785950540.263123736,17157313,1000064,17157313,0,17157313,13695,102500,1000064,30890,473100,0,0,648942739,624931015,17157313,23571,156900,1000064,60685,739300,9876,22090,7703,0,0,18157734,70252,38400,604500,18157734,4589,18157377,63599,10740,1722,40,27661,1919,19,7700,9000
1785950541.288535892,17157313,1000064,17157313,0,17157313,13695,102500,1000064,30890,473100,0,0,648945816,624934087,17157313,23571,156900,1000064,60685,739300,9876,22090,7703,0,0,18157736,70253,38400,604500,18157736,4589,18157377,63599,10740,1722,40,27661,1919,19,7700,9000
1785950542.314036580,17157313,1000064,17157313,0,17157313,13695,102500,1000064,30890,473100,0,0,648948891,624937158,17157313,23571,156900,1000064,60685,739300,9876,22090,7703,0,0,18157738,70253,38400,604500,18157738,4589,18157377,63599,10740,1722,40,27661,1919,19,7700,9000
1785950543.340419077,17157313,1000064,17157313,0,17157313,13695,102500,1000064,30890,473100,0,0,648951970,624940233,17157313,23571,156900,1000064,60685,739300,9876,22090,7703,0,0,18157740,70254,38400,604500,18157740,4590,18157377,63599,10740,1722,40,27661,1919,19,7700,9000
1785950544.364776047,17157313,1000064,17157313,0,17157313,13695,102500,1000064,30890,473100,0,0,648955044,624943303,17157313,23571,156900,1000064,60685,739300,9876,22090,7703,0,0,18157742,70254,38400,604500,18157742,4590,18157377,63599,10740,1722,40,27661,1919,19,7700,9000
1785950545.387574960,17157313,1000064,17157313,0,17157313,13695,102500,1000064,30890,473100,0,0,648958110,624946307,17157313,23571,156900,1000064,60685,739300,9876,22090,7703,0,0,18157745,70255,38400,604500,18157745,4590,18157377,63599,10740,1722,40,27661,1919,19,7700,9000
1785950546.410269760,17157313,1000064,17157313,0,17157313,13695,102500,1000064,30890,473100,0,0,648961172,624949267,17157313,23571,156900,1000064,60685,739300,9876,22090,7703,0,0,18157749,70256,38400,604500,18157749,4590,18157377,63599,10740,1722,40,27661,1919,19,7700,9000
1785950547.435065571,19603926,1000064,19603926,0,19606797,14799,102500,1000064,30890,473100,0,0,648964234,624951447,19615507,24317,155100,1000064,60685,739300,9522,22090,7703,0,0,20624025,86028,43000,660100,20630664,7749,20637717,76416,11741,1605,41,27661,1919,19,8600,9000
1785950548.458032230,27152356,1000064,27152356,0,27154908,16009,89600,1000064,30890,473100,0,0,648967244,624952172,27163416,24531,141800,1000064,60685,739300,8525,22090,7703,0,0,28172626,108960,62400,671100,28177458,12912,28181950,94478,12849,1346,40,27661,1919,19,11200,9000
1785950549.482298889,34638959,1000064,34638959,0,34641580,16692,82100,1000064,30890,473100,0,0,648970270,624952901,34651087,24662,132400,1000064,60685,739300,7973,22090,7703,0,0,35664546,122302,87300,675600,35668777,15885,35672552,105023,13483,1201,39,27661,1919,19,12400,9000
1785950550.507919579,42168327,1000064,42168328,0,42171139,17150,77600,1000064,30890,473100,0,0,648973301,624953616,42180169,24766,125100,1000064,60685,739300,7618,22090,7703,0,0,43191702,131245,106700,678700,43195640,17882,43200204,112089,13906,1107,39,27661,1919,19,13000,9000
1785950551.528308610,49580722,1000064,49580722,0,49582765,17484,74900,1000064,30890,473100,0,0,648976336,624954314,49590385,24865,120000,1000064,60685,739300,7383,22090,7703,0,0,50598598,137670,118300,684900,50603273,19287,50607489,117188,14208,1043,39,27661,1919,19,13400,9000
1785950552.552327467,56960338,1000064,56960338,0,56963167,17722,73100,1000064,30890,473100,0,0,648979375,624955018,56972746,24937,116200,1000064,60685,739300,7217,22090,7703,0,0,57981912,142497,125700,688600,57989485,20331,57995073,121032,14432,995,39,27661,1919,19,13600,9000
1785950553.575042058,64466160,1000064,64466160,0,64468705,17884,71600,1000064,30890,473100,0,0,648982383,624955731,64477383,24953,112700,1000064,60685,739300,7070,22090,7703,0,0,65484998,145869,130400,687400,65489681,21100,65496801,123685,14582,957,39,27661,1919,19,13800,9000
1785950554.596385572,71902181,1000064,71902181,0,71904310,18005,70900,1000064,30890,473100,0,0,648985370,624956474,71912335,24956,110200,1000064,60685,739300,6952,22090,7703,0,0,72920277,148473,133500,686500,72925141,21696,72929549,125729,14695,927,38,27661,1919,19,13900,9000
1785950555.616766242,79381757,1000064,79381757,0,79383770,18109,70500,1000064,30890,473100,0,0,648988352,624957202,79391982,24964,108200,1000064,60685,739300,6855,22090,7703,0,0,80398853,150655,135900,686400,80403321,22191,80406529,127449,14792,903,38,27661,1919,19,14000,9000
1785950556.636212059,86855396,1000064,86855396,0,86857915,18194,70000,1000064,30890,473100,0,0,648991332,624957921,86867335,24972,106500,1000064,60685,739300,6778,22090,7703,0,0,87875837,152509,137800,685900,87880651,22605,87885038,128915,14872,883,38,27661,1919,19,14100,9000
1785950557.656248863,94118488,1000064,94118488,0,94122358,18297,69700,1000064,30890,473100,0,0,648994329,624958619,94129069,25024,105500,1000064,60685,739300,6726,22090,7703,0,0,95135924,154344,139500,689100,95140115,22996,95143233,130377,14964,867,38,27661,1919,19,14200,9000
1785950558.681375714,101572475,1000064,101572475,0,101574935,18364,69200,1000064,30890,473100,0,0,648997318,624959332,101584584,25040,104400,1000064,60685,739300,6675,22090,7703,0,0,102592773,155757,140800,688600,102597509,23299,102601857,131505,15028,853,38,27661,1919,19,14300,9000
1785950559.704636195,109180087,1000064,109180087,0,109182961,18415,68600,1000064,30890,473100,0,0,649000309,624960038,109192100,25042,103100,1000064,60685,739300,6627,22090,7703,0,0,110200723,156939,142000,687800,110205971,23559,110210263,132444,15075,840,38,27661,1919,19,14300,9000
1785950560.727955074,116668805,1000064,116668805,0,116671053,18455,68200,1000064,30890,473100,0,0,649003288,624960778,116677738,25037,102100,1000064,60685,739300,6583,22090,7703,0,0,117690818,157876,142900,687600,117696014,23774,117702733,133181,15114,829,38,27661,1919,19,14300,9000
1785950561.751254964,124259553,1000064,124259553,0,124262226,18487,67800,1000064,30890,473100,0,0,649006285,624961487,124270680,25029,101100,1000064,60685,739300,6542,22090,7703,0,0,125278911,158695,143700,686200,125283231,23957,125286838,133830,15143,819,38,27661,1919,19,14400,9000
1785950562.772865721,131748761,1000064,131748761,0,131750731,18522,67500,1000064,30890,473100,0,0,649009283,624962216,131762318,25031,100300,1000064,60685,739300,6509,22090,7703,0,0,132770621,159468,144400,685700,132774502,24131,132777929,134442,15178,811,38,27661,1919,19,14400,9000
1785950563.795086474,138963205,1000064,138963205,0,138965879,18582,67400,1000064,30890,473100,0,0,649012301,624962902,138974246,25074,100000,1000064,60685,739300,6492,22090,7703,0,0,139983769,160450,145200,688900,139988863,24333,139993547,135228,15232,804,38,27661,1919,19,14400,9000
1785950564.818266115,146452763,1000064,146452763,0,146454803,18610,67100,1000064,30890,473100,0,0,649015309,624963638,146463343,25075,99400,1000064,60685,739300,6465,22090,7703,0,0,147472669,161073,145800,688500,147479134,24469,147487169,135725,15258,797,38,27661,1919,19,14500,9000
1785950565.841155850,153920619,1000064,153920619,0,153923279,18637,66900,1000064,30890,473100,0,0,649018311,624964366,153933016,25079,98800,1000064,60685,739300,6442,22090,7703,0,0,154941921,161648,146300,688100,154946726,24601,154950968,136177,15283,791,38,27661,1919,19,14500,9000
1785950566.862988331,161275898,1000064,161275898,0,161277996,18664,66700,1000064,30890,473100,0,0,649021320,624965111,161286296,25087,98500,1000064,60685,739300,6423,22090,7703,0,0,162295973,162189,146700,688700,162301133,24725,162305098,136600,15308,786,38,27661,1919,19,14500,9000
1785950567.885930766,168853646,1000064,168853646,0,168855398,18684,66500,1000064,30890,473100,0,0,649024315,624965814,168863267,25088,98000,1000064,60685,739300,6403,22090,7703,0,0,169871240,162671,147200,687800,169876177,24828,169880257,136986,15327,781,38,27661,1919,19,14500,9000
1785950568.907613782,176253324,1000064,176253324,0,176255455,18709,66400,1000064,30890,473100,0,0,649027315,624966534,176265389,25096,97600,1000064,60685,739300,6387,22090,7703,0,0,177274649,163132,147600,688100,177279680,24931,177283457,137350,15350,776,38,27661,1919,19,14500,9000
1785950569.928725562,183537770,1000064,183537770,0,183540559,18738,66300,1000064,30890,473100,0,0,649030314,624967235,183549792,25112,97400,1000064,60685,739300,6374,22090,7703,0,0,184558254,163626,147900,689700,184563025,25036,184567267,137743,15376,772,37,27661,1919,19,14600,9000
1785950570.948550531,191028638,1000064,191028638,0,191031128,18749,66200,1000064,30890,473100,0,0,649033289,624967956,191040440,25106,97000,1000064,60685,739300,6356,22090,7703,0,0,192050064,163936,148200,689400,192054741,25109,192059457,137986,15388,768,37,27661,1919,19,14600,9000
1785950571.971216162,198559977,1000064,198559977,0,198562328,18758,66000,1000064,30890,473100,0,0,649036277,624968687,198570509,25098,96700,1000064,60685,739300,6340,22090,7703,0,0,199583949,164219,148400,688800,199589234,25175,199594026,138209,15398,764,37,27661,1919,19,14600,9000
1785950572.993122224,206021452,1000064,206021452,0,206023676,18767,65900,1000064,30890,473100,0,0,649039268,624969436,206032754,25093,96400,1000064,60685,739300,6325,22090,7703,0,0,207041021,164489,148700,688900,207045338,25236,207049848,138422,15407,760,37,27661,1919,19,14600,9000
1785950574.014782887,213442287,1000064,213442287,0,213444606,18780,65800,1000064,30890,473100,0,0,649042254,624970186,213452582,25093,96200,1000064,60685,739300,6313,22090,7703,0,0,214460833,164771,148900,689000,214465281,25301,214468818,138643,15419,757,37,27661,1919,19,14600,9000
1785950575.036846045,220727137,1000064,220727137,0,220733483,18799,65800,1000064,30890,473100,0,0,649045242,624970914,220741113,25103,96100,1000064,60685,739300,6304,22090,7703,0,0,221750976,165117,149100,690200,221754865,25373,221758513,138921,15437,754,37,27661,1919,19,14600,9000
1785950576.058141111,228023280,1000064,228023280,0,228026110,18818,65700,1000064,30890,473100,0,0,649048245,624971643,228034408,25114,95900,1000064,60685,739300,6296,22090,7703,0,0,229042959,165448,149300,690800,229047602,25441,229052161,139188,15455,752,37,27661,1919,19,14600,9000
1785950577.073117587,235298241,1000064,235298241,0,235298241,18829,65700,1000064,30890,473100,0,0,649051212,624972415,235298241,25116,95700,1000064,60685,739300,6285,22090,7703,0,0,236298797,165681,149500,690900,236298797,25496,236298305,139367,15464,749,37,27661,1919,19,14600,9000
1785950578.090727534,235298241,1000064,235298241,0,235298241,18829,65700,1000064,30890,473100,0,0,649054262,624975462,235298241,25116,95700,1000064,60685,739300,6285,22090,7703,0,0,236298801,165681,149500,690900,236298801,25496,236298305,139367,15464,749,37,27661,1919,19,14600,9000
1785950579.115128162,235298241,1000064,235298241,0,235298241,18829,65700,1000064,30890,473100,0,0,649057330,624978526,235298241,25116,95700,1000064,60685,739300,6285,22090,7703,0,0,236298805,165681,149500,690900,236298805,25496,236298305,139367,15464,749,37,27661,1919,19,14600,9000
1785950580.136607012,235298241,1000064,235298241,0,235298241,18829,65700,1000064,30890,473100,0,0,649060394,624981585,235298241,25116,95700,1000064,60685,739300,6285,22090,7703,0,0,236298809,165681,149500,690900,236298809,25496,236298305,139367,15464,749,37,27661,1919,19,14600,9000
1785950581.161499305,235298241,1000064,235298241,0,235298241,18829,65700,1000064,30890,473100,0,0,649063467,624984545,235298241,25116,95700,1000064,60685,739300,6285,22090,7703,0,0,236298812,165681,149500,690900,236298812,25496,236298305,139367,15464,749,37,27661,1919,19,14600,9000
1785950583.941797181,235298241,1000064,235298241,0,235298241,18829,65700,1000064,30890,473100,0,0,649071809,624992803,235298241,25116,95700,1000064,60685,739300,6285,22090,7703,0,0,236298814,165681,149500,690900,236298814,25496,236298305,139367,15464,749,37,27661,1919,19,14600,9000
1785950584.973312321,235298241,1000064,235298241,0,235298241,18829,65700,1000064,30890,473100,0,0,649074901,624995891,235298241,25116,95700,1000064,60685,739300,6285,22090,7703,0,0,236298816,165681,149500,690900,236298816,25496,236298305,139367,15464,749,37,27661,1919,19,14600,9000
1785950586.005240742,235298241,1000064,235298241,0,235298241,18829,65700,1000064,30890,473100,0,0,649077995,624998980,235298241,25116,95700,1000064,60685,739300,6285,22090,7703,0,0,236298818,165681,149500,690900,236298818,25496,236298305,139367,15464,749,37,27661,1919,19,14600,9000
1785950587.036027781,235298241,1000064,235298241,0,235298241,18829,65700,1000064,30890,473100,0,0,649081088,625001894,235298241,25116,95700,1000064,60685,739300,6285,22090,7703,0,0,236298820,165681,149500,690900,236298820,25497,236298305,139367,15464,749,37,27661,1919,19,14600,9000
1785950588.068098967,235298241,1000064,235298241,0,235298241,18829,65700,1000064,30890,473100,0,0,649084183,625004918,235298241,25116,95700,1000064,60685,739300,6285,22090,7703,0,0,236298822,165681,149500,690900,236298822,25497,236298305,139367,15464,749,37,27661,1919,19,14600,9000
1785950589.099038726,235298241,1000064,235298241,0,235298241,18829,65700,1000064,30890,473100,0,0,649087276,625008005,235298241,25116,95700,1000064,60685,739300,6285,22090,7703,0,0,236298824,165681,149500,690900,236298824,25497,236298305,139367,15464,749,37,27661,1919,19,14600,9000
1785950590.130009872,235298241,1000064,235298241,0,235298241,18829,65700,1000064,30890,473100,0,0,649090369,625011092,235298241,25116,95700,1000064,60685,739300,6285,22090,7703,0,0,236298826,165681,149500,690900,236298826,25497,236298305,139367,15464,749,37,27661,1919,19,14600,9000
1785950591.161122752,235298241,1000064,235298241,0,235298241,18829,65700,1000064,30890,473100,0,0,649093461,625014179,235298241,25116,95700,1000064,60685,739300,6285,22090,7703,0,0,236298828,165681,149500,690900,236298828,25497,236298305,139367,15464,749,37,27661,1919,19,14600,9000
1785950592.192766374,235298241,1000064,235298241,0,235298241,18829,65700,1000064,30890,473100,0,0,649096556,625017268,235298241,25116,95700,1000064,60685,739300,6285,22090,7703,0,0,236298830,165681,149500,690900,236298830,25497,236298305,139367,15464,749,37,27661,1919,19,14600,9000
1785950593.223808738,235298241,1000064,235298241,0,235298241,18829,65700,1000064,30890,473100,0,0,649099648,625020244,235298241,25116,95700,1000064,60685,739300,6285,22090,7703,0,0,236298832,165681,149500,690900,236298832,25497,236298305,139367,15464,749,37,27661,1919,19,14600,9000
1785950594.256410291,235298241,1000064,235298241,0,235298241,18829,65700,1000064,30890,473100,0,0,649102743,625023310,235298241,25116,95700,1000064,60685,739300,6285,22090,7703,0,0,236298834,165681,149500,690900,236298834,25497,236298305,139367,15464,749,37,27661,1919,19,14600,9000
1785950595.288493917,235298241,1000064,235298241,0,235298241,18829,65700,1000064,30890,473100,0,0,649105841,625026402,235298241,25116,95700,1000064,60685,739300,6285,22090,7703,0,0,236298836,165682,149500,690900,236298836,25497,236298305,139367,15464,749,37,27661,1919,19,14600,9000
1785950596.321524224,235298241,1000064,235298241,0,235298241,18829,65700,1000064,30890,473100,0,0,649108938,625029494,235298241,25116,95700,1000064,60685,739300,6285,22090,7703,0,0,236298838,165682,149500,690900,236298838,25497,236298305,139367,15464,749,37,27661,1919,19,14600,9000
1785950597.352809863,235298241,1000064,235298241,0,235298241,18829,65700,1000064,30890,473100,0,0,649112032,625032558,235298241,25116,95700,1000064,60685,739300,6285,22090,7703,0,0,236298840,165682,149500,690900,236298840,25497,236298305,139367,15464,749,37,27661,1919,19,14600,9000
1785950598.381937124,235298241,1000064,235298241,0,235298241,18829,65700,1000064,30890,473100,0,0,649115119,625035634,235298241,25116,95700,1000064,60685,739300,6285,22090,7703,0,0,236298842,165682,149500,690900,236298842,25497,236298305,139367,15464,749,37,27661,1919,19,14600,9000
1785950599.412781752,235298241,1000064,235298241,0,235298241,18829,65700,1000064,30890,473100,0,0,649118208,625038585,235298241,25116,95700,1000064,60685,739300,6285,22090,7703,0,0,236298844,165682,149500,690900,236298844,25497,236298305,139367,15464,749,37,27661,1919,19,14600,9000
1785950600.441881051,235298241,1000064,235298241,0,235298241,18829,65700,1000064,30890,473100,0,0,649121295,625041666,235298241,25116,95700,1000064,60685,739300,6285,22090,7703,0,0,236298846,165682,149500,690900,236298846,25497,236298305,139367,15464,749,37,27661,1919,19,14600,9000
1785950601.472798804,235298241,1000064,235298241,0,235298241,18829,65700,1000064,30890,473100,0,0,649124387,625044753,235298241,25116,95700,1000064,60685,739300,6285,22090,7703,0,0,236298848,165682,149500,690900,236298848,25497,236298305,139367,15464,749,37,27661,1919,19,14600,9000
1785950602.504218654,235298241,1000064,235298241,0,235298241,18829,65700,1000064,30890,473100,0,0,649127481,625047841,235298241,25116,95700,1000064,60685,739300,6285,22090,7703,0,0,236298850,165682,149500,690900,236298850,25497,236298305,139367,15464,749,37,27661,1919,19,14600,9000
1785950603.536135678,235298241,1000064,235298241,0,235298241,18829,65700,1000064,30890,473100,0,0,649130575,625050930,235298241,25116,95700,1000064,60685,739300,6285,22090,7703,0,0,236298852,165682,149500,690900,236298852,25497,236298305,139367,15464,749,37,27661,1919,19,14600,9000
1785950604.563461688,235298241,1000064,235298241,0,235298241,18829,65700,1000064,30890,473100,0,0,649133661,625053962,235298241,25116,95700,1000064,60685,739300,6285,22090,7703,0,0,236298854,165682,149500,690900,236298854,25497,236298305,139367,15464,749,37,27661,1919,19,14600,9000
1785950605.595121479,235298241,1000064,235298241,0,235298241,18829,65700,1000064,30890,473100,0,0,649136751,625056959,235298241,25116,95700,1000064,60685,739300,6285,22090,7703,0,0,236298856,165682,149500,690900,236298856,25497,236298305,139367,15464,749,37,27661,1919,19,14600,9000
1785950606.627813391,235298241,1000064,235298241,0,235298241,18829,65700,1000064,30890,473100,0,0,649139847,625060050,235298241,25116,95700,1000064,60685,739300,6285,22090,7703,0,0,236298858,165682,149500,690900,236298858,25497,236298305,139367,15464,749,37,27661,1919,19,14600,9000
1785950607.659646824,235298241,1000064,235298241,0,235298241,18829,65700,1000064,30890,473100,0,0,649142942,625063118,235298241,25116,95700,1000064,60685,739300,6285,22090,7703,0,0,236298860,165682,149500,690900,236298860,25497,236298305,139367,15464,749,37,27661,1919,19,14600,9000
1785950608.689641939,235298241,1000064,235298241,0,235298241,18829,65700,1000064,30890,473100,0,0,649146032,625066203,235298241,25116,95700,1000064,60685,739300,6285,22090,7703,0,0,236298862,165682,149500,690900,236298862,25497,236298305,139367,15464,749,37,27661,1919,19,14600,9000
1785950609.715039816,235298241,1000064,235298241,0,235298241,18829,65700,1000064,30890,473100,0,0,649149106,625069272,235298241,25116,95700,1000064,60685,739300,6285,22090,7703,0,0,236298864,165682,149500,690900,236298864,25497,236298305,139367,15464,749,37,27661,1919,19,14600,9000
1785950610.744374942,235298241,1000064,235298241,0,235298241,18829,65700,1000064,30890,473100,0,0,649152197,625072266,235298241,25116,95700,1000064,60685,739300,6285,22090,7703,0,0,236298866,165682,149500,690900,236298866,25497,236298305,139367,15464,749,37,27661,1919,19,14600,9000
1785950611.772782806,235298241,1000064,235298241,0,235298241,18829,65700,1000064,30890,473100,0,0,649155280,625075306,235298241,25116,95700,1000064,60685,739300,6285,22090,7703,0,0,236298868,165682,149500,690900,236298868,25497,236298305,139367,15464,749,37,27661,1919,19,14600,9000
1785950612.804428758,235298241,1000064,235298241,0,235298241,18829,65700,1000064,30890,473100,0,0,649158373,625078395,235298241,25116,95700,1000064,60685,739300,6285,22090,7703,0,0,236298870,165682,149500,690900,236298870,25497,236298305,139367,15464,749,37,27661,1919,19,14600,9000
1785950613.836416364,235298241,1000064,235298241,0,235298241,18829,65700,1000064,30890,473100,0,0,649161470,625081485,235298241,25116,95700,1000064,60685,739300,6285,22090,7703,0,0,236298872,165682,149500,690900,236298872,25497,236298305,139367,15464,749,37,27661,1919,19,14600,9000
1785950614.868162969,235298241,1000064,235298241,0,235298241,18829,65700,1000064,30890,473100,0,0,649164565,625084575,235298241,25116,95700,1000064,60685,739300,6285,22090,7703,0,0,236298874,165682,149500,690900,236298874,25497,236298305,139367,15464,749,37,27661,1919,19,14600,9000
1785950615.899621921,235298241,1000064,235298241,0,235298241,18829,65700,1000064,30890,473100,0,0,649167659,625087664,235298241,25116,95700,1000064,60685,739300,6285,22090,7703,0,0,236298876,165682,149500,690900,236298876,25497,236298305,139367,15464,749,37,27661,1919,19,14600,9000
1785950616.928338068,235298241,1000064,235298241,0,235298241,18829,65700,1000064,30890,473100,0,0,649170747,625090607,235298241,25116,95700,1000064,60685,739300,6285,22090,7703,0,0,236298878,165682,149500,690900,236298878,25497,236298305,139367,15464,749,37,27661,1919,19,14600,9000
1785950617.960350743,235298241,1000064,235298241,0,235298241,18829,65700,1000064,30890,473100,0,0,649173840,625093669,235298241,25116,95700,1000064,60685,739300,6285,22090,7703,0,0,236298880,165682,149500,690900,236298880,25497,236298305,139367,15464,749,37,27661,1919,19,14600,9000
1785950618.992508766,235298241,1000064,235298241,0,235298241,18829,65700,1000064,30890,473100,0,0,649176937,625096760,235298241,25116,95700,1000064,60685,739300,6285,22090,7703,0,0,236298882,165682,149500,690900,236298882,25497,236298305,139367,15464,749,37,27661,1919,19,14600,9000
1785950620.024352575,235298241,1000064,235298241,0,235298241,18829,65700,1000064,30890,473100,0,0,649180030,625099848,235298241,25116,95700,1000064,60685,739300,6285,22090,7703,0,0,236298884,165682,149500,690900,236298884,25497,236298305,139367,15464,749,37,27661,1919,19,14600,9000
1785950621.056198869,235298241,1000064,235298241,0,235298241,18829,65700,1000064,30890,473100,0,0,649183127,625102939,235298241,25116,95700,1000064,60685,739300,6285,22090,7703,0,0,236298886,165682,149500,690900,236298886,25497,236298305,139367,15464,749,37,27661,1919,19,14600,9000
1785950622.087881289,235298241,1000064,235298241,0,235298241,18829,65700,1000064,30890,473100,0,0,649186222,625106012,235298241,25116,95700,1000064,60685,739300,6285,22090,7703,0,0,236298888,165683,149500,690900,236298888,25497,236298305,139367,15464,749,37,27661,1919,19,14600,9000
1785950623.120520785,235298241,1000064,235298241,0,235298241,18829,65700,1000064,30890,473100,0,0,649189319,625108981,235298241,25116,95700,1000064,60685,739300,6285,22090,7703,0,0,236298890,165683,149500,690900,236298890,25497,236298305,139367,15464,749,37,27661,1919,19,14600,9000
1785950624.151706869,235298241,1000064,235298241,0,235298241,18829,65700,1000064,30890,473100,0,0,649192411,625112068,235298241,25116,95700,1000064,60685,739300,6285,22090,7703,0,0,236298892,165683,149500,690900,236298892,25497,236298305,139367,15464,749,37,27661,1919,19,14600,9000
1785950625.183446535,235298241,1000064,235298241,0,235298241,18829,65700,1000064,30890,473100,0,0,649195504,625115156,235298241,25116,95700,1000064,60685,739300,6285,22090,7703,0,0,236298894,165683,149500,690900,236298894,25497,236298305,139367,15464,749,37,27661,1919,19,14600,9000
1785950626.215262959,235298241,1000064,235298241,0,235298241,18829,65700,1000064,30890,473100,0,0,649198599,625118246,235298241,25116,95700,1000064,60685,739300,6285,22090,7703,0,0,236298896,165683,149500,690900,236298896,25497,236298305,139367,15464,749,37,27661,1919,19,14600,9000
1785950627.242070051,235298241,1000064,235298241,0,235298241,18829,65700,1000064,30890,473100,0,0,649201684,625121326,235298241,25116,95700,1000064,60685,739300,6285,22090,7703,0,0,236298898,165683,149500,690900,236298898,25497,236298305,139367,15464,749,37,27661,1919,19,14600,9000
1785950628.272049106,235298241,1000064,235298241,0,235298241,18829,65700,1000064,30890,473100,0,0,649204767,625124319,235298241,25116,95700,1000064,60685,739300,6285,22090,7703,0,0,236298900,165683,149500,690900,236298900,25497,236298305,139367,15464,749,37,27661,1919,19,14600,9000
1785950629.304349245,235298241,1000064,235298241,0,235298241,18829,65700,1000064,30890,473100,0,0,649207870,625127320,235298241,25116,95700,1000064,60685,739300,6285,22090,7703,0,0,236298902,165683,149500,690900,236298902,25497,236298305,139367,15464,749,37,27661,1919,19,14600,9000
1785950630.336450462,235298241,1000064,235298241,0,235298241,18829,65700,1000064,30890,473100,0,0,649210967,625130411,235298241,25116,95700,1000064,60685,739300,6285,22090,7703,0,0,236298904,165683,149500,690900,236298904,25497,236298305,139367,15464,749,37,27661,1919,19,14600,9000
1785950631.369593434,235298241,1000064,235298241,0,235298241,18829,65700,1000064,30890,473100,0,0,649214066,625133504,235298241,25116,95700,1000064,60685,739300,6285,22090,7703,0,0,236298906,165683,149500,690900,236298906,25497,236298305,139367,15464,749,37,27661,1919,19,14600,9000
1785950632.402878342,235298241,1000064,235298241,0,235298241,18829,65700,1000064,30890,473100,0,0,649217165,625136597,235298241,25116,95700,1000064,60685,739300,6285,22090,7703,0,0,236298908,165683,149500,690900,236298908,25497,236298305,139367,15464,749,37,27661,1919,19,14600,9000
1785950633.435753712,235298241,1000064,235298241,0,235298241,18829,65700,1000064,30890,473100,0,0,649220265,625139690,235298241,25116,95700,1000064,60685,739300,6285,22090,7703,0,0,236298910,165683,149500,690900,236298910,25497,236298305,139367,15464,749,37,27661,1919,19,14600,9000
1785950634.469445236,235298241,1000064,235298241,0,235298241,18829,65700,1000064,30890,473100,0,0,649223366,625142676,235298241,25116,95700,1000064,60685,739300,6285,22090,7703,0,0,236298912,165683,149500,690900,236298912,25497,236298305,139367,15464,749,37,27661,1919,19,14600,9000
1785950635.500987196,235298241,1000064,235298241,0,235298241,18829,65700,1000064,30890,473100,0,0,649226458,625145732,235298241,25116,95700,1000064,60685,739300,6285,22090,7703,0,0,236298914,165683,149500,690900,236298914,25497,236298305,139367,15464,749,37,27661,1919,19,14600,9000
1785950636.533426914,235298241,1000064,235298241,0,235298241,18829,65700,1000064,30890,473100,0,0,649229556,625148823,235298241,25116,95700,1000064,60685,739300,6285,22090,7703,0,0,236298916,165683,149500,690900,236298916,25497,236298305,139367,15464,749,37,27661,1919,19,14600,9000
1785950637.565086176,235298241,1000064,235298241,0,235298241,18829,65700,1000064,30890,473100,0,0,649232649,625151912,235298241,25116,95700,1000064,60685,739300,6285,22090,7703,0,0,236298918,165683,149500,690900,236298918,25497,236298305,139367,15464,749,37,27661,1919,19,14600,9000
1785950638.597338510,235298241,1000064,235298241,0,235298241,18829,65700,1000064,30890,473100,0,0,649235749,625154980,235298241,25116,95700,1000064,60685,739300,6285,22090,7703,0,0,236298920,165683,149500,690900,236298920,25498,236298305,139367,15464,749,37,27661,1919,19,14600,9000
1785950639.626946098,235298241,1000064,235298241,0,235298241,18829,65700,1000064,30890,473100,0,0,649238838,625158059,235298241,25116,95700,1000064,60685,739300,6285,22090,7703,0,0,236298922,165683,149500,690900,236298922,25498,236298305,139367,15464,749,37,27661,1919,19,14600,9000
1785950640.658448100,235298241,1000064,235298241,0,235298241,18829,65700,1000064,30890,473100,0,0,649241929,625161020,235298241,25116,95700,1000064,60685,739300,6285,22090,7703,0,0,236298924,165683,149500,690900,236298924,25498,236298305,139367,15464,749,37,27661,1919,19,14600,9000
1785950641.689596312,235298241,1000064,235298241,0,235298241,18829,65700,1000064,30890,473100,0,0,649245025,625164109,235298241,25116,95700,1000064,60685,739300,6285,22090,7703,0,0,236298926,165683,149500,690900,236298926,25498,236298305,139367,15464,749,37,27661,1919,19,14600,9000
1785950642.718723930,235298241,1000064,235298241,0,235298241,18829,65700,1000064,30890,473100,0,0,649248109,625167190,235298241,25116,95700,1000064,60685,739300,6285,22090,7703,0,0,236298928,165683,149500,690900,236298928,25498,236298305,139367,15464,749,37,27661,1919,19,14600,9000
1785950643.750896789,235298241,1000064,235298241,0,235298241,18829,65700,1000064,30890,473100,0,0,649251205,625170280,235298241,25116,95700,1000064,60685,739300,6285,22090,7703,0,0,236298930,165683,149500,690900,236298930,25498,236298305,139367,15464,749,37,27661,1919,19,14600,9000
1785950644.783097421,235298241,1000064,235298241,0,235298241,18829,65700,1000064,30890,473100,0,0,649254301,625173371,235298241,25116,95700,1000064,60685,739300,6285,22090,7703,0,0,236298932,165683,149500,690900,236298932,25498,236298305,139367,15464,749,37,27661,1919,19,14600,9000
1785950645.814469068,235298241,1000064,235298241,0,235298241,18829,65700,1000064,30890,473100,0,0,649257395,625176411,235298241,25116,95700,1000064,60685,739300,6285,22090,7703,0,0,236298934,165683,149500,690900,236298934,25498,236298305,139367,15464,749,37,27661,1919,19,14600,9000
1785950646.846284430,235298241,1000064,235298241,0,235298241,18829,65700,1000064,30890,473100,0,0,649260488,625179410,235298241,25116,95700,1000064,60685,739300,6285,22090,7703,0,0,236298936,165683,149500,690900,236298936,25498,236298305,139367,15464,749,37,27661,1919,19,14600,9000
1785950647.878811091,235298241,1000064,235298241,0,235298241,18829,65700,1000064,30890,473100,0,0,649263587,625182502,235298241,25116,95700,1000064,60685,739300,6285,22090,7703,0,0,236298938,165683,149500,690900,236298938,25498,236298305,139367,15464,749,37,27661,1919,19,14600,9000
1785950648.909575428,235298241,1000064,235298241,0,235298241,18829,65700,1000064,30890,473100,0,0,649266676,625185536,235298241,25116,95700,1000064,60685,739300,6285,22090,7703,0,0,236298940,165684,149500,690900,236298940,25498,236298305,139367,15464,749,37,27661,1919,19,14600,9000
1785950649.941737862,235298241,1000064,235298241,0,235298241,18829,65700,1000064,30890,473100,0,0,649269774,625188624,235298241,25116,95700,1000064,60685,739300,6285,22090,7703,0,0,236298942,165684,149500,690900,236298942,25498,236298305,139367,15464,749,37,27661,1919,19,14600,9000
1785950650.974193366,235298241,1000064,235298241,0,235298241,18829,65700,1000064,30890,473100,0,0,649272868,625191714,235298241,25116,95700,1000064,60685,739300,6285,22090,7703,0,0,236298944,165684,149500,690900,236298944,25498,236298305,139367,15464,749,37,27661,1919,19,14600,9000
1785950652.008340037,235298241,1000064,235298241,0,235298241,18829,65700,1000064,30890,473100,0,0,649275970,625194721,235298241,25116,95700,1000064,60685,739300,6285,22090,7703,0,0,236298946,165684,149500,690900,236298946,25498,236298305,139367,15464,749,37,27661,1919,19,14600,9000
1785950653.040189713,235298241,1000064,235298241,0,235298241,18829,65700,1000064,30890,473100,0,0,649279064,625197769,235298241,25116,95700,1000064,60685,739300,6285,22090,7703,0,0,236298948,165684,149500,690900,236298948,25498,236298305,139367,15464,749,37,27661,1919,19,14600,9000
1785950654.071287411,235298241,1000064,235298241,0,235298241,18829,65700,1000064,30890,473100,0,0,649282157,625200855,235298241,25116,95700,1000064,60685,739300,6285,22090,7703,0,0,236298950,165684,149500,690900,236298950,25498,236298305,139367,15464,749,37,27661,1919,19,14600,9000
1785950655.103413072,235298241,1000064,235298241,0,235298241,18829,65700,1000064,30890,473100,0,0,649285252,625203946,235298241,25116,95700,1000064,60685,739300,6285,22090,7703,0,0,236298952,165684,149500,690900,236298952,25498,236298305,139367,15464,749,37,27661,1919,19,14600,9000
1785950656.136467204,235298241,1000064,235298241,0,235298241,18829,65700,1000064,30890,473100,0,0,649288350,625207038,235298241,25116,95700,1000064,60685,739300,6285,22090,7703,0,0,236298954,165684,149500,690900,236298954,25498,236298305,139367,15464,749,37,27661,1919,19,14600,9000
1785950657.168441429,235298241,1000064,235298241,0,235298241,18829,65700,1000064,30890,473100,0,0,649291446,625210127,235298241,25116,95700,1000064,60685,739300,6285,22090,7703,0,0,236298956,165684,149500,690900,236298956,25498,236298305,139367,15464,749,37,27661,1919,19,14600,9000
1785950658.198528900,235298241,1000064,235298241,0,235298241,18829,65700,1000064,30890,473100,0,0,649294540,625213083,235298241,25116,95700,1000064,60685,739300,6285,22090,7703,0,0,236298958,165684,149500,690900,236298958,25498,236298305,139367,15464,749,37,27661,1919,19,14600,9000
1785950659.230036353,235298241,1000064,235298241,0,235298241,18829,65700,1000064,30890,473100,0,0,649297631,625216145,235298241,25116,95700,1000064,60685,739300,6285,22090,7703,0,0,236298960,165684,149500,690900,236298960,25498,236298305,139367,15464,749,37,27661,1919,19,14600,9000
1785950660.262469595,235298241,1000064,235298241,0,235298241,18829,65700,1000064,30890,473100,0,0,649300726,625219235,235298241,25116,95700,1000064,60685,739300,6285,22090,7703,0,0,236298962,165684,149500,690900,236298962,25498,236298305,139367,15464,749,37,27661,1919,19,14600,9000
1785950661.295378752,235298241,1000064,235298241,0,235298241,18829,65700,1000064,30890,473100,0,0,649303827,625222328,235298241,25116,95700,1000064,60685,739300,6285,22090,7703,0,0,236298964,165684,149500,690900,236298964,25498,236298305,139367,15464,749,37,27661,1919,19,14600,9000
1785950662.327130311,235298241,1000064,235298241,0,235298241,18829,65700,1000064,30890,473100,0,0,649306922,625225416,235298241,25116,95700,1000064,60685,739300,6285,22090,7703,0,0,236298966,165684,149500,690900,236298966,25498,236298305,139367,15464,749,37,27661,1919,19,14600,9000
1785950663.359793039,235298241,1000064,235298241,0,235298241,18829,65700,1000064,30890,473100,0,0,649310018,625228491,235298241,25116,95700,1000064,60685,739300,6285,22090,7703,0,0,236298968,165684,149500,690900,236298968,25498,236298305,139367,15464,749,37,27661,1919,19,14600,9000
1785950664.391305963,235298241,1000064,235298241,0,235298241,18829,65700,1000064,30890,473100,0,0,649313112,625231455,235298241,25116,95700,1000064,60685,739300,6285,22090,7703,0,0,236298970,165684,149500,690900,236298970,25498,236298305,139367,15464,749,37,27661,1919,19,14600,9000
1785950665.424570261,235298241,1000064,235298241,0,235298241,18829,65700,1000064,30890,473100,0,0,649316213,625234548,235298241,25116,95700,1000064,60685,739300,6285,22090,7703,0,0,236298972,165684,149500,690900,236298972,25498,236298305,139367,15464,749,37,27661,1919,19,14600,9000
1785950666.456445287,235298241,1000064,235298241,0,235298241,18829,65700,1000064,30890,473100,0,0,649319309,625237639,235298241,25116,95700,1000064,60685,739300,6285,22090,7703,0,0,236298974,165684,149500,690900,236298974,25498,236298305,139367,15464,749,37,27661,1919,19,14600,9000
1785950667.487780834,235298241,1000064,235298241,0,235298241,18829,65700,1000064,30890,473100,0,0,649322402,625240726,235298241,25116,95700,1000064,60685,739300,6285,22090,7703,0,0,236298976,165684,149500,690900,236298976,25498,236298305,139367,15464,749,37,27661,1919,19,14600,9000
1785950668.519776842,235298241,1000064,235298241,0,235298241,18829,65700,1000064,30890,473100,0,0,649325497,625243817,235298241,25116,95700,1000064,60685,739300,6285,22090,7703,0,0,236298978,165684,149500,690900,236298978,25498,236298305,139367,15464,749,37,27661,1919,19,14600,9000
1785950669.548172928,235298241,1000064,235298241,0,235298241,18829,65700,1000064,30890,473100,0,0,649328592,625246825,235298241,25116,95700,1000064,60685,739300,6285,22090,7703,0,0,236298980,165684,149500,690900,236298980,25498,236298305,139367,15464,749,37,27661,1919,19,14600,9000
1785950670.578612664,235298241,1000064,235298241,0,235298241,18829,65700,1000064,30890,473100,0,0,649331679,625249832,235298241,25116,95700,1000064,60685,739300,6285,22090,7703,0,0,236298982,165684,149500,690900,236298982,25498,236298305,139367,15464,749,37,27661,1919,19,14600,9000
1785950671.608889460,235298241,1000064,235298241,0,235298241,18829,65700,1000064,30890,473100,0,0,649334771,625252918,235298241,25116,95700,1000064,60685,739300,6285,22090,7703,0,0,236298984,165684,149500,690900,236298984,25498,236298305,139367,15464,749,37,27661,1919,19,14600,9000
1785950672.638156495,235298241,1000064,235298241,0,235298241,18829,65700,1000064,30890,473100,0,0,649337857,625255999,235298241,25116,95700,1000064,60685,739300,6285,22090,7703,0,0,236298986,165684,149500,690900,236298986,25498,236298305,139367,15464,749,37,27661,1919,19,14600,9000
1785950673.670303249,235298241,1000064,235298241,0,235298241,18829,65700,1000064,30890,473100,0,0,649340953,625259089,235298241,25116,95700,1000064,60685,739300,6285,22090,7703,0,0,236298988,165684,149500,690900,236298988,25498,236298305,139367,15464,749,37,27661,1919,19,14600,9000
1785950674.702923765,235298241,1000064,235298241,0,235298241,18829,65700,1000064,30890,473100,0,0,649344049,625262181,235298241,25116,95700,1000064,60685,739300,6285,22090,7703,0,0,236298990,165685,149500,690900,236298990,25498,236298305,139367,15464,749,37,27661,1919,19,14600,9000
1785950675.734393534,235298241,1000064,235298241,0,235298241,18829,65700,1000064,30890,473100,0,0,649347145,625265166,235298241,25116,95700,1000064,60685,739300,6285,22090,7703,0,0,236298992,165685,149500,690900,236298992,25498,236298305,139367,15464,749,37,27661,1919,19,14600,9000
1785950676.764120620,235298241,1000064,235298241,0,235298241,18829,65700,1000064,30890,473100,0,0,649350232,625268214,235298241,25116,95700,1000064,60685,739300,6285,22090,7703,0,0,236298994,165685,149500,690900,236298994,25498,236298305,139367,15464,749,37,27661,1919,19,14600,9000
1785950677.796800044,235298241,1000064,235298241,0,235298241,18829,65700,1000064,30890,473100,0,0,649353330,625271307,235298241,25116,95700,1000064,60685,739300,6285,22090,7703,0,0,236298996,165685,149500,690900,236298996,25498,236298305,139367,15464,749,37,27661,1919,19,14600,9000
1785950678.829037346,235298241,1000064,235298241,0,235298241,18829,65700,1000064,30890,473100,0,0,649356427,625274398,235298241,25116,95700,1000064,60685,739300,6285,22090,7703,0,0,236298998,165685,149500,690900,236298998,25498,236298305,139367,15464,749,37,27661,1919,19,14600,9000
1785950679.860722860,235298241,1000064,235298241,0,235298241,18829,65700,1000064,30890,473100,0,0,649359520,625277462,235298241,25116,95700,1000064,60685,739300,6285,22090,7703,0,0,236299000,165685,149500,690900,236299000,25498,236298305,139367,15464,749,37,27661,1919,19,14600,9000
1785950680.890785829,235298241,1000064,235298241,0,235298241,18829,65700,1000064,30890,473100,0,0,649362611,625280544,235298241,25116,95700,1000064,60685,739300,6285,22090,7703,0,0,236299002,165685,149500,690900,236299002,25498,236298305,139367,15464,749,37,27661,1919,19,14600,9000
1785950681.922979817,235298241,1000064,235298241,0,235298241,18829,65700,1000064,30890,473100,0,0,649365704,625283491,235298241,25116,95700,1000064,60685,739300,6285,22090,7703,0,0,236299004,165685,149500,690900,236299004,25498,236298305,139367,15464,749,37,27661,1919,19,14600,9000
1785950682.955111721,235298241,1000064,235298241,0,235298241,18829,65700,1000064,30890,473100,0,0,649368800,625286582,235298241,25116,95700,1000064,60685,739300,6285,22090,7703,0,0,236299006,165685,149500,690900,236299006,25498,236298305,139367,15464,749,37,27661,1919,19,14600,9000
1785950683.987360240,235298241,1000064,235298241,0,235298241,18829,65700,1000064,30890,473100,0,0,649371897,625289672,235298241,25116,95700,1000064,60685,739300,6285,22090,7703,0,0,236299008,165685,149500,690900,236299008,25498,236298305,139367,15464,749,37,27661,1919,19,14600,9000
1785950685.017744422,235298241,1000064,235298241,0,235298241,18829,65700,1000064,30890,473100,0,0,649374988,625292755,235298241,25116,95700,1000064,60685,739300,6285,22090,7703,0,0,236299010,165685,149500,690900,236299010,25498,236298305,139367,15464,749,37,27661,1919,19,14600,9000
1785950686.046943366,235298241,1000064,235298241,0,235298241,18829,65700,1000064,30890,473100,0,0,649378074,625295814,235298241,25116,95700,1000064,60685,739300,6285,22090,7703,0,0,236299012,165685,149500,690900,236299012,25498,236298305,139367,15464,749,37,27661,1919,19,14600,9000
1785950687.079144064,235298241,1000064,235298241,0,235298241,18829,65700,1000064,30890,473100,0,0,649381169,625298869,235298241,25116,95700,1000064,60685,739300,6285,22090,7703,0,0,236299014,165685,149500,690900,236299014,25498,236298305,139367,15464,749,37,27661,1919,19,14600,9000
1785950688.112284975,235298241,1000064,235298241,0,235298241,18829,65700,1000064,30890,473100,0,0,649384269,625301863,235298241,25116,95700,1000064,60685,739300,6285,22090,7703,0,0,236299016,165685,149500,690900,236299016,25498,236298305,139367,15464,749,37,27661,1919,19,14600,9000
1785950689.144522539,235298241,1000064,235298241,0,235298241,18829,65700,1000064,30890,473100,0,0,649387366,625304954,235298241,25116,95700,1000064,60685,739300,6285,22090,7703,0,0,236299018,165685,149500,691000,236299018,25498,236298305,139367,15464,749,37,27661,1919,19,14600,9000
1785950690.177254913,235298241,1000064,235298241,0,235298241,18829,65700,1000064,30890,473100,0,0,649390463,625308021,235298241,25116,95700,1000064,60685,739300,6285,22090,7703,0,0,236299020,165685,149500,691000,236299020,25498,236298305,139367,15464,749,37,27661,1919,19,14600,9000
1785950691.209046728,235298241,1000064,235298241,0,235298241,18829,65700,1000064,30890,473100,0,0,649393557,625311110,235298241,25116,95700,1000064,60685,739300,6285,22090,7703,0,0,236299022,165685,149500,691000,236299022,25499,236298305,139367,15464,749,37,27661,1919,19,14600,9000
1785950692.241588229,235298241,1000064,235298241,0,235298241,18829,65700,1000064,30890,473100,0,0,649396655,625314202,235298241,25116,95700,1000064,60685,739300,6285,22090,7703,0,0,236299024,165685,149500,691000,236299024,25499,236298305,139367,15464,749,37,27661,1919,19,14600,9000
1785950693.271896668,235298241,1000064,235298241,0,235298241,18829,65700,1000064,30890,473100,0,0,649399749,625317202,235298241,25116,95700,1000064,60685,739300,6285,22090,7703,0,0,236299026,165685,149500,691000,236299026,25499,236298305,139367,15464,749,37,27661,1919,19,14600,9000
1785950694.303553214,235298241,1000064,235298241,0,235298241,18829,65700,1000064,30890,473100,0,0,649402841,625320231,235298241,25116,95700,1000064,60685,739300,6285,22090,7703,0,0,236299028,165685,149500,691000,236299028,25499,236298305,139367,15464,749,37,27661,1919,19,14600,9000
1785950695.335294943,235298241,1000064,235298241,0,235298241,18829,65700,1000064,30890,473100,0,0,649405934,625323320,235298241,25116,95700,1000064,60685,739300,6285,22090,7703,0,0,236299030,165685,149500,691000,236299030,25499,236298305,139367,15464,749,37,27661,1919,19,14600,9000
1785950696.366972487,235298241,1000064,235298241,0,235298241,18829,65700,1000064,30890,473100,0,0,649409028,625326408,235298241,25116,95700,1000064,60685,739300,6285,22090,7703,0,0,236299032,165685,149500,691000,236299032,25499,236298305,139367,15464,749,37,27661,1919,19,14600,9000
1785950697.394610982,235298241,1000064,235298241,0,235298241,18829,65700,1000064,30890,473100,0,0,649412112,625329485,235298241,25116,95700,1000064,60685,739300,6285,22090,7703,0,0,236299034,165685,149500,691000,236299034,25499,236298305,139367,15464,749,37,27661,1919,19,14600,9000
1785950698.427896069,235298241,1000064,235298241,0,235298241,18829,65700,1000064,30890,473100,0,0,649415210,625332577,235298241,25116,95700,1000064,60685,739300,6285,22090,7703,0,0,236299036,165685,149500,691000,236299036,25499,236298305,139367,15464,749,37,27661,1919,19,14600,9000
1785950699.458461856,235298241,1000064,235298241,0,235298241,18829,65700,1000064,30890,473100,0,0,649418299,625335540,235298241,25116,95700,1000064,60685,739300,6285,22090,7703,0,0,236299038,165685,149500,691000,236299038,25499,236298305,139367,15464,749,37,27661,1919,19,14600,9000
1785950700.490422797,235298241,1000064,235298241,0,235298241,18829,65700,1000064,30890,473100,0,0,649421396,625338598,235298241,25116,95700,1000064,60685,739300,6285,22090,7703,0,0,236299040,165686,149500,691000,236299040,25499,236298305,139367,15464,749,37,27661,1919,19,14600,9000
1785950701.521868183,235298241,1000064,235298241,0,235298241,18829,65700,1000064,30890,473100,0,0,649424489,625341683,235298241,25116,95700,1000064,60685,739300,6285,22090,7703,0,0,236299042,165686,149500,691000,236299042,25499,236298305,139367,15464,749,37,27661,1919,19,14600,9000
1785950702.554008773,235298241,1000064,235298241,0,235298241,18829,65700,1000064,30890,473100,0,0,649427584,625344773,235298241,25116,95700,1000064,60685,739300,6285,22090,7703,0,0,236299044,165686,149500,691000,236299044,25499,236298305,139367,15464,749,37,27661,1919,19,14600,9000
1785950703.584483122,235298241,1000064,235298241,0,235298241,18829,65700,1000064,30890,473100,0,0,649430676,625347860,235298241,25116,95700,1000064,60685,739300,6285,22090,7703,0,0,236299046,165686,149500,691000,236299046,25499,236298305,139367,15464,749,37,27661,1919,19,14600,9000
1785950704.615839298,235298241,1000064,235298241,0,235298241,18829,65700,1000064,30890,473100,0,0,649433768,625350934,235298241,25116,95700,1000064,60685,739300,6285,22090,7703,0,0,236299048,165686,149500,691000,236299048,25499,236298305,139367,15464,749,37,27661,1919,19,14600,9000
1785950709.791640195,0,0,0,0,0,0,0,0,0,0,0,0,649449290,625366202,0,0,0,0,0,0,0,0,0,0,0,0,0,0,0,0,0,0,0,0,0,0,0,0,0,0,0
1785950710.821646444,0,0,0,0,0,0,0,0,0,0,0,0,649452378,625369185,0,0,0,0,0,0,0,0,0,0,0,2,15591754,3276700,18446744073709551616,2,7749082,0,0,0,0,0,0,0,0,0,0
1785950711.851143840,0,0,0,0,0,0,0,0,0,0,0,0,649455465,625372124,0,0,0,0,0,0,0,0,0,0,0,4,9535753,3276700,18446744073709551616,4,4718404,0,0,0,0,0,0,0,0,0,0
1785950712.882986556,0,0,0,0,0,0,0,0,0,0,0,0,649458558,625375212,0,0,0,0,0,0,0,0,0,0,0,6,7548217,3276700,18446744073709551616,6,3733770,0,0,0,0,0,0,0,0,0,0
1785950713.913544633,0,0,0,0,0,0,0,0,0,0,0,0,649461653,625378301,0,0,0,0,0,0,0,0,0,0,0,8,6527429,3276700,18446744073709551616,8,3218640,0,0,0,0,0,0,0,0,0,0
1785950714.946188173,0,0,0,0,0,0,0,0,0,0,0,0,649464749,625381392,0,0,0,0,0,0,0,0,0,0,0,10,5926609,3276700,18446744073709551616,10,2918685,0,0,0,0,0,0,0,0,0,0
1785950715.976008020,0,0,0,0,0,0,0,0,0,0,0,0,649467839,625384475,0,0,0,0,0,0,0,0,0,0,0,12,5550763,3276700,18446744073709551616,12,2724956,0,0,0,0,0,0,0,0,0,0
1785950717.005159278,0,0,0,0,0,0,0,0,0,0,0,0,649470922,625387495,0,0,0,0,0,0,0,0,0,0,0,14,5256263,3276700,18446744073709551616,14,2578355,0,0,0,0,0,0,0,0,0,0
1785950718.037794804,0,0,0,0,0,0,0,0,0,0,0,0,649474019,625390509,0,0,0,0,0,0,0,0,0,0,0,16,5031304,3276700,18446744073709551616,16,2464813,0,0,0,0,0,0,0,0,0,0
1785950719.068425740,0,0,0,0,0,0,0,0,0,0,0,0,649477109,625393554,0,0,0,0,0,0,0,0,0,0,0,18,4889935,3276700,18446744073709551616,18,2393098,0,0,0,0,0,0,0,0,0,0
1785950720.097234394,0,0,0,0,0,0,0,0,0,0,0,0,649480195,625396605,0,0,0,0,0,0,0,0,0,0,0,22,4346654,3276700,18446744073709551616,22,2119937,0,0,0,0,0,0,0,0,0,0
1785950721.127281237,0,0,0,0,0,0,0,0,0,0,0,0,649483284,625399659,0,0,0,0,0,0,0,0,0,0,0,26,3968003,3276700,18446744073709551616,26,1929326,0,0,0,0,0,0,0,0,0,0
1785950722.180611182,0,6609,0,0,0,0,0,7004,503843,2011200,0,0,649486435,625402517,0,0,0,7516,516046,2410500,0,22097,17932,0,0,7348,5728771,3276700,18446744073709551616,7764,1909098,8123,3484726,0,0,0,203935,197523,638,0,255900
1785950723.199771670,0,1000064,0,0,0,0,0,1000064,30988,514200,0,0,649489247,625403593,0,0,0,1000064,52733,751000,0,21361,382,0,0,1000094,398721,242500,1997300,1000094,76699,1000064,320755,0,0,0,27342,2172,20,0,8200
1785950724.250578019,0,0,0,0,0,0,0,0,0,0,0,0,649492390,625406718,0,0,0,0,0,0,0,0,0,0,0,2,16223918,3276700,18446744073709551616,2,8063173,0,0,0,0,0,0,0,0,0,0
1785950725.284204082,0,0,0,0,0,0,0,0,0,0,0,0,649495491,625409796,0,0,0,0,0,0,0,0,0,0,0,6,8825179,3276700,18446744073709551616,6,4369750,0,0,0,0,0,0,0,0,0,0
1785950726.318328314,0,0,0,0,0,0,0,0,0,0,0,0,649498592,625412864,0,0,0,0,0,0,0,0,0,0,0,10,6433692,3276700,18446744073709551616,10,3162585,0,0,0,0,0,0,0,0,0,0
1785950727.351004148,0,0,0,0,0,0,0,0,0,0,0,0,649501690,625415954,0,0,0,0,0,0,0,0,0,0,0,14,6132668,3276700,18446744073709551616,14,3014460,0,0,0,0,0,0,0,0,0,0
1785950728.382402970,0,0,0,0,0,0,0,0,0,0,0,0,649504784,625418997,0,0,0,0,0,0,0,0,0,0,0,16,6021863,3276700,18446744073709551616,16,2958844,0,0,0,0,0,0,0,0,0,0
1785950729.414563855,0,0,0,0,0,0,0,0,0,0,0,0,649507878,625421966,0,0,0,0,0,0,0,0,0,0,0,18,5911969,3276700,18446744073709551616,18,2903330,0,0,0,0,0,0,0,0,0,0
1785950730.446803638,0,0,0,0,0,0,0,0,0,0,0,0,649510974,625425057,0,0,0,0,0,0,0,0,0,0,0,20,5854629,3276700,18446744073709551616,20,2875554,0,0,0,0,0,0,0,0,0,0
1785950731.479534298,0,0,0,0,0,0,0,0,0,0,0,0,649514073,625428143,0,0,0,0,0,0,0,0,0,0,0,22,5805169,3276700,18446744073709551616,22,2849802,0,0,0,0,0,0,0,0,0,0
1785950732.511701283,0,0,0,0,0,0,0,0,0,0,0,0,649517167,625431217,0,0,0,0,0,0,0,0,0,0,0,24,5837887,3276700,18446744073709551616,24,2864976,0,0,0,0,0,0,0,0,0,0
1785950733.544771802,0,0,0,0,0,0,0,0,0,0,0,0,649520265,625434310,0,0,0,0,0,0,0,0,0,0,0,26,5797685,3276700,18446744073709551616,26,2845723,0,0,0,0,0,0,0,0,0,0
1785950734.576293169,0,0,0,0,0,0,0,0,0,0,0,0,649523358,625437340,0,0,0,0,0,0,0,0,0,0,0,28,5755205,3276700,18446744073709551616,28,2825281,0,0,0,0,0,0,0,0,0,0
1785950735.609529416,0,0,0,0,0,0,0,0,0,0,0,0,649526457,625440354,0,0,0,0,0,0,0,0,0,0,0,30,5726700,3276700,18446744073709551616,30,2811360,0,0,0,0,0,0,0,0,0,0
1785950736.643934822,0,0,0,0,0,0,0,0,0,0,0,0,649529558,625443450,0,0,0,0,0,0,0,0,0,0,0,32,5698054,3276700,18446744073709551616,32,2796649,0,0,0,0,0,0,0,0,0,0
1785950737.676385793,0,0,0,0,0,0,0,0,0,0,0,0,649532657,625446542,0,0,0,0,0,0,0,0,0,0,0,34,5691720,3276700,18446744073709551616,34,2793473,0,0,0,0,0,0,0,0,0,0
1785950738.710309724,0,0,0,0,0,0,0,0,0,0,0,0,649535757,625449637,0,0,0,0,0,0,0,0,0,0,0,36,5658822,3276700,18446744073709551616,36,2777524,0,0,0,0,0,0,0,0,0,0
1785950739.743303009,0,0,0,0,0,0,0,0,0,0,0,0,649538857,625452731,0,0,0,0,0,0,0,0,0,0,0,38,5646188,3276700,18446744073709551616,38,2771236,0,0,0,0,0,0,0,0,0,0
1785950740.774329755,0,0,0,0,0,0,0,0,0,0,0,0,649541950,625455715,0,0,0,0,0,0,0,0,0,0,0,40,5633820,3276700,18446744073709551616,40,2763897,0,0,0,0,0,0,0,0,0,0
1785950741.808095128,0,0,0,0,0,0,0,0,0,0,0,0,649545049,625458760,0,0,0,0,0,0,0,0,0,0,0,42,5629068,3276700,18446744073709551616,42,2761272,0,0,0,0,0,0,0,0,0,0
1785950742.841519521,0,0,0,0,0,0,0,0,0,0,0,0,649548148,625461843,0,0,0,0,0,0,0,0,0,0,0,44,5628023,3276700,18446744073709551616,44,2760881,0,0,0,0,0,0,0,0,0,0
1785950743.875926968,0,0,0,0,0,0,0,0,0,0,0,0,649551252,625464939,0,0,0,0,0,0,0,0,0,0,0,46,5625576,3276700,18446744073709551616,46,2759401,0,0,0,0,0,0,0,0,0,0
1785950744.908909517,0,0,0,0,0,0,0,0,0,0,0,0,649554349,625468031,0,0,0,0,0,0,0,0,0,0,0,48,5627604,3276700,18446744073709551616,48,2759196,0,0,0,0,0,0,0,0,0,0
1785950745.935014780,0,0,0,0,0,0,0,0,0,0,0,0,649557433,625471107,0,0,0,0,0,0,0,0,0,0,0,50,5623734,3276700,18446744073709551616,50,2757249,0,0,0,0,0,0,0,0,0,0
1785950746.960477818,0,0,0,0,0,0,0,0,0,0,0,0,649560507,625474050,0,0,0,0,0,0,0,0,0,0,0,52,5544360,3276700,18446744073709551616,52,2718819,0,0,0,0,0,0,0,0,0,0
1785950747.993108060,0,0,0,0,0,0,0,0,0,0,0,0,649563604,625477141,0,0,0,0,0,0,0,0,0,0,0,54,5528734,3276700,18446744073709551616,54,2711063,0,0,0,0,0,0,0,0,0,0
1785950749.023440704,0,0,0,0,0,0,0,0,0,0,0,0,649566694,625480226,0,0,0,0,0,0,0,0,0,0,0,56,5528389,3276700,18446744073709551616,56,2709594,0,0,0,0,0,0,0,0,0,0
1785950750.052184987,0,0,0,0,0,0,0,0,0,0,0,0,649569783,625483310,0,0,0,0,0,0,0,0,0,0,0,58,5511336,3276700,18446744073709551616,58,2701178,0,0,0,0,0,0,0,0,0,0
1785950751.083273355,0,0,0,0,0,0,0,0,0,0,0,0,649572873,625486395,0,0,0,0,0,0,0,0,0,0,0,60,5493185,3276700,18446744073709551616,60,2692537,0,0,0,0,0,0,0,0,0,0
1785950752.111953200,0,0,0,0,0,0,0,0,0,0,0,0,649575958,625489416,0,0,0,0,0,0,0,0,0,0,0,62,5496681,3276700,18446744073709551616,62,2694184,0,0,0,0,0,0,0,0,0,0
1785950753.142090332,0,0,0,0,0,0,0,0,0,0,0,0,649579047,625492405,0,0,0,0,0,0,0,0,0,0,0,64,5445439,3276700,18446744073709551616,64,2669043,0,0,0,0,0,0,0,0,0,0
1785950754.174703710,0,0,0,0,0,0,0,0,0,0,0,0,649582142,625495496,0,0,0,0,0,0,0,0,0,0,0,66,5436206,3276700,18446744073709551616,66,2664240,0,0,0,0,0,0,0,0,0,0
1785950755.205713261,0,0,0,0,0,0,0,0,0,0,0,0,649585236,625498584,0,0,0,0,0,0,0,0,0,0,0,68,5432541,3276700,18446744073709551616,68,2662343,0,0,0,0,0,0,0,0,0,0
1785950756.235957524,0,0,0,0,0,0,0,0,0,0,0,0,649588326,625501669,0,0,0,0,0,0,0,0,0,0,0,70,5434651,3276700,18446744073709551616,70,2663712,0,0,0,0,0,0,0,0,0,0
1785950757.269044032,0,0,0,0,0,0,0,0,0,0,0,0,649591423,625504761,0,0,0,0,0,0,0,0,0,0,0,72,5428726,3276700,18446744073709551616,72,2660974,0,0,0,0,0,0,0,0,0,0
1785950758.298709417,0,0,0,0,0,0,0,0,0,0,0,0,649594515,625507749,0,0,0,0,0,0,0,0,0,0,0,74,5425838,3276700,18446744073709551616,74,2659436,0,0,0,0,0,0,0,0,0,0
1785950759.328512508,0,0,0,0,0,0,0,0,0,0,0,0,649597601,625510789,0,0,0,0,0,0,0,0,0,0,0,76,5415194,3276700,18446744073709551616,76,2654284,0,0,0,0,0,0,0,0,0,0
1785950760.361283342,0,0,0,0,0,0,0,0,0,0,0,0,649600698,625513881,0,0,0,0,0,0,0,0,0,0,0,78,5409387,3276700,18446744073709551616,78,2650854,0,0,0,0,0,0,0,0,0,0
1785950761.391221517,0,0,0,0,0,0,0,0,0,0,0,0,649603787,625516965,0,0,0,0,0,0,0,0,0,0,0,80,5406663,3276700,18446744073709551616,80,2649359,0,0,0,0,0,0,0,0,0,0
1785950762.425200204,0,0,0,0,0,0,0,0,0,0,0,0,649606885,625520042,0,0,0,0,0,0,0,0,0,0,0,82,5402459,3276700,18446744073709551616,82,2647305,0,0,0,0,0,0,0,0,0,0
1785950763.458013402,0,0,0,0,0,0,0,0,0,0,0,0,649609986,625523130,0,0,0,0,0,0,0,0,0,0,0,84,5404550,3276700,18446744073709551616,84,2648364,0,0,0,0,0,0,0,0,0,0
1785950764.489394733,0,0,0,0,0,0,0,0,0,0,0,0,649613078,625526081,0,0,0,0,0,0,0,0,0,0,0,86,5396021,3276700,18446744073709551616,86,2644110,0,0,0,0,0,0,0,0,0,0
1785950765.522372979,0,0,0,0,0,0,0,0,0,0,0,0,649616174,625529173,0,0,0,0,0,0,0,0,0,0,0,88,5394946,3276700,18446744073709551616,88,2643805,0,0,0,0,0,0,0,0,0,0
1785950766.555048101,0,0,0,0,0,0,0,0,0,0,0,0,649619273,625532266,0,0,0,0,0,0,0,0,0,0,0,90,5392040,3276700,18446744073709551616,90,2642557,0,0,0,0,0,0,0,0,0,0
1785950767.586312777,0,0,0,0,0,0,0,0,0,0,0,0,649622365,625535353,0,0,0,0,0,0,0,0,0,0,0,92,5389277,3276700,18446744073709551616,92,2640963,0,0,0,0,0,0,0,0,0,0
1785950768.618522630,0,0,0,0,0,0,0,0,0,0,0,0,649625464,625538444,0,0,0,0,0,0,0,0,0,0,0,94,5390617,3276700,18446744073709551616,94,2641728,0,0,0,0,0,0,0,0,0,0
1785950769.647714527,0,0,0,0,0,0,0,0,0,0,0,0,649628549,625541512,0,0,0,0,0,0,0,0,0,0,0,96,5385301,3276700,18446744073709551616,96,2638935,0,0,0,0,0,0,0,0,0,0
1785950770.679949637,0,0,0,0,0,0,0,0,0,0,0,0,649631642,625544476,0,0,0,0,0,0,0,0,0,0,0,98,5376388,3276700,18446744073709551616,98,2634462,0,0,0,0,0,0,0,0,0,0
1785950771.712710851,0,0,0,0,0,0,0,0,0,0,0,0,649634741,625547568,0,0,0,0,0,0,0,0,0,0,0,100,5373631,3276700,18446744073709551616,100,2633105,0,0,0,0,0,0,0,0,0,0
1785950772.740248736,0,0,0,0,0,0,0,0,0,0,0,0,649637826,625550630,0,0,0,0,0,0,0,0,0,0,0,102,5371947,3276700,18446744073709551616,102,2632040,0,0,0,0,0,0,0,0,0,0
1785950773.770388775,0,0,0,0,0,0,0,0,0,0,0,0,649640915,625553682,0,0,0,0,0,0,0,0,0,0,0,104,5365263,3276700,18446744073709551616,104,2628674,0,0,0,0,0,0,0,0,0,0
1785950774.802927692,0,0,0,0,0,0,0,0,0,0,0,0,649644012,625556773,0,0,0,0,0,0,0,0,0,0,0,106,5362816,3276700,18446744073709551616,106,2627246,0,0,0,0,0,0,0,0,0,0
1785950775.834756618,0,0,0,0,0,0,0,0,0,0,0,0,649647106,625559804,0,0,0,0,0,0,0,0,0,0,0,108,5362597,3276700,18446744073709551616,108,2627006,0,0,0,0,0,0,0,0,0,0
1785950776.868172171,0,0,0,0,0,0,0,0,0,0,0,0,649650203,625562820,0,0,0,0,0,0,0,0,0,0,0,110,5357037,3276700,18446744073709551616,110,2624213,0,0,0,0,0,0,0,0,0,0
1785950777.900112712,0,0,0,0,0,0,0,0,0,0,0,0,649653299,625565909,0,0,0,0,0,0,0,0,0,0,0,112,5353864,3276700,18446744073709551616,112,2622525,0,0,0,0,0,0,0,0,0,0
1785950778.932089356,0,0,0,0,0,0,0,0,0,0,0,0,649656394,625568999,0,0,0,0,0,0,0,0,0,0,0,114,5347009,3276700,18446744073709551616,114,2618983,0,0,0,0,0,0,0,0,0,0
1785950779.966043380,0,0,0,0,0,0,0,0,0,0,0,0,649659496,625572094,0,0,0,0,0,0,0,0,0,0,0,116,5346118,3276700,18446744073709551616,116,2618753,0,0,0,0,0,0,0,0,0,0
1785950780.999142420,0,0,0,0,0,0,0,0,0,0,0,0,649662593,625575186,0,0,0,0,0,0,0,0,0,0,0,118,5346608,3276700,18446744073709551616,118,2618919,0,0,0,0,0,0,0,0,0,0
1785950782.029393928,0,0,0,0,0,0,0,0,0,0,0,0,649665687,625578167,0,0,0,0,0,0,0,0,0,0,0,120,5348904,3276700,18446744073709551616,120,2620053,0,0,0,0,0,0,0,0,0,0
1785950783.061343834,0,0,0,0,0,0,0,0,0,0,0,0,649668783,625581221,0,0,0,0,0,0,0,0,0,0,0,122,5329388,3276700,18446744073709551616,122,2610549,0,0,0,0,0,0,0,0,0,0
1785950784.091140268,0,0,0,0,0,0,0,0,0,0,0,0,649671874,625584285,0,0,0,0,0,0,0,0,0,0,0,124,5327784,3276700,18446744073709551616,124,2609792,0,0,0,0,0,0,0,0,0,0
1785950785.122514131,0,0,0,0,0,0,0,0,0,0,0,0,649674964,625587370,0,0,0,0,0,0,0,0,0,0,0,126,5326038,3276700,18446744073709551616,126,2608866,0,0,0,0,0,0,0,0,0,0
1785950786.153224455,0,0,0,0,0,0,0,0,0,0,0,0,649678056,625590456,0,0,0,0,0,0,0,0,0,0,0,128,5325821,3276700,18446744073709551616,128,2608613,0,0,0,0,0,0,0,0,0,0
1785950787.182956046,0,0,0,0,0,0,0,0,0,0,0,0,649681145,625593538,0,0,0,0,0,0,0,0,0,0,0,130,5324999,3276700,18446744073709551616,130,2608121,0,0,0,0,0,0,0,0,0,0
1785950788.211732390,0,0,0,0,0,0,0,0,0,0,0,0,649684230,625596481,0,0,0,0,0,0,0,0,0,0,0,132,5323985,3276700,18446744073709551616,132,2607498,0,0,0,0,0,0,0,0,0,0
1785950789.248609319,0,0,0,0,0,0,0,0,0,0,0,0,649687341,625599585,0,0,0,0,0,0,0,0,0,0,0,134,5321534,3276700,18446744073709551616,134,2606179,0,0,0,0,0,0,0,0,0,0
1785950790.283347469,0,0,0,0,0,0,0,0,0,0,0,0,649690444,625602683,0,0,0,0,0,0,0,0,0,0,0,136,5320955,3276700,18446744073709551616,136,2605916,0,0,0,0,0,0,0,0,0,0
1785950791.316318468,0,0,0,0,0,0,0,0,0,0,0,0,649693544,625605777,0,0,0,0,0,0,0,0,0,0,0,138,5313114,3276700,18446744073709551616,138,2601978,0,0,0,0,0,0,0,0,0,0
1785950792.348303007,0,0,0,0,0,0,0,0,0,0,0,0,649696639,625608867,0,0,0,0,0,0,0,0,0,0,0,140,5311798,3276700,18446744073709551616,140,2601234,0,0,0,0,0,0,0,0,0,0
1785950793.377576280,0,0,0,0,0,0,0,0,0,0,0,0,649699726,625611905,0,0,0,0,0,0,0,0,0,0,0,142,5310284,3276700,18446744073709551616,142,2600406,0,0,0,0,0,0,0,0,0,0
1785950794.405411393,0,0,0,0,0,0,0,0,0,0,0,0,649702811,625614868,0,0,0,0,0,0,0,0,0,0,0,144,5306537,3276700,18446744073709551616,144,2598727,0,0,0,0,0,0,0,0,0,0
1785950795.437909693,0,0,0,0,0,0,0,0,0,0,0,0,649705907,625617959,0,0,0,0,0,0,0,0,0,0,0,146,5299294,3276700,18446744073709551616,146,2595301,0,0,0,0,0,0,0,0,0,0
1785950796.470967454,0,0,0,0,0,0,0,0,0,0,0,0,649709005,625621052,0,0,0,0,0,0,0,0,0,0,0,148,5298142,3276700,18446744073709551616,148,2594666,0,0,0,0,0,0,0,0,0,0
1785950797.503324372,0,0,0,0,0,0,0,0,0,0,0,0,649712102,625624143,0,0,0,0,0,0,0,0,0,0,0,150,5299323,3276700,18446744073709551616,150,2595194,0,0,0,0,0,0,0,0,0,0
1785950798.536415051,0,0,0,0,0,0,0,0,0,0,0,0,649715200,625627236,0,0,0,0,0,0,0,0,0,0,0,152,5298360,3276700,18446744073709551616,152,2594632,0,0,0,0,0,0,0,0,0,0
1785950799.568796717,0,0,0,0,0,0,0,0,0,0,0,0,649718296,625630247,0,0,0,0,0,0,0,0,0,0,0,154,5299331,3276700,18446744073709551616,154,2594907,0,0,0,0,0,0,0,0,0,0
1785950800.602473607,0,0,0,0,0,0,0,0,0,0,0,0,649721394,625633285,0,0,0,0,0,0,0,0,0,0,0,156,5302297,3276700,18446744073709551616,156,2596375,0,0,0,0,0,0,0,0,0,0
1785950801.635036765,0,0,0,0,0,0,0,0,0,0,0,0,649724494,625636378,0,0,0,0,0,0,0,0,0,0,0,158,5300239,3276700,18446744073709551616,158,2595349,0,0,0,0,0,0,0,0,0,0
1785950802.666241396,0,0,0,0,0,0,0,0,0,0,0,0,649727587,625639466,0,0,0,0,0,0,0,0,0,0,0,160,5298781,3276700,18446744073709551616,160,2594516,0,0,0,0,0,0,0,0,0,0
1785950803.695026306,0,0,0,0,0,0,0,0,0,0,0,0,649730676,625642547,0,0,0,0,0,0,0,0,0,0,0,162,5285291,3276700,18446744073709551616,162,2587816,0,0,0,0,0,0,0,0,0,0
1785950804.727110786,0,0,0,0,0,0,0,0,0,0,0,0,649733769,625645611,0,0,0,0,0,0,0,0,0,0,0,164,5285092,3276700,18446744073709551616,164,2587876,0,0,0,0,0,0,0,0,0,0
1785950805.758478192,0,0,0,0,0,0,0,0,0,0,0,0,649736860,625648570,0,0,0,0,0,0,0,0,0,0,0,166,5281978,3276700,18446744073709551616,166,2586332,0,0,0,0,0,0,0,0,0,0
1785950806.791256473,0,0,0,0,0,0,0,0,0,0,0,0,649739959,625651649,0,0,0,0,0,0,0,0,0,0,0,168,5280377,3276700,18446744073709551616,168,2585217,0,0,0,0,0,0,0,0,0,0
1785950807.822579262,0,0,0,0,0,0,0,0,0,0,0,0,649743051,625654737,0,0,0,0,0,0,0,0,0,0,0,170,5280756,3276700,18446744073709551616,170,2585136,0,0,0,0,0,0,0,0,0,0
1785950808.855224204,0,0,0,0,0,0,0,0,0,0,0,0,649746150,625657829,0,0,0,0,0,0,0,0,0,0,0,172,5279489,3276700,18446744073709551616,172,2584501,0,0,0,0,0,0,0,0,0,0
1785950809.888296117,0,0,0,0,0,0,0,0,0,0,0,0,649749247,625660921,0,0,0,0,0,0,0,0,0,0,0,175,5248777,3276700,18446744073709551616,175,2569404,0,0,0,0,0,0,0,0,0,0
1785950810.920510663,0,0,0,0,0,0,0,0,0,0,0,0,649752346,625664006,0,0,0,0,0,0,0,0,0,0,0,179,5217552,3276700,18446744073709551616,179,2540854,0,0,0,0,0,0,0,0,0,0
1785950811.953902307,0,0,0,0,0,0,0,0,0,0,0,0,649755439,625666975,0,0,0,0,0,0,0,0,0,0,0,182,5191815,3276700,18446744073709551616,182,2528585,0,0,0,0,0,0,0,0,0,0
1785950812.987077274,0,0,0,0,0,0,0,0,0,0,0,0,649758537,625670067,0,0,0,0,0,0,0,0,0,0,0,184,5192095,3276700,18446744073709551616,184,2528610,0,0,0,0,0,0,0,0,0,0
1785950814.017121095,0,0,0,0,0,0,0,0,0,0,0,0,649761628,625673149,0,0,0,0,0,0,0,0,0,0,0,186,5192554,3276700,18446744073709551616,186,2528898,0,0,0,0,0,0,0,0,0,0
1785950815.044576310,0,0,0,0,0,0,0,0,0,0,0,0,649764711,625676206,0,0,0,0,0,0,0,0,0,0,0,188,5173617,3276700,18446744073709551616,188,2519894,0,0,0,0,0,0,0,0,0,0
1785950816.078072131,0,0,0,0,0,0,0,0,0,0,0,0,649767809,625679299,0,0,0,0,0,0,0,0,0,0,0,190,5170096,3276700,18446744073709551616,190,2518397,0,0,0,0,0,0,0,0,0,0
1785950817.105919676,0,0,0,0,0,0,0,0,0,0,0,0,649770895,625682323,0,0,0,0,0,0,0,0,0,0,0,192,5170603,3276700,18446744073709551616,192,2518764,0,0,0,0,0,0,0,0,0,0
1785950818.133542855,0,0,0,0,0,0,0,0,0,0,0,0,649773973,625685317,0,0,0,0,0,0,0,0,0,0,0,194,5153392,3276700,18446744073709551616,194,2510639,0,0,0,0,0,0,0,0,0,0
1785950819.165377412,0,0,0,0,0,0,0,0,0,0,0,0,649777066,625688406,0,0,0,0,0,0,0,0,0,0,0,196,5153513,3276700,18446744073709551616,196,2510755,0,0,0,0,0,0,0,0,0,0
1785950820.193074162,0,0,0,0,0,0,0,0,0,0,0,0,649780149,625691484,0,0,0,0,0,0,0,0,0,0,0,198,5154091,3276700,18446744073709551616,198,2511114,0,0,0,0,0,0,0,0,0,0
1785950821.223899665,0,0,0,0,0,0,0,0,0,0,0,0,649783240,625694570,0,0,0,0,0,0,0,0,0,0,0,200,5155280,3276700,18446744073709551616,200,2511932,0,0,0,0,0,0,0,0,0,0
1785950822.256797999,0,0,0,0,0,0,0,0,0,0,0,0,649786338,625697662,0,0,0,0,0,0,0,0,0,0,0,202,5156132,3276700,18446744073709551616,202,2512437,0,0,0,0,0,0,0,0,0,0
1785950823.285260858,0,0,0,0,0,0,0,0,0,0,0,0,649789426,625700646,0,0,0,0,0,0,0,0,0,0,0,204,5156282,3276700,18446744073709551616,204,2512411,0,0,0,0,0,0,0,0,0,0
1785950824.318141666,3,0,3,0,3,114296,115600,0,0,0,0,0,649792515,625703694,3,127119,131900,0,0,0,12822,0,0,0,0,209,5070801,3276700,18446744073709551616,209,2469648,3,185703,10496,34750,100,0,0,0,114600,0
1785950825.350638680,3,0,3,0,3,114296,115600,0,0,0,0,0,649795613,625706768,3,127119,131900,0,0,0,12822,0,0,0,0,213,5024167,3276700,18446744073709551616,213,2446887,3,185703,10496,34750,100,0,0,0,114600,0
1785950826.382344914,3,0,3,0,3,114296,115600,0,0,0,0,0,649798711,625709859,3,127119,131900,0,0,0,12822,0,0,0,0,217,5005718,3276700,18446744073709551616,217,2425602,3,185703,10496,34750,100,0,0,0,114600,0
1785950827.410784438,3,0,3,0,3,114296,115600,0,0,0,0,0,649801793,625712936,3,127119,131900,0,0,0,12822,0,0,0,0,221,4963831,3276700,18446744073709551616,221,2405340,3,185703,10496,34750,100,0,0,0,114600,0
1785950828.442552538,3,0,3,0,3,114296,115600,0,0,0,0,0,649804885,625716020,3,127119,131900,0,0,0,12822,0,0,0,0,225,4945872,3276700,18446744073709551616,225,2385479,3,185703,10496,34750,100,0,0,0,114600,0
1785950829.470916149,419992,0,419992,0,420168,14244,105100,0,0,0,0,0,649807776,625717204,420958,24655,163900,0,0,0,10446,0,0,0,0,421899,52947,38000,247500,422254,1591,422388,47780,11230,1834,47,0,0,0,8000,0
1785950830.515771795,579694,0,579694,0,578205,13295,93600,0,0,0,0,0,649810599,625717898,578985,22627,141700,0,0,0,9361,0,0,0,0,579798,46042,36200,212000,580211,295,580626,43760,10534,1673,48,0,0,0,7700,0
1785950831.546208757,1173193,0,1173193,0,1171792,13157,91700,0,0,0,0,0,649813398,625718585,1172747,22500,139900,0,0,0,9358,0,0,0,0,1173812,45688,36000,208500,1174275,290,1174745,43412,10400,1656,45,0,0,0,7700,0
1785950832.577047592,1764869,0,1764869,0,1763386,13142,92000,0,0,0,0,0,649816198,625719284,1764193,22464,140900,0,0,0,9331,0,0,0,0,1765041,45645,35800,209000,1765493,292,1765895,43367,10371,1660,44,0,0,0,7700,0
1785950833.608766938,2360489,0,2360489,0,2359042,13171,92400,0,0,0,0,0,649818991,625719969,2359959,22525,141200,0,0,0,9362,0,0,0,0,2360998,45718,35900,209300,2361449,291,2361878,43443,10392,1659,44,0,0,0,7700,0
1785950834.638091332,2951036,0,2951036,0,2949589,13210,93400,0,0,0,0,0,649821799,625720654,2950511,22609,142300,0,0,0,9405,0,0,0,0,2951318,45930,36100,211000,2951740,291,2952134,43651,10416,1662,44,0,0,0,7700,0
1785950835.671075306,3527862,0,3527862,0,3526444,13319,95900,0,0,0,0,0,649824660,625721264,3527427,22808,146000,0,0,0,9494,0,0,0,0,3528489,46335,36300,216500,3529111,291,3529640,44025,10506,1670,44,0,0,0,7700,0
1785950836.706323087,4128052,0,4128052,0,4126835,13319,96300,0,0,0,0,0,649827488,625721947,4128009,22799,146000,0,0,0,9483,0,0,0,0,4128844,46275,36200,216000,4129258,292,4129645,43962,10502,1671,45,0,0,0,7700,0
1785950837.737258037,4720692,0,4720692,0,4719164,13306,96100,0,0,0,0,0,649830286,625722638,4719795,22773,145400,0,0,0,9470,0,0,0,0,4720432,46241,36200,215400,4720802,292,4721166,43935,10489,1670,44,0,0,0,7700,0
1785950838.769917866,5313474,0,5313474,0,5312088,13290,95700,0,0,0,0,0,649833103,625723330,5313311,22749,144900,0,0,0,9462,0,0,0,0,5314356,46181,36200,214600,5314919,291,5315319,43878,10478,1669,44,0,0,0,7700,0
1785950839.800128119,5900696,0,5900696,0,5899291,13282,95400,0,0,0,0,0,649835900,625724026,5900132,22732,144600,0,0,0,9452,0,0,0,0,5901013,46142,36200,214200,5901429,291,5901852,43842,10472,1668,44,0,0,0,7700,0
1785950840.833207817,6496968,0,6496968,0,6495678,13266,95200,0,0,0,0,0,649838709,625724730,6496896,22706,144400,0,0,0,9443,0,0,0,0,6498269,46072,36100,214000,6498955,291,6499332,43775,10462,1668,44,0,0,0,7700,0
1785950841.864808506,7081171,0,7081171,0,7079740,13293,95700,0,0,0,0,0,649841546,625725387,7080827,22760,145300,0,0,0,9469,0,0,0,0,7081926,46180,36200,215100,7082513,293,7083007,43872,10481,1669,44,0,0,0,7700,0
1785950842.897047044,7676121,0,7676121,0,7674715,13290,95600,0,0,0,0,0,649844356,625726073,7675840,22764,145100,0,0,0,9476,0,0,0,0,7676905,46198,36200,215000,7677321,293,7677699,43889,10475,1668,44,0,0,0,7700,0
1785950843.927106100,8270855,0,8270855,0,8269392,13278,95400,0,0,0,0,0,649847159,625726771,8270159,22749,144800,0,0,0,9472,0,0,0,0,8270958,46156,36200,214700,8271348,293,8271723,43849,10464,1667,44,0,0,0,7700,0
1785950844.957956414,8863532,0,8863532,0,8862147,13267,95300,0,0,0,0,0,649849968,625727478,8862910,22724,144600,0,0,0,9458,0,0,0,0,8863723,46092,36100,214300,8864163,293,8864580,43787,10452,1668,44,0,0,0,7700,0
1785950845.990781261,9454155,0,9454155,0,9452926,13255,95200,0,0,0,0,0,649852781,625728173,9454474,22704,144500,0,0,0,9451,0,0,0,0,9455718,46057,36100,214100,9456250,293,9456661,43754,10447,1666,44,0,0,0,7700,0
1785950847.022914440,10048402,0,10048402,0,10046960,13251,95100,0,0,0,0,0,649855594,625728872,10047845,22698,144400,0,0,0,9448,0,0,0,0,10048778,46049,36100,214100,10049214,292,10049601,43747,10442,1665,44,0,0,0,7700,0
1785950848.052964032,10632756,0,10632756,0,10631259,13278,95500,0,0,0,0,0,649858423,625729534,10631970,22740,145100,0,0,0,9462,0,0,0,0,10632734,46124,36100,215000,10633129,293,10633490,43816,10465,1666,44,0,0,0,7700,0
1785950849.084432595,11226442,0,11226442,0,11225000,13264,95200,0,0,0,0,0,649861224,625730240,11225856,22715,144700,0,0,0,9452,0,0,0,0,11226725,46077,36100,214600,11227180,293,11227576,43770,10453,1665,44,0,0,0,7700,0
1785950850.117942871,11818084,0,11818084,0,11816808,13269,95200,0,0,0,0,0,649864050,625730944,11818308,22726,144800,0,0,0,9459,0,0,0,0,11819714,46100,36100,214600,11820440,292,11821107,43794,10457,1666,44,0,0,0,7700,0
1785950851.148960005,12418219,0,12418219,0,12416746,13272,95100,0,0,0,0,0,649866855,625731631,12417584,22739,144700,0,0,0,9468,0,0,0,0,12418428,46124,36100,214700,12418844,293,12419191,43816,10457,1666,44,0,0,0,7700,0
1785950852.177815457,13010636,0,13010636,0,13009133,13265,95000,0,0,0,0,0,649869629,625732338,13009839,22725,144600,0,0,0,9460,0,0,0,0,13010607,46092,36100,214500,13010979,293,13011323,43785,10452,1665,44,0,0,0,7700,0
1785950853.206635596,13602697,0,13602697,0,13601211,13266,95100,0,0,0,0,0,649872430,625733034,13602065,22726,144700,0,0,0,9460,0,0,0,0,13602956,46094,36100,214700,13603410,293,13603767,43786,10453,1665,44,0,0,0,7700,0
1785950854.238918050,14190376,0,14190376,0,14188994,13271,95200,0,0,0,0,0,649875227,625733725,14190057,22730,145000,0,0,0,9459,0,0,0,0,14191223,46106,36100,214900,14191681,293,14192112,43797,10458,1665,44,0,0,0,7700,0
1785950855.272118471,14788641,0,14788641,0,14787275,13276,95400,0,0,0,0,0,649877997,625734425,14788354,22741,145000,0,0,0,9465,0,0,0,0,14789239,46117,36100,214800,14789674,293,14790035,43807,10461,1666,44,0,0,0,7700,0
1785950856.302467685,15383828,0,15383828,0,15382365,13273,95300,0,0,0,0,0,649880771,625735124,15383122,22734,145000,0,0,0,9462,0,0,0,0,15384005,46102,36100,214700,15384434,293,15384798,43793,10458,1665,44,0,0,0,7700,0
1785950857.337327937,15977266,0,15977266,0,15975897,13273,95400,0,0,0,0,0,649883566,625735840,15977652,22732,145000,0,0,0,9459,0,0,0,0,15978447,46099,36100,214700,15978892,293,15979262,43791,10458,1666,44,0,0,0,7700,0
1785950858.369087307,16573365,0,16573365,0,16571942,13271,95400,0,0,0,0,0,649886380,625736553,16572882,22725,144900,0,0,0,9455,0,0,0,0,16574039,46080,36100,214600,16574730,293,16575518,43775,10457,1665,44,0,0,0,7700,0
1785950859.401226075,16767576,0,16767576,0,16765891,13270,95400,0,0,0,0,0,649889394,625738812,16765891,22723,144900,0,0,0,9452,0,0,0,0,16765962,46075,36100,214500,16765962,293,16765903,43768,10453,1665,44,0,0,0,7700,0
1785950860.426972262,16767576,0,16767576,0,16765891,13270,95400,0,0,0,0,0,649892473,625741858,16765891,22723,144900,0,0,0,9452,0,0,0,0,16765966,46075,36100,214500,16765966,293,16765903,43768,10453,1665,44,0,0,0,7700,0
1785950861.458331422,16767576,0,16767576,0,16765891,13270,95400,0,0,0,0,0,649895561,625744940,16765891,22723,144900,0,0,0,9452,0,0,0,0,16765969,46076,36100,214500,16765969,294,16765903,43768,10453,1665,44,0,0,0,7700,0
1785950862.490386055,16767576,0,16767576,0,16765891,13270,95400,0,0,0,0,0,649898657,625748032,16765891,22723,144900,0,0,0,9452,0,0,0,0,16765971,46076,36100,214500,16765971,294,16765903,43768,10453,1665,44,0,0,0,7700,0
1785950863.522396842,16767576,0,16767576,0,16765891,13270,95400,0,0,0,0,0,649901752,625751121,16765891,22723,144900,0,0,0,9452,0,0,0,0,16765973,46077,36100,214500,16765973,294,16765903,43768,10453,1665,44,0,0,0,7700,0
1785950864.553003524,16767576,0,16767576,0,16765891,13270,95400,0,0,0,0,0,649904842,625754204,16765891,22723,144900,0,0,0,9452,0,0,0,0,16765975,46078,36100,214500,16765975,294,16765903,43768,10453,1665,44,0,0,0,7700,0
1785950865.581852738,16767576,0,16767576,0,16765891,13270,95400,0,0,0,0,0,649907926,625757157,16765891,22723,144900,0,0,0,9452,0,0,0,0,16765977,46078,36100,214500,16765977,295,16765903,43768,10453,1665,44,0,0,0,7700,0
1785950866.613315744,16767576,0,16767576,0,16765891,13270,95400,0,0,0,0,0,649911019,625760222,16765891,22723,144900,0,0,0,9452,0,0,0,0,16765979,46079,36100,214500,16765979,295,16765903,43768,10453,1665,44,0,0,0,7700,0
1785950867.645310386,16767576,0,16767576,0,16765891,13270,95400,0,0,0,0,0,649914113,625763312,16765891,22723,144900,0,0,0,9452,0,0,0,0,16765981,46079,36100,214500,16765981,295,16765903,43768,10453,1665,44,0,0,0,7700,0
1785950868.677973654,16767576,0,16767576,0,16765891,13270,95400,0,0,0,0,0,649917211,625766403,16765891,22723,144900,0,0,0,9452,0,0,0,0,16765983,46080,36100,214500,16765983,296,16765903,43768,10453,1665,44,0,0,0,7700,0
1785950869.710269710,16767576,0,16767576,0,16765891,13270,95400,0,0,0,0,0,649920307,625769493,16765891,22723,144900,0,0,0,9452,0,0,0,0,16765985,46080,36100,214500,16765985,296,16765903,43768,10453,1665,44,0,0,0,7700,0
1785950870.740203882,16767576,0,16767576,0,16765891,13270,95400,0,0,0,0,0,649923394,625772531,16765891,22723,144900,0,0,0,9452,0,0,0,0,16765987,46081,36100,214500,16765987,296,16765903,43768,10453,1665,44,0,0,0,7700,0
1785950871.768260137,16767576,0,16767576,0,16765891,13270,95400,0,0,0,0,0,649926474,625775526,16765891,22723,144900,0,0,0,9452,0,0,0,0,16765989,46082,36100,214500,16765989,296,16765903,43768,10453,1665,44,0,0,0,7700,0
1785950872.800407942,16767576,0,16767576,0,16765891,13270,95400,0,0,0,0,0,649929571,625778617,16765891,22723,144900,0,0,0,9452,0,0,0,0,16765991,46082,36100,214500,16765991,297,16765903,43768,10453,1665,44,0,0,0,7700,0
1785950873.833571350,16767576,0,16767576,0,16765891,13270,95400,0,0,0,0,0,649932669,625781709,16765891,22723,144900,0,0,0,9452,0,0,0,0,16765993,46083,36100,214500,16765993,297,16765903,43768,10453,1665,44,0,0,0,7700,0
1785950874.865630210,16767576,0,16767576,0,16765891,13270,95400,0,0,0,0,0,649935765,625784799,16765891,22723,144900,0,0,0,9452,0,0,0,0,16765995,46083,36100,214500,16765995,297,16765903,43768,10453,1665,44,0,0,0,7700,0
1785950875.898237283,16767576,0,16767576,0,16765891,13270,95400,0,0,0,0,0,649938863,625787891,16765891,22723,144900,0,0,0,9452,0,0,0,0,16765997,46084,36100,214500,16765997,298,16765903,43768,10453,1665,44,0,0,0,7700,0
1785950876.927970115,16767576,0,16767576,0,16765891,13270,95400,0,0,0,0,0,649941957,625790872,16765891,22723,144900,0,0,0,9452,0,0,0,0,16765999,46085,36100,214500,16765999,298,16765903,43768,10453,1665,44,0,0,0,7700,0
1785950877.956895764,16767576,0,16767576,0,16765891,13270,95400,0,0,0,0,0,649945036,625793906,16765891,22723,144900,0,0,0,9452,0,0,0,0,16766001,46085,36100,214500,16766001,298,16765903,43768,10453,1665,44,0,0,0,7700,0
1785950878.989052102,16767576,0,16767576,0,16765891,13270,95400,0,0,0,0,0,649948133,625796997,16765891,22723,144900,0,0,0,9452,0,0,0,0,16766003,46086,36100,214500,16766003,298,16765903,43768,10453,1665,44,0,0,0,7700,0
1785950880.020820397,16767576,0,16767576,0,16765891,13270,95400,0,0,0,0,0,649951228,625800087,16765891,22723,144900,0,0,0,9452,0,0,0,0,16766005,46086,36100,214500,16766005,299,16765903,43768,10453,1665,44,0,0,0,7700,0
1785950881.053454322,16767576,0,16767576,0,16765891,13270,95400,0,0,0,0,0,649954325,625803177,16765891,22723,144900,0,0,0,9452,0,0,0,0,16766008,46087,36100,214500,16766008,299,16765903,43768,10453,1665,44,0,0,0,7700,0
1785950882.086928386,16767576,0,16767576,0,16765891,13270,95400,0,0,0,0,0,649957425,625806272,16765891,22723,144900,0,0,0,9452,0,0,0,0,16766012,46088,36100,214500,16766012,299,16765903,43768,10453,1665,44,0,0,0,7700,0
1785950883.118540068,18986017,0,18986017,0,18987722,14227,95000,0,0,0,0,0,649960505,625808475,18998455,23336,143400,0,0,0,9113,0,0,0,0,19009275,63066,40100,336900,19014430,3804,19019471,57440,11327,1559,44,0,0,0,8500,0
1785950884.155356899,7653332,0,7653332,0,7649096,19026,62500,0,0,0,0,0,649963521,625809152,7659001,24690,86200,0,0,0,5681,0,0,0,0,7668612,166523,149800,653100,7673251,26523,7678592,139317,15658,681,37,0,0,0,14800,0
1785950885.185097001,15406825,0,15406825,0,15401938,19039,62700,0,0,0,0,0,649966520,625809836,15419439,24710,86000,0,0,0,5680,0,0,0,0,15429100,166996,150400,647600,15433960,26564,15438455,139746,15645,679,37,0,0,0,14900,0
1785950886.214230103,23174645,0,23174645,0,23171143,19029,62700,0,0,0,0,0,649969521,625810504,23182711,24699,85900,0,0,0,5676,0,0,0,0,23193540,167162,150700,645600,23199651,26524,23205792,139952,15621,679,37,0,0,0,14900,0
1785950887.241746039,30853424,0,30853424,0,30848899,19056,62800,0,0,0,0,0,649972519,625811177,30858548,24738,86100,0,0,0,5686,0,0,0,0,30869648,167481,150900,648800,30877392,26549,30882330,140244,15639,679,38,0,0,0,14900,0
1785950888.269458460,38572071,0,38572071,0,38567552,19051,62800,0,0,0,0,0,649975519,625811840,38577808,24734,86100,0,0,0,5685,0,0,0,0,38587903,167490,151000,646600,38594046,26540,38598528,140263,15632,679,37,0,0,0,14900,0
1785950889.294423840,46084318,0,46084318,0,46079649,19135,63100,0,0,0,0,0,649978528,625812468,46089244,24850,86700,0,0,0,5717,0,0,0,0,46098214,168423,151500,654000,46102918,26683,46107936,141047,15704,680,37,0,0,0,14900,0
1785950890.322403222,53806252,0,53806252,0,53802728,19110,63000,0,0,0,0,0,649981528,625813146,53812848,24818,86500,0,0,0,5710,0,0,0,0,53822684,168182,151400,650800,53827237,26646,53833184,140845,15680,679,37,0,0,0,14900,0
1785950891.350876855,61570987,0,61570987,0,61566852,19096,63000,0,0,0,0,0,649984533,625813817,61576392,24799,86400,0,0,0,5704,0,0,0,0,61585054,168074,151300,650000,61590113,26627,61594931,140753,15665,679,37,0,0,0,14900,0
1785950892.381226604,69321670,0,69321670,0,69317347,19080,62900,0,0,0,0,0,649987530,625814495,69329643,24778,86200,0,0,0,5700,0,0,0,0,69345412,167966,151200,649200,69351322,26602,69356624,140672,15651,679,37,0,0,0,14900,0
1785950893.410372906,77081045,0,77081045,0,77075940,19066,62900,0,0,0,0,0,649990531,625815172,77085272,24761,86100,0,0,0,5696,0,0,0,0,77095585,167870,151100,648900,77099752,26578,77104800,140603,15635,678,37,0,0,0,14900,0
1785950894.439560892,84657852,0,84657852,0,84652710,19080,62900,0,0,0,0,0,649993539,625815841,84662391,24781,86300,0,0,0,5702,0,0,0,0,84677297,168064,151200,651400,84681988,26606,84685786,140766,15648,678,38,0,0,0,14900,0
1785950895.467436799,92283721,0,92283721,0,92279540,19100,63000,0,0,0,0,0,649996542,625816493,92291961,24808,86400,0,0,0,5708,0,0,0,0,92300944,168236,151300,653300,92305311,26642,92309727,140902,15664,679,38,0,0,0,14900,0
1785950896.496011996,100044930,0,100044930,0,100040214,19089,63000,0,0,0,0,0,649999540,625817175,100049665,24794,86300,0,0,0,5705,0,0,0,0,100059255,168186,151300,653200,100065038,26626,100069529,140869,15652,679,37,0,0,0,14900,0
1785950897.521690465,107631382,0,107631384,0,107626704,19097,63000,0,0,0,0,0,650002538,625817838,107635266,24804,86400,0,0,0,5707,0,0,0,0,107643963,168271,151300,654200,107649045,26641,107655008,140938,15658,679,37,0,0,0,14900,0
1785950898.552818682,115382427,0,115382427,0,115378137,19087,63000,0,0,0,0,0,650005528,625818517,115389263,24790,86300,0,0,0,5703,0,0,0,0,115399668,168184,151200,653200,115405500,26627,115410927,140864,15651,679,38,0,0,0,14900,0
1785950899.579241730,123114413,0,123114413,0,123109729,19082,63000,0,0,0,0,0,650008526,625819194,123118554,24782,86200,0,0,0,5700,0,0,0,0,123127104,168138,151200,652600,123131860,26617,123136320,140829,15645,679,37,0,0,0,14900,0
1785950900.606165509,130544195,0,130544195,0,130539466,19101,63100,0,0,0,0,0,650011537,625819857,130549749,24808,86400,0,0,0,5708,0,0,0,0,130563524,168352,151300,654800,130569687,26654,130574006,141006,15663,679,38,0,0,0,14900,0
1785950901.632784901,138209651,0,138209651,0,138204417,19102,63100,0,0,0,0,0,650014531,625820536,138214086,24812,86400,0,0,0,5709,0,0,0,0,138223347,168381,151300,655300,138227688,26659,138232862,141028,15663,679,37,0,0,0,14900,0
1785950902.659948551,145885176,0,145885176,0,145880211,19100,63100,0,0,0,0,0,650017526,625821215,145888300,24809,86400,0,0,0,5709,0,0,0,0,145896149,168379,151400,654500,145900562,26652,145905663,141034,15660,679,37,0,0,0,14900,0
1785950903.689057709,153636228,0,153636228,0,153631909,19095,63000,0,0,0,0,0,650020526,625821894,153642986,24801,86300,0,0,0,5707,0,0,0,0,153655493,168344,151300,654700,153667029,26642,153672256,141010,15656,679,37,0,0,0,14900,0
1785950904.717814188,161396386,0,161396386,0,161391418,19090,63000,0,0,0,0,0,650023525,625822577,161399960,24795,86300,0,0,0,5705,0,0,0,0,161409059,168296,151300,654200,161414470,26634,161419776,140969,15651,679,37,0,0,0,14900,0
1785950905.748344950,169122841,0,169122841,0,169118767,19085,63000,0,0,0,0,0,650026521,625823261,169128441,24789,86200,0,0,0,5703,0,0,0,0,169138381,168240,151300,653400,169143801,26632,169149152,140915,15646,679,37,0,0,0,14900,0
1785950906.776507557,176551214,0,176551214,0,176546393,19104,63100,0,0,0,0,0,650029509,625823913,176555825,24815,86400,0,0,0,5710,0,0,0,0,176565797,168435,151400,655800,176570678,26667,176575456,141075,15664,679,37,0,0,0,14900,0
1785950907.803714643,184236934,0,184236934,0,184232250,19099,63100,0,0,0,0,0,650032504,625824586,184243384,24810,86300,0,0,0,5710,0,0,0,0,184255456,168413,151400,655800,184262824,26662,184266141,141058,15660,679,37,0,0,0,14900,0
1785950908.831910592,192014846,0,192014846,0,192010502,19094,63100,0,0,0,0,0,650035509,625825258,192022194,24803,86300,0,0,0,5708,0,0,0,0,192033220,168367,151400,655500,192038196,26655,192042906,141020,15655,679,37,0,0,0,14900,0
1785950909.860771168,199747228,0,199747228,0,199744378,19093,63100,0,0,0,0,0,650038504,625825939,199757373,24801,86300,0,0,0,5708,0,0,0,0,199768072,168345,151400,655000,199772741,26653,199777376,140999,15653,679,37,0,0,0,14900,0
1785950910.889644763,207499419,0,207499419,0,207494960,19089,63000,0,0,0,0,0,650041492,625826607,207505597,24796,86300,0,0,0,5706,0,0,0,0,207519637,168319,151400,654600,207525132,26643,207531258,140984,15650,679,37,0,0,0,14900,0
1785950911.917337887,215154899,0,215154899,0,215150142,19094,63100,0,0,0,0,0,650044476,625827275,215158548,24802,86300,0,0,0,5708,0,0,0,0,215166768,168365,151400,654800,215171312,26651,215175482,141021,15653,679,37,0,0,0,14900,0
1785950912.938772993,221598156,0,221598156,0,221590957,19104,63100,0,0,0,0,0,650047479,625828288,221590957,24816,86400,0,0,0,5710,0,0,0,0,221591860,168466,151500,656000,221591860,26667,221591744,141105,15660,679,37,0,0,0,14900,0
1785950913.961182380,221598156,0,221598156,0,221590957,19104,63100,0,0,0,0,0,650050542,625831346,221590957,24816,86400,0,0,0,5710,0,0,0,0,221591864,168466,151500,656000,221591864,26667,221591744,141105,15660,679,37,0,0,0,14900,0
1785950914.990143677,221598156,0,221598156,0,221590957,19104,63100,0,0,0,0,0,650053630,625834430,221590957,24816,86400,0,0,0,5710,0,0,0,0,221591868,168466,151500,656000,221591868,26667,221591744,141105,15660,679,37,0,0,0,14900,0
1785950916.016013677,221598156,0,221598156,0,221590957,19104,63100,0,0,0,0,0,650056704,625837498,221590957,24816,86400,0,0,0,5710,0,0,0,0,221591872,168466,151500,656000,221591872,26667,221591744,141105,15660,679,37,0,0,0,14900,0
1785950917.048490909,221598156,0,221598156,0,221590957,19104,63100,0,0,0,0,0,650059798,625840587,221590957,24816,86400,0,0,0,5710,0,0,0,0,221591875,168466,151500,656000,221591875,26667,221591744,141105,15660,679,37,0,0,0,14900,0
1785950918.079842534,221598156,0,221598156,0,221590957,19104,63100,0,0,0,0,0,650062891,625843555,221590957,24816,86400,0,0,0,5710,0,0,0,0,221591877,168466,151500,656000,221591877,26667,221591744,141105,15660,679,37,0,0,0,14900,0
1785950919.109435600,221598156,0,221598156,0,221590957,19104,63100,0,0,0,0,0,650065979,625846600,221590957,24816,86400,0,0,0,5710,0,0,0,0,221591879,168466,151500,656000,221591879,26667,221591744,141105,15660,679,37,0,0,0,14900,0
1785950920.136615576,221598156,0,221598156,0,221590957,19104,63100,0,0,0,0,0,650069065,625849682,221590957,24816,86400,0,0,0,5710,0,0,0,0,221591881,168466,151500,656000,221591881,26667,221591744,141105,15660,679,37,0,0,0,14900,0
1785950921.164518736,221598156,0,221598156,0,221590957,19104,63100,0,0,0,0,0,650072143,625852754,221590957,24816,86400,0,0,0,5710,0,0,0,0,221591883,168466,151500,656000,221591883,26667,221591744,141105,15660,679,37,0,0,0,14900,0
1785950922.196326602,221598156,0,221598156,0,221590957,19104,63100,0,0,0,0,0,650075237,625855844,221590957,24816,86400,0,0,0,5710,0,0,0,0,221591885,168467,151500,656000,221591885,26667,221591744,141105,15660,679,37,0,0,0,14900,0
1785950923.229415576,221598156,0,221598156,0,221590957,19104,63100,0,0,0,0,0,650078335,625858936,221590957,24816,86400,0,0,0,5710,0,0,0,0,221591887,168467,151500,656000,221591887,26667,221591744,141105,15660,679,37,0,0,0,14900,0
1785950924.258615804,221598156,0,221598156,0,221590957,19104,63100,0,0,0,0,0,650081421,625861883,221590957,24816,86400,0,0,0,5710,0,0,0,0,221591889,168467,151500,656000,221591889,26667,221591744,141105,15660,679,37,0,0,0,14900,0
1785950925.290965476,221598156,0,221598156,0,221590957,19104,63100,0,0,0,0,0,650084516,625864973,221590957,24816,86400,0,0,0,5710,0,0,0,0,221591891,168467,151500,656000,221591891,26667,221591744,141105,15660,679,37,0,0,0,14900,0
1785950926.323455408,221598156,0,221598156,0,221590957,19104,63100,0,0,0,0,0,650087613,625868063,221590957,24816,86400,0,0,0,5710,0,0,0,0,221591893,168467,151500,656000,221591893,26667,221591744,141105,15660,679,37,0,0,0,14900,0
1785950927.353480043,221598156,0,221598156,0,221590957,19104,63100,0,0,0,0,0,650090702,625871147,221590957,24816,86400,0,0,0,5710,0,0,0,0,221591895,168467,151500,656000,221591895,26667,221591744,141105,15660,679,37,0,0,0,14900,0
1785950928.381831798,221598156,0,221598156,0,221590957,19104,63100,0,0,0,0,0,650093787,625874206,221590957,24816,86400,0,0,0,5710,0,0,0,0,221591897,168467,151500,656000,221591897,26667,221591744,141105,15660,679,37,0,0,0,14900,0
1785950929.409761428,221598156,0,221598156,0,221590957,19104,63100,0,0,0,0,0,650096865,625877247,221590957,24816,86400,0,0,0,5710,0,0,0,0,221591899,168467,151500,656000,221591899,26667,221591744,141105,15660,679,37,0,0,0,14900,0
1785950930.439060133,221598156,0,221598156,0,221590957,19104,63100,0,0,0,0,0,650099958,625880236,221590957,24816,86400,0,0,0,5710,0,0,0,0,221591901,168467,151500,656000,221591901,26667,221591744,141105,15660,679,37,0,0,0,14900,0
1785950931.470442915,221598156,0,221598156,0,221590957,19104,63100,0,0,0,0,0,650103047,625883320,221590957,24816,86400,0,0,0,5710,0,0,0,0,221591903,168467,151500,656000,221591903,26667,221591744,141105,15660,679,37,0,0,0,14900,0
1785950932.503427572,221598156,0,221598156,0,221590957,19104,63100,0,0,0,0,0,650106145,625886413,221590957,24816,86400,0,0,0,5710,0,0,0,0,221591905,168467,151500,656000,221591905,26667,221591744,141105,15660,679,37,0,0,0,14900,0
1785950933.536081041,221598156,0,221598156,0,221590957,19104,63100,0,0,0,0,0,650109243,625889505,221590957,24816,86400,0,0,0,5710,0,0,0,0,221591907,168467,151500,656000,221591907,26667,221591744,141105,15660,679,37,0,0,0,14900,0
1785950934.567912918,221598156,0,221598156,0,221590957,19104,63100,0,0,0,0,0,650112337,625892594,221590957,24816,86400,0,0,0,5710,0,0,0,0,221591909,168467,151500,656000,221591909,26668,221591744,141105,15660,679,37,0,0,0,14900,0
1785950935.600371175,221598156,0,221598156,0,221590957,19104,63100,0,0,0,0,0,650115434,625895607,221590957,24816,86400,0,0,0,5710,0,0,0,0,221591911,168467,151500,656000,221591911,26668,221591744,141105,15660,679,37,0,0,0,14900,0
1785950936.632393266,221598156,0,221598156,0,221590957,19104,63100,0,0,0,0,0,650118531,625898644,221590957,24816,86400,0,0,0,5710,0,0,0,0,221591913,168467,151500,656000,221591913,26668,221591744,141105,15660,679,37,0,0,0,14900,0
1785950937.664760976,221598156,0,221598156,0,221590957,19104,63100,0,0,0,0,0,650121627,625901736,221590957,24816,86400,0,0,0,5710,0,0,0,0,221591915,168467,151500,656000,221591915,26668,221591744,141105,15660,679,37,0,0,0,14900,0
1785950938.696823200,221598156,0,221598156,0,221590957,19104,63100,0,0,0,0,0,650124722,625904803,221590957,24816,86400,0,0,0,5710,0,0,0,0,221591917,168467,151500,656000,221591917,26668,221591744,141105,15660,679,37,0,0,0,14900,0
1785950939.729398451,221598156,0,221598156,0,221590957,19104,63100,0,0,0,0,0,650127819,625907894,221590957,24816,86400,0,0,0,5710,0,0,0,0,221591919,168467,151500,656000,221591919,26668,221591744,141105,15660,679,37,0,0,0,14900,0
1785950940.762306554,221598156,0,221598156,0,221590957,19104,63100,0,0,0,0,0,650130917,625910986,221590957,24816,86400,0,0,0,5710,0,0,0,0,221591921,168467,151500,656000,221591921,26668,221591744,141105,15660,679,37,0,0,0,14900,0
1785950941.791301865,221598156,0,221598156,0,221590957,19104,63100,0,0,0,0,0,650134002,625913939,221590957,24816,86400,0,0,0,5710,0,0,0,0,221591923,168467,151500,656000,221591923,26668,221591744,141105,15660,679,37,0,0,0,14900,0
1785950942.823425350,221598156,0,221598156,0,221590957,19104,63100,0,0,0,0,0,650137096,625917023,221590957,24816,86400,0,0,0,5710,0,0,0,0,221591925,168467,151500,656000,221591925,26668,221591744,141105,15660,679,37,0,0,0,14900,0
1785950943.855227042,221598156,0,221598156,0,221590957,19104,63100,0,0,0,0,0,650140192,625920113,221590957,24816,86400,0,0,0,5710,0,0,0,0,221591927,168467,151500,656000,221591927,26668,221591744,141105,15660,679,37,0,0,0,14900,0
1785950944.887391389,221598156,0,221598156,0,221590957,19104,63100,0,0,0,0,0,650143286,625923202,221590957,24816,86400,0,0,0,5710,0,0,0,0,221591929,168467,151500,656000,221591929,26668,221591744,141105,15660,679,37,0,0,0,14900,0
1785950945.920116506,221598156,0,221598156,0,221590957,19104,63100,0,0,0,0,0,650146383,625926294,221590957,24816,86400,0,0,0,5710,0,0,0,0,221591931,168467,151500,656000,221591931,26668,221591744,141105,15660,679,37,0,0,0,14900,0
1785950946.949017207,221598156,0,221598156,0,221590957,19104,63100,0,0,0,0,0,650149472,625929367,221590957,24816,86400,0,0,0,5710,0,0,0,0,221591933,168468,151500,656000,221591933,26668,221591744,141105,15660,679,37,0,0,0,14900,0
1785950947.980609245,221598156,0,221598156,0,221590957,19104,63100,0,0,0,0,0,650152560,625932332,221590957,24816,86400,0,0,0,5710,0,0,0,0,221591935,168468,151500,656000,221591935,26668,221591744,141105,15660,679,37,0,0,0,14900,0
1785950949.013035955,221598156,0,221598156,0,221590957,19104,63100,0,0,0,0,0,650155657,625935401,221590957,24816,86400,0,0,0,5710,0,0,0,0,221591937,168468,151500,656000,221591937,26668,221591744,141105,15660,679,37,0,0,0,14900,0
1785950950.046006581,221598156,0,221598156,0,221590957,19104,63100,0,0,0,0,0,650158755,625938493,221590957,24816,86400,0,0,0,5710,0,0,0,0,221591939,168468,151500,656000,221591939,26668,221591744,141105,15660,679,37,0,0,0,14900,0
1785950951.078451235,221598156,0,221598156,0,221590957,19104,63100,0,0,0,0,0,650161853,625941586,221590957,24816,86400,0,0,0,5710,0,0,0,0,221591941,168468,151500,656000,221591941,26668,221591744,141105,15660,679,37,0,0,0,14900,0
1785950952.111068396,221598156,0,221598156,0,221590957,19104,63100,0,0,0,0,0,650164949,625944677,221590957,24816,86400,0,0,0,5710,0,0,0,0,221591943,168468,151500,656000,221591943,26668,221591744,141105,15660,679,37,0,0,0,14900,0
1785950953.139466643,221598156,0,221598156,0,221590957,19104,63100,0,0,0,0,0,650168038,625947704,221590957,24816,86400,0,0,0,5710,0,0,0,0,221591945,168468,151500,656000,221591945,26668,221591744,141105,15660,679,37,0,0,0,14900,0
1785950954.168337438,221598156,0,221598156,0,221590957,19104,63100,0,0,0,0,0,650171121,625950712,221590957,24816,86400,0,0,0,5710,0,0,0,0,221591947,168468,151500,656000,221591947,26668,221591744,141105,15660,679,37,0,0,0,14900,0
1785950955.200820634,221598156,0,221598156,0,221590957,19104,63100,0,0,0,0,0,650174216,625953802,221590957,24816,86400,0,0,0,5710,0,0,0,0,221591949,168468,151500,656000,221591949,26668,221591744,141105,15660,679,37,0,0,0,14900,0
1785950956.233971962,221598156,0,221598156,0,221590957,19104,63100,0,0,0,0,0,650177316,625956896,221590957,24816,86400,0,0,0,5710,0,0,0,0,221591951,168468,151500,656000,221591951,26668,221591744,141105,15660,679,37,0,0,0,14900,0
1785950957.267026626,221598156,0,221598156,0,221590957,19104,63100,0,0,0,0,0,650180415,625959987,221590957,24816,86400,0,0,0,5710,0,0,0,0,221591953,168468,151500,656000,221591953,26668,221591744,141105,15660,679,37,0,0,0,14900,0
1785950958.299325696,221598156,0,221598156,0,221590957,19104,63100,0,0,0,0,0,650183511,625963078,221590957,24816,86400,0,0,0,5710,0,0,0,0,221591955,168468,151500,656000,221591955,26668,221591744,141105,15660,679,37,0,0,0,14900,0
1785950959.331497746,221598156,0,221598156,0,221590957,19104,63100,0,0,0,0,0,650186606,625966031,221590957,24816,86400,0,0,0,5710,0,0,0,0,221591957,168468,151500,656000,221591957,26668,221591744,141105,15660,679,37,0,0,0,14900,0
1785950960.364472288,221598156,0,221598156,0,221590957,19104,63100,0,0,0,0,0,650189703,625969053,221590957,24816,86400,0,0,0,5710,0,0,0,0,221591959,168468,151500,656000,221591959,26668,221591744,141105,15660,679,37,0,0,0,14900,0
1785950961.397068053,221598156,0,221598156,0,221590957,19104,63100,0,0,0,0,0,650192800,625972144,221590957,24816,86400,0,0,0,5710,0,0,0,0,221591961,168468,151500,656000,221591961,26668,221591744,141105,15660,679,37,0,0,0,14900,0
1785950962.428022857,221598156,0,221598156,0,221590957,19104,63100,0,0,0,0,0,650195892,625975230,221590957,24816,86400,0,0,0,5710,0,0,0,0,221591963,168468,151500,656000,221591963,26668,221591744,141105,15660,679,37,0,0,0,14900,0
1785950963.459644931,221598156,0,221598156,0,221590957,19104,63100,0,0,0,0,0,650198988,625978321,221590957,24816,86400,0,0,0,5710,0,0,0,0,221591965,168468,151500,656000,221591965,26668,221591744,141105,15660,679,37,0,0,0,14900,0
1785950964.492477282,221598156,0,221598156,0,221590957,19104,63100,0,0,0,0,0,650202088,625981414,221590957,24816,86400,0,0,0,5710,0,0,0,0,221591967,168468,151500,656000,221591967,26668,221591744,141105,15660,679,37,0,0,0,14900,0
1785950965.522071916,221598156,0,221598156,0,221590957,19104,63100,0,0,0,0,0,650205170,625984380,221590957,24816,86400,0,0,0,5710,0,0,0,0,221591969,168468,151500,656000,221591969,26668,221591744,141105,15660,679,37,0,0,0,14900,0
1785950966.555235844,221598156,0,221598156,0,221590957,19104,63100,0,0,0,0,0,650208267,625987456,221590957,24816,86400,0,0,0,5710,0,0,0,0,221591971,168468,151500,656000,221591971,26668,221591744,141105,15660,679,37,0,0,0,14900,0
1785950967.587288415,221598156,0,221598156,0,221590957,19104,63100,0,0,0,0,0,650211362,625990547,221590957,24816,86400,0,0,0,5710,0,0,0,0,221591973,168468,151500,656000,221591973,26668,221591744,141105,15660,679,37,0,0,0,14900,0
1785950968.619110170,221598156,0,221598156,0,221590957,19104,63100,0,0,0,0,0,650214457,625993636,221590957,24816,86400,0,0,0,5710,0,0,0,0,221591975,168468,151500,656000,221591975,26668,221591744,141105,15660,679,37,0,0,0,14900,0
1785950969.651758505,221598156,0,221598156,0,221590957,19104,63100,0,0,0,0,0,650217556,625996706,221590957,24816,86400,0,0,0,5710,0,0,0,0,221591977,168468,151500,656000,221591977,26668,221591744,141105,15660,679,37,0,0,0,14900,0
1785950970.682490274,221598156,0,221598156,0,221590957,19104,63100,0,0,0,0,0,650220646,625999785,221590957,24816,86400,0,0,0,5710,0,0,0,0,221591979,168469,151500,656000,221591979,26668,221591744,141105,15660,679,37,0,0,0,14900,0
1785950971.715331989,221598156,0,221598156,0,221590957,19104,63100,0,0,0,0,0,650223745,626002750,221590957,24816,86400,0,0,0,5710,0,0,0,0,221591981,168469,151500,656000,221591981,26668,221591744,141105,15660,679,37,0,0,0,14900,0
1785950972.747997600,221598156,0,221598156,0,221590957,19104,63100,0,0,0,0,0,650226842,626005842,221590957,24816,86400,0,0,0,5710,0,0,0,0,221591983,168469,151500,656000,221591983,26668,221591744,141105,15660,679,37,0,0,0,14900,0
1785950973.780114128,221598156,0,221598156,0,221590957,19104,63100,0,0,0,0,0,650229937,626008931,221590957,24816,86400,0,0,0,5710,0,0,0,0,221591985,168469,151500,656000,221591985,26668,221591744,141105,15660,679,37,0,0,0,14900,0
1785950974.812741502,221598156,0,221598156,0,221590957,19104,63100,0,0,0,0,0,650233034,626012023,221590957,24816,86400,0,0,0,5710,0,0,0,0,221591987,168469,151500,656000,221591987,26668,221591744,141105,15660,679,37,0,0,0,14900,0
1785950975.845391890,221598156,0,221598156,0,221590957,19104,63100,0,0,0,0,0,650236132,626015115,221590957,24816,86400,0,0,0,5710,0,0,0,0,221591989,168469,151500,656000,221591989,26668,221591744,141105,15660,679,37,0,0,0,14900,0
1785950976.876955989,221598156,0,221598156,0,221590957,19104,63100,0,0,0,0,0,650239227,626018154,221590957,24816,86400,0,0,0,5710,0,0,0,0,221591991,168469,151500,656000,221591991,26668,221591744,141105,15660,679,37,0,0,0,14900,0
1785950977.908452887,221598156,0,221598156,0,221590957,19104,63100,0,0,0,0,0,650242319,626021159,221590957,24816,86400,0,0,0,5710,0,0,0,0,221591993,168469,151500,656000,221591993,26668,221591744,141105,15660,679,37,0,0,0,14900,0
1785950978.940131434,221598156,0,221598156,0,221590957,19104,63100,0,0,0,0,0,650245414,626024249,221590957,24816,86400,0,0,0,5710,0,0,0,0,221591995,168469,151500,656000,221591995,26668,221591744,141105,15660,679,37,0,0,0,14900,0
1785950979.971102096,221598156,0,221598156,0,221590957,19104,63100,0,0,0,0,0,650248508,626027314,221590957,24816,86400,0,0,0,5710,0,0,0,0,221591997,168469,151500,656000,221591997,26668,221591744,141105,15660,679,37,0,0,0,14900,0
1785950981.000256690,221598156,0,221598156,0,221590957,19104,63100,0,0,0,0,0,650251594,626030395,221590957,24816,86400,0,0,0,5710,0,0,0,0,221591999,168469,151500,656000,221591999,26668,221591744,141105,15660,679,37,0,0,0,14900,0
1785950982.033621993,221598156,0,221598156,0,221590957,19104,63100,0,0,0,0,0,650254694,626033489,221590957,24816,86400,0,0,0,5710,0,0,0,0,221592001,168469,151500,656000,221592001,26669,221591744,141105,15660,679,37,0,0,0,14900,0
1785950983.066157309,221598156,0,221598156,0,221590957,19104,63100,0,0,0,0,0,650257790,626036484,221590957,24816,86400,0,0,0,5710,0,0,0,0,221592003,168469,151500,656000,221592003,26669,221591744,141105,15660,679,37,0,0,0,14900,0
1785950984.097857292,221598156,0,221598156,0,221590957,19104,63100,0,0,0,0,0,650260883,626039536,221590957,24816,86400,0,0,0,5710,0,0,0,0,221592005,168469,151500,656000,221592005,26669,221591744,141105,15660,679,37,0,0,0,14900,0
1785950985.129902323,221598156,0,221598156,0,221590957,19104,63100,0,0,0,0,0,650263978,626042625,221590957,24816,86400,0,0,0,5710,0,0,0,0,221592007,168469,151500,656000,221592007,26669,221591744,141105,15660,679,37,0,0,0,14900,0
1785950986.162067475,221598156,0,221598156,0,221590957,19104,63100,0,0,0,0,0,650267074,626045715,221590957,24816,86400,0,0,0,5710,0,0,0,0,221592009,168469,151500,656000,221592009,26669,221591744,141105,15660,679,37,0,0,0,14900,0
1785950987.194517324,221598156,0,221598156,0,221590957,19104,63100,0,0,0,0,0,650270171,626048807,221590957,24816,86400,0,0,0,5710,0,0,0,0,221592011,168469,151500,656000,221592011,26669,221591744,141105,15660,679,37,0,0,0,14900,0
1785950988.226442024,221598156,0,221598156,0,221590957,19104,63100,0,0,0,0,0,650273267,626051897,221590957,24816,86400,0,0,0,5710,0,0,0,0,221592013,168469,151500,656000,221592013,26669,221591744,141105,15660,679,37,0,0,0,14900,0
1785950989.255266754,221598156,0,221598156,0,221590957,19104,63100,0,0,0,0,0,650276353,626054840,221590957,24816,86400,0,0,0,5710,0,0,0,0,221592015,168469,151500,656000,221592015,26669,221591744,141105,15660,679,37,0,0,0,14900,0
1785950990.282790132,221598156,0,221598156,0,221590957,19104,63100,0,0,0,0,0,650279436,626057897,221590957,24816,86400,0,0,0,5710,0,0,0,0,221592017,168469,151500,656000,221592017,26669,221591744,141105,15660,679,37,0,0,0,14900,0
1785950991.315337586,221598156,0,221598156,0,221590957,19104,63100,0,0,0,0,0,650282528,626060984,221590957,24816,86400,0,0,0,5710,0,0,0,0,221592019,168469,151500,656000,221592019,26669,221591744,141105,15660,679,37,0,0,0,14900,0
1785950992.346872334,221598156,0,221598156,0,221590957,19104,63100,0,0,0,0,0,650285624,626064070,221590957,24816,86400,0,0,0,5710,0,0,0,0,221592021,168469,151500,656000,221592021,26669,221591744,141105,15660,679,37,0,0,0,14900,0
1785950993.377119718,221598156,0,221598156,0,221590957,19104,63100,0,0,0,0,0,650288714,626067134,221590957,24816,86400,0,0,0,5710,0,0,0,0,221592023,168470,151500,656000,221592023,26669,221591744,141105,15660,679,37,0,0,0,14900,0
1785950994.409733975,221598156,0,221598156,0,221590957,19104,63100,0,0,0,0,0,650291808,626070192,221590957,24816,86400,0,0,0,5710,0,0,0,0,221592025,168470,151500,656000,221592025,26669,221591744,141105,15660,679,37,0,0,0,14900,0
1785950995.442171456,221598156,0,221598156,0,221590957,19104,63100,0,0,0,0,0,650294906,626073183,221590957,24816,86400,0,0,0,5710,0,0,0,0,221592027,168470,151500,656000,221592027,26669,221591744,141105,15660,679,37,0,0,0,14900,0
1785950996.471378069,221598156,0,221598156,0,221590957,19104,63100,0,0,0,0,0,650297994,626076266,221590957,24816,86400,0,0,0,5710,0,0,0,0,221592029,168470,151500,656000,221592029,26669,221591744,141105,15660,679,37,0,0,0,14900,0
1785950997.502576562,221598156,0,221598156,0,221590957,19104,63100,0,0,0,0,0,650301086,626079353,221590957,24816,86400,0,0,0,5710,0,0,0,0,221592031,168470,151500,656000,221592031,26669,221591744,141105,15660,679,37,0,0,0,14900,0
1785950998.533987983,221598156,0,221598156,0,221590957,19104,63100,0,0,0,0,0,650304179,626082441,221590957,24816,86400,0,0,0,5710,0,0,0,0,221592033,168470,151500,656000,221592033,26669,221591744,141105,15660,679,37,0,0,0,14900,0
1785950999.565878233,221598156,0,221598156,0,221590957,19104,63100,0,0,0,0,0,650307273,626085530,221590957,24816,86400,0,0,0,5710,0,0,0,0,221592035,168470,151500,656000,221592035,26669,221591744,141105,15660,679,37,0,0,0,14900,0
1785951000.596067302,221598156,0,221598156,0,221590957,19104,63100,0,0,0,0,0,650310364,626088507,221590957,24816,86400,0,0,0,5710,0,0,0,0,221592037,168470,151500,656000,221592037,26669,221591744,141105,15660,679,37,0,0,0,14900,0
1785951005.763976626,0,0,0,0,0,0,0,0,0,0,0,0,650325860,626103825,0,0,0,0,0,0,0,0,0,0,0,0,0,0,0,0,0,0,0,0,0,0,0,0,0,0,0
1785951006.790544670,0,0,0,0,0,0,0,0,0,0,0,0,650328940,626106768,0,0,0,0,0,0,0,0,0,0,0,2,15481493,3276700,18446744073709551616,2,7700524,0,0,0,0,0,0,0,0,0,0
1785951007.822773259,0,0,0,0,0,0,0,0,0,0,0,0,650332037,626109852,0,0,0,0,0,0,0,0,0,0,0,4,9484789,3276700,18446744073709551616,4,4704241,0,0,0,0,0,0,0,0,0,0
1785951008.853905624,0,0,0,0,0,0,0,0,0,0,0,0,650335130,626112940,0,0,0,0,0,0,0,0,0,0,0,6,7491391,3276700,18446744073709551616,6,3705771,0,0,0,0,0,0,0,0,0,0
1785951009.885046230,0,0,0,0,0,0,0,0,0,0,0,0,650338222,626116022,0,0,0,0,0,0,0,0,0,0,0,8,6493205,3276700,18446744073709551616,8,3199379,0,0,0,0,0,0,0,0,0,0
1785951010.917052735,0,0,0,0,0,0,0,0,0,0,0,0,650341316,626119089,0,0,0,0,0,0,0,0,0,0,0,10,5881150,3276700,18446744073709551616,10,2893600,0,0,0,0,0,0,0,0,0,0
1785951011.945099960,0,0,0,0,0,0,0,0,0,0,0,0,650344400,626122157,0,0,0,0,0,0,0,0,0,0,0,12,5479871,3276700,18446744073709551616,12,2690303,0,0,0,0,0,0,0,0,0,0
1785951012.973186385,0,0,0,0,0,0,0,0,0,0,0,0,650347483,626125112,0,0,0,0,0,0,0,0,0,0,0,14,5212584,3276700,18446744073709551616,14,2555172,0,0,0,0,0,0,0,0,0,0
1785951014.003147592,0,0,0,0,0,0,0,0,0,0,0,0,650350574,626128197,0,0,0,0,0,0,0,0,0,0,0,16,5012674,3276700,18446744073709551616,16,2453890,0,0,0,0,0,0,0,0,0,0
1785951015.029494516,0,0,0,0,0,0,0,0,0,0,0,0,650353653,626131220,0,0,0,0,0,0,0,0,0,0,0,18,4843331,3276700,18446744073709551616,18,2366966,0,0,0,0,0,0,0,0,0,0
1785951016.060100111,0,0,0,0,0,0,0,0,0,0,0,0,650356745,626134286,0,0,0,0,0,0,0,0,0,0,0,22,4107747,3276700,18446744073709551616,22,2003476,0,0,0,0,0,0,0,0,0,0
1785951017.091429761,0,0,0,0,0,0,0,0,0,0,0,0,650359839,626137345,0,0,0,0,0,0,0,0,0,0,0,26,3753346,3276700,18446744073709551616,26,1828053,0,0,0,0,0,0,0,0,0,0
1785951018.117556375,0,131567,0,0,0,0,0,132351,54727,670700,0,0,650362879,626139861,0,0,0,133133,77914,896300,0,22370,1349,0,0,133556,682143,296100,18446744073709551616,134052,161695,134584,514996,0,0,0,37509,9711,44,0,8700
1785951019.301971160,0,847553,0,0,0,0,0,769950,26577,307500,0,0,650366208,626141716,0,0,0,769950,47941,738700,0,21140,223,0,0,770290,346732,237800,1446400,770290,61332,770288,284278,0,0,0,25483,802,15,0,8000
1785951020.326984928,0,847553,0,0,0,0,0,769950,26577,307500,0,0,650369280,626144747,0,0,0,769950,47941,738700,0,21140,223,0,0,770292,346741,237800,1446500,770292,61337,770288,284278,0,0,0,25483,802,15,0,8000
1785951021.358982261,0,847553,0,0,0,0,0,769950,26577,307500,0,0,650372373,626147792,0,0,0,769950,47941,738700,0,21140,223,0,0,770296,346768,237800,1446600,770296,61350,770288,284278,0,0,0,25483,802,15,0,8000
1785951022.390076257,0,847553,0,0,0,0,0,769950,26577,307500,0,0,650375465,626150853,0,0,0,769950,47941,738700,0,21140,223,0,0,770300,346780,237800,1446700,770300,61357,770288,284278,0,0,0,25483,802,15,0,8000
1785951023.421096986,0,847553,0,0,0,0,0,769950,26577,307500,0,0,650378558,626153936,0,0,0,769950,47941,738700,0,21140,223,0,0,770304,346806,237800,1446700,770304,61370,770288,284278,0,0,0,25483,802,15,0,8000
1785951024.453404946,0,847553,0,0,0,0,0,769950,26577,307500,0,0,650381654,626156872,0,0,0,769950,47941,738700,0,21140,223,0,0,770306,346817,237800,1446800,770306,61376,770288,284278,0,0,0,25483,802,15,0,8000
1785951025.485937122,0,847553,0,0,0,0,0,769950,26577,307500,0,0,650384752,626159956,0,0,0,769950,47941,738700,0,21140,223,0,0,770308,346833,237800,1446800,770308,61384,770288,284278,0,0,0,25483,802,15,0,8000
1785951026.519043399,0,847553,0,0,0,0,0,769950,26577,307500,0,0,650387849,626163048,0,0,0,769950,47941,738700,0,21140,223,0,0,770310,346845,237800,1446900,770310,61390,770288,284278,0,0,0,25483,802,15,0,8000
1785951027.550997627,0,847553,0,0,0,0,0,769950,26577,307500,0,0,650390945,626166138,0,0,0,769950,47941,738700,0,21140,223,0,0,770312,346857,237800,1446900,770312,61396,770288,284278,0,0,0,25483,802,15,0,8000
1785951028.585277466,0,847553,0,0,0,0,0,769950,26577,307500,0,0,650394046,626169233,0,0,0,769950,47941,738700,0,21140,223,0,0,770314,346870,237800,1447000,770314,61403,770288,284278,0,0,0,25483,802,15,0,8000
1785951029.616410233,0,847553,0,0,0,0,0,769950,26577,307500,0,0,650397139,626172309,0,0,0,769950,47941,738700,0,21140,223,0,0,770316,346883,237800,1447000,770316,61410,770288,284278,0,0,0,25483,802,15,0,8000
1785951030.650789821,0,847553,0,0,0,0,0,769950,26577,307500,0,0,650400242,626175279,0,0,0,769950,47941,738700,0,21140,223,0,0,770318,346896,237800,1447100,770318,61416,770288,284278,0,0,0,25483,802,15,0,8000
1785951031.683648236,0,847553,0,0,0,0,0,769950,26577,307500,0,0,650403339,626178348,0,0,0,769950,47941,738700,0,21140,223,0,0,770320,346909,237800,1447200,770320,61423,770288,284278,0,0,0,25483,802,15,0,8000
1785951032.714814002,0,847553,0,0,0,0,0,769950,26577,307500,0,0,650406433,626181436,0,0,0,769950,47941,738700,0,21140,223,0,0,770322,346922,237800,1447300,770322,61430,770288,284278,0,0,0,25483,802,15,0,8000
1785951033.749759867,0,847553,0,0,0,0,0,769950,26577,307500,0,0,650409536,626184534,0,0,0,769950,47941,738700,0,21140,223,0,0,770324,346936,237800,1447300,770324,61437,770288,284278,0,0,0,25483,802,15,0,8000
1785951034.782477705,0,847553,0,0,0,0,0,769950,26577,307500,0,0,650412635,626187627,0,0,0,769950,47941,738700,0,21140,223,0,0,770326,346953,237800,1447400,770326,61445,770288,284278,0,0,0,25483,802,15,0,8000
1785951035.813060476,0,847553,0,0,0,0,0,769950,26577,307500,0,0,650415724,626190655,0,0,0,769950,47941,738700,0,21140,223,0,0,770328,346966,237800,1447500,770328,61452,770288,284278,0,0,0,25483,802,15,0,8000
1785951036.846634476,0,847553,0,0,0,0,0,769950,26577,307500,0,0,650418823,626193670,0,0,0,769950,47941,738700,0,21140,223,0,0,770330,346976,237800,1447500,770330,61457,770288,284278,0,0,0,25483,802,15,0,8000
1785951037.878989297,0,847553,0,0,0,0,0,769950,26577,307500,0,0,650421917,626196760,0,0,0,769950,47941,738700,0,21140,223,0,0,770332,346990,237800,1447500,770332,61464,770288,284278,0,0,0,25483,802,15,0,8000
1785951038.911992310,0,847553,0,0,0,0,0,769950,26577,307500,0,0,650425018,626199854,0,0,0,769950,47941,738700,0,21140,223,0,0,770334,347003,237800,1447500,770334,61471,770288,284278,0,0,0,25483,802,15,0,8000
1785951039.946929024,0,847553,0,0,0,0,0,769950,26577,307500,0,0,650428121,626202951,0,0,0,769950,47941,738700,0,21140,223,0,0,770336,347017,237800,1447600,770336,61478,770288,284278,0,0,0,25483,802,15,0,8000
1785951040.977989654,0,847553,0,0,0,0,0,769950,26577,307500,0,0,650431216,626206039,0,0,0,769950,47941,738700,0,21140,223,0,0,770338,347031,237800,1447600,770338,61485,770288,284278,0,0,0,25483,802,15,0,8000
1785951042.009942551,0,847553,0,0,0,0,0,769950,26577,307500,0,0,650434311,626209002,0,0,0,769950,47941,738700,0,21140,223,0,0,770340,347044,237800,1447800,770340,61492,770288,284278,0,0,0,25483,802,15,0,8000
1785951043.043408920,0,847553,0,0,0,0,0,769950,26577,307500,0,0,650437409,626212063,0,0,0,769950,47941,738700,0,21140,223,0,0,770342,347057,237800,1447900,770342,61499,770288,284278,0,0,0,25483,802,15,0,8000
1785951044.076905684,0,847553,0,0,0,0,0,769950,26577,307500,0,0,650440510,626215158,0,0,0,769950,47941,738700,0,21140,223,0,0,770344,347071,237800,1447900,770344,61506,770288,284278,0,0,0,25483,802,15,0,8000
1785951045.109475548,0,847553,0,0,0,0,0,769950,26577,307500,0,0,650443608,626218250,0,0,0,769950,47941,738700,0,21140,223,0,0,770346,347084,237800,1447900,770346,61512,770288,284278,0,0,0,25483,802,15,0,8000
1785951046.141957649,0,847553,0,0,0,0,0,769950,26577,307500,0,0,650446705,626221342,0,0,0,769950,47941,738700,0,21140,223,0,0,770348,347097,237800,1447900,770348,61519,770288,284278,0,0,0,25483,802,15,0,8000
1785951047.172480192,0,847553,0,0,0,0,0,769950,26577,307500,0,0,650449796,626224423,0,0,0,769950,47941,738700,0,21140,223,0,0,770350,347110,237800,1448000,770350,61526,770288,284278,0,0,0,25483,802,15,0,8000
1785951048.203928143,0,847553,0,0,0,0,0,769950,26577,307500,0,0,650452887,626227377,0,0,0,769950,47941,738700,0,21140,223,0,0,770352,347122,237800,1448000,770352,61532,770288,284278,0,0,0,25483,802,15,0,8000
1785951049.236532969,0,847553,0,0,0,0,0,769950,26577,307500,0,0,650455984,626230468,0,0,0,769950,47941,738700,0,21140,223,0,0,770354,347135,237800,1448000,770354,61538,770288,284278,0,0,0,25483,802,15,0,8000
1785951050.270097075,0,847553,0,0,0,0,0,769950,26577,307500,0,0,650459084,626233562,0,0,0,769950,47941,738700,0,21140,223,0,0,770356,347147,237900,1448000,770356,61545,770288,284278,0,0,0,25483,802,15,0,8000
1785951051.303121432,0,847553,0,0,0,0,0,769950,26577,307500,0,0,650462182,626236655,0,0,0,769950,47941,738700,0,21140,223,0,0,770358,347160,237900,1448100,770358,61551,770288,284278,0,0,0,25483,802,15,0,8000
1785951052.335096373,0,847553,0,0,0,0,0,769950,26577,307500,0,0,650465279,626239722,0,0,0,769950,47941,738700,0,21140,223,0,0,770360,347174,237900,1448100,770360,61558,770288,284278,0,0,0,25483,802,15,0,8000
1785951053.366841090,0,847553,0,0,0,0,0,769950,26577,307500,0,0,650468371,626242762,0,0,0,769950,47941,738700,0,21140,223,0,0,770362,347186,237900,1448100,770362,61564,770288,284278,0,0,0,25483,802,15,0,8000
1785951054.398876821,0,847553,0,0,0,0,0,769950,26577,307500,0,0,650471467,626245767,0,0,0,769950,47941,738700,0,21140,223,0,0,770364,347199,237900,1448200,770364,61571,770288,284278,0,0,0,25483,802,15,0,8000
1785951055.430320748,0,847553,0,0,0,0,0,769950,26577,307500,0,0,650474560,626248855,0,0,0,769950,47941,738700,0,21140,223,0,0,770366,347211,237900,1448200,770366,61577,770288,284278,0,0,0,25483,802,15,0,8000
1785951056.462334789,0,847553,0,0,0,0,0,769950,26577,307500,0,0,650477657,626251946,0,0,0,769950,47941,738700,0,21140,223,0,0,770368,347224,237900,1448200,770368,61584,770288,284278,0,0,0,25483,802,15,0,8000
1785951057.490217661,0,847553,0,0,0,0,0,769950,26577,307500,0,0,650480738,626255023,0,0,0,769950,47941,738700,0,21140,223,0,0,770370,347236,237900,1448200,770370,61590,770288,284278,0,0,0,25483,802,15,0,8000
1785951058.522706402,0,847553,0,0,0,0,0,769950,26577,307500,0,0,650483835,626258114,0,0,0,769950,47941,738700,0,21140,223,0,0,770372,347244,237900,1448300,770372,61594,770288,284278,0,0,0,25483,802,15,0,8000
1785951059.556174788,0,847553,0,0,0,0,0,769950,26577,307500,0,0,650486935,626261117,0,0,0,769950,47941,738700,0,21140,223,0,0,770374,347257,237900,1448300,770374,61601,770288,284278,0,0,0,25483,802,15,0,8000
1785951060.588193576,0,847553,0,0,0,0,0,769950,26577,307500,0,0,650490030,626264164,0,0,0,769950,47941,738700,0,21140,223,0,0,770376,347269,237900,1448300,770376,61607,770288,284278,0,0,0,25483,802,15,0,8000
1785951061.620723000,0,847553,0,0,0,0,0,769950,26577,307500,0,0,650493128,626267255,0,0,0,769950,47941,738700,0,21140,223,0,0,770378,347282,237900,1448400,770378,61614,770288,284278,0,0,0,25483,802,15,0,8000
1785951062.656526677,0,847553,0,0,0,0,0,769950,26577,307500,0,0,650496232,626270331,0,0,0,769950,47941,738700,0,21140,223,0,0,770380,347295,237900,1448400,770380,61620,770288,284278,0,0,0,25483,802,15,0,8000
1785951063.688822933,0,847553,0,0,0,0,0,769950,26577,307500,0,0,650499331,626273424,0,0,0,769950,47941,738700,0,21140,223,0,0,770382,347308,237900,1448400,770382,61627,770288,284278,0,0,0,25483,802,15,0,8000
1785951064.721242463,0,847553,0,0,0,0,0,769950,26577,307500,0,0,650502431,626276516,0,0,0,769950,47941,738700,0,21140,223,0,0,770384,347320,237900,1448500,770384,61633,770288,284278,0,0,0,25483,802,15,0,8000
1785951065.747742321,0,847553,0,0,0,0,0,769950,26577,307500,0,0,650505514,626279459,0,0,0,769950,47941,738700,0,21140,223,0,0,770386,347333,237900,1448600,770386,61640,770288,284278,0,0,0,25483,802,15,0,8000
1785951066.778527707,0,847553,0,0,0,0,0,769950,26577,307500,0,0,650508600,626282540,0,0,0,769950,47941,738700,0,21140,223,0,0,770388,347341,237900,1448600,770388,61644,770288,284278,0,0,0,25483,802,15,0,8000
1785951067.811561795,0,847553,0,0,0,0,0,769950,26577,307500,0,0,650511698,626285633,0,0,0,769950,47941,738700,0,21140,223,0,0,770390,347354,237900,1448600,770390,61650,770288,284278,0,0,0,25483,802,15,0,8000
1785951068.842858095,0,847553,0,0,0,0,0,769950,26577,307500,0,0,650514790,626288720,0,0,0,769950,47941,738700,0,21140,223,0,0,770392,347366,237900,1448600,770392,61657,770288,284278,0,0,0,25483,802,15,0,8000
1785951069.875780201,0,847553,0,0,0,0,0,769950,26577,307500,0,0,650517890,626291814,0,0,0,769950,47941,738700,0,21140,223,0,0,770394,347378,237900,1448700,770394,61663,770288,284278,0,0,0,25483,802,15,0,8000
1785951070.908519260,0,847553,0,0,0,0,0,769950,26577,307500,0,0,650520988,626294888,0,0,0,769950,47941,738700,0,21140,223,0,0,770396,347391,237900,1448700,770396,61669,770288,284278,0,0,0,25483,802,15,0,8000
1785951071.941155293,0,847553,0,0,0,0,0,769950,26577,307500,0,0,650524085,626297862,0,0,0,769950,47941,738700,0,21140,223,0,0,770398,347404,237900,1448700,770398,61676,770288,284278,0,0,0,25483,802,15,0,8000
1785951072.973715626,0,847553,0,0,0,0,0,769950,26577,307500,0,0,650527181,626300931,0,0,0,769950,47941,738700,0,21140,223,0,0,770400,347417,237900,1448800,770400,61683,770288,284278,0,0,0,25483,802,15,0,8000
1785951074.006200353,0,847553,0,0,0,0,0,769950,26577,307500,0,0,650530279,626304023,0,0,0,769950,47941,738700,0,21140,223,0,0,770402,347430,237900,1448800,770402,61690,770288,284278,0,0,0,25483,802,15,0,8000
1785951075.038320095,0,847553,0,0,0,0,0,769950,26577,307500,0,0,650533375,626307113,0,0,0,769950,47941,738700,0,21140,223,0,0,770404,347442,237900,1448800,770404,61696,770288,284278,0,0,0,25483,802,15,0,8000
1785951076.068461808,0,847553,0,0,0,0,0,769950,26577,307500,0,0,650536466,626310200,0,0,0,769950,47941,738700,0,21140,223,0,0,770406,347455,237900,1448900,770406,61702,770288,284278,0,0,0,25483,802,15,0,8000
1785951077.098817013,0,847553,0,0,0,0,0,769950,26577,307500,0,0,650539555,626313225,0,0,0,769950,47941,738700,0,21140,223,0,0,770408,347468,237900,1448900,770408,61709,770288,284278,0,0,0,25483,802,15,0,8000
1785951078.134293551,0,847553,0,0,0,0,0,769950,26577,307500,0,0,650542654,626316241,0,0,0,769950,47941,738700,0,21140,223,0,0,770410,347481,237900,1449000,770410,61715,770288,284278,0,0,0,25483,802,15,0,8000
1785951079.164940128,0,847553,0,0,0,0,0,769950,26577,307500,0,0,650545755,626319337,0,0,0,769950,47941,738700,0,21140,223,0,0,770412,347494,237900,1449000,770412,61722,770288,284278,0,0,0,25483,802,15,0,8000
1785951080.197597759,0,847553,0,0,0,0,0,769950,26577,307500,0,0,650548848,626322424,0,0,0,769950,47941,738700,0,21140,223,0,0,770414,347506,237900,1449100,770414,61728,770288,284278,0,0,0,25483,802,15,0,8000
1785951081.230405027,0,847553,0,0,0,0,0,769950,26577,307500,0,0,650551946,626325516,0,0,0,769950,47941,738700,0,21140,223,0,0,770416,347518,237900,1449100,770416,61735,770288,284278,0,0,0,25483,802,15,0,8000
1785951082.263366236,0,847553,0,0,0,0,0,769950,26577,307500,0,0,650555045,626328609,0,0,0,769950,47941,738700,0,21140,223,0,0,770418,347531,237900,1449200,770418,61741,770288,284278,0,0,0,25483,802,15,0,8000
1785951083.294486708,0,847553,0,0,0,0,0,769950,26577,307500,0,0,650558137,626331533,0,0,0,769950,47941,738700,0,21140,223,0,0,770420,347544,237900,1449200,770420,61748,770288,284278,0,0,0,25483,802,15,0,8000
1785951084.326820561,0,847553,0,0,0,0,0,769950,26577,307500,0,0,650561237,626334566,0,0,0,769950,47941,738700,0,21140,223,0,0,770422,347556,237900,1449200,770422,61754,770288,284278,0,0,0,25483,802,15,0,8000
1785951085.358929546,0,847553,0,0,0,0,0,769950,26577,307500,0,0,650564331,626337655,0,0,0,769950,47941,738700,0,21140,223,0,0,770424,347569,237900,1449300,770424,61760,770288,284278,0,0,0,25483,802,15,0,8000
1785951086.391831832,0,847553,0,0,0,0,0,769950,26577,307500,0,0,650567430,626340747,0,0,0,769950,47941,738700,0,21140,223,0,0,770427,347581,237900,1449300,770427,61767,770288,284278,0,0,0,25483,802,15,0,8000
1785951087.422618784,0,847553,0,0,0,0,0,769950,26577,307500,0,0,650570522,626343834,0,0,0,769950,47941,738700,0,21140,223,0,0,770431,347600,237900,1449400,770431,61773,770288,284278,0,0,0,25483,802,15,0,8000
1785951088.455417615,3,847553,3,0,3,79526,80900,769950,26577,307500,0,0,650573620,626346925,3,93120,98700,769950,47941,738700,13594,21140,223,0,0,770437,347611,237900,1449400,770437,61779,770291,284278,11628,22818,100,25483,802,15,79800,8000
1785951089.486929645,3,847553,3,0,3,79526,80900,769950,26577,307500,0,0,650576718,626349895,3,93120,98700,769950,47941,738700,13594,21140,223,0,0,770441,347624,237900,1449400,770441,61786,770291,284278,11628,22818,100,25483,802,15,79800,8000
1785951090.518981655,3,847553,3,0,3,79526,80900,769950,26577,307500,0,0,650579811,626352969,3,93120,98700,769950,47941,738700,13594,21140,223,0,0,770445,347644,237900,1449500,770445,61793,770291,284278,11628,22818,100,25483,802,15,79800,8000
1785951091.550959364,3,847553,3,0,3,79526,80900,769950,26577,307500,0,0,650582906,626356058,3,93120,98700,769950,47941,738700,13594,21140,223,0,0,770449,347656,237900,1449500,770449,61800,770291,284278,11628,22818,100,25483,802,15,79800,8000
1785951092.582839126,3,847553,3,0,3,79526,80900,769950,26577,307500,0,0,650586000,626359146,3,93120,98700,769950,47941,738700,13594,21140,223,0,0,770453,347675,237900,1449500,770453,61806,770291,284278,11628,22818,100,25483,802,15,79800,8000
1785951093.614932449,126547,847553,126547,0,126780,14992,106700,769950,26577,307500,0,0,650589047,626361601,127675,26378,168200,769950,47941,738700,11561,21140,223,0,0,899036,306020,198200,1410400,899489,52996,899735,251087,11815,2064,49,25483,802,15,8300,8000
1785951094.656984674,587226,0,587226,0,586752,13309,92200,0,0,0,0,0,650591931,626362261,587940,22899,141900,0,0,0,9637,0,0,0,0,589142,47325,37600,219300,589829,294,590465,44964,10545,1694,40,0,0,0,7600,0
1785951095.689904668,1179029,0,1179029,0,1178482,13491,96100,0,0,0,0,0,650594832,626362892,1179399,23287,149400,0,0,0,9815,0,0,0,0,1180303,48080,37900,229600,1180766,300,1181244,45642,10639,1705,40,0,0,0,7700,0
1785951096.723698061,1784192,0,1784192,0,1783604,13433,95400,0,0,0,0,0,650597691,626363562,1784486,23118,147700,0,0,0,9694,0,0,0,0,1785358,47651,37600,225600,1785742,300,1786131,45237,10588,1700,39,0,0,0,7600,0
1785951097.756597263,2378576,0,2378576,0,2378018,13359,94200,0,0,0,0,0,650600490,626364227,2379031,22969,146100,0,0,0,9619,0,0,0,0,2380088,47348,37400,222700,2380609,301,2381149,44947,10529,1692,39,0,0,0,7600,0
1785951098.790117817,2977427,0,2977427,0,2976912,13306,93500,0,0,0,0,0,650603259,626364890,2977802,22856,145300,0,0,0,9555,0,0,0,0,2978462,47140,37300,221300,2978802,301,2979184,44754,10480,1686,39,0,0,0,7600,0
1785951099.824782347,3578827,0,3578827,0,3578280,13263,93100,0,0,0,0,0,650606045,626365567,3579416,22786,144600,0,0,0,9529,0,0,0,0,3580487,47008,37100,220300,3581015,300,3581555,44628,10440,1686,39,0,0,0,7600,0
1785951100.857331815,4178157,0,4178157,0,4177703,13271,93600,0,0,0,0,0,650608839,626366252,4178666,22793,145800,0,0,0,9525,0,0,0,0,4179524,46993,37100,221300,4179855,300,4180185,44608,10444,1686,39,0,0,0,7600,0
1785951101.895378702,4766011,0,4766011,0,4765688,13294,94400,0,0,0,0,0,650611646,626366943,4767064,22833,146900,0,0,0,9543,0,0,0,0,4768555,47094,37100,223000,4769114,299,4769641,44702,10464,1689,39,0,0,0,7600,0
1785951102.929191695,5367476,0,5367476,0,5366978,13289,94200,0,0,0,0,0,650614435,626367657,5368097,22830,147200,0,0,0,9543,0,0,0,0,5369013,47094,37100,223200,5369477,299,5369946,44706,10460,1685,39,0,0,0,7600,0
1785951103.966882407,5968016,0,5968016,0,5967636,13294,94500,0,0,0,0,0,650617240,626368373,5969108,22835,147700,0,0,0,9545,0,0,0,0,5970771,47109,37100,223400,5971607,299,5972359,44722,10466,1685,39,0,0,0,7600,0
1785951105.000301970,6572081,0,6572081,0,6571513,13300,94600,0,0,0,0,0,650620020,626369088,6572500,22834,148100,0,0,0,9537,0,0,0,0,6573584,47098,37000,223900,6574096,300,6574549,44710,10468,1685,39,0,0,0,7500,0
1785951106.033481163,7172445,0,7172445,0,7171941,13293,94800,0,0,0,0,0,650622805,626369813,7172869,22817,148300,0,0,0,9525,0,0,0,0,7173887,47048,37000,223800,7174340,299,7174741,44664,10465,1682,39,0,0,0,7500,0
1785951107.065287665,7760880,0,7760880,0,7760272,13314,95300,0,0,0,0,0,650625610,626370518,7761108,22855,149000,0,0,0,9542,0,0,0,0,7761971,47102,37100,224500,7762425,300,7762838,44712,10480,1683,39,0,0,0,7600,0
1785951108.098916934,8356798,0,8356798,0,8356176,13331,95800,0,0,0,0,0,650628416,626371214,8357004,22875,149400,0,0,0,9545,0,0,0,0,8357789,47124,37100,225200,8358200,300,8358551,44732,10495,1684,39,0,0,0,7600,0
1785951109.130316967,8957659,0,8957659,0,8957111,13325,95600,0,0,0,0,0,650631207,626371954,8957949,22860,149400,0,0,0,9536,0,0,0,0,8958736,47083,37100,225200,8959114,300,8959424,44692,10491,1684,39,0,0,0,7600,0
1785951110.163256290,9552796,0,9552796,0,9552197,13323,95500,0,0,0,0,0,650634001,626372706,9553046,22860,149400,0,0,0,9538,0,0,0,0,9553964,47077,37100,225200,9554371,299,9554711,44684,10489,1684,39,0,0,0,7600,0
1785951111.197774653,10152201,0,10152201,0,10151648,13324,95400,0,0,0,0,0,650636818,626373458,10152680,22861,149500,0,0,0,9538,0,0,0,0,10153932,47081,37100,225300,10154668,300,10155275,44688,10490,1684,39,0,0,0,7600,0
1785951112.227800134,10751571,0,10751571,0,10750946,13324,95300,0,0,0,0,0,650639610,626374218,10751700,22849,149500,0,0,0,9525,0,0,0,0,10752396,47052,37000,225300,10752783,299,10753150,44661,10490,1684,39,0,0,0,7600,0
1785951113.259969061,11340426,0,11340426,0,11339858,13338,95800,0,0,0,0,0,650642446,626374955,11340865,22871,150000,0,0,0,9534,0,0,0,0,11341700,47088,37100,225900,11342117,300,11342510,44693,10500,1686,39,0,0,0,7600,0
1785951114.294870158,11936360,0,11936360,0,11935874,13342,96100,0,0,0,0,0,650645277,626375701,11936689,22878,150400,0,0,0,9537,0,0,0,0,11937699,47097,37100,226300,11938223,299,11938653,44701,10501,1686,39,0,0,0,7600,0
1785951115.329547339,12537544,0,12537544,0,12537078,13342,96200,0,0,0,0,0,650648092,626376463,12538170,22875,150500,0,0,0,9534,0,0,0,0,12539532,47086,37000,226300,12540113,299,12540676,44692,10503,1686,39,0,0,0,7600,0
1785951116.362604129,13142569,0,13142569,0,13142062,13331,96100,0,0,0,0,0,650650907,626377236,13142995,22853,150400,0,0,0,9522,0,0,0,0,13143715,47043,37000,226200,13144023,299,13144277,44651,10492,1685,39,0,0,0,7500,0
1785951117.400098117,13743072,0,13743072,0,13742602,13326,96200,0,0,0,0,0,650653732,626378012,13743735,22841,150500,0,0,0,9517,0,0,0,0,13744972,47016,37000,226100,13745585,298,13746342,44626,10489,1684,39,0,0,0,7500,0
1785951118.439052425,14346347,0,14346347,0,14345939,13331,96300,0,0,0,0,0,650656582,626378778,14347309,22851,150700,0,0,0,9522,0,0,0,0,14349164,47033,37000,226300,14349846,298,14350469,44643,10494,1685,39,0,0,0,7500,0
1785951119.474077788,14936914,0,14936914,0,14936509,13350,96800,0,0,0,0,0,650659440,626379497,14937589,22885,151300,0,0,0,9536,0,0,0,0,14938471,47101,37000,227100,14938893,299,14939357,44707,10508,1686,39,0,0,0,7500,0
1785951120.507469701,15539013,0,15539013,0,15538482,13350,96900,0,0,0,0,0,650662265,626380264,15539639,22880,151400,0,0,0,9531,0,0,0,0,15540846,47084,37000,227100,15541349,299,15541875,44690,10509,1686,39,0,0,0,7500,0
1785951121.539192060,16136264,0,16136265,0,16135704,13350,96900,0,0,0,0,0,650665080,626381025,16136628,22877,151400,0,0,0,9528,0,0,0,0,16137674,47078,37000,227000,16138192,299,16138594,44685,10508,1686,39,0,0,0,7500,0
1785951122.575047759,16738741,0,16738741,0,16738164,13343,97000,0,0,0,0,0,650667891,626381791,16739163,22865,151400,0,0,0,9522,0,0,0,0,16740156,47054,37000,226700,16740782,299,16741303,44663,10504,1685,39,0,0,0,7500,0
1785951123.601860040,17203469,0,17203469,0,17202655,13341,97000,0,0,0,0,0,650670768,626383092,17202655,22859,151300,0,0,0,9517,0,0,0,0,17202726,47039,37000,226600,17202726,299,17202667,44648,10500,1684,39,0,0,0,7500,0
1785951124.625499621,17203469,0,17203469,0,17202655,13341,97000,0,0,0,0,0,650673831,626386117,17202655,22859,151300,0,0,0,9517,0,0,0,0,17202730,47040,37000,226600,17202730,299,17202667,44648,10500,1684,39,0,0,0,7500,0
1785951125.660383994,17203469,0,17203469,0,17202655,13341,97000,0,0,0,0,0,650676935,626389094,17202655,22859,151300,0,0,0,9517,0,0,0,0,17202733,47040,37000,226600,17202733,299,17202667,44648,10500,1684,39,0,0,0,7500,0
1785951126.693290696,17203469,0,17203469,0,17202655,13341,97000,0,0,0,0,0,650680032,626392186,17202655,22859,151300,0,0,0,9517,0,0,0,0,17202735,47041,37000,226600,17202735,299,17202667,44648,10500,1684,39,0,0,0,7500,0
1785951127.725553183,17203469,0,17203469,0,17202655,13341,97000,0,0,0,0,0,650683129,626395277,17202655,22859,151300,0,0,0,9517,0,0,0,0,17202737,47042,37000,226600,17202737,300,17202667,44648,10500,1684,39,0,0,0,7500,0
1785951128.758520243,17203469,0,17203469,0,17202655,13341,97000,0,0,0,0,0,650686228,626398370,17202655,22859,151300,0,0,0,9517,0,0,0,0,17202739,47042,37000,226600,17202739,300,17202667,44648,10500,1684,39,0,0,0,7500,0
1785951129.790576674,17203469,0,17203469,0,17202655,13341,97000,0,0,0,0,0,650689321,626401428,17202655,22859,151300,0,0,0,9517,0,0,0,0,17202741,47043,37000,226600,17202741,300,17202667,44648,10500,1684,39,0,0,0,7500,0
1785951130.823216229,17203469,0,17203469,0,17202655,13341,97000,0,0,0,0,0,650692418,626404459,17202655,22859,151300,0,0,0,9517,0,0,0,0,17202743,47043,37000,226600,17202743,300,17202667,44648,10500,1684,39,0,0,0,7500,0
1785951131.856546574,17203469,0,17203469,0,17202655,13341,97000,0,0,0,0,0,650695516,626407479,17202655,22859,151300,0,0,0,9517,0,0,0,0,17202745,47044,37000,226600,17202745,301,17202667,44648,10500,1684,39,0,0,0,7500,0
1785951132.889248217,17203469,0,17203469,0,17202655,13341,97000,0,0,0,0,0,650698613,626410572,17202655,22859,151300,0,0,0,9517,0,0,0,0,17202747,47045,37000,226600,17202747,301,17202667,44648,10500,1684,39,0,0,0,7500,0
1785951133.922367392,17203469,0,17203469,0,17202655,13341,97000,0,0,0,0,0,650701712,626413665,17202655,22859,151300,0,0,0,9517,0,0,0,0,17202749,47045,37000,226600,17202749,301,17202667,44648,10500,1684,39,0,0,0,7500,0
1785951134.954502119,17203469,0,17203469,0,17202655,13341,97000,0,0,0,0,0,650704811,626416735,17202655,22859,151300,0,0,0,9517,0,0,0,0,17202751,47046,37000,226600,17202751,302,17202667,44648,10500,1684,39,0,0,0,7500,0
1785951135.987298800,17203469,0,17203469,0,17202655,13341,97000,0,0,0,0,0,650707906,626419827,17202655,22859,151300,0,0,0,9517,0,0,0,0,17202753,47046,37000,226600,17202753,302,17202667,44648,10500,1684,39,0,0,0,7500,0
1785951137.018310644,17203469,0,17203469,0,17202655,13341,97000,0,0,0,0,0,650710997,626422803,17202655,22859,151300,0,0,0,9517,0,0,0,0,17202755,47047,37000,226600,17202755,302,17202667,44648,10500,1684,39,0,0,0,7500,0
1785951138.052168086,17203469,0,17203469,0,17202655,13341,97000,0,0,0,0,0,650714098,626425872,17202655,22859,151300,0,0,0,9517,0,0,0,0,17202757,47048,37000,226600,17202757,303,17202667,44648,10500,1684,39,0,0,0,7500,0
1785951139.082447982,17203469,0,17203469,0,17202655,13341,97000,0,0,0,0,0,650717188,626428953,17202655,22859,151300,0,0,0,9517,0,0,0,0,17202759,47048,37000,226600,17202759,303,17202667,44648,10500,1684,39,0,0,0,7500,0
1785951140.115239354,17203469,0,17203469,0,17202655,13341,97000,0,0,0,0,0,650720285,626432023,17202655,22859,151300,0,0,0,9517,0,0,0,0,17202761,47049,37000,226600,17202761,303,17202667,44648,10500,1684,39,0,0,0,7500,0
1785951141.147201413,17203469,0,17203469,0,17202655,13341,97000,0,0,0,0,0,650723382,626435115,17202655,22859,151300,0,0,0,9517,0,0,0,0,17202763,47049,37000,226600,17202763,303,17202667,44648,10500,1684,39,0,0,0,7500,0
1785951142.177359165,17203469,0,17203469,0,17202655,13341,97000,0,0,0,0,0,650726468,626438193,17202655,22859,151300,0,0,0,9517,0,0,0,0,17202765,47050,37000,226600,17202765,304,17202667,44648,10500,1684,39,0,0,0,7500,0
1785951143.209013462,17203469,0,17203469,0,17202655,13341,97000,0,0,0,0,0,650729562,626441152,17202655,22859,151300,0,0,0,9517,0,0,0,0,17202767,47050,37000,226600,17202767,304,17202667,44648,10500,1684,39,0,0,0,7500,0
1785951144.241012615,17203469,0,17203469,0,17202655,13341,97000,0,0,0,0,0,650732657,626444243,17202655,22859,151300,0,0,0,9517,0,0,0,0,17202769,47051,37000,226600,17202769,304,17202667,44648,10500,1684,39,0,0,0,7500,0
1785951145.274110881,17203469,0,17203469,0,17202655,13341,97000,0,0,0,0,0,650735756,626447282,17202655,22859,151300,0,0,0,9517,0,0,0,0,17202771,47051,37000,226600,17202771,304,17202667,44648,10500,1684,39,0,0,0,7500,0
1785951146.304117957,17203469,0,17203469,0,17202655,13341,97000,0,0,0,0,0,650738844,626450362,17202655,22859,151300,0,0,0,9517,0,0,0,0,17202774,47052,37000,226600,17202774,305,17202667,44648,10500,1684,39,0,0,0,7500,0
1785951147.337042263,17203469,0,17203469,0,17202655,13341,97000,0,0,0,0,0,650741942,626453425,17202655,22859,151300,0,0,0,9517,0,0,0,0,17202778,47053,37000,226600,17202778,305,17202667,44648,10500,1684,39,0,0,0,7500,0
1785951148.369854045,23588642,0,23588642,0,23590458,15262,91500,0,0,0,0,0,650744959,626454409,23599398,24001,144300,0,0,0,8744,0,0,0,0,23608279,82339,49600,438100,23616094,8058,23621771,72598,12235,1423,39,0,0,0,10000,0
1785951149.406672040,8377702,0,7552339,0,7547086,19302,64600,0,0,0,0,0,650747969,626455077,7557375,25562,92100,0,0,0,6283,0,0,0,0,7567537,168000,147300,698200,7572689,27367,7578305,139927,15946,679,37,0,0,0,14900,0
1785951150.433270452,16225267,0,15399903,0,15394300,19119,63600,0,0,0,0,0,650750954,626455753,15403247,25313,90400,0,0,0,6201,0,0,0,0,15411769,166161,146500,676400,15416126,27087,15420214,138369,15749,673,38,0,0,0,14800,0
1785951151.461584167,24069628,0,23244264,0,23238425,19109,63500,0,0,0,0,0,650753941,626456433,23247423,25305,90000,0,0,0,6200,0,0,0,0,23257119,166258,146600,678300,23262018,27069,23266518,138483,15729,673,37,0,0,0,14800,0
1785951152.490966787,31968809,0,31143445,0,31137842,19104,63400,0,0,0,0,0,650756932,626457106,31148803,25286,89500,0,0,0,6186,0,0,0,0,31159503,166109,146700,673100,31165043,27035,31170486,138368,15717,673,37,0,0,0,14800,0
1785951153.521435656,39842544,0,39017180,0,39011888,19096,63400,0,0,0,0,0,650759940,626457782,39022515,25279,89400,0,0,0,6187,0,0,0,0,39034538,166128,146700,672100,39042381,27005,39048276,138415,15706,673,37,0,0,0,14800,0
1785951154.549554831,47544633,0,46719269,0,46713320,19153,63600,0,0,0,0,0,650762942,626458422,46723321,25360,89900,0,0,0,6209,0,0,0,0,46733560,166746,147100,676700,46738864,27090,46744533,138945,15749,675,37,0,0,0,14800,0
1785951155.575226302,55345833,0,54520469,0,54515048,19170,63700,0,0,0,0,0,650765931,626459046,54524168,25386,90000,0,0,0,6217,0,0,0,0,54533562,166964,147400,677600,54538556,27101,54543638,139153,15762,675,37,0,0,0,14800,0
1785951156.606030174,63235380,0,62410016,0,62405037,19136,63500,0,0,0,0,0,650768934,626459722,62415781,25343,89800,0,0,0,6209,0,0,0,0,62427550,166699,147300,674000,62433032,27043,62438283,138947,15733,674,37,0,0,0,14800,0
1785951157.637450972,71122991,0,70297627,0,70292472,19122,63400,0,0,0,0,0,650771926,626460398,70305643,25326,89600,0,0,0,6205,0,0,0,0,70318299,166530,147200,671900,70324711,27020,70330248,138801,15721,674,37,0,0,0,14800,0
1785951158.665698258,79005874,0,78180510,0,78174611,19112,63400,0,0,0,0,0,650774929,626461073,78182946,25313,89500,0,0,0,6201,0,0,0,0,78191728,166425,147200,670600,78196224,27006,78200598,138711,15710,673,37,0,0,0,14800,0
1785951159.696462211,86887976,0,86062612,0,86057197,19100,63300,0,0,0,0,0,650777938,626461748,86069828,25296,89400,0,0,0,6197,0,0,0,0,86080803,166308,147100,668500,86091844,26984,86096727,138616,15701,673,37,0,0,0,14800,0
1785951160.729465153,94351719,0,93526355,0,93521784,19140,63500,0,0,0,0,0,650780994,626462424,93537991,25351,89800,0,0,0,6213,0,0,0,0,93552353,166732,147300,674300,93557096,27055,93561907,138967,15736,673,37,0,0,0,14800,0
1785951161.759807403,102022100,0,101196736,0,101191537,19149,63500,0,0,0,0,0,650784030,626463127,101202221,25365,89800,0,0,0,6217,0,0,0,0,101212449,166799,147400,673600,101217997,27068,101226699,139021,15743,674,37,0,0,0,14800,0
1785951162.789632687,109868286,0,109042922,0,109037207,19135,63500,0,0,0,0,0,650787025,626463812,109045982,25347,89700,0,0,0,6212,0,0,0,0,109055367,166657,147300,672600,109060814,27045,109065940,138904,15729,673,37,0,0,0,14800,0
1785951163.816708647,117785659,0,116960295,0,116954546,19128,63400,0,0,0,0,0,650790018,626464477,116963576,25335,89600,0,0,0,6207,0,0,0,0,116972949,166582,147300,671800,116977859,27026,116983350,138848,15723,673,38,0,0,0,14800,0
1785951164.845930225,125592595,0,124767231,0,124761559,19133,63500,0,0,0,0,0,650793022,626465139,124772440,25341,89600,0,0,0,6209,0,0,0,0,124786135,166620,147300,672000,124791580,27034,124796573,138877,15728,673,38,0,0,0,14800,0
1785951165.874372094,133400963,0,132575599,0,132569752,19132,63500,0,0,0,0,0,650796036,626465799,132583985,25341,89600,0,0,0,6208,0,0,0,0,132592135,166600,147400,671900,132596601,27030,132600907,138864,15727,673,38,0,0,0,14800,0
1785951166.905161105,140994483,0,140169119,0,140163394,19152,63500,0,0,0,0,0,650799059,626466449,140174712,25369,89800,0,0,0,6217,0,0,0,0,140186725,166823,147500,674900,140196776,27063,140202585,139050,15746,674,38,0,0,0,14800,0
1785951167.933473639,148811968,0,147986604,0,147980422,19150,63500,0,0,0,0,0,650802067,626467132,147989941,25365,89800,0,0,0,6215,0,0,0,0,147999482,166789,147400,674400,148004425,27061,148009412,139017,15742,673,38,0,0,0,14800,0
1785951168.963228699,156600172,0,155774808,0,155769757,19145,63500,0,0,0,0,0,650805084,626467821,155779616,25358,89700,0,0,0,6213,0,0,0,0,155791047,166726,147400,674100,155798728,27048,155804261,138968,15739,673,38,0,0,0,14800,0
1785951169.994349097,164433343,0,163607980,0,163602730,19142,63500,0,0,0,0,0,650808096,626468500,163613634,25353,89700,0,0,0,6211,0,0,0,0,163626041,166678,147400,673200,163632935,27045,163643350,138923,15737,673,38,0,0,0,14800,0
1785951171.021422643,172268400,0,171443036,0,171437594,19140,63400,0,0,0,0,0,650811098,626469175,171446888,25348,89600,0,0,0,6208,0,0,0,0,171457012,166621,147400,672700,171462722,27037,171467854,138875,15734,673,38,0,0,0,14800,0
1785951172.051590281,179908890,0,179083526,0,179078125,19148,63500,0,0,0,0,0,650814126,626469855,179090739,25359,89700,0,0,0,6211,0,0,0,0,179100212,166682,147400,673800,179105863,27050,179112103,138923,15742,673,38,0,0,0,14800,0
1785951173.081229748,187499067,0,186673703,0,186667755,19158,63500,0,0,0,0,0,650817151,626470526,186676533,25373,89800,0,0,0,6214,0,0,0,0,186686551,166770,147400,675100,186691941,27066,186697078,138994,15751,673,38,0,0,0,14800,0
1785951174.109593050,195329464,0,194504100,0,194498753,19154,63500,0,0,0,0,0,650820168,626471201,194509100,25368,89800,0,0,0,6213,0,0,0,0,194519546,166723,147400,674500,194525312,27059,194529723,138954,15749,673,38,0,0,0,14800,0
1785951175.137823232,203127391,0,202302027,0,202296518,19150,63500,0,0,0,0,0,650823192,626471888,202307494,25364,89800,0,0,0,6213,0,0,0,0,202317759,166699,147400,674400,202323680,27053,202328749,138936,15745,673,38,0,0,0,14800,0
1785951176.167737420,210891086,0,210065722,0,210060758,19149,63500,0,0,0,0,0,650826212,626472570,210071205,25361,89800,0,0,0,6212,0,0,0,0,210082149,166673,147400,674500,210090512,27049,210094998,138914,15744,673,38,0,0,0,14800,0
1785951177.196609074,218696499,0,217871135,0,217866814,19149,63500,0,0,0,0,0,650829246,626473260,217877322,25360,89800,0,0,0,6211,0,0,0,0,217889705,166655,147300,673800,217894685,27047,217898806,138897,15743,673,38,0,0,0,14800,0
1785951178.224895320,220711067,0,219885703,0,219877440,19148,63500,0,0,0,0,0,650832311,626475634,219877440,25359,89800,0,0,0,6210,0,0,0,0,219878347,166647,147300,673700,219878348,27045,219878230,138892,15740,673,38,0,0,0,14800,0
1785951179.257716790,220711067,0,219885703,0,219877440,19148,63500,0,0,0,0,0,650835407,626478702,219877440,25359,89800,0,0,0,6210,0,0,0,0,219878351,166647,147300,673700,219878352,27045,219878230,138892,15740,673,38,0,0,0,14800,0
1785951180.288461791,220711067,0,219885703,0,219877440,19148,63500,0,0,0,0,0,650838500,626481788,219877440,25359,89800,0,0,0,6210,0,0,0,0,219878355,166647,147300,673700,219878356,27045,219878230,138892,15740,673,38,0,0,0,14800,0
1785951181.322773540,220711067,0,219885703,0,219877440,19148,63500,0,0,0,0,0,650841603,626484885,219877440,25359,89800,0,0,0,6210,0,0,0,0,219878358,166647,147300,673700,219878359,27045,219878230,138892,15740,673,38,0,0,0,14800,0
1785951182.353495362,220711067,0,219885703,0,219877440,19148,63500,0,0,0,0,0,650844696,626487973,219877440,25359,89800,0,0,0,6210,0,0,0,0,219878360,166647,147300,673700,219878361,27045,219878230,138892,15740,673,38,0,0,0,14800,0
1785951183.379845405,220711067,0,219885703,0,219877440,19148,63500,0,0,0,0,0,650847778,626491044,219877440,25359,89800,0,0,0,6210,0,0,0,0,219878362,166647,147300,673700,219878363,27045,219878230,138892,15740,673,38,0,0,0,14800,0
1785951184.406079552,220711067,0,219885703,0,219877440,19148,63500,0,0,0,0,0,650850851,626493967,219877440,25359,89800,0,0,0,6210,0,0,0,0,219878364,166647,147300,673700,219878365,27045,219878230,138892,15740,673,38,0,0,0,14800,0
1785951185.437199228,220711067,0,219885703,0,219877440,19148,63500,0,0,0,0,0,650853944,626497055,219877440,25359,89800,0,0,0,6210,0,0,0,0,219878366,166647,147300,673700,219878367,27045,219878230,138892,15740,673,38,0,0,0,14800,0
1785951186.466765507,220711067,0,219885703,0,219877440,19148,63500,0,0,0,0,0,650857033,626500114,219877440,25359,89800,0,0,0,6210,0,0,0,0,219878368,166647,147300,673700,219878369,27045,219878230,138892,15740,673,38,0,0,0,14800,0
1785951187.494581749,220711067,0,219885703,0,219877440,19148,63500,0,0,0,0,0,650860116,626503192,219877440,25359,89800,0,0,0,6210,0,0,0,0,219878370,166647,147300,673700,219878371,27045,219878230,138892,15740,673,38,0,0,0,14800,0
1785951188.521840323,220711067,0,219885703,0,219877440,19148,63500,0,0,0,0,0,650863196,626506268,219877440,25359,89800,0,0,0,6210,0,0,0,0,219878372,166647,147300,673700,219878373,27045,219878230,138892,15740,673,38,0,0,0,14800,0
1785951189.551485991,220711067,0,219885703,0,219877440,19148,63500,0,0,0,0,0,650866283,626509302,219877440,25359,89800,0,0,0,6210,0,0,0,0,219878374,166648,147300,673700,219878375,27045,219878230,138892,15740,673,38,0,0,0,14800,0
1785951190.583325889,220711067,0,219885703,0,219877440,19148,63500,0,0,0,0,0,650869380,626512307,219877440,25359,89800,0,0,0,6210,0,0,0,0,219878376,166648,147300,673700,219878377,27045,219878230,138892,15740,673,38,0,0,0,14800,0
1785951191.615359248,220711067,0,219885703,0,219877440,19148,63500,0,0,0,0,0,650872477,626515397,219877440,25359,89800,0,0,0,6210,0,0,0,0,219878378,166648,147300,673700,219878379,27045,219878230,138892,15740,673,38,0,0,0,14800,0
1785951192.648321962,220711067,0,219885703,0,219877440,19148,63500,0,0,0,0,0,650875572,626518488,219877440,25359,89800,0,0,0,6210,0,0,0,0,219878380,166648,147300,673700,219878381,27045,219878230,138892,15740,673,38,0,0,0,14800,0
1785951193.679860529,220711067,0,219885703,0,219877440,19148,63500,0,0,0,0,0,650878667,626521578,219877440,25359,89800,0,0,0,6210,0,0,0,0,219878382,166648,147300,673700,219878383,27045,219878230,138892,15740,673,38,0,0,0,14800,0
1785951194.710920072,220711067,0,219885703,0,219877440,19148,63500,0,0,0,0,0,650881760,626524665,219877440,25359,89800,0,0,0,6210,0,0,0,0,219878384,166648,147300,673700,219878385,27045,219878230,138892,15740,673,38,0,0,0,14800,0
1785951195.741084222,220711067,0,219885703,0,219877440,19148,63500,0,0,0,0,0,650884851,626527654,219877440,25359,89800,0,0,0,6210,0,0,0,0,219878386,166648,147300,673700,219878387,27045,219878230,138892,15740,673,38,0,0,0,14800,0
1785951196.774246614,220711067,0,219885703,0,219877440,19148,63500,0,0,0,0,0,650887946,626530679,219877440,25359,89800,0,0,0,6210,0,0,0,0,219878388,166648,147300,673700,219878389,27045,219878230,138892,15740,673,38,0,0,0,14800,0
1785951197.803720136,220711067,0,219885703,0,219877440,19148,63500,0,0,0,0,0,650891039,626533766,219877440,25359,89800,0,0,0,6210,0,0,0,0,219878390,166648,147300,673700,219878391,27045,219878230,138892,15740,673,38,0,0,0,14800,0
1785951198.830833257,220711067,0,219885703,0,219877440,19148,63500,0,0,0,0,0,650894116,626536838,219877440,25359,89800,0,0,0,6210,0,0,0,0,219878392,166648,147300,673700,219878393,27045,219878230,138892,15740,673,38,0,0,0,14800,0
1785951199.863082613,220711067,0,219885703,0,219877440,19148,63500,0,0,0,0,0,650897213,626539930,219877440,25359,89800,0,0,0,6210,0,0,0,0,219878394,166648,147300,673700,219878395,27045,219878230,138892,15740,673,38,0,0,0,14800,0
1785951200.896462804,220711067,0,219885703,0,219877440,19148,63500,0,0,0,0,0,650900312,626543024,219877440,25359,89800,0,0,0,6210,0,0,0,0,219878396,166648,147300,673700,219878397,27045,219878230,138892,15740,673,38,0,0,0,14800,0
1785951201.929081985,220711067,0,219885703,0,219877440,19148,63500,0,0,0,0,0,650903407,626545981,219877440,25359,89800,0,0,0,6210,0,0,0,0,219878398,166648,147300,673700,219878399,27046,219878230,138892,15740,673,38,0,0,0,14800,0
1785951202.961232357,220711067,0,219885703,0,219877440,19148,63500,0,0,0,0,0,650906503,626549072,219877440,25359,89800,0,0,0,6210,0,0,0,0,219878400,166648,147300,673700,219878401,27046,219878230,138892,15740,673,38,0,0,0,14800,0
1785951203.994832567,220711067,0,219885703,0,219877440,19148,63500,0,0,0,0,0,650909602,626552164,219877440,25359,89800,0,0,0,6210,0,0,0,0,219878402,166648,147300,673700,219878403,27046,219878230,138892,15740,673,38,0,0,0,14800,0
1785951205.026438540,220711067,0,219885703,0,219877440,19148,63500,0,0,0,0,0,650912697,626555255,219877440,25359,89800,0,0,0,6210,0,0,0,0,219878404,166648,147300,673700,219878405,27046,219878230,138892,15740,673,38,0,0,0,14800,0
1785951206.054833189,220711067,0,219885703,0,219877440,19148,63500,0,0,0,0,0,650915788,626558339,219877440,25359,89800,0,0,0,6210,0,0,0,0,219878406,166648,147300,673700,219878407,27046,219878230,138892,15740,673,38,0,0,0,14800,0
1785951207.084364506,220711067,0,219885703,0,219877440,19148,63500,0,0,0,0,0,650918874,626561366,219877440,25359,89800,0,0,0,6210,0,0,0,0,219878408,166648,147300,673700,219878409,27046,219878230,138892,15740,673,38,0,0,0,14800,0
1785951208.115022823,220711067,0,219885703,0,219877440,19148,63500,0,0,0,0,0,650921960,626564254,219877440,25359,89800,0,0,0,6210,0,0,0,0,219878410,166648,147300,673700,219878411,27046,219878230,138892,15740,673,38,0,0,0,14800,0
1785951209.145489974,220711067,0,219885703,0,219877440,19148,63500,0,0,0,0,0,650925056,626567343,219877440,25359,89800,0,0,0,6210,0,0,0,0,219878412,166648,147300,673700,219878413,27046,219878230,138892,15740,673,38,0,0,0,14800,0
1785951210.176967747,220711067,0,219885703,0,219877440,19148,63500,0,0,0,0,0,650928144,626570404,219877440,25359,89800,0,0,0,6210,0,0,0,0,219878414,166648,147300,673700,219878415,27046,219878230,138892,15740,673,38,0,0,0,14800,0
1785951211.208651515,220711067,0,219885703,0,219877440,19148,63500,0,0,0,0,0,650931239,626573493,219877440,25359,89800,0,0,0,6210,0,0,0,0,219878416,166648,147300,673700,219878417,27046,219878230,138892,15740,673,38,0,0,0,14800,0
1785951212.239242331,220711067,0,219885703,0,219877440,19148,63500,0,0,0,0,0,650934332,626576582,219877440,25359,89800,0,0,0,6210,0,0,0,0,219878418,166649,147300,673700,219878419,27046,219878230,138892,15740,673,38,0,0,0,14800,0
1785951213.269109082,220711067,0,219885703,0,219877440,19148,63500,0,0,0,0,0,650937417,626579645,219877440,25359,89800,0,0,0,6210,0,0,0,0,219878420,166649,147300,673700,219878421,27046,219878230,138892,15740,673,38,0,0,0,14800,0
1785951214.301510463,220711067,0,219885703,0,219877440,19148,63500,0,0,0,0,0,650940516,626582620,219877440,25359,89800,0,0,0,6210,0,0,0,0,219878422,166649,147300,673700,219878423,27046,219878230,138892,15740,673,38,0,0,0,14800,0
1785951215.333812751,220711067,0,219885703,0,219877440,19148,63500,0,0,0,0,0,650943611,626585710,219877440,25359,89800,0,0,0,6210,0,0,0,0,219878424,166649,147300,673700,219878425,27046,219878230,138892,15740,673,38,0,0,0,14800,0
1785951216.366546169,220711067,0,219885703,0,219877440,19148,63500,0,0,0,0,0,650946709,626588801,219877440,25359,89800,0,0,0,6210,0,0,0,0,219878426,166649,147300,673700,219878427,27046,219878230,138892,15740,673,38,0,0,0,14800,0
1785951217.398936003,220711067,0,219885703,0,219877440,19148,63500,0,0,0,0,0,650949806,626591886,219877440,25359,89800,0,0,0,6210,0,0,0,0,219878428,166649,147300,673700,219878429,27046,219878230,138892,15740,673,38,0,0,0,14800,0
1785951218.430413191,220711067,0,219885703,0,219877440,19148,63500,0,0,0,0,0,650952902,626594959,219877440,25359,89800,0,0,0,6210,0,0,0,0,219878430,166649,147300,673700,219878431,27046,219878230,138892,15740,673,38,0,0,0,14800,0
1785951219.463704940,220711067,0,219885703,0,219877440,19148,63500,0,0,0,0,0,650956003,626597993,219877440,25359,89800,0,0,0,6210,0,0,0,0,219878432,166649,147300,673700,219878433,27046,219878230,138892,15740,673,38,0,0,0,14800,0
1785951220.495634705,220711067,0,219885703,0,219877440,19148,63500,0,0,0,0,0,650959093,626601002,219877440,25359,89800,0,0,0,6210,0,0,0,0,219878434,166649,147300,673700,219878435,27046,219878230,138892,15740,673,38,0,0,0,14800,0
1785951221.527869218,220711067,0,219885703,0,219877440,19148,63500,0,0,0,0,0,650962190,626604093,219877440,25359,89800,0,0,0,6210,0,0,0,0,219878436,166649,147300,673700,219878437,27046,219878230,138892,15740,673,38,0,0,0,14800,0
1785951222.559242098,220711067,0,219885703,0,219877440,19148,63500,0,0,0,0,0,650965283,626607181,219877440,25359,89800,0,0,0,6210,0,0,0,0,219878438,166649,147300,673700,219878439,27046,219878230,138892,15740,673,38,0,0,0,14800,0
1785951223.586948875,220711067,0,219885703,0,219877440,19148,63500,0,0,0,0,0,650968365,626610259,219877440,25359,89800,0,0,0,6210,0,0,0,0,219878440,166649,147300,673700,219878441,27046,219878230,138892,15740,673,38,0,0,0,14800,0
1785951224.620837522,220711067,0,219885703,0,219877440,19148,63500,0,0,0,0,0,650971467,626613354,219877440,25359,89800,0,0,0,6210,0,0,0,0,219878442,166649,147300,673700,219878443,27046,219878230,138892,15740,673,38,0,0,0,14800,0
1785951225.652115130,220711067,0,219885703,0,219877440,19148,63500,0,0,0,0,0,650974559,626616342,219877440,25359,89800,0,0,0,6210,0,0,0,0,219878444,166649,147300,673700,219878445,27046,219878230,138892,15740,673,38,0,0,0,14800,0
1785951226.684735949,220711067,0,219885703,0,219877440,19148,63500,0,0,0,0,0,650977654,626619396,219877440,25359,89800,0,0,0,6210,0,0,0,0,219878446,166649,147300,673700,219878447,27046,219878230,138892,15740,673,38,0,0,0,14800,0
1785951227.716441331,220711067,0,219885703,0,219877440,19148,63500,0,0,0,0,0,650980749,626622477,219877440,25359,89800,0,0,0,6210,0,0,0,0,219878448,166649,147300,673700,219878449,27046,219878230,138892,15740,673,38,0,0,0,14800,0
1785951228.748859200,220711067,0,219885703,0,219877440,19148,63500,0,0,0,0,0,650983845,626625552,219877440,25359,89800,0,0,0,6210,0,0,0,0,219878450,166649,147300,673700,219878451,27046,219878230,138892,15740,673,38,0,0,0,14800,0
1785951229.781067834,220711067,0,219885703,0,219877440,19148,63500,0,0,0,0,0,650986943,626628643,219877440,25359,89800,0,0,0,6210,0,0,0,0,219878452,166649,147300,673700,219878453,27046,219878230,138892,15740,673,38,0,0,0,14800,0
1785951230.815179504,220711067,0,219885703,0,219877440,19148,63500,0,0,0,0,0,650990046,626631739,219877440,25359,89800,0,0,0,6210,0,0,0,0,219878454,166649,147300,673700,219878455,27046,219878230,138892,15740,673,38,0,0,0,14800,0
1785951231.843167195,220711067,0,219885703,0,219877440,19148,63500,0,0,0,0,0,650993126,626634681,219877440,25359,89800,0,0,0,6210,0,0,0,0,219878456,166649,147300,673700,219878457,27046,219878230,138892,15740,673,38,0,0,0,14800,0
1785951232.876044784,220711067,0,219885703,0,219877440,19148,63500,0,0,0,0,0,650996224,626637773,219877440,25359,89800,0,0,0,6210,0,0,0,0,219878458,166649,147300,673700,219878459,27046,219878230,138892,15740,673,38,0,0,0,14800,0
1785951233.908462691,220711067,0,219885703,0,219877440,19148,63500,0,0,0,0,0,650999319,626640864,219877440,25359,89800,0,0,0,6210,0,0,0,0,219878460,166649,147300,673700,219878461,27046,219878230,138892,15740,673,38,0,0,0,14800,0
1785951234.940520308,220711067,0,219885703,0,219877440,19148,63500,0,0,0,0,0,651002415,626643954,219877440,25359,89800,0,0,0,6210,0,0,0,0,219878462,166650,147300,673700,219878463,27046,219878230,138892,15740,673,38,0,0,0,14800,0
1785951235.972728467,220711067,0,219885703,0,219877440,19148,63500,0,0,0,0,0,651005512,626647044,219877440,25359,89800,0,0,0,6210,0,0,0,0,219878464,166650,147300,673700,219878465,27046,219878230,138892,15740,673,38,0,0,0,14800,0
1785951237.003313603,220711067,0,219885703,0,219877440,19148,63500,0,0,0,0,0,651008602,626650087,219877440,25359,89800,0,0,0,6210,0,0,0,0,219878466,166650,147300,673700,219878467,27046,219878230,138892,15740,673,38,0,0,0,14800,0
1785951238.035460505,220711067,0,219885703,0,219877440,19148,63500,0,0,0,0,0,651011692,626653072,219877440,25359,89800,0,0,0,6210,0,0,0,0,219878468,166650,147300,673700,219878469,27046,219878230,138892,15740,673,38,0,0,0,14800,0
1785951239.066118894,220711067,0,219885703,0,219877440,19148,63500,0,0,0,0,0,651014786,626656146,219877440,25359,89800,0,0,0,6210,0,0,0,0,219878470,166650,147300,673700,219878471,27046,219878230,138892,15740,673,38,0,0,0,14800,0
1785951240.093635776,220711067,0,219885703,0,219877440,19148,63500,0,0,0,0,0,651017868,626659223,219877440,25359,89800,0,0,0,6210,0,0,0,0,219878472,166650,147300,673700,219878473,27046,219878230,138892,15740,673,38,0,0,0,14800,0
1785951241.125968920,220711067,0,219885703,0,219877440,19148,63500,0,0,0,0,0,651020963,626662313,219877440,25359,89800,0,0,0,6210,0,0,0,0,219878474,166650,147300,673700,219878475,27046,219878230,138892,15740,673,38,0,0,0,14800,0
1785951242.156454021,220711067,0,219885703,0,219877440,19148,63500,0,0,0,0,0,651024054,626665399,219877440,25359,89800,0,0,0,6210,0,0,0,0,219878476,166650,147300,673700,219878477,27046,219878230,138892,15740,673,38,0,0,0,14800,0
1785951243.187904458,220711067,0,219885703,0,219877440,19148,63500,0,0,0,0,0,651027147,626668399,219877440,25359,89800,0,0,0,6210,0,0,0,0,219878478,166650,147300,673700,219878479,27046,219878230,138892,15740,673,38,0,0,0,14800,0
1785951244.220931582,220711067,0,219885703,0,219877440,19148,63500,0,0,0,0,0,651030241,626671441,219877440,25359,89800,0,0,0,6210,0,0,0,0,219878480,166650,147300,673700,219878481,27046,219878230,138892,15740,673,38,0,0,0,14800,0
1785951245.250494537,220711067,0,219885703,0,219877440,19148,63500,0,0,0,0,0,651033337,626674528,219877440,25359,89800,0,0,0,6210,0,0,0,0,219878482,166650,147300,673700,219878483,27046,219878230,138892,15740,673,38,0,0,0,14800,0
1785951246.282746657,220711067,0,219885703,0,219877440,19148,63500,0,0,0,0,0,651036428,626677615,219877440,25359,89800,0,0,0,6210,0,0,0,0,219878484,166650,147300,673700,219878485,27046,219878230,138892,15740,673,38,0,0,0,14800,0
1785951247.316206800,220711067,0,219885703,0,219877440,19148,63500,0,0,0,0,0,651039529,626680710,219877440,25359,89800,0,0,0,6210,0,0,0,0,219878486,166650,147300,673700,219878487,27047,219878230,138892,15740,673,38,0,0,0,14800,0
1785951248.347738154,220711067,0,219885703,0,219877440,19148,63500,0,0,0,0,0,651042621,626683785,219877440,25359,89800,0,0,0,6210,0,0,0,0,219878488,166650,147300,673700,219878489,27047,219878230,138892,15740,673,38,0,0,0,14800,0
1785951249.384346776,220711067,0,219885703,0,219877440,19148,63500,0,0,0,0,0,651045731,626686749,219877440,25359,89800,0,0,0,6210,0,0,0,0,219878490,166650,147300,673700,219878491,27047,219878230,138892,15740,673,38,0,0,0,14800,0
1785951250.416219947,220711067,0,219885703,0,219877440,19148,63500,0,0,0,0,0,651048829,626689831,219877440,25359,89800,0,0,0,6210,0,0,0,0,219878492,166650,147300,673700,219878493,27047,219878230,138892,15740,673,38,0,0,0,14800,0
1785951251.445790275,220711067,0,219885703,0,219877440,19148,63500,0,0,0,0,0,651051918,626692916,219877440,25359,89800,0,0,0,6210,0,0,0,0,219878494,166650,147300,673700,219878495,27047,219878230,138892,15740,673,38,0,0,0,14800,0
1785951252.474881094,220711067,0,219885703,0,219877440,19148,63500,0,0,0,0,0,651055000,626695993,219877440,25359,89800,0,0,0,6210,0,0,0,0,219878496,166650,147300,673700,219878497,27047,219878230,138892,15740,673,38,0,0,0,14800,0
1785951253.505829977,220711067,0,219885703,0,219877440,19148,63500,0,0,0,0,0,651058093,626699079,219877440,25359,89800,0,0,0,6210,0,0,0,0,219878498,166650,147300,673700,219878499,27047,219878230,138892,15740,673,38,0,0,0,14800,0
1785951254.541283554,220711067,0,219885703,0,219877440,19148,63500,0,0,0,0,0,651061197,626702171,219877440,25359,89800,0,0,0,6210,0,0,0,0,219878500,166650,147300,673700,219878501,27047,219878230,138892,15740,673,38,0,0,0,14800,0
1785951255.572610426,220711067,0,219885703,0,219877440,19148,63500,0,0,0,0,0,651064295,626705105,219877440,25359,89800,0,0,0,6210,0,0,0,0,219878502,166650,147300,673700,219878503,27047,219878230,138892,15740,673,38,0,0,0,14800,0
1785951256.606055457,220711067,0,219885703,0,219877440,19148,63500,0,0,0,0,0,651067394,626708198,219877440,25359,89800,0,0,0,6210,0,0,0,0,219878504,166650,147300,673700,219878505,27047,219878230,138892,15740,673,38,0,0,0,14800,0
1785951257.640632656,220711067,0,219885703,0,219877440,19148,63500,0,0,0,0,0,651070498,626711296,219877440,25359,89800,0,0,0,6210,0,0,0,0,219878506,166651,147300,673700,219878507,27047,219878230,138892,15740,673,38,0,0,0,14800,0
1785951258.672336185,220711067,0,219885703,0,219877440,19148,63500,0,0,0,0,0,651073592,626714370,219877440,25359,89800,0,0,0,6210,0,0,0,0,219878508,166651,147300,673700,219878509,27047,219878230,138892,15740,673,38,0,0,0,14800,0
1785951259.705950990,220711067,0,219885703,0,219877440,19148,63500,0,0,0,0,0,651076692,626717455,219877440,25359,89800,0,0,0,6210,0,0,0,0,219878510,166651,147300,673700,219878511,27047,219878230,138892,15740,673,38,0,0,0,14800,0
1785951260.737044633,220711067,0,219885703,0,219877440,19148,63500,0,0,0,0,0,651079783,626720494,219877440,25359,89800,0,0,0,6210,0,0,0,0,219878512,166651,147300,673700,219878513,27047,219878230,138892,15740,673,38,0,0,0,14800,0
1785951261.764933569,220711067,0,219885703,0,219877440,19148,63500,0,0,0,0,0,651082866,626723492,219877440,25359,89800,0,0,0,6210,0,0,0,0,219878514,166651,147300,673700,219878515,27047,219878230,138892,15740,673,38,0,0,0,14800,0
1785951262.797714714,220711067,0,219885703,0,219877440,19148,63500,0,0,0,0,0,651085963,626726584,219877440,25359,89800,0,0,0,6210,0,0,0,0,219878516,166651,147300,673700,219878517,27047,219878230,138892,15740,673,38,0,0,0,14800,0
1785951263.829727866,220711067,0,219885703,0,219877440,19148,63500,0,0,0,0,0,651089059,626729674,219877440,25359,89800,0,0,0,6210,0,0,0,0,219878518,166651,147300,673700,219878519,27047,219878230,138892,15740,673,38,0,0,0,14800,0
1785951264.860833548,220711067,0,219885703,0,219877440,19148,63500,0,0,0,0,0,651092152,626732761,219877440,25359,89800,0,0,0,6210,0,0,0,0,219878520,166651,147300,673700,219878521,27047,219878230,138892,15740,673,38,0,0,0,14800,0
1785951265.891501903,220711067,0,219885703,0,219877440,19148,63500,0,0,0,0,0,651095246,626735849,219877440,25359,89800,0,0,0,6210,0,0,0,0,219878522,166651,147300,673700,219878523,27047,219878230,138892,15740,673,38,0,0,0,14800,0
1785951266.923192563,220711067,0,219885703,0,219877440,19148,63500,0,0,0,0,0,651098338,626738835,219877440,25359,89800,0,0,0,6210,0,0,0,0,219878524,166651,147300,673700,219878525,27047,219878230,138892,15740,673,38,0,0,0,14800,0
1785951267.955281889,220711067,0,219885703,0,219877440,19148,63500,0,0,0,0,0,651101434,626741890,219877440,25359,89800,0,0,0,6210,0,0,0,0,219878526,166651,147300,673700,219878527,27047,219878230,138892,15740,673,38,0,0,0,14800,0
1785951268.987020701,220711067,0,219885703,0,219877440,19148,63500,0,0,0,0,0,651104528,626744964,219877440,25359,89800,0,0,0,6210,0,0,0,0,219878528,166651,147300,673700,219878529,27047,219878230,138892,15740,673,38,0,0,0,14800,0
1785951270.016133994,220711067,0,219885703,0,219877440,19148,63500,0,0,0,0,0,651107619,626748008,219877440,25359,89800,0,0,0,6210,0,0,0,0,219878530,166651,147300,673700,219878531,27047,219878230,138892,15740,673,38,0,0,0,14800,0
1785951271.049185726,220711067,0,219885703,0,219877440,19148,63500,0,0,0,0,0,651110713,626751097,219877440,25359,89800,0,0,0,6210,0,0,0,0,219878532,166651,147300,673700,219878533,27047,219878230,138892,15740,673,38,0,0,0,14800,0
1785951272.081276012,220711067,0,219885703,0,219877440,19148,63500,0,0,0,0,0,651113809,626754186,219877440,25359,89800,0,0,0,6210,0,0,0,0,219878534,166651,147300,673700,219878535,27047,219878230,138892,15740,673,38,0,0,0,14800,0
1785951273.113137611,220711067,0,219885703,0,219877440,19148,63500,0,0,0,0,0,651116904,626757138,219877440,25359,89800,0,0,0,6210,0,0,0,0,219878536,166651,147300,673700,219878537,27047,219878230,138892,15740,673,38,0,0,0,14800,0
1785951274.145950786,220711067,0,219885703,0,219877440,19148,63500,0,0,0,0,0,651119999,626760229,219877440,25359,89800,0,0,0,6210,0,0,0,0,219878538,166651,147300,673700,219878539,27047,219878230,138892,15740,673,38,0,0,0,14800,0
1785951275.178806463,220711067,0,219885703,0,219877440,19148,63500,0,0,0,0,0,651123096,626763321,219877440,25359,89800,0,0,0,6210,0,0,0,0,219878540,166651,147300,673700,219878541,27047,219878230,138892,15740,673,38,0,0,0,14800,0
1785951276.210153417,220711067,0,219885703,0,219877440,19148,63500,0,0,0,0,0,651126191,626766409,219877440,25359,89800,0,0,0,6210,0,0,0,0,219878542,166651,147300,673700,219878543,27047,219878230,138892,15740,673,38,0,0,0,14800,0
1785951277.241563093,220711067,0,219885703,0,219877440,19148,63500,0,0,0,0,0,651129284,626769496,219877440,25359,89800,0,0,0,6210,0,0,0,0,219878544,166651,147300,673700,219878545,27047,219878230,138892,15740,673,38,0,0,0,14800,0
1785951278.275142228,220711067,0,219885703,0,219877440,19148,63500,0,0,0,0,0,651132386,626772553,219877440,25359,89800,0,0,0,6210,0,0,0,0,219878546,166651,147300,673700,219878547,27047,219878230,138892,15740,673,38,0,0,0,14800,0
1785951279.307358988,220711067,0,219885703,0,219877440,19148,63500,0,0,0,0,0,651135486,626775542,219877440,25359,89800,0,0,0,6210,0,0,0,0,219878548,166651,147300,673700,219878549,27047,219878230,138892,15740,673,38,0,0,0,14800,0
1785951284.484045695,0,0,0,0,0,0,0,0,0,0,0,0,651151012,626790819,0,0,0,0,0,0,0,0,0,0,0,0,0,0,0,0,0,0,0,0,0,0,0,0,0,0,0
1785951285.516522851,0,0,0,0,0,0,0,0,0,0,0,0,651154110,626793857,0,0,0,0,0,0,0,0,0,0,0,2,15520683,3276700,18446744073709551616,2,7697260,0,0,0,0,0,0,0,0,0,0
1785951286.546218076,0,0,0,0,0,0,0,0,0,0,0,0,651157201,626796942,0,0,0,0,0,0,0,0,0,0,0,4,9547784,3276700,18446744073709551616,4,4716544,0,0,0,0,0,0,0,0,0,0
1785951287.577849600,0,0,0,0,0,0,0,0,0,0,0,0,651160292,626800029,0,0,0,0,0,0,0,0,0,0,0,6,7531486,3276700,18446744073709551616,6,3712995,0,0,0,0,0,0,0,0,0,0
1785951288.608245738,0,0,0,0,0,0,0,0,0,0,0,0,651163384,626803115,0,0,0,0,0,0,0,0,0,0,0,8,6556209,3276700,18446744073709551616,8,3223891,0,0,0,0,0,0,0,0,0,0
1785951289.638617723,0,0,0,0,0,0,0,0,0,0,0,0,651166475,626806198,0,0,0,0,0,0,0,0,0,0,0,10,5954304,3276700,18446744073709551616,10,2923776,0,0,0,0,0,0,0,0,0,0
1785951290.669772127,0,0,0,0,0,0,0,0,0,0,0,0,651169569,626809146,0,0,0,0,0,0,0,0,0,0,0,12,5550415,3276700,18446744073709551616,12,2721389,0,0,0,0,0,0,0,0,0,0
1785951291.701025633,0,0,0,0,0,0,0,0,0,0,0,0,651172663,626812223,0,0,0,0,0,0,0,0,0,0,0,14,5317196,3276700,18446744073709551616,14,2601800,0,0,0,0,0,0,0,0,0,0
1785951292.731381663,0,0,0,0,0,0,0,0,0,0,0,0,651175756,626815308,0,0,0,0,0,0,0,0,0,0,0,16,5086749,3276700,18446744073709551616,16,2488678,0,0,0,0,0,0,0,0,0,0
1785951293.762332891,0,0,0,0,0,0,0,0,0,0,0,0,651178845,626818357,0,0,0,0,0,0,0,0,0,0,0,18,4918183,3276700,18446744073709551616,18,2408267,0,0,0,0,0,0,0,0,0,0
1785951294.793547606,0,0,0,0,0,0,0,0,0,0,0,0,651181940,626821411,0,0,0,0,0,0,0,0,0,0,0,22,4403104,3276700,18446744073709551616,22,2149970,0,0,0,0,0,0,0,0,0,0
1785951295.824239481,0,0,0,0,0,0,0,0,0,0,0,0,651185031,626824466,0,0,0,0,0,0,0,0,0,0,0,26,4008980,3276700,18446744073709551616,26,1952541,0,0,0,0,0,0,0,0,0,0
1785951296.872231034,0,6531,0,0,0,0,0,6805,517430,1672900,0,0,651188170,626827224,0,0,0,7276,530780,2047300,0,14992,25278,0,0,7070,6057095,3276700,18446744073709551616,7428,2002245,7652,3743130,0,0,0,214521,189190,823,0,265200
1785951297.889924666,0,1000064,0,0,0,0,0,1000064,31789,530700,0,0,651190943,626828261,0,0,0,1000064,54530,773300,0,22326,413,0,0,1000094,411528,258000,1852000,1000094,80419,1000064,329772,0,0,0,28215,2075,21,0,8800
1785951298.930896384,0,0,0,0,0,0,0,0,0,0,0,0,651194059,626831361,0,0,0,0,0,0,0,0,0,0,0,2,12305266,3276700,18446744073709551616,2,6126129,0,0,0,0,0,0,0,0,0,0
1785951299.962429534,0,0,0,0,0,0,0,0,0,0,0,0,651197154,626834430,0,0,0,0,0,0,0,0,0,0,0,6,7955907,3276700,18446744073709551616,6,3935831,0,0,0,0,0,0,0,0,0,0
1785951300.993514282,0,0,0,0,0,0,0,0,0,0,0,0,651200248,626837471,0,0,0,0,0,0,0,0,0,0,0,10,5887075,3276700,18446744073709551616,10,2897464,0,0,0,0,0,0,0,0,0,0
1785951302.024135085,0,0,0,0,0,0,0,0,0,0,0,0,651203340,626840492,0,0,0,0,0,0,0,0,0,0,0,14,5754743,3276700,18446744073709551616,14,2823108,0,0,0,0,0,0,0,0,0,0
1785951303.056501587,0,0,0,0,0,0,0,0,0,0,0,0,651206434,626843471,0,0,0,0,0,0,0,0,0,0,0,16,5686131,3276700,18446744073709551616,16,2789292,0,0,0,0,0,0,0,0,0,0
1785951304.089949704,0,0,0,0,0,0,0,0,0,0,0,0,651209536,626846564,0,0,0,0,0,0,0,0,0,0,0,18,5657113,3276700,18446744073709551616,18,2774252,0,0,0,0,0,0,0,0,0,0
1785951305.123057093,0,0,0,0,0,0,0,0,0,0,0,0,651212634,626849657,0,0,0,0,0,0,0,0,0,0,0,20,5611974,3276700,18446744073709551616,20,2752676,0,0,0,0,0,0,0,0,0,0
1785951306.155303302,0,0,0,0,0,0,0,0,0,0,0,0,651215729,626852747,0,0,0,0,0,0,0,0,0,0,0,22,5577881,3276700,18446744073709551616,22,2735959,0,0,0,0,0,0,0,0,0,0
1785951307.188611182,0,0,0,0,0,0,0,0,0,0,0,0,651218831,626855841,0,0,0,0,0,0,0,0,0,0,0,24,5571717,3276700,18446744073709551616,24,2732596,0,0,0,0,0,0,0,0,0,0
1785951308.220345258,0,0,0,0,0,0,0,0,0,0,0,0,651221925,626858825,0,0,0,0,0,0,0,0,0,0,0,26,5523297,3276700,18446744073709551616,26,2708553,0,0,0,0,0,0,0,0,0,0
1785951309.253176716,0,0,0,0,0,0,0,0,0,0,0,0,651225024,626861882,0,0,0,0,0,0,0,0,0,0,0,28,5513482,3276700,18446744073709551616,28,2703467,0,0,0,0,0,0,0,0,0,0
1785951310.284287631,0,0,0,0,0,0,0,0,0,0,0,0,651228117,626864968,0,0,0,0,0,0,0,0,0,0,0,30,5499396,3276700,18446744073709551616,30,2696150,0,0,0,0,0,0,0,0,0,0
1785951311.318448146,0,0,0,0,0,0,0,0,0,0,0,0,651231214,626868034,0,0,0,0,0,0,0,0,0,0,0,32,5376299,3276700,18446744073709551616,32,2635467,0,0,0,0,0,0,0,0,0,0
1785951312.352589846,0,0,0,0,0,0,0,0,0,0,0,0,651234320,626871133,0,0,0,0,0,0,0,0,0,0,0,34,5395045,3276700,18446744073709551616,34,2644904,0,0,0,0,0,0,0,0,0,0
1785951313.383984215,0,0,0,0,0,0,0,0,0,0,0,0,651237415,626874219,0,0,0,0,0,0,0,0,0,0,0,36,5396867,3276700,18446744073709551616,36,2645926,0,0,0,0,0,0,0,0,0,0
1785951314.416524191,0,0,0,0,0,0,0,0,0,0,0,0,651240512,626877169,0,0,0,0,0,0,0,0,0,0,0,38,5372548,3276700,18446744073709551616,38,2634666,0,0,0,0,0,0,0,0,0,0
1785951315.447493347,0,0,0,0,0,0,0,0,0,0,0,0,651243605,626880256,0,0,0,0,0,0,0,0,0,0,0,40,5365479,3276700,18446744073709551616,40,2631158,0,0,0,0,0,0,0,0,0,0
1785951316.479432095,0,0,0,0,0,0,0,0,0,0,0,0,651246698,626883345,0,0,0,0,0,0,0,0,0,0,0,42,5367721,3276700,18446744073709551616,42,2631986,0,0,0,0,0,0,0,0,0,0
1785951317.510964404,0,0,0,0,0,0,0,0,0,0,0,0,651249794,626886433,0,0,0,0,0,0,0,0,0,0,0,44,5362051,3276700,18446744073709551616,44,2629702,0,0,0,0,0,0,0,0,0,0
1785951318.544592910,0,0,0,0,0,0,0,0,0,0,0,0,651252895,626889527,0,0,0,0,0,0,0,0,0,0,0,46,5366766,3276700,18446744073709551616,46,2632375,0,0,0,0,0,0,0,0,0,0
1785951319.574417947,0,0,0,0,0,0,0,0,0,0,0,0,651255982,626892569,0,0,0,0,0,0,0,0,0,0,0,48,5371420,3276700,18446744073709551616,48,2634407,0,0,0,0,0,0,0,0,0,0
1785951320.603037764,0,0,0,0,0,0,0,0,0,0,0,0,651259066,626895553,0,0,0,0,0,0,0,0,0,0,0,50,5302213,3276700,18446744073709551616,50,2600163,0,0,0,0,0,0,0,0,0,0
1785951321.636127449,0,0,0,0,0,0,0,0,0,0,0,0,651262164,626898625,0,0,0,0,0,0,0,0,0,0,0,52,5302112,3276700,18446744073709551616,52,2600594,0,0,0,0,0,0,0,0,0,0
1785951322.668800680,0,0,0,0,0,0,0,0,0,0,0,0,651265260,626901718,0,0,0,0,0,0,0,0,0,0,0,54,5313867,3276700,18446744073709551616,54,2606580,0,0,0,0,0,0,0,0,0,0
1785951323.699461718,0,0,0,0,0,0,0,0,0,0,0,0,651268352,626904805,0,0,0,0,0,0,0,0,0,0,0,56,5322717,3276700,18446744073709551616,56,2611095,0,0,0,0,0,0,0,0,0,0
1785951324.726230423,0,0,0,0,0,0,0,0,0,0,0,0,651271433,626907879,0,0,0,0,0,0,0,0,0,0,0,58,5317703,3276700,18446744073709551616,58,2607989,0,0,0,0,0,0,0,0,0,0
1785951325.759122843,0,0,0,0,0,0,0,0,0,0,0,0,651274529,626910883,0,0,0,0,0,0,0,0,0,0,0,60,5311982,3276700,18446744073709551616,60,2605281,0,0,0,0,0,0,0,0,0,0
1785951326.790834761,0,0,0,0,0,0,0,0,0,0,0,0,651277626,626913924,0,0,0,0,0,0,0,0,0,0,0,62,5322437,3276700,18446744073709551616,62,2610575,0,0,0,0,0,0,0,0,0,0
1785951327.820468549,0,0,0,0,0,0,0,0,0,0,0,0,651280714,626917007,0,0,0,0,0,0,0,0,0,0,0,64,5319545,3276700,18446744073709551616,64,2608924,0,0,0,0,0,0,0,0,0,0
1785951328.852843248,0,0,0,0,0,0,0,0,0,0,0,0,651283811,626920099,0,0,0,0,0,0,0,0,0,0,0,66,5261264,3276700,18446744073709551616,66,2580534,0,0,0,0,0,0,0,0,0,0
1785951329.880577312,0,0,0,0,0,0,0,0,0,0,0,0,651286898,626923180,0,0,0,0,0,0,0,0,0,0,0,68,5259620,3276700,18446744073709551616,68,2579541,0,0,0,0,0,0,0,0,0,0
1785951330.911493065,0,0,0,0,0,0,0,0,0,0,0,0,651289986,626926257,0,0,0,0,0,0,0,0,0,0,0,70,5210166,3276700,18446744073709551616,70,2555249,0,0,0,0,0,0,0,0,0,0
1785951331.940966281,0,0,0,0,0,0,0,0,0,0,0,0,651293077,626929154,0,0,0,0,0,0,0,0,0,0,0,72,5206096,3276700,18446744073709551616,72,2552349,0,0,0,0,0,0,0,0,0,0
1785951332.974925189,0,0,0,0,0,0,0,0,0,0,0,0,651296177,626932191,0,0,0,0,0,0,0,0,0,0,0,74,5212549,3276700,18446744073709551616,74,2555972,0,0,0,0,0,0,0,0,0,0
1785951334.007974171,0,0,0,0,0,0,0,0,0,0,0,0,651299277,626935286,0,0,0,0,0,0,0,0,0,0,0,76,5217316,3276700,18446744073709551616,76,2557574,0,0,0,0,0,0,0,0,0,0
1785951335.040537036,0,0,0,0,0,0,0,0,0,0,0,0,651302373,626938377,0,0,0,0,0,0,0,0,0,0,0,78,5216204,3276700,18446744073709551616,78,2556885,0,0,0,0,0,0,0,0,0,0
1785951336.071760020,0,0,0,0,0,0,0,0,0,0,0,0,651305470,626941467,0,0,0,0,0,0,0,0,0,0,0,80,5218234,3276700,18446744073709551616,80,2557488,0,0,0,0,0,0,0,0,0,0
1785951337.104925796,0,0,0,0,0,0,0,0,0,0,0,0,651308565,626944557,0,0,0,0,0,0,0,0,0,0,0,82,5213449,3276700,18446744073709551616,82,2554962,0,0,0,0,0,0,0,0,0,0
1785951338.138333480,0,0,0,0,0,0,0,0,0,0,0,0,651311663,626947526,0,0,0,0,0,0,0,0,0,0,0,84,5212479,3276700,18446744073709551616,84,2554335,0,0,0,0,0,0,0,0,0,0
1785951339.171359076,0,0,0,0,0,0,0,0,0,0,0,0,651314760,626950605,0,0,0,0,0,0,0,0,0,0,0,86,5218848,3276700,18446744073709551616,86,2557538,0,0,0,0,0,0,0,0,0,0
1785951340.204471141,0,0,0,0,0,0,0,0,0,0,0,0,651317860,626953699,0,0,0,0,0,0,0,0,0,0,0,88,5220890,3276700,18446744073709551616,88,2558271,0,0,0,0,0,0,0,0,0,0
1785951341.238017407,0,0,0,0,0,0,0,0,0,0,0,0,651320961,626956793,0,0,0,0,0,0,0,0,0,0,0,90,5228715,3276700,18446744073709551616,90,2561911,0,0,0,0,0,0,0,0,0,0
1785951342.269624147,0,0,0,0,0,0,0,0,0,0,0,0,651324055,626959858,0,0,0,0,0,0,0,0,0,0,0,92,5230391,3276700,18446744073709551616,92,2562644,0,0,0,0,0,0,0,0,0,0
1785951343.299848158,0,0,0,0,0,0,0,0,0,0,0,0,651327144,626962929,0,0,0,0,0,0,0,0,0,0,0,94,5228490,3276700,18446744073709551616,94,2561626,0,0,0,0,0,0,0,0,0,0
1785951344.333314973,0,0,0,0,0,0,0,0,0,0,0,0,651330243,626965897,0,0,0,0,0,0,0,0,0,0,0,96,5241380,3276700,18446744073709551616,96,2568348,0,0,0,0,0,0,0,0,0,0
1785951345.366464451,0,0,0,0,0,0,0,0,0,0,0,0,651333343,626968990,0,0,0,0,0,0,0,0,0,0,0,98,5241033,3276700,18446744073709551616,98,2567991,0,0,0,0,0,0,0,0,0,0
1785951346.398520281,0,0,0,0,0,0,0,0,0,0,0,0,651336440,626972081,0,0,0,0,0,0,0,0,0,0,0,100,5243042,3276700,18446744073709551616,100,2568573,0,0,0,0,0,0,0,0,0,0
1785951347.429312843,0,0,0,0,0,0,0,0,0,0,0,0,651339534,626975171,0,0,0,0,0,0,0,0,0,0,0,102,5245243,3276700,18446744073709551616,102,2569511,0,0,0,0,0,0,0,0,0,0
1785951348.459475492,0,0,0,0,0,0,0,0,0,0,0,0,651342622,626978253,0,0,0,0,0,0,0,0,0,0,0,104,5244846,3276700,18446744073709551616,104,2569298,0,0,0,0,0,0,0,0,0,0
1785951349.486976430,0,0,0,0,0,0,0,0,0,0,0,0,651345702,626981271,0,0,0,0,0,0,0,0,0,0,0,106,5238152,3276700,18446744073709551616,106,2566104,0,0,0,0,0,0,0,0,0,0
1785951350.520329214,0,0,0,0,0,0,0,0,0,0,0,0,651348799,626984284,0,0,0,0,0,0,0,0,0,0,0,108,5205369,3276700,18446744073709551616,108,2550251,0,0,0,0,0,0,0,0,0,0
1785951351.552361875,0,0,0,0,0,0,0,0,0,0,0,0,651351896,626987376,0,0,0,0,0,0,0,0,0,0,0,110,5207356,3276700,18446744073709551616,110,2551174,0,0,0,0,0,0,0,0,0,0
1785951352.585086721,0,0,0,0,0,0,0,0,0,0,0,0,651354992,626990443,0,0,0,0,0,0,0,0,0,0,0,112,5202814,3276700,18446744073709551616,112,2548883,0,0,0,0,0,0,0,0,0,0
1785951353.617924291,0,0,0,0,0,0,0,0,0,0,0,0,651358091,626993534,0,0,0,0,0,0,0,0,0,0,0,114,5203775,3276700,18446744073709551616,114,2549303,0,0,0,0,0,0,0,0,0,0
1785951354.650266448,0,0,0,0,0,0,0,0,0,0,0,0,651361187,626996626,0,0,0,0,0,0,0,0,0,0,0,116,5205224,3276700,18446744073709551616,116,2549999,0,0,0,0,0,0,0,0,0,0
1785951355.675237603,0,0,0,0,0,0,0,0,0,0,0,0,651364260,626999591,0,0,0,0,0,0,0,0,0,0,0,118,5205288,3276700,18446744073709551616,118,2549915,0,0,0,0,0,0,0,0,0,0
1785951356.705714973,0,0,0,0,0,0,0,0,0,0,0,0,651367351,627002640,0,0,0,0,0,0,0,0,0,0,0,120,5200511,3276700,18446744073709551616,120,2547623,0,0,0,0,0,0,0,0,0,0
1785951357.738288012,0,0,0,0,0,0,0,0,0,0,0,0,651370448,627005731,0,0,0,0,0,0,0,0,0,0,0,122,5203581,3276700,18446744073709551616,122,2548924,0,0,0,0,0,0,0,0,0,0
1785951358.768514531,0,0,0,0,0,0,0,0,0,0,0,0,651373538,627008816,0,0,0,0,0,0,0,0,0,0,0,124,5206955,3276700,18446744073709551616,124,2550257,0,0,0,0,0,0,0,0,0,0
1785951359.800859015,0,0,0,0,0,0,0,0,0,0,0,0,651376634,627011906,0,0,0,0,0,0,0,0,0,0,0,126,5177645,3276700,18446744073709551616,126,2535965,0,0,0,0,0,0,0,0,0,0
1785951360.831866071,0,0,0,0,0,0,0,0,0,0,0,0,651379726,627014991,0,0,0,0,0,0,0,0,0,0,0,128,5175976,3276700,18446744073709551616,128,2535293,0,0,0,0,0,0,0,0,0,0
1785951361.862900417,0,0,0,0,0,0,0,0,0,0,0,0,651382821,627017947,0,0,0,0,0,0,0,0,0,0,0,130,5172233,3276700,18446744073709551616,130,2533456,0,0,0,0,0,0,0,0,0,0
1785951362.896450702,0,0,0,0,0,0,0,0,0,0,0,0,651385920,627021017,0,0,0,0,0,0,0,0,0,0,0,132,5160237,3276700,18446744073709551616,132,2527619,0,0,0,0,0,0,0,0,0,0
1785951363.928997733,0,0,0,0,0,0,0,0,0,0,0,0,651389018,627024109,0,0,0,0,0,0,0,0,0,0,0,135,5127351,3276700,18446744073709551616,135,2511174,0,0,0,0,0,0,0,0,0,0
1785951364.960429713,0,0,0,0,0,0,0,0,0,0,0,0,651392112,627027197,0,0,0,0,0,0,0,0,0,0,0,139,5092606,3276700,18446744073709551616,139,2475688,0,0,0,0,0,0,0,0,0,0
1785951365.994325603,0,0,0,0,0,0,0,0,0,0,0,0,651395212,627030291,0,0,0,0,0,0,0,0,0,0,0,142,5055564,3276700,18446744073709551616,142,2457838,0,0,0,0,0,0,0,0,0,0
1785951367.022727586,0,0,0,0,0,0,0,0,0,0,0,0,651398301,627033344,0,0,0,0,0,0,0,0,0,0,0,144,5057270,3276700,18446744073709551616,144,2458889,0,0,0,0,0,0,0,0,0,0
1785951368.053494121,0,0,0,0,0,0,0,0,0,0,0,0,651401395,627036326,0,0,0,0,0,0,0,0,0,0,0,146,5055450,3276700,18446744073709551616,146,2458351,0,0,0,0,0,0,0,0,0,0
1785951369.083030890,0,0,0,0,0,0,0,0,0,0,0,0,651404477,627039404,0,0,0,0,0,0,0,0,0,0,0,148,5056896,3276700,18446744073709551616,148,2459210,0,0,0,0,0,0,0,0,0,0
1785951370.115754798,0,0,0,0,0,0,0,0,0,0,0,0,651407576,627042497,0,0,0,0,0,0,0,0,0,0,0,150,5060084,3276700,18446744073709551616,150,2461106,0,0,0,0,0,0,0,0,0,0
1785951371.147590124,0,0,0,0,0,0,0,0,0,0,0,0,651410671,627045587,0,0,0,0,0,0,0,0,0,0,0,152,5061911,3276700,18446744073709551616,152,2462325,0,0,0,0,0,0,0,0,0,0
1785951372.179235336,0,0,0,0,0,0,0,0,0,0,0,0,651413765,627048675,0,0,0,0,0,0,0,0,0,0,0,154,5058972,3276700,18446744073709551616,154,2461088,0,0,0,0,0,0,0,0,0,0
1785951373.209768238,0,0,0,0,0,0,0,0,0,0,0,0,651416857,627051667,0,0,0,0,0,0,0,0,0,0,0,156,5059390,3276700,18446744073709551616,156,2461617,0,0,0,0,0,0,0,0,0,0
1785951374.242455306,0,0,0,0,0,0,0,0,0,0,0,0,651419956,627054699,0,0,0,0,0,0,0,0,0,0,0,158,5049092,3276700,18446744073709551616,158,2456710,0,0,0,0,0,0,0,0,0,0
1785951375.274085266,0,0,0,0,0,0,0,0,0,0,0,0,651423051,627057788,0,0,0,0,0,0,0,0,0,0,0,160,5052718,3276700,18446744073709551616,160,2458767,0,0,0,0,0,0,0,0,0,0
1785951376.305941872,0,0,0,0,0,0,0,0,0,0,0,0,651426145,627060877,0,0,0,0,0,0,0,0,0,0,0,162,5053570,3276700,18446744073709551616,162,2459427,0,0,0,0,0,0,0,0,0,0
1785951377.338763065,0,0,0,0,0,0,0,0,0,0,0,0,651429243,627063968,0,0,0,0,0,0,0,0,0,0,0,164,5054543,3276700,18446744073709551616,164,2460248,0,0,0,0,0,0,0,0,0,0
1785951378.368908697,0,0,0,0,0,0,0,0,0,0,0,0,651432333,627067053,0,0,0,0,0,0,0,0,0,0,0,166,5056269,3276700,18446744073709551616,166,2460982,0,0,0,0,0,0,0,0,0,0
1785951379.401039702,0,0,0,0,0,0,0,0,0,0,0,0,651435431,627070025,0,0,0,0,0,0,0,0,0,0,0,168,5059658,3276700,18446744073709551616,168,2462810,0,0,0,0,0,0,0,0,0,0
1785951380.433161184,0,0,0,0,0,0,0,0,0,0,0,0,651438526,627073097,0,0,0,0,0,0,0,0,0,0,0,170,5062080,3276700,18446744073709551616,170,2464329,0,0,0,0,0,0,0,0,0,0
1785951381.464450105,0,0,0,0,0,0,0,0,0,0,0,0,651441617,627076184,0,0,0,0,0,0,0,0,0,0,0,172,5065583,3276700,18446744073709551616,172,2466228,0,0,0,0,0,0,0,0,0,0
1785951382.497066034,0,0,0,0,0,0,0,0,0,0,0,0,651444717,627079276,0,0,0,0,0,0,0,0,0,0,0,174,5063443,3276700,18446744073709551616,174,2465273,0,0,0,0,0,0,0,0,0,0
1785951383.529767727,0,0,0,0,0,0,0,0,0,0,0,0,651447815,627082344,0,0,0,0,0,0,0,0,0,0,0,176,5063744,3276700,18446744073709551616,176,2465490,0,0,0,0,0,0,0,0,0,0
1785951384.561543757,0,0,0,0,0,0,0,0,0,0,0,0,651450907,627085416,0,0,0,0,0,0,0,0,0,0,0,178,5064455,3276700,18446744073709551616,178,2465941,0,0,0,0,0,0,0,0,0,0
1785951385.592181540,0,0,0,0,0,0,0,0,0,0,0,0,651453997,627088378,0,0,0,0,0,0,0,0,0,0,0,180,5065901,3276700,18446744073709551616,180,2466805,0,0,0,0,0,0,0,0,0,0
1785951386.623935228,0,0,0,0,0,0,0,0,0,0,0,0,651457096,627091469,0,0,0,0,0,0,0,0,0,0,0,182,5066750,3276700,18446744073709551616,182,2467453,0,0,0,0,0,0,0,0,0,0
1785951387.650964279,0,0,0,0,0,0,0,0,0,0,0,0,651460176,627094544,0,0,0,0,0,0,0,0,0,0,0,184,5069861,3276700,18446744073709551616,184,2469239,0,0,0,0,0,0,0,0,0,0
1785951388.684526506,0,0,0,0,0,0,0,0,0,0,0,0,651463274,627097638,0,0,0,0,0,0,0,0,0,0,0,186,5050953,3276700,18446744073709551616,186,2460112,0,0,0,0,0,0,0,0,0,0
1785951389.718298374,0,0,0,0,0,0,0,0,0,0,0,0,651466374,627100732,0,0,0,0,0,0,0,0,0,0,0,188,5052725,3276700,18446744073709551616,188,2461223,0,0,0,0,0,0,0,0,0,0
1785951390.750061133,0,0,0,0,0,0,0,0,0,0,0,0,651469469,627103763,0,0,0,0,0,0,0,0,0,0,0,190,5056160,3276700,18446744073709551616,190,2463016,0,0,0,0,0,0,0,0,0,0
1785951391.781798669,3,0,3,0,3,57890,59600,0,0,0,0,0,651472564,627106772,3,73064,77800,0,0,0,15173,0,0,0,0,195,4986490,3276700,18446744073709551616,195,2428216,3,160404,13320,14962,140,0,0,0,58200,0
1785951392.814307439,3,0,3,0,3,57890,59600,0,0,0,0,0,651475662,627109864,3,73064,77800,0,0,0,15173,0,0,0,0,199,4941296,3276700,18446744073709551616,199,2406089,3,160404,13320,14962,140,0,0,0,58200,0
1785951393.841777825,3,0,3,0,3,57890,59600,0,0,0,0,0,651478747,627112888,3,73064,77800,0,0,0,15173,0,0,0,0,203,4925170,3276700,18446744073709551616,203,2384482,3,160404,13320,14962,140,0,0,0,58200,0
1785951394.871892143,3,0,3,0,3,57890,59600,0,0,0,0,0,651481835,627115971,3,73064,77800,0,0,0,15173,0,0,0,0,208,4840638,3276700,18446744073709551616,208,2343526,3,160404,13320,14962,140,0,0,0,58200,0
1785951395.912013202,3,0,3,0,3,57890,59600,0,0,0,0,0,651484937,627119056,3,73064,77800,0,0,0,15173,0,0,0,0,212,4829737,3276700,18446744073709551616,212,2324901,3,160404,13320,14962,140,0,0,0,58200,0
1785951396.953565819,7690743,0,7690743,0,7693075,20112,72900,0,0,0,0,0,651488020,627119662,7703830,24250,83000,0,0,0,4150,0,0,0,0,7713759,145569,117600,660800,7719089,26853,7723537,117884,16546,692,41,0,0,0,15300,0
1785951397.992343577,7989074,0,7989074,0,7980627,18946,62900,0,0,0,0,0,651491073,627120283,7989982,22835,70000,0,0,0,3899,0,0,0,0,7999975,136122,114200,584900,8004817,25236,8009840,110181,15578,654,39,0,0,0,14900,0
1785951399.022363438,16214685,0,16214685,0,16207304,18901,62500,0,0,0,0,0,651494095,627120897,16219665,22771,69500,0,0,0,3878,0,0,0,0,16238776,135547,113900,577600,16247270,25161,16254671,109680,15522,653,37,0,0,0,14900,0
1785951400.052949243,24324580,0,24324580,0,24316044,18840,62200,0,0,0,0,0,651497116,627121557,24325750,22706,69300,0,0,0,3868,0,0,0,0,24336210,135628,113800,582600,24341264,25120,24347124,109799,15450,648,37,0,0,0,14800,0
1785951401.082371434,32445548,0,32445548,0,32437273,18828,62100,0,0,0,0,0,651500134,627122199,32448509,22690,69300,0,0,0,3864,0,0,0,0,32458970,135684,113800,582700,32464907,25112,32470279,109868,15435,647,37,0,0,0,14800,0
1785951402.110974315,40582245,0,40582246,0,40578585,18798,61900,0,0,0,0,0,651503144,627122820,40589719,22656,69000,0,0,0,3860,0,0,0,0,40599898,135608,113800,580600,40607262,25067,40612170,109834,15407,645,37,0,0,0,14800,0
1785951403.141427695,48468728,0,48468728,0,48461683,18860,62200,0,0,0,0,0,651506180,627123401,48473214,22741,69400,0,0,0,3882,0,0,0,0,48484482,136309,114100,590800,48490602,25207,48496916,110390,15459,647,38,0,0,0,14900,0
1785951404.170858380,56611630,0,56611631,0,56603556,18842,62000,0,0,0,0,0,651509201,627124019,56614028,22718,69300,0,0,0,3877,0,0,0,0,56624354,136148,114000,590000,56631700,25178,56636401,110260,15440,646,38,0,0,0,14900,0
1785951405.199748597,64805952,0,64805952,0,64798084,18825,62000,0,0,0,0,0,651512226,627124642,64809820,22699,69200,0,0,0,3875,0,0,0,0,64821284,136027,114000,588600,64826368,25163,64831729,110156,15425,646,38,0,0,0,14900,0
1785951406.228597947,72924477,0,72924477,0,72916060,18826,61900,0,0,0,0,0,651515243,627125273,72924780,22703,69100,0,0,0,3877,0,0,0,0,72933871,136053,114000,586300,72938371,25167,72942963,110179,15422,645,38,0,0,0,14900,0
1785951407.257113098,81200211,0,81200211,0,81192986,18809,61900,0,0,0,0,0,651518267,627125870,81204612,22682,69000,0,0,0,3874,0,0,0,0,81216206,135938,114000,583100,81222152,25149,81227950,110079,15406,645,38,0,0,0,14900,0
1785951408.289557172,89192933,0,89192933,0,89185261,18820,61900,0,0,0,0,0,651521309,627126520,89195077,22698,69100,0,0,0,3878,0,0,0,0,89205581,136071,114100,584000,89211018,25177,89215936,110183,15416,645,38,0,0,0,14900,0
1785951409.319445908,97125337,0,97125337,0,97117237,18856,62100,0,0,0,0,0,651524338,627127126,97127265,22743,69300,0,0,0,3887,0,0,0,0,97137393,136367,114100,589800,97141835,25231,97147988,110424,15449,646,38,0,0,0,14900,0
1785951410.348518811,105355182,0,105355182,0,105347008,18834,62000,0,0,0,0,0,651527352,627127747,105361423,22717,69200,0,0,0,3883,0,0,0,0,105372988,136235,114100,586300,105379251,25201,105385511,110321,15431,645,38,0,0,0,14900,0
1785951411.379095048,113632072,0,113632072,0,113624123,18830,61900,0,0,0,0,0,651530381,627128359,113634992,22711,69200,0,0,0,3881,0,0,0,0,113647243,136149,114100,584100,113653198,25191,113659028,110245,15425,645,38,0,0,0,14900,0
1785951412.406584859,121860056,0,121860056,0,121851811,18819,61900,0,0,0,0,0,651533401,627128978,121862455,22697,69100,0,0,0,3878,0,0,0,0,121873411,136046,114100,583100,121880152,25176,121886097,110159,15414,645,38,0,0,0,14900,0
1785951413.435316802,130011636,0,130011636,0,130004033,18811,61800,0,0,0,0,0,651536425,627129616,130015436,22687,69000,0,0,0,3876,0,0,0,0,130026953,135973,114000,582600,130033896,25165,130040666,110096,15406,645,38,0,0,0,14900,0
1785951414.467139277,137921723,0,137921723,0,137913444,18822,61900,0,0,0,0,0,651539468,627130240,137930515,22703,69100,0,0,0,3880,0,0,0,0,137938439,136152,114100,585800,137943158,25189,137948097,110250,15415,645,38,0,0,0,14900,0
1785951415.495719721,145950653,0,145950653,0,145942574,18836,61900,0,0,0,0,0,651542495,627130844,145953654,22721,69200,0,0,0,3884,0,0,0,0,145965548,136287,114100,587200,145970765,25215,145976441,110358,15428,646,38,0,0,0,14900,0
1785951416.528674458,154149118,0,154149118,0,154141238,18830,61900,0,0,0,0,0,651545523,627131476,154154770,22713,69100,0,0,0,3883,0,0,0,0,154169709,136223,114100,585900,154176528,25209,154186708,110301,15423,646,38,0,0,0,14900,0
1785951417.558403447,162270382,0,162270382,0,162262373,18830,61900,0,0,0,0,0,651548545,627132125,162272088,22712,69100,0,0,0,3882,0,0,0,0,162281548,136199,114100,586100,162288804,25206,162293876,110280,15421,646,38,0,0,0,14900,0
1785951418.588385282,170442943,0,170442943,0,170434614,18830,61900,0,0,0,0,0,651551568,627132744,170444818,22713,69100,0,0,0,3882,0,0,0,0,170454590,136210,114100,585600,170460117,25209,170465489,110288,15420,646,38,0,0,0,14900,0
1785951419.616986955,178672951,0,178672951,0,178664717,18821,61800,0,0,0,0,0,651554582,627133363,178673689,22701,69000,0,0,0,3880,0,0,0,0,178682816,136125,114100,584600,178687007,25195,178692350,110217,15412,645,38,0,0,0,14900,0
1785951420.644725153,186393986,0,186393986,0,186385716,18842,61900,0,0,0,0,0,651557628,627133996,186396694,22728,69100,0,0,0,3886,0,0,0,0,186406697,136326,114100,588500,186412044,25228,186417303,110384,15431,646,38,0,0,0,14900,0
1785951421.674822885,194569424,0,194569424,0,194561605,18838,61900,0,0,0,0,0,651560646,627134613,194572447,22723,69100,0,0,0,3885,0,0,0,0,194583748,136306,114100,587700,194589348,25228,194595220,110364,15428,646,38,0,0,0,14900,0
1785951422.705075694,202759335,0,202759336,0,202750978,18832,61800,0,0,0,0,0,651563670,627135247,202761677,22716,69000,0,0,0,3883,0,0,0,0,202771645,136249,114100,586700,202776942,25216,202781887,110319,15423,645,38,0,0,0,14900,0
1785951423.734363347,211006588,0,211006588,0,210999520,18828,61800,0,0,0,0,0,651566696,627135869,211010733,22710,69000,0,0,0,3881,0,0,0,0,211023602,136189,114100,585800,211028269,25207,211033492,110270,15419,646,38,0,0,0,14900,0
1785951424.762957060,219178023,0,219178023,0,219169967,18826,61800,0,0,0,0,0,651569717,627136489,219184553,22707,69000,0,0,0,3880,0,0,0,0,219193082,136171,114100,585300,219200330,25202,219205001,110256,15417,645,38,0,0,0,14900,0
1785951425.794355055,227334752,0,227334752,0,227326309,18823,61800,0,0,0,0,0,651572747,627137125,227338930,22703,69000,0,0,0,3880,0,0,0,0,227350811,136153,114000,584900,227357132,25195,227364575,110246,15414,645,38,0,0,0,14900,0
1785951426.827110726,228223598,0,228223598,0,228212581,18825,61800,0,0,0,0,0,651575840,627139864,228212581,22706,69000,0,0,0,3880,0,0,0,0,228213263,136178,114100,585400,228213263,25200,228213204,110265,15413,645,38,0,0,0,14900,0
1785951427.861808812,228223598,0,228223598,0,228212581,18825,61800,0,0,0,0,0,651578944,627142961,228212581,22706,69000,0,0,0,3880,0,0,0,0,228213267,136178,114100,585400,228213267,25200,228213204,110265,15413,645,38,0,0,0,14900,0
1785951428.893900573,228223598,0,228223598,0,228212581,18825,61800,0,0,0,0,0,651582040,627146052,228212581,22706,69000,0,0,0,3880,0,0,0,0,228213270,136178,114100,585400,228213270,25200,228213204,110265,15413,645,38,0,0,0,14900,0
1785951429.926265299,228223598,0,228223598,0,228212581,18825,61800,0,0,0,0,0,651585136,627149142,228212581,22706,69000,0,0,0,3880,0,0,0,0,228213272,136178,114100,585400,228213272,25200,228213204,110265,15413,645,38,0,0,0,14900,0
1785951430.958607770,228223598,0,228223598,0,228212581,18825,61800,0,0,0,0,0,651588232,627152234,228212581,22706,69000,0,0,0,3880,0,0,0,0,228213274,136178,114100,585400,228213274,25200,228213204,110265,15413,645,38,0,0,0,14900,0
1785951431.988813044,228223598,0,228223598,0,228212581,18825,61800,0,0,0,0,0,651591327,627155251,228212581,22706,69000,0,0,0,3880,0,0,0,0,228213276,136178,114100,585400,228213276,25200,228213204,110265,15413,645,38,0,0,0,14900,0
1785951433.020419794,228223598,0,228223598,0,228212581,18825,61800,0,0,0,0,0,651594415,627158274,228212581,22706,69000,0,0,0,3880,0,0,0,0,228213278,136178,114100,585400,228213278,25200,228213204,110265,15413,645,38,0,0,0,14900,0
1785951434.053463659,228223598,0,228223598,0,228212581,18825,61800,0,0,0,0,0,651597514,627161368,228212581,22706,69000,0,0,0,3880,0,0,0,0,228213280,136178,114100,585400,228213280,25200,228213204,110265,15413,645,38,0,0,0,14900,0
1785951435.085538011,228223598,0,228223598,0,228212581,18825,61800,0,0,0,0,0,651600610,627164433,228212581,22706,69000,0,0,0,3880,0,0,0,0,228213282,136179,114100,585400,228213282,25200,228213204,110265,15413,645,38,0,0,0,14900,0
1785951436.112632129,228223598,0,228223598,0,228212581,18825,61800,0,0,0,0,0,651603690,627167509,228212581,22706,69000,0,0,0,3880,0,0,0,0,228213284,136179,114100,585400,228213284,25200,228213204,110265,15413,645,38,0,0,0,14900,0
1785951437.145560213,228223598,0,228223598,0,228212581,18825,61800,0,0,0,0,0,651606790,627170601,228212581,22706,69000,0,0,0,3880,0,0,0,0,228213286,136179,114100,585400,228213286,25200,228213204,110265,15413,645,38,0,0,0,14900,0
1785951438.177227476,228223598,0,228223598,0,228212581,18825,61800,0,0,0,0,0,651609885,627173569,228212581,22706,69000,0,0,0,3880,0,0,0,0,228213288,136179,114100,585400,228213288,25200,228213204,110265,15413,645,38,0,0,0,14900,0
1785951439.208783797,228223598,0,228223598,0,228212581,18825,61800,0,0,0,0,0,651612981,627176638,228212581,22706,69000,0,0,0,3880,0,0,0,0,228213290,136179,114100,585400,228213290,25200,228213204,110265,15413,645,38,0,0,0,14900,0
1785951440.239353659,228223598,0,228223598,0,228212581,18825,61800,0,0,0,0,0,651616075,627179727,228212581,22706,69000,0,0,0,3880,0,0,0,0,228213292,136179,114100,585400,228213292,25200,228213204,110265,15413,645,38,0,0,0,14900,0
1785951441.270456718,228223598,0,228223598,0,228212581,18825,61800,0,0,0,0,0,651619162,627182809,228212581,22706,69000,0,0,0,3880,0,0,0,0,228213294,136179,114100,585400,228213294,25200,228213204,110265,15413,645,38,0,0,0,14900,0
1785951442.302524433,228223598,0,228223598,0,228212581,18825,61800,0,0,0,0,0,651622260,627185900,228212581,22706,69000,0,0,0,3880,0,0,0,0,228213296,136179,114100,585400,228213296,25200,228213204,110265,15413,645,38,0,0,0,14900,0
1785951443.336100279,228223598,0,228223598,0,228212581,18825,61800,0,0,0,0,0,651625359,627188988,228212581,22706,69000,0,0,0,3880,0,0,0,0,228213298,136179,114100,585400,228213298,25200,228213204,110265,15413,645,38,0,0,0,14900,0
1785951444.369316668,228223598,0,228223598,0,228212581,18825,61800,0,0,0,0,0,651628461,627191949,228212581,22706,69000,0,0,0,3880,0,0,0,0,228213300,136179,114100,585400,228213300,25200,228213204,110265,15413,645,38,0,0,0,14900,0
1785951445.401151946,228223598,0,228223598,0,228212581,18825,61800,0,0,0,0,0,651631555,627195013,228212581,22706,69000,0,0,0,3880,0,0,0,0,228213302,136179,114100,585400,228213302,25200,228213204,110265,15413,645,38,0,0,0,14900,0
1785951446.429330731,228223598,0,228223598,0,228212581,18825,61800,0,0,0,0,0,651634643,627198097,228212581,22706,69000,0,0,0,3880,0,0,0,0,228213304,136179,114100,585400,228213304,25200,228213204,110265,15413,645,38,0,0,0,14900,0
1785951447.456030486,228223598,0,228223598,0,228212581,18825,61800,0,0,0,0,0,651637716,627201167,228212581,22706,69000,0,0,0,3880,0,0,0,0,228213306,136179,114100,585400,228213306,25200,228213204,110265,15413,645,38,0,0,0,14900,0
1785951448.485629897,228223598,0,228223598,0,228212581,18825,61800,0,0,0,0,0,651640806,627204251,228212581,22706,69000,0,0,0,3880,0,0,0,0,228213309,136179,114100,585400,228213309,25200,228213204,110265,15413,645,38,0,0,0,14900,0
1785951449.514553926,228223598,0,228223598,0,228212581,18825,61800,0,0,0,0,0,651643893,627207293,228212581,22706,69000,0,0,0,3880,0,0,0,0,228213313,136179,114100,585400,228213313,25200,228213204,110265,15413,645,38,0,0,0,14900,0
1785951450.549953937,235464730,0,235464730,0,235458400,18790,61600,0,0,0,0,0,651647001,627208636,235476022,22696,69300,0,0,0,3905,0,0,0,0,235489099,149055,116100,719300,235497680,28178,235507310,120189,15393,644,38,0,0,0,14900,0
1785951451.608585736,13849312,0,13849311,0,13838915,16695,47100,0,0,0,0,0,651650173,627208636,13857692,21043,75100,0,0,0,4360,0,0,0,0,13876923,500261,484100,925900,13886456,107718,13893902,391999,13806,576,30,0,0,0,14600,0
1785951452.640877843,27788828,0,27788827,0,27779325,16757,47200,0,0,0,0,0,651653272,627208641,27799897,21130,75400,0,0,0,4379,0,0,0,0,27821359,501878,485000,926100,27832115,107989,27841281,393311,13830,577,30,0,0,0,14600,0
1785951453.673075384,41706921,0,41706920,0,41697218,16765,47100,0,0,0,0,0,651656364,627208652,41717692,21147,75300,0,0,0,4385,0,0,0,0,41738222,502630,485200,926800,41748450,107977,41758544,394091,13827,576,30,0,0,0,14600,0
1785951454.711944771,55740353,0,55740352,0,55728721,16778,47100,0,0,0,0,0,651659481,627208667,55747277,21161,75400,0,0,0,4385,0,0,0,0,55766221,503076,485300,927600,55776164,108022,55785455,394475,13829,577,30,0,0,0,14600,0
1785951455.742041952,68732087,0,68732086,0,68719555,16988,47200,0,0,0,0,0,651662573,627208675,68738851,21440,76100,0,0,0,4453,0,0,0,0,68761652,510102,486700,947600,68772322,109550,68779454,399985,14007,582,30,0,0,0,14700,0
1785951456.782948361,81977367,0,81977366,0,81966665,17086,47400,0,0,0,0,0,651665689,627208693,81985359,21572,77200,0,0,0,4487,0,0,0,0,82004465,514131,488300,970400,82014623,110264,82024430,403281,14089,585,30,0,0,0,14700,0
1785951457.816554518,95893204,0,95893204,0,95882438,17057,47300,0,0,0,0,0,651668795,627208702,95901163,21537,77200,0,0,0,4481,0,0,0,0,95921420,513648,488900,965600,95930719,110063,95940882,402997,14064,584,30,0,0,0,14700,0
1785951458.850297215,109872678,0,109872677,0,109862791,17016,47300,0,0,0,0,0,651671896,627208702,109882223,21482,77100,0,0,0,4467,0,0,0,0,109902102,512563,488900,959300,109913215,109776,109924352,402197,14027,583,30,0,0,0,14700,0
1785951459.881295401,123792595,0,123792594,0,123781472,16991,47200,0,0,0,0,0,651674986,627208716,123800203,21449,76900,0,0,0,4458,0,0,0,0,123820357,511668,488600,955100,123829558,109620,123838405,401459,14005,582,30,0,0,0,14700,0
1785951460.913080503,137755333,0,137755332,0,137744693,16969,47200,0,0,0,0,0,651678083,627208716,137764175,21419,76800,0,0,0,4450,0,0,0,0,137784322,510931,488700,950900,137795080,109436,137804900,400909,13985,581,30,0,0,0,14700,0
1785951461.952231487,151552549,0,151552548,0,151541528,16973,47200,0,0,0,0,0,651681199,627208724,151559478,21426,76900,0,0,0,4453,0,0,0,0,151576651,511197,488900,952300,151586734,109463,151595743,401156,13988,581,30,0,0,0,14700,0
1785951462.986474214,165042008,0,165042009,0,165030814,17005,47300,0,0,0,0,0,651684301,627208734,165050314,21467,77200,0,0,0,4462,0,0,0,0,165070195,512210,489200,959000,165081684,109678,165092773,401947,14016,582,30,0,0,0,14700,0
1785951464.018313614,179017077,0,179017076,0,179006151,16985,47300,0,0,0,0,0,651687395,627208738,179025976,21439,77000,0,0,0,4455,0,0,0,0,179045608,511437,488900,955700,179054500,109505,179064078,401345,13998,581,30,0,0,0,14700,0
1785951465.050223434,192918535,0,192918534,0,192907397,16970,47300,0,0,0,0,0,651690492,627208747,192927183,21420,76900,0,0,0,4451,0,0,0,0,192947242,511222,489000,953300,192958134,109397,192967673,401236,13986,581,30,0,0,0,14700,0
1785951466.086364059,206829317,0,206829317,0,206818221,16962,47300,0,0,0,0,0,651693595,627208747,206836085,21412,76900,0,0,0,4450,0,0,0,0,206854506,511065,489100,952600,206865117,109375,206874611,401106,13979,581,30,0,0,0,14700,0
1785951467.123551644,220768950,0,220768949,0,220758722,16952,47200,0,0,0,0,0,651696709,627208752,220778711,21399,76900,0,0,0,4448,0,0,0,0,220799621,510997,489200,951800,220809359,109313,220819190,401097,13971,580,30,0,0,0,14700,0
1785951468.158231133,234220661,0,234220660,0,234208925,16969,47300,0,0,0,0,0,651699804,627208765,234227156,21424,77200,0,0,0,4455,0,0,0,0,234245394,511847,489700,954900,234255943,109441,234264329,401818,13986,581,30,0,0,0,14700,0
1785951469.187142493,247781039,0,247781038,0,247771024,16977,47300,0,0,0,0,0,651702899,627208776,247789069,21435,77300,0,0,0,4458,0,0,0,0,247806989,512340,490100,957200,247816040,109482,247825413,402272,13992,581,30,0,0,0,14700,0
1785951470.217799793,261641074,0,261641073,0,261630258,16966,47200,0,0,0,0,0,651705988,627208787,261650321,21422,77300,0,0,0,4456,0,0,0,0,261671619,512066,490000,956100,261681331,109384,261691115,402095,13984,581,30,0,0,0,14700,0
1785951471.249489883,275482389,0,275482388,0,275472179,16958,47200,0,0,0,0,0,651709083,627208794,275490267,21413,77400,0,0,0,4455,0,0,0,0,275510778,512038,490200,954900,275520284,109317,275529139,402133,13977,580,30,0,0,0,14700,0
1785951472.282375202,289211199,0,289211198,0,289199712,16957,47400,0,0,0,0,0,651712181,627208800,289219324,21412,77700,0,0,0,4456,0,0,0,0,289240855,512146,490500,954700,289250817,109298,289261494,402260,13975,580,30,0,0,0,14700,0
1785951473.316691430,303062424,0,303062423,0,303050967,16952,47500,0,0,0,0,0,651715281,627208801,303068939,21407,77900,0,0,0,4455,0,0,0,0,303086755,512135,490700,954400,303095451,109258,303104619,402294,13971,580,30,0,0,0,14700,0
1785951474.351765381,316178940,0,316178939,0,316167464,16985,47900,0,0,0,0,0,651718380,627208814,316190505,21451,78400,0,0,0,4467,0,0,0,0,316209073,513213,491100,960200,316217914,109487,316227770,403140,14001,581,30,0,0,0,14700,0
1785951475.386096429,329983123,0,329983122,0,329971699,16983,48000,0,0,0,0,0,651721488,627208822,329989174,21449,78600,0,0,0,4466,0,0,0,0,330006623,513179,491100,960500,330016058,109473,330025419,403119,13998,581,30,0,0,0,14700,0
1785951476.420292009,343849261,0,343849260,0,343838911,16978,48100,0,0,0,0,0,651724592,627208822,343858338,21442,78600,0,0,0,4464,0,0,0,0,343877613,512951,491000,959600,343888513,109416,343896530,402949,13994,581,30,0,0,0,14700,0
1785951477.451277869,357648625,0,357648624,0,357637938,16974,48200,0,0,0,0,0,651727684,627208822,357656055,21438,78800,0,0,0,4463,0,0,0,0,357673912,512908,491100,959000,357683917,109394,357692863,402926,13991,581,30,0,0,0,14700,0
1785951478.483821124,371557174,0,371557173,0,371545750,16967,48100,0,0,0,0,0,651730779,627208823,371565285,21429,78800,0,0,0,4461,0,0,0,0,371583088,512687,491000,958000,371592857,109340,371602768,402761,13985,580,30,0,0,0,14700,0
1785951479.518285653,385502498,0,385502497,0,385491816,16961,48100,0,0,0,0,0,651733881,627208824,385511001,21420,78700,0,0,0,4459,0,0,0,0,385532231,512394,490900,957200,385541976,109291,385551540,402519,13979,580,30,0,0,0,14700,0
1785951480.550506975,398770719,0,398770718,0,398759376,16979,48100,0,0,0,0,0,651736981,627208841,398775166,21445,78900,0,0,0,4465,0,0,0,0,398791129,513051,491100,960500,398800849,109413,398807575,403052,13994,581,30,0,0,0,14700,0
1785951481.583369796,412564566,0,412564566,0,412554426,16976,48100,0,0,0,0,0,651740078,627208853,412574412,21441,78800,0,0,0,4465,0,0,0,0,412592843,512989,491100,959800,412604121,109387,412614152,403016,13992,581,30,0,0,0,14700,0
1785951482.619049207,426305502,0,426305501,0,426294703,16976,48000,0,0,0,0,0,651743188,627208869,426313520,21442,78800,0,0,0,4465,0,0,0,0,426332094,513094,491300,959500,426342154,109376,426351782,403132,13993,581,30,0,0,0,14700,0
1785951483.651431125,440203084,0,440203084,0,440192876,16968,48000,0,0,0,0,0,651746285,627208869,440210815,21433,78700,0,0,0,4464,0,0,0,0,440229598,512980,491300,958300,440238093,109314,440247176,403079,13986,580,30,0,0,0,14700,0
1785951484.683364403,454013752,0,454013751,0,454003576,16963,48000,0,0,0,0,0,651749378,627208870,454022087,21427,78700,0,0,0,4463,0,0,0,0,454042486,512946,491500,957400,454053449,109271,454062733,403089,13982,580,30,0,0,0,14700,0
1785951485.714952047,467777951,0,467777950,0,467766949,16961,47900,0,0,0,0,0,651752474,627208870,467784405,21424,78700,0,0,0,4463,0,0,0,0,467801305,512976,491600,957300,467810730,109260,467818574,403132,13980,580,30,0,0,0,14700,0
1785951486.746278894,480775780,0,480775781,0,480765194,16982,48000,0,0,0,0,0,651755570,627208882,480783439,21453,78900,0,0,0,4470,0,0,0,0,480801465,513821,492000,960900,480810604,109409,480818782,403825,13998,581,30,0,0,0,14700,0
1785951487.779475577,494621528,0,494621527,0,494610805,16978,47900,0,0,0,0,0,651758669,627208889,494630840,21447,78800,0,0,0,4469,0,0,0,0,494651568,513746,492000,960400,494662626,109368,494672373,403792,13994,581,30,0,0,0,14700,0
1785951488.818570964,508555694,0,508555693,0,508544543,16972,47900,0,0,0,0,0,651761787,627208890,508564467,21440,78800,0,0,0,4467,0,0,0,0,508583946,513670,492100,959700,508593128,109330,508601786,403755,13989,580,30,0,0,0,14700,0
1785951489.854983812,522448264,0,522448263,0,522437371,16968,47900,0,0,0,0,0,651764891,627208896,522455389,21436,78800,0,0,0,4466,0,0,0,0,522473827,513606,492100,959000,522482915,109292,522492028,403729,13985,580,30,0,0,0,14700,0
1785951490.887136201,536303780,0,536303779,0,536293295,16965,47900,0,0,0,0,0,651767988,627208905,536312328,21431,78800,0,0,0,4465,0,0,0,0,536331374,513531,492100,958500,536342670,109270,536351927,403675,13982,580,30,0,0,0,14700,0
1785951491.924451807,549849053,0,549849052,0,549838208,16972,47900,0,0,0,0,0,651771102,627208908,549857180,21440,78800,0,0,0,4467,0,0,0,0,549875943,513819,492400,959400,549885994,109319,549895711,403916,13988,581,30,0,0,0,14700,0
1785951492.958267526,563289985,0,563289984,0,563278692,16981,47900,0,0,0,0,0,651774203,627208918,563295789,21451,78900,0,0,0,4470,0,0,0,0,563313561,514095,492400,960800,563321861,109394,563331359,404115,13995,581,30,0,0,0,14700,0
1785951493.993292057,577276939,0,577276939,0,577267040,16974,47900,0,0,0,0,0,651777309,627208922,577287839,21442,78800,0,0,0,4467,0,0,0,0,577308564,513874,492300,960100,577320541,109359,577330804,403929,13990,581,30,0,0,0,14700,0
1785951495.024851755,591228053,0,591228052,0,591217509,16969,47800,0,0,0,0,0,651780402,627208927,591235219,21435,78700,0,0,0,4465,0,0,0,0,591253054,513674,492200,959600,591263050,109329,591273093,403759,13986,581,30,0,0,0,14700,0
1785951496.056485388,605190438,0,605190438,0,605180423,16964,47800,0,0,0,0,0,651783493,627208927,605200628,21427,78700,0,0,0,4463,0,0,0,0,605220323,513421,492000,958700,605230849,109285,605240892,403551,13981,580,30,0,0,0,14700,0
1785951497.088905680,619091516,0,619091515,0,619079845,16962,47800,0,0,0,0,0,651786590,627208929,619096775,21424,78600,0,0,0,4461,0,0,0,0,619113776,513221,491900,958400,619122151,109264,619132366,403372,13979,580,30,0,0,0,14700,0
1785951498.121383864,632437693,0,632437692,0,632426358,16973,47800,0,0,0,0,0,651789693,627208956,632442226,21438,78700,0,0,0,4465,0,0,0,0,632458825,513508,491900,960000,632466539,109346,632475500,403577,13989,581,30,0,0,0,14700,0
1785951499.154848596,645963451,0,645963450,0,645952589,16979,47800,0,0,0,0,0,651792793,627208964,645969313,21445,78700,0,0,0,4466,0,0,0,0,645986511,513718,492000,961300,645995572,109388,646004327,403745,13994,581,30,0,0,0,14700,0
1785951500.187678890,659826861,0,659826860,0,659815672,16976,47800,0,0,0,0,0,651795891,627208984,659835312,21442,78700,0,0,0,4465,0,0,0,0,659852658,513611,491900,960700,659863232,109360,659871962,403666,13992,581,30,0,0,0,14700,0
1785951501.219352508,673716064,0,673716063,0,673705435,16973,47800,0,0,0,0,0,651798985,627209003,673724412,21437,78600,0,0,0,4463,0,0,0,0,673743863,513484,491900,960300,673754005,109341,673762640,403557,13988,581,30,0,0,0,14700,0
1785951502.254321297,687590426,0,687590425,0,687578748,16970,47800,0,0,0,0,0,651802082,627209019,687597353,21433,78600,0,0,0,4463,0,0,0,0,687615595,513356,491800,959600,687625011,109314,687634826,403457,13986,581,30,0,0,0,14700,0
1785951503.286513207,701593870,0,701593869,0,701582357,16965,47800,0,0,0,0,0,651805185,627209020,701600948,21426,78500,0,0,0,4461,0,0,0,0,701619898,513190,491700,958800,701629637,109279,701638041,403327,13981,581,30,0,0,0,14700,0
1785951504.318616338,714931504,0,714931503,0,714920766,16974,47800,0,0,0,0,0,651808281,627209034,714938462,21438,78600,0,0,0,4464,0,0,0,0,714957447,513535,491900,960100,714966297,109336,714975865,403613,13989,581,30,0,0,0,14700,0
1785951505.350479693,728659943,0,728659942,0,728649402,16974,47800,0,0,0,0,0,651811376,627209048,728669888,21438,78600,0,0,0,4464,0,0,0,0,728691757,513499,491800,960400,728703345,109338,728713624,403575,13989,581,30,0,0,0,14700,0
1785951506.382712008,742559254,0,742559253,0,742548340,16971,47800,0,0,0,0,0,651814471,627209048,742565848,21434,78500,0,0,0,4463,0,0,0,0,742583486,513374,491800,959800,742592218,109317,742600943,403472,13986,581,30,0,0,0,14700,0
1785951507.415516279,756332999,0,756332998,0,756323082,16970,47800,0,0,0,0,0,651817569,627209049,756350353,21433,78500,0,0,0,4462,0,0,0,0,756381161,513326,491800,959500,756390581,109311,756402217,403431,13986,581,30,0,0,0,14700,0
1785951508.446795463,770175845,0,770175844,0,770164302,16968,47700,0,0,0,0,0,651820662,627209055,770182654,21430,78500,0,0,0,4461,0,0,0,0,770200854,513254,491800,959100,770210474,109286,770218665,403383,13984,581,30,0,0,0,14700,0
1785951509.478786040,784090654,0,784090653,0,784080546,16965,47700,0,0,0,0,0,651823757,627209063,784098151,21426,78400,0,0,0,4460,0,0,0,0,784116955,513102,491700,958600,784125974,109261,784135018,403256,13981,581,30,0,0,0,14700,0
1785951510.509768648,797362636,0,797362635,0,797351690,16973,47700,0,0,0,0,0,651826852,627209074,797367745,21437,78500,0,0,0,4464,0,0,0,0,797384939,513448,491800,960100,797394187,109321,797403423,403541,13988,581,30,0,0,0,14700,0
1785951511.547199465,811283725,0,811283724,0,811273231,16971,47700,0,0,0,0,0,651829959,627209079,811292440,21434,78400,0,0,0,4463,0,0,0,0,811312432,513343,491700,959800,811322106,109309,811332395,403449,13986,581,30,0,0,0,14700,0
1785951512.581420582,825333340,0,825333339,0,825323165,16967,47700,0,0,0,0,0,651833062,627209079,825343148,21428,78400,0,0,0,4461,0,0,0,0,825363282,513115,491600,959400,825373992,109280,825384093,403249,13983,581,30,0,0,0,14700,0
1785951513.619151681,839402158,0,839402157,0,839391626,16963,47700,0,0,0,0,0,651836173,627209079,839412228,21423,78300,0,0,0,4459,0,0,0,0,839433711,512927,491400,958700,839443780,109252,839454492,403090,13979,580,30,0,0,0,14700,0
1785951514.649899707,853384343,0,853384342,0,853373171,16959,47700,0,0,0,0,0,651839267,627209079,853390216,21417,78300,0,0,0,4457,0,0,0,0,853408833,512749,491300,958000,853418295,109219,853427254,402945,13976,580,30,0,0,0,14700,0
1785951515.679830120,867140090,0,867140089,0,867127742,16959,47700,0,0,0,0,0,651842354,627209092,867142794,21417,78300,0,0,0,4457,0,0,0,0,867160159,512738,491300,958200,867168575,109218,867176871,402937,13976,580,30,0,0,0,14700,0
1785951516.707221520,880043405,0,880043404,0,880032112,16972,47700,0,0,0,0,0,651845437,627209106,880049320,21434,78300,0,0,0,4462,0,0,0,0,880067324,513194,491400,959700,880076655,109303,880084917,403306,13986,581,30,0,0,0,14700,0
1785951517.745244740,893759625,0,893759624,0,893747940,16974,47700,0,0,0,0,0,651848549,627209114,893765643,21436,78300,0,0,0,4462,0,0,0,0,893783637,513226,491400,960100,893791968,109315,893801621,403327,13988,581,30,0,0,0,14700,0
1785951518.776921333,907604289,0,907604289,0,907593357,16972,47700,0,0,0,0,0,651851642,627209119,907609874,21434,78300,0,0,0,4461,0,0,0,0,907627020,513157,491400,959700,907636743,109306,907646602,403265,13987,581,30,0,0,0,14700,0
1785951519.808859115,921518409,0,921518408,0,921507670,16969,47700,0,0,0,0,0,651854737,627209119,921525962,21430,78300,0,0,0,4461,0,0,0,0,921545025,513051,491400,959100,921553541,109284,921563384,403182,13984,581,30,0,0,0,14700,0
1785951520.846313495,935443294,0,935443293,0,935431589,16967,47700,0,0,0,0,0,651857847,627209119,935449764,21428,78200,0,0,0,4460,0,0,0,0,935468708,512973,491400,958600,935478485,109268,935486941,403120,13982,581,30,0,0,0,14700,0
1785951521.880354138,949291854,0,949291853,0,949281392,16966,47700,0,0,0,0,0,651860953,627209122,949301515,21426,78200,0,0,0,4459,0,0,0,0,949322748,512927,491400,958200,949333067,109254,949343039,403087,13981,581,30,0,0,0,14700,0
1785951522.919626092,962572167,0,962572167,0,962560648,16973,47700,0,0,0,0,0,651864069,627209131,962578757,21436,78300,0,0,0,4462,0,0,0,0,962648089,513248,491500,959600,962657342,109302,962667946,403361,13989,581,30,0,0,0,14700,0
1785951523.951287121,976162033,0,976162032,0,976150992,16976,47700,0,0,0,0,0,651867166,627209153,976168608,21440,78300,0,0,0,4463,0,0,0,0,976186723,513351,491600,959800,976195328,109320,976203574,403445,13990,581,30,0,0,0,14700,0
1785951524.982694054,990020079,0,990020078,0,990009682,16974,47700,0,0,0,0,0,651870259,627209153,990029050,21438,78300,0,0,0,4463,0,0,0,0,990048917,513274,491600,959300,990058785,109303,990069098,403385,13989,581,30,0,0,0,14700,0
1785951526.016256031,1003975100,0,1003975099,0,1003964367,16971,47700,0,0,0,0,0,651873360,627209153,1003983481,21434,78200,0,0,0,4462,0,0,0,0,1004003119,513169,491500,958800,1004014357,109275,1004024004,403308,13986,581,30,0,0,0,14700,0
1785951527.046337070,1017850323,0,1017850323,0,1017838706,16969,47600,0,0,0,0,0,651876450,627209154,1017856815,21430,78200,0,0,0,4461,0,0,0,0,1017874280,513098,491600,958300,1017884161,109258,1017894239,403255,13984,581,30,0,0,0,14700,0
1785951528.081987005,1031554800,0,1031554799,0,1031542690,16969,47600,0,0,0,0,0,651879551,627209155,1031561665,21431,78200,0,0,0,4461,0,0,0,0,1031580230,513136,491600,958300,1031590537,109251,1031600842,403300,13984,581,30,0,0,0,14700,0
1785951529.112054923,1044781479,0,1044781478,0,1044770267,16978,47600,0,0,0,0,0,651882643,627209166,1044788020,21442,78200,0,0,0,4464,0,0,0,0,1044806111,513370,491600,959700,1044814984,109310,1044824786,403473,13992,581,30,0,0,0,14700,0
1785951530.144097426,1058733679,0,1058733678,0,1058723552,16976,47600,0,0,0,0,0,651885740,627209167,1058743798,21439,78200,0,0,0,4463,0,0,0,0,1058762941,513194,491500,959300,1058774508,109293,1058784191,403315,13990,581,30,0,0,0,14700,0
1785951531.183912729,1072646740,0,1072646739,0,1072635600,16975,47600,0,0,0,0,0,651888842,627209168,1072653401,21437,78100,0,0,0,4462,0,0,0,0,1072673188,513093,491400,959000,1072682929,109287,1072691794,403220,13989,581,30,0,0,0,14700,0
1785951532.222755975,1086713047,0,1086713046,0,1086702307,16973,47600,0,0,0,0,0,651891976,627209174,1086722276,21435,78100,0,0,0,4461,0,0,0,0,1086743377,512964,491400,958700,1086752810,109275,1086763021,403103,13988,581,30,0,0,0,14700,0
1785951533.255519919,1100694524,0,1100694524,0,1100684276,16970,47600,0,0,0,0,0,651895073,627209178,1100704053,21432,78100,0,0,0,4460,0,0,0,0,1100725568,512803,491300,958200,1100736535,109256,1100746916,402961,13986,581,30,0,0,0,14700,0
1785951534.286509301,1114356333,0,1114356332,0,1114345573,16972,47600,0,0,0,0,0,651898166,627209183,1114362796,21434,78000,0,0,0,4461,0,0,0,0,1114380981,512834,491300,958400,1114390207,109270,1114399145,402980,13988,581,30,0,0,0,14700,0
1785951535.318453684,1127712913,0,1127712912,0,1127702537,16978,47600,0,0,0,0,0,651901260,627209195,1127722582,21442,78100,0,0,0,4463,0,0,0,0,1127742961,512978,491300,959100,1127755064,109302,1127764850,403090,13992,581,30,0,0,0,14700,0
1785951536.353105010,1141697899,0,1141697899,0,1141687328,16976,47600,0,0,0,0,0,651904363,627209195,1141704988,21438,78100,0,0,0,4462,0,0,0,0,1141723305,512880,491200,958800,1141732856,109286,1141741642,403009,13990,581,30,0,0,0,14700,0
1785951537.386474496,1155609620,0,1155609619,0,1155599615,16974,47600,0,0,0,0,0,651907464,627209196,1155616784,21436,78000,0,0,0,4461,0,0,0,0,1155634606,512782,491200,958500,1155643841,109273,1155653010,402922,13989,581,30,0,0,0,14700,0
1785951538.421577213,1169457082,0,1169457081,0,1169446053,16972,47600,0,0,0,0,0,651910563,627209199,1169463680,21434,78000,0,0,0,4461,0,0,0,0,1169482758,512735,491200,958200,1169492933,109257,1169501519,402892,13988,581,30,0,0,0,14700,0
1785951539.473453320,1183397826,0,1183397825,0,1183387752,16975,47600,0,0,0,0,0,651913729,627209223,1183408132,21437,78000,0,0,0,4461,0,0,0,0,1183430011,512755,491200,958200,1183441260,109267,1183451487,402902,13989,581,30,0,0,0,14700,0
1785951540.506537504,1196857225,0,1196857224,0,1196846656,16978,47600,0,0,0,0,0,651916830,627209230,1196865799,21442,78000,0,0,0,4462,0,0,0,0,1196886593,512886,491200,958700,1196895985,109288,1196905881,403012,13992,581,30,0,0,0,14700,0
1785951541.545999710,1210526970,0,1210526969,0,1210516396,16980,47600,0,0,0,0,0,651919947,627209233,1210535996,21444,78000,0,0,0,4463,0,0,0,0,1210556524,512991,491300,959100,1210567494,109297,1210578388,403107,13994,581,30,0,0,0,14700,0
1785951542.580592523,1224368061,0,1224368060,0,1224357048,16979,47600,0,0,0,0,0,651923049,627209251,1224376312,21443,78000,0,0,0,4463,0,0,0,0,1224395264,513001,491300,959000,1224405443,109290,1224415261,403125,13993,581,30,0,0,0,14700,0
1785951543.610945006,1238193911,0,1238193910,0,1238183286,16977,47600,0,0,0,0,0,651926139,627209255,1238201697,21441,78000,0,0,0,4463,0,0,0,0,1238221561,512971,491400,958700,1238232002,109275,1238242249,403111,13991,581,30,0,0,0,14700,0
1785951544.642201735,1252102731,0,1252102730,0,1252091300,16975,47600,0,0,0,0,0,651929231,627209255,1252109018,21438,78000,0,0,0,4462,0,0,0,0,1252127129,512892,491400,958300,1252136296,109253,1252145607,403053,13989,581,30,0,0,0,14700,0
1785951545.683547034,1266040713,0,1266040712,0,1266030375,16973,47600,0,0,0,0,0,651932350,627209255,1266050615,21436,78000,0,0,0,4462,0,0,0,0,1266072733,512877,491400,957900,1266082947,109245,1266094829,403046,13988,581,30,0,0,0,14700,0
1785951546.719070087,1279379142,0,1279379141,0,1279368442,16979,47600,0,0,0,0,0,651935462,627209263,1279386544,21444,78100,0,0,0,4464,0,0,0,0,1279404296,513106,491500,958900,1279414013,109289,1279422751,403231,13993,581,30,0,0,0,14700,0
1785951547.752297725,1293065739,0,1293065738,0,1293055310,16978,47600,0,0,0,0,0,651938564,627209272,1293074420,21444,78100,0,0,0,4465,0,0,0,0,1293093873,513190,491600,959000,1293103228,109288,1293111528,403316,13992,581,30,0,0,0,14700,0
1785951548.781045244,1306825439,0,1306825438,0,1306813107,16976,47600,0,0,0,0,0,651941649,627209272,1306829436,21442,78100,0,0,0,4464,0,0,0,0,1306845345,513203,491600,958800,1306852999,109279,1306860523,403338,13991,581,30,0,0,0,14700,0
1785951549.814260505,1320499042,0,1320499041,0,1320488400,16976,47600,0,0,0,0,0,651944748,627209285,1320507162,21441,78100,0,0,0,4465,0,0,0,0,1320527112,513237,491700,958600,1320538234,109281,1320547543,403371,13990,581,30,0,0,0,14700,0
1785951550.846127324,1334303934,0,1334303933,0,1334292791,16975,47600,0,0,0,0,0,651947844,627209286,1334315026,21440,78000,0,0,0,4465,0,0,0,0,1334336600,513257,491800,958500,1334347618,109274,1334359529,403397,13989,581,30,0,0,0,14700,0
1785951551.877887248,1348074419,0,1348074418,0,1348064170,16974,47600,0,0,0,0,0,651950939,627209287,1348082343,21440,78000,0,0,0,4465,0,0,0,0,1348101270,513278,491800,958300,1348112298,109266,1348120964,403426,13989,581,30,0,0,0,14700,0
1785951552.908227684,1361288915,0,1361288914,0,1361277845,16979,47600,0,0,0,0,0,651954029,627209293,1361297415,21447,78100,0,0,0,4467,0,0,0,0,1361315906,513454,491900,959100,1361326764,109301,1361336420,403568,13993,581,30,0,0,0,14700,0
1785951553.940345328,1375112580,0,1375112579,0,1375101746,16978,47600,0,0,0,0,0,651957125,627209307,1375118999,21446,78100,0,0,0,4466,0,0,0,0,1375137003,513423,491900,959000,1375145601,109293,1375155040,403543,13993,581,30,0,0,0,14700,0
1785951554.971179277,1388879077,0,1388879076,0,1388868286,16978,47600,0,0,0,0,0,651960214,627209313,1388884972,21445,78100,0,0,0,4466,0,0,0,0,1388903392,513407,491900,958700,1388911886,109289,1388921121,403532,13992,581,30,0,0,0,14700,0
1785951556.008014733,1402852474,0,1402852473,0,1402841831,16976,47500,0,0,0,0,0,651963328,627209319,1402860528,21442,78000,0,0,0,4466,0,0,0,0,1402880816,513325,491900,958300,1402889194,109271,1402899970,403468,13990,581,30,0,0,0,14700,0
1785951557.040248508,1416759511,0,1416759510,0,1416748983,16974,47500,0,0,0,0,0,651966423,627209319,1416767613,21439,78000,0,0,0,4465,0,0,0,0,1416787339,513286,491900,957900,1416798912,109259,1416807959,403440,13989,581,30,0,0,0,14700,0
1785951558.075725203,1430542706,0,1430542706,0,1430531911,16973,47500,0,0,0,0,0,651969529,627209325,1430550422,21439,78000,0,0,0,4465,0,0,0,0,1430570403,513293,491900,957900,1430580254,109255,1430590486,403453,13988,581,30,0,0,0,14700,0
1785951559.113608000,1443829876,0,1443829875,0,1443818582,16978,47500,0,0,0,0,0,651972641,627209334,1443836338,21446,78100,0,0,0,4467,0,0,0,0,1443854553,513499,492000,959000,1443864356,109290,1443873075,403622,13992,581,30,0,0,0,14700,0
1785951560.143865210,1457603168,0,1457603168,0,1457592198,16977,47500,0,0,0,0,0,651975729,627209340,1457612249,21445,78100,0,0,0,4467,0,0,0,0,1457633178,513503,492000,958800,1457642920,109286,1457652821,403630,13992,581,30,0,0,0,14700,0
1785951561.179249524,1471542677,0,1471542676,0,1471532465,16976,47500,0,0,0,0,0,651978838,627209341,1471552177,21443,78100,0,0,0,4466,0,0,0,0,1471571630,513437,492000,958500,1471582844,109272,1471591755,403578,13990,581,30,0,0,0,14700,0
1785951562.210208631,1485378835,0,1485378834,0,1485367702,16974,47500,0,0,0,0,0,651981931,627209341,1485385820,21441,78000,0,0,0,4466,0,0,0,0,1485403658,513402,492000,958200,1485413750,109260,1485422781,403557,13989,581,30,0,0,0,14700,0
1785951563.244781215,1499342342,0,1499342341,0,1499330892,16972,47500,0,0,0,0,0,651985029,627209348,1499349163,21438,78000,0,0,0,4465,0,0,0,0,1499367462,513292,492000,957900,1499375742,109248,1499385308,403458,13987,581,30,0,0,0,14700,0
1785951564.274541362,1513022281,0,1513022280,0,1513009889,16973,47500,0,0,0,0,0,651988121,627209350,1513028203,21439,78000,0,0,0,4465,0,0,0,0,1513044062,513270,491900,958100,1513052434,109253,1513062135,403432,13988,581,30,0,0,0,14700,0
1785951565.302029779,1526365931,0,1526365939,0,1526355145,16976,47500,0,0,0,0,0,651991205,627209357,1526375037,21443,78000,0,0,0,4467,0,0,0,0,1526396090,513402,492000,958700,1526406089,109274,1526415913,403541,13991,581,30,0,0,0,14700,0
1785951566.332642018,1540266724,0,1540266723,0,1540255655,16974,47500,0,0,0,0,0,651994296,627209358,1540273529,21440,78000,0,0,0,4466,0,0,0,0,1540293029,513345,492000,958400,1540302001,109255,1540310667,403505,13989,581,30,0,0,0,14700,0
1785951567.370629478,1554193555,0,1554193554,0,1554182223,16972,47500,0,0,0,0,0,651997398,627209358,1554199317,21438,78000,0,0,0,4465,0,0,0,0,1554217088,513278,491900,958000,1554225618,109241,1554233652,403451,13987,580,30,0,0,0,14700,0
1785951568.404469250,1568198238,0,1568198237,0,1568187246,16970,47500,0,0,0,0,0,652000510,627209358,1568204836,21435,77900,0,0,0,4465,0,0,0,0,1568222490,513218,491900,957700,1568231146,109226,1568239663,403406,13985,580,30,0,0,0,14700,0
1785951569.441591561,1582084348,0,1582084348,0,1582077334,16968,47500,0,0,0,0,0,652003612,627209359,1582097730,21433,77900,0,0,0,4464,0,0,0,0,1582117442,513172,491900,957500,1582127168,109216,1582137977,403370,13984,580,30,0,0,0,14700,0
1785951570.471862610,1589333981,0,1589333980,0,1589317967,16969,47500,0,0,0,0,0,652006707,627210775,1589317967,21434,77900,0,0,0,4464,0,0,0,0,1589323507,513190,491900,957600,1589323507,109216,1589323274,403388,13984,580,30,0,0,0,14700,0
1785951571.505287956,1589333981,0,1589333980,0,1589317967,16969,47500,0,0,0,0,0,652009807,627213831,1589317967,21434,77900,0,0,0,4464,0,0,0,0,1589323511,513190,491900,957600,1589323511,109216,1589323274,403388,13984,580,30,0,0,0,14700,0
1785951572.537962970,1589333981,0,1589333980,0,1589317967,16969,47500,0,0,0,0,0,652012905,627216923,1589317967,21434,77900,0,0,0,4464,0,0,0,0,1589323514,513190,491900,957600,1589323514,109216,1589323274,403388,13984,580,30,0,0,0,14700,0
1785951573.570545281,1589333981,0,1589333980,0,1589317967,16969,47500,0,0,0,0,0,652016001,627220013,1589317967,21434,77900,0,0,0,4464,0,0,0,0,1589323516,513190,491900,957600,1589323516,109216,1589323274,403388,13984,580,30,0,0,0,14700,0
1785951574.601383415,1589333981,0,1589333980,0,1589317967,16969,47500,0,0,0,0,0,652019095,627223100,1589317967,21434,77900,0,0,0,4464,0,0,0,0,1589323518,513190,491900,957600,1589323518,109216,1589323274,403388,13984,580,30,0,0,0,14700,0
1785951575.633428049,1589333981,0,1589333980,0,1589317967,16969,47500,0,0,0,0,0,652022190,627226185,1589317967,21434,77900,0,0,0,4464,0,0,0,0,1589323520,513190,491900,957600,1589323520,109216,1589323274,403388,13984,580,30,0,0,0,14700,0
1785951576.664739977,1589333981,0,1589333980,0,1589317967,16969,47500,0,0,0,0,0,652025285,627229154,1589317967,21434,77900,0,0,0,4464,0,0,0,0,1589323522,513190,491900,957600,1589323522,109216,1589323274,403388,13984,580,30,0,0,0,14700,0
1785951577.697508872,1589333981,0,1589333980,0,1589317967,16969,47500,0,0,0,0,0,652028383,627232245,1589317967,21434,77900,0,0,0,4464,0,0,0,0,1589323524,513191,491900,957600,1589323524,109216,1589323274,403388,13984,580,30,0,0,0,14700,0
1785951578.729614905,1589333981,0,1589333980,0,1589317967,16969,47500,0,0,0,0,0,652031481,627235336,1589317967,21434,77900,0,0,0,4464,0,0,0,0,1589323526,513191,491900,957600,1589323526,109216,1589323274,403388,13984,580,30,0,0,0,14700,0
1785951579.762126004,1589333981,0,1589333980,0,1589317967,16969,47500,0,0,0,0,0,652034573,627238407,1589317967,21434,77900,0,0,0,4464,0,0,0,0,1589323528,513191,491900,957600,1589323528,109216,1589323274,403388,13984,580,30,0,0,0,14700,0
1785951580.792998216,1589333981,0,1589333980,0,1589317967,16969,47500,0,0,0,0,0,652037666,627241459,1589317967,21434,77900,0,0,0,4464,0,0,0,0,1589323530,513191,491900,957600,1589323530,109216,1589323274,403388,13984,580,30,0,0,0,14700,0
1785951581.826046102,1589333981,0,1589333980,0,1589317967,16969,47500,0,0,0,0,0,652040766,627244518,1589317967,21434,77900,0,0,0,4464,0,0,0,0,1589323532,513191,491900,957600,1589323532,109216,1589323274,403388,13984,580,30,0,0,0,14700,0
1785951582.860953790,1589333981,0,1589333980,0,1589317967,16969,47500,0,0,0,0,0,652043870,627247509,1589317967,21434,77900,0,0,0,4464,0,0,0,0,1589323534,513191,491900,957600,1589323534,109216,1589323274,403388,13984,580,30,0,0,0,14700,0
1785951583.893624763,1589333981,0,1589333980,0,1589317967,16969,47500,0,0,0,0,0,652046969,627250601,1589317967,21434,77900,0,0,0,4464,0,0,0,0,1589323536,513191,491900,957600,1589323536,109216,1589323274,403388,13984,580,30,0,0,0,14700,0
1785951584.926207167,1589333981,0,1589333980,0,1589317967,16969,47500,0,0,0,0,0,652050065,627253692,1589317967,21434,77900,0,0,0,4464,0,0,0,0,1589323538,513191,491900,957600,1589323538,109216,1589323274,403388,13984,580,30,0,0,0,14700,0
1785951585.957822399,1589333981,0,1589333980,0,1589317967,16969,47500,0,0,0,0,0,652053161,627256781,1589317967,21434,77900,0,0,0,4464,0,0,0,0,1589323540,513191,491900,957600,1589323540,109216,1589323274,403388,13984,580,30,0,0,0,14700,0
1785951586.989864280,1589333981,0,1589333980,0,1589317967,16969,47500,0,0,0,0,0,652056255,627259870,1589317967,21434,77900,0,0,0,4464,0,0,0,0,1589323542,513191,491900,957600,1589323542,109216,1589323274,403388,13984,580,30,0,0,0,14700,0
1785951588.023233334,1589333981,0,1589333980,0,1589317967,16969,47500,0,0,0,0,0,652059356,627262886,1589317967,21434,77900,0,0,0,4464,0,0,0,0,1589323544,513191,491900,957600,1589323544,109216,1589323274,403388,13984,580,30,0,0,0,14700,0
1785951589.057073773,1589333981,0,1589333980,0,1589317967,16969,47500,0,0,0,0,0,652062454,627265920,1589317967,21434,77900,0,0,0,4464,0,0,0,0,1589323546,513191,491900,957600,1589323546,109216,1589323274,403388,13984,580,30,0,0,0,14700,0
1785951590.088362823,1589333981,0,1589333980,0,1589317967,16969,47500,0,0,0,0,0,652065553,627269012,1589317967,21434,77900,0,0,0,4464,0,0,0,0,1589323548,513191,491900,957600,1589323548,109216,1589323274,403388,13984,580,30,0,0,0,14700,0
1785951591.119792721,1589333981,0,1589333980,0,1589317967,16969,47500,0,0,0,0,0,652068642,627272074,1589317967,21434,77900,0,0,0,4464,0,0,0,0,1589323550,513191,491900,957600,1589323550,109216,1589323274,403388,13984,580,30,0,0,0,14700,0
1785951592.152295935,1589333981,0,1589333980,0,1589317967,16969,47500,0,0,0,0,0,652071741,627275167,1589317967,21434,77900,0,0,0,4464,0,0,0,0,1589323553,513191,491900,957600,1589323553,109216,1589323274,403388,13984,580,30,0,0,0,14700,0
1785951593.184542727,1589333981,0,1589333980,0,1589317967,16969,47500,0,0,0,0,0,652074835,627278255,1589317967,21434,77900,0,0,0,4464,0,0,0,0,1589323557,513191,491900,957600,1589323557,109216,1589323274,403388,13984,580,30,0,0,0,14700,0
1785951594.216147527,1590272492,104341,1590272491,0,1590260523,16968,47500,105457,9871,44700,0,0,652077927,627280859,1590272540,21438,78000,106887,11052,48000,4469,593,645,0,0,1590393001,513493,492000,959800,1590401663,109296,1590409469,403612,13983,581,30,8350,1173,26,14700,7300
1785951595.265942262,10083614,1120396,10083613,0,10075907,13289,58100,1120284,7938,29800,0,0,652081077,627280863,10088647,22550,129000,1121620,9108,31600,9287,492,678,0,0,11222750,627512,595900,1219600,11230070,143730,11236377,483119,10278,619,28,6479,931,20,10800,7000
1785951596.299449142,20279608,2253281,20279607,0,20273084,13287,57600,2253351,7945,29800,0,0,652084177,627280876,20287850,22549,128500,2255036,9112,31700,9277,492,675,0,0,22558369,626716,595600,1200500,22567478,143492,22575682,482523,10250,619,28,6476,929,20,10800,7000
1785951597.330972226,30417835,3379751,30417834,0,30410246,13288,57300,3379642,7951,29800,0,0,652087267,627280881,30423130,22572,127900,3381074,9113,31700,9291,493,669,0,0,33818011,626593,594700,1199300,33825558,143606,33832779,482296,10237,619,28,6476,929,20,10800,7100
1785951598.364497827,40635024,4514992,40635023,0,40627760,13270,57200,4514918,7951,29900,0,0,652090367,627280881,40640886,22549,127900,4516389,9109,31700,9285,493,664,0,0,45171354,626186,595000,1197600,45178564,143452,45186333,482036,10215,619,28,6474,928,20,10800,7100
1785951599.405341331,50809925,5645534,50809924,0,50802117,13266,57200,5645306,7954,29900,0,0,652093472,627280883,50813393,22543,127900,5646571,9109,31700,9285,493,661,0,0,56473586,625947,594700,1196000,56479862,143384,56490402,481876,10212,619,28,6480,928,20,10800,7100
1785951600.440487839,60695535,6743940,60695542,0,60688443,13344,57400,6743952,7993,30000,0,0,652096589,627280917,60702122,22683,128800,6745460,9148,31800,9343,494,659,0,0,67462513,630046,595400,1223500,67469649,144360,67477736,484979,10270,621,28,6510,930,20,10800,7100
1785951601.474422552,70845852,7871753,70845851,0,70838412,13337,57400,7871687,7993,30000,1,0,652099691,627280921,70851432,22676,128900,7873096,9146,31800,9342,494,658,0,0,78738320,630030,595500,1222700,78745581,144304,78753298,485025,10261,621,28,6509,930,20,10800,7100
1785951602.508641999,81037504,9004156,81037503,0,81030003,13324,57300,9004013,7988,29900,1,0,652102792,627280922,81042401,22654,128700,9005379,9140,31800,9333,494,656,0,0,90060864,629413,595600,1216600,90067823,144178,90074519,484527,10248,621,28,6504,929,20,10800,7100
1785951603.543065489,91298234,10144242,91298233,0,91290695,13311,57300,10144117,7984,29900,1,0,652105893,627280922,91303426,22632,128600,10145494,9134,31800,9323,494,655,0,0,101461751,628782,595500,1212100,101469112,144005,101476499,484072,10235,620,28,6500,929,20,10800,7100
1785951604.577993913,101547805,11283078,101547804,0,101540337,13297,57200,11283013,7980,29900,1,0,652108995,627280923,101553675,22611,128400,11284488,9130,31700,9316,494,655,0,0,112851783,628265,595400,1208600,112860077,143911,112867416,483654,10222,620,28,6497,928,20,10800,7100
1785951605.611002288,111635777,12403966,111635776,0,111628011,13306,57200,12403789,7983,29900,2,0,652112094,627280935,111639106,22626,128400,12404955,9133,31800,9321,493,655,0,0,124055206,628597,595300,1212900,124060035,144044,124066419,483865,10229,620,28,6499,928,20,10800,7100
1785951606.644097810,121511616,13501279,121511615,0,121504396,13332,57400,13501203,7995,30000,2,0,652115192,627280956,121517447,22673,128800,13502612,9145,31800,9341,494,654,0,0,135034188,629960,595600,1222800,135040712,144364,135047877,484889,10251,621,28,6512,928,20,10800,7100
1785951607.674308703,131715756,14635076,131715755,0,131709278,13322,57300,14635074,7991,29900,2,0,652118279,627280958,131722139,22655,128600,14636561,9141,31800,9334,494,654,0,0,146372990,629477,595600,1219800,146381279,144300,146388103,484472,10242,621,28,6508,928,20,10800,7100
1785951608.706349832,141913523,15768157,141913522,0,141907190,13311,57200,15768215,7987,29900,2,0,652121363,627280959,141920734,22637,128500,15769713,9136,31800,9327,494,653,0,0,157705049,629020,595500,1216600,157711518,144186,157720549,484129,10232,621,28,6504,927,20,10800,7100
1785951609.737414980,152157068,16906335,152157067,0,152149531,13301,57100,16906126,7984,29900,2,0,652124466,627280960,152160855,22622,128400,16907447,9132,31800,9321,493,653,0,0,169080810,628560,595400,1213600,169088063,144046,169094121,483810,10224,620,28,6501,927,20,10800,7100
1785951610.769161178,162391481,18043491,162391482,0,162384152,13295,57100,18043399,7980,29900,2,0,652127561,627280961,162397297,22611,128300,18044864,9128,31800,9317,493,652,0,0,180455173,628318,595400,1211800,180463347,143977,180471642,483638,10219,620,28,6498,926,20,10800,7100
1785951611.805184130,172297085,19144110,172297084,0,172289827,13313,57200,19143996,7987,30000,2,0,652130668,627280972,172301996,22644,128800,19145402,9135,31800,9331,494,653,0,0,191461278,629549,595900,1219400,191469015,144176,191476001,484669,10233,621,28,6504,927,20,10800,7100
1785951612.843086753,182331077,20258993,182331076,0,182324394,13319,57300,20258997,7991,30000,2,0,652133781,627280981,182337575,22657,128900,20260457,9139,31800,9338,494,653,0,0,202611686,629992,596100,1222600,202619759,144257,202627121,485027,10238,621,28,6507,927,20,10800,7100
1785951613.876880678,192557989,21395322,192557988,0,192551236,13314,57200,21395360,7989,30000,2,0,652136878,627280990,192564680,22647,128900,21396873,9136,31800,9334,494,652,0,0,213975637,629697,596000,1220800,213984472,144207,213992817,484787,10233,621,28,6506,926,20,10800,7100
1785951614.903479855,202693086,22521446,202693085,0,202685620,13310,57200,22521316,7986,30000,2,0,652139957,627281001,202697520,22641,128900,22522627,9134,31800,9331,493,652,0,0,225232291,629579,596000,1219400,225238572,144158,225245547,484715,10230,621,28,6504,926,20,10800,7100
1785951615.931268106,212868801,23652083,212868801,0,212861669,13305,57200,23652017,7984,29900,2,0,652143038,627281004,212874413,22631,128800,23653406,9130,31800,9326,493,652,0,0,236540848,629186,595800,1216400,236548169,144074,236555935,484410,10226,620,28,6501,926,20,10800,7100
1785951616.962103642,223064994,24784986,223064993,0,223057273,13301,57100,24784810,7982,29900,2,0,652146128,627281005,223069180,22624,128800,24786066,9128,31800,9323,493,651,0,0,247866713,629025,595900,1213700,247873085,144036,247878378,484285,10222,620,28,6499,926,20,10800,7100
1785951617.996601779,232880957,25875647,232880956,0,232873707,13317,57200,25875541,7989,29900,2,0,652149229,627281020,232886252,22653,129100,25876990,9136,31800,9336,494,652,0,0,258777319,629893,596200,1218300,258785011,144229,258791995,484961,10235,621,28,6505,926,20,10800,7100
1785951619.026390655,243015693,27001729,243015692,0,243007919,13316,57200,27001652,7989,29900,2,0,652152317,627281025,243021296,22650,128900,27003088,9136,31800,9335,494,651,0,0,270037506,629765,596100,1217500,270046691,144232,270054211,484826,10234,620,28,6505,926,20,10800,7100
1785951620.058516839,253239617,28137729,253239616,0,253232412,13311,57100,28137661,7988,29900,2,0,652155413,627281026,253246103,22642,128700,28139217,9134,31800,9331,494,651,0,0,281399345,629349,595900,1215100,281407878,144181,281414250,484462,10230,620,28,6504,926,20,10800,7100
1785951621.091209762,263474346,29274923,263474346,0,263466670,13306,57100,29274782,7986,29900,2,0,652158509,627281027,263479209,22633,128500,29276180,9133,31800,9327,494,651,0,0,292769123,628992,595600,1213300,292775625,144138,292783664,484149,10226,620,28,6503,926,20,10800,7100
1785951622.120511103,273607086,30400777,273607085,0,273600125,13304,57100,30400743,7985,29900,2,0,652161593,627281029,273612935,22630,128600,30402137,9131,31800,9326,494,651,0,0,304028542,628995,595700,1213000,304035840,144115,304042975,484175,10225,620,28,6502,926,20,10800,7100
1785951623.151380668,283766011,31529537,283766010,0,283758950,13303,57100,31529449,7984,29900,2,0,652164685,627281031,283771296,22627,128600,31530772,9130,31800,9324,493,650,0,0,315315145,628959,595700,1211800,315323073,144080,315328558,484174,10223,620,28,6501,926,20,10800,7100
1785951624.182778973,293374683,32597175,293374682,0,293367441,13322,57200,32597054,7993,29900,2,0,652167781,627281061,293379470,22662,128900,32598411,9140,31800,9340,494,651,0,0,325990281,629984,595900,1218500,325999148,144322,326004635,484959,10239,621,28,6509,926,20,10800,7100
1785951625.214040109,303533252,33725910,303533251,0,303525729,13320,57200,33725839,7993,29900,2,0,652170877,627281067,303538628,22658,128900,33727253,9139,31800,9338,494,650,0,0,337279813,629896,596000,1217300,337287199,144296,337293582,484893,10237,621,28,6509,926,20,10800,7100
1785951626.243624510,313761464,34862373,313761463,0,313754746,13316,57100,34862383,7991,29900,2,0,652173962,627281068,313768131,22649,128700,34863790,9137,31800,9334,494,650,0,0,348645297,629529,595700,1215500,348652903,144240,348660477,484585,10233,621,28,6507,926,20,10800,7100
1785951627.273728699,323944022,35993769,323944021,0,323937173,13313,57100,35993739,7990,29900,2,0,652177050,627281071,323950039,22644,128700,35995123,9136,31800,9331,494,650,0,0,359958301,629426,595800,1213900,359965687,144210,359973056,484512,10231,621,28,6507,926,20,10800,7100
1785951628.306675848,334083134,37120337,334083133,0,334076046,13311,57000,37120308,7990,29900,2,0,652180148,627281073,334090047,22641,128700,37121881,9135,31800,9330,494,650,0,0,371226149,629312,595800,1212500,371233146,144185,371241702,484422,10229,621,28,6506,926,20,10800,7100
1785951629.336896694,344149845,38238865,344149844,0,344142186,13314,57000,38238741,7991,29900,2,0,652183241,627281085,344154831,22647,128800,38240077,9136,31800,9332,494,649,0,0,382407828,629523,596000,1212100,382414570,144213,382421956,484604,10232,621,28,6507,926,20,10800,7100
1785951630.368439004,353964847,39329418,353964846,0,353957579,13323,57100,39329333,7995,29900,2,0,652186333,627281105,353970078,22664,128900,39330690,9141,31800,9340,494,649,0,0,393314671,630036,596100,1215400,393321071,144305,393328857,485027,10239,621,28,6512,926,20,10800,7100
1785951631.400059818,364179619,40464391,364179618,0,364172261,13321,57100,40464242,7994,29900,2,0,652189426,627281106,364184616,22659,128900,40465665,9139,31800,9338,494,649,0,0,404663177,629920,596100,1214200,404670927,144277,404679245,484938,10237,621,28,6510,926,20,10800,7100
1785951632.430672753,374318262,41590910,374318261,0,374310969,13319,57000,41590798,7993,29900,2,0,652192510,627281110,374323005,22656,128900,41592193,9138,31800,9337,494,649,0,0,415928805,629875,596100,1213800,415935858,144260,415942688,484909,10235,621,28,6510,926,20,10800,7100
1785951633.464395437,384539141,42726563,384539140,0,384532029,13315,57000,42726601,7992,29900,2,0,652195615,627281111,384546365,22650,128900,42728159,9137,31700,9334,494,649,0,0,427290274,629777,596200,1212600,427298190,144230,427306096,484841,10232,621,28,6509,925,20,10800,7100
1785951634.496032174,394767936,43863094,394767935,0,394760656,13312,56900,43863076,7991,29900,2,0,652198705,627281117,394774285,22645,128800,43864519,9135,31700,9332,494,649,0,0,438652715,629677,596200,1211800,438659810,144205,438667360,484767,10230,620,28,6507,925,20,10800,7100
1785951635.524682378,404684829,44964969,404684828,0,404677512,13319,57000,44964904,7993,29900,2,0,652201790,627281143,404690364,22656,128900,44966275,9138,31700,9337,494,649,0,0,449670264,629975,596200,1213600,449676707,144275,449683919,484997,10235,621,28,6509,926,20,10800,7100
1785951636.555376480,414616604,46068504,414616603,0,414609332,13324,57000,46068433,7995,29900,3,0,652204879,627281163,414622799,22664,129000,46069942,9140,31700,9340,494,649,0,0,460707273,630239,596300,1215000,460715063,144332,460723131,485200,10240,621,28,6511,926,20,10800,7100
1785951637.588151547,424787999,47198650,424787998,0,424780336,13322,57000,47198558,7994,29900,3,0,652207968,627281166,424793002,22660,129100,47199910,9139,31700,9338,494,649,0,0,472006350,630197,596300,1214000,472013631,144308,472020930,485183,10238,621,28,6510,926,20,10800,7100
1785951638.623336791,435061691,48340177,435061690,0,435054398,13318,57000,48340026,7993,29900,3,0,652211079,627281167,435066537,22655,129000,48341432,9138,31700,9336,494,649,0,0,483421207,630080,596300,1213300,483428781,144287,483435091,485086,10235,620,28,6508,926,20,10800,7100
1785951639.655422213,445330626,49481171,445330625,0,445322947,13315,56900,49481013,7992,29900,3,0,652214173,627281171,445335119,22649,128900,49482286,9136,31700,9334,494,649,0,0,494828809,629937,596300,1212100,494835647,144262,494840793,484969,10232,620,28,6507,926,20,10800,7100
1785951640.695986204,455614146,50623794,455614145,0,455607398,13312,56900,50623848,7990,29900,3,0,652217282,627281171,455621351,22643,128900,50625363,9135,31700,9332,494,649,0,0,506260764,629798,596300,1211200,506270045,144242,506278034,484852,10229,620,28,6506,926,20,10800,7100
1785951641.725933265,465360826,51706747,465360826,0,465353190,13322,56900,51706642,7995,29900,3,0,652220381,627281182,465366157,22662,128900,51708038,9140,31700,9340,494,649,0,0,517088200,630320,596400,1213200,517095794,144356,517103554,485260,10237,621,28,6510,926,20,10800,7100
1785951642.754575031,475139406,52793259,475139406,0,475132222,13330,57000,52793216,7998,29900,3,0,652223468,627281193,475145198,22676,129100,52794612,9143,31700,9345,494,649,0,0,527954012,630785,596600,1215900,527962105,144443,527968555,485635,10244,621,28,6513,926,20,10800,7100
1785951643.785633444,485360324,53928912,485360323,0,485352866,13328,56900,53928866,7997,29900,3,0,652226559,627281208,485366127,22671,129000,53930289,9142,31700,9343,494,649,0,0,539310633,630614,596400,1214700,539316972,144414,539324544,485493,10242,621,28,6512,926,20,10800,7100
1785951644.823196471,495620191,55068897,495620190,0,495613285,13325,56900,55068921,7996,29900,3,0,652229670,627281214,495627133,22666,128900,55070427,9141,31700,9341,494,650,0,0,550712268,630392,596300,1213600,550720892,144386,550728746,485299,10239,621,28,6511,926,20,10800,7100
1785951645.857619624,505935726,56215072,505935725,0,505928538,13321,56900,56215051,7995,29900,3,0,652232770,627281215,505942405,22660,128800,56216622,9140,31700,9338,494,649,0,0,562173783,630180,596200,1212700,562181952,144360,562189654,485114,10236,621,28,6510,926,20,10800,7100
1785951646.893234996,516213514,57357044,516213513,0,516205929,13319,56800,57356934,7994,29900,3,0,652235876,627281222,516219459,22655,128700,57358448,9139,31700,9336,494,650,0,0,573591858,630010,596100,1212000,573600385,144333,573607753,484972,10234,621,28,6510,925,20,10800,7100
1785951647.925210754,526171204,58463460,526171203,0,526163800,13322,56900,58463364,7995,29900,3,0,652238971,627281237,526177002,22661,128700,58464837,9141,31700,9338,494,649,0,0,584656000,630158,596100,1212700,584663362,144366,584670166,485086,10237,621,28,6511,926,20,10800,7100
1785951648.959720666,536238780,59582076,536238779,0,536231305,13324,56900,59581961,7996,29900,3,0,652242071,627281241,536243798,22664,128700,59583315,9142,31700,9340,494,649,0,0,595841408,630281,596200,1213300,595848821,144388,595855070,485186,10238,621,28,6512,926,20,10800,7100
1785951649.989970925,546473424,60719262,546473426,0,546466334,13321,56900,60719243,7995,29900,3,0,652245163,627281242,546480089,22660,128700,60720744,9140,31700,9338,494,649,0,0,607215473,630135,596200,1212300,607222876,144361,607231005,485068,10236,621,28,6511,925,20,10800,7100
1785951651.021331186,556700904,61855644,556700903,0,556693629,13319,56900,61855562,7995,29900,3,0,652248255,627281243,556706303,22656,128600,61856957,9140,31700,9336,494,649,0,0,618576881,629962,596100,1211300,618583830,144342,618591214,484914,10235,621,28,6510,926,20,10800,7100
1785951652.052509962,566895641,62988401,566895640,0,566888729,13318,56900,62988396,7994,29900,3,0,652251345,627281249,566902699,22653,128500,62989990,9139,31700,9335,494,649,0,0,629907551,629805,596000,1210500,629915967,144327,629924771,484772,10233,621,28,6510,926,20,10800,7100
1785951653.084732644,577074376,64119363,577074375,0,577066865,13317,56900,64119285,7994,29900,3,0,652254440,627281252,577079908,22651,128400,64120685,9139,31700,9334,494,649,0,0,641213917,629701,595900,1210100,641220647,144322,641228989,484674,10232,621,28,6510,925,20,10800,7100
1785951654.115032692,586717954,65190872,586717953,0,586710033,13325,56900,65190705,7998,29900,3,0,652257531,627281266,586721795,22667,128600,65191980,9144,31700,9341,494,649,0,0,651925892,630234,596200,1212800,651933377,144434,651938375,485093,10239,621,28,6514,926,20,10800,7100
1785951655.144772034,596770244,66307799,596770243,0,596762950,13326,56900,66307778,7999,29900,3,0,652260621,627281283,596776147,22669,128600,66309233,9144,31700,9342,494,649,0,0,663099873,630262,596200,1212600,663106724,144444,663115490,485112,10240,621,28,6514,926,20,10800,7100
1785951656.174487717,606964917,67440532,606964916,0,606957635,13324,56900,67440412,7998,29900,3,0,652263706,627281283,606970020,22665,128600,67441851,9144,31700,9340,494,649,0,0,674425014,630148,596200,1211700,674432835,144420,674438773,485022,10238,621,28,6514,925,20,10800,7100
1785951657.209688770,617191383,68576812,617191382,0,617185279,13322,56900,68576896,7998,29900,3,0,652266803,627281284,617199190,22662,128600,68578492,9143,31700,9339,494,649,0,0,685793083,630067,596200,1211000,685801116,144390,685808992,484972,10236,621,28,6513,925,20,10800,7100
1785951658.237118921,627349766,69705517,627349765,0,627342814,13321,56900,69705450,7997,29900,3,0,652269893,627281285,627355306,22660,128600,69706862,9142,31700,9338,494,649,0,0,697075756,630033,596300,1210300,697083157,144371,697090216,484955,10235,621,28,6513,925,20,10800,7100
1785951659.268359295,637524864,70836086,637524863,0,637517082,13321,56900,70835869,7997,29900,3,0,652272984,627281291,637528238,22658,128600,70837083,9142,31700,9337,494,649,0,0,708377145,629987,596300,1209800,708383051,144354,708389807,484927,10235,621,28,6512,925,20,10800,7100
1785951660.298407964,647181098,71909005,647181097,0,647173920,13328,56900,71908906,8000,29900,3,0,652276072,627281315,647186278,22671,128700,71910291,9145,31700,9343,494,649,0,0,719109702,630382,596400,1212000,719118072,144430,719124052,485245,10241,621,28,6516,926,20,10800,7100
1785951661.329543864,657358736,73039845,657358736,0,657351740,13327,56900,73039837,8000,29900,3,0,652279163,627281323,657364512,22669,128700,73041255,9144,31700,9342,494,649,0,0,730419909,630328,596400,1211100,730427512,144409,730434751,485213,10240,621,28,6515,925,20,10800,7100
1785951662.365511861,667592726,74176960,667592725,0,667585214,13326,56900,74176824,7999,29900,3,0,652282269,627281323,667597669,22667,128700,74178207,9144,31700,9341,494,649,0,0,741790147,630318,596500,1210500,741796224,144395,741802993,485217,10239,621,28,6515,925,20,10800,7100
1785951663.396444508,677638090,75293106,677638089,0,677630866,13327,56900,75293009,7999,29900,3,0,652285362,627281340,677643623,22669,128800,75294457,9144,31700,9341,494,649,0,0,752951624,630407,596600,1210200,752959927,144402,752966117,485299,10240,621,28,6515,925,20,10800,7100
1785951664.425136675,687806463,76422929,687806462,0,687798913,13326,56900,76422864,7999,29900,3,0,652288448,627281340,687812372,22666,128800,76424400,9143,31700,9340,494,649,0,0,764250358,630352,596600,1209400,764258852,144379,764266912,485266,10239,621,28,6514,925,20,10800,7100
1785951665.454787979,697768673,77529848,697768672,0,697761151,13327,56900,77529735,8000,29900,3,0,652291533,627281353,697773872,22670,128800,77531222,9144,31700,9342,494,649,0,0,775324523,630468,596700,1209900,775331110,144407,775337611,485356,10241,621,28,6515,925,20,10800,7100
1785951666.485677491,707531495,78614598,707531494,0,707524338,13333,56900,78614557,8002,29900,4,0,652294623,627281367,707537424,22680,129000,78616078,9146,31700,9346,494,649,0,0,786168556,630784,596800,1211300,786176687,144465,786184783,485613,10245,621,28,6517,925,20,10800,7100
1785951667.516176483,717682298,79742469,717682297,0,717675357,13332,56900,79742392,8001,29900,4,0,652297709,627281379,717687818,22678,129000,79743807,9145,31700,9346,494,649,0,0,797446017,630777,596900,1210900,797452832,144450,797460513,485620,10244,621,28,6516,925,20,10800,7100
1785951668.553099214,727919071,80879886,727919070,0,727912150,13330,56900,80879907,7999,29900,4,0,652300813,627281380,727926722,22674,129000,80881527,9144,31700,9344,494,649,0,0,808822977,630731,596900,1210100,808831293,144431,808839411,485593,10243,621,28,6515,925,20,10800,7100
1785951669.582812037,738178275,82019794,738178274,0,738171138,13327,56900,82019744,7998,29900,4,0,652303910,627281380,738184197,22671,129000,82021257,9142,31700,9343,494,649,0,0,820219863,630646,596900,1209400,820227629,144403,820236292,485536,10241,621,28,6514,925,20,10800,7100
1785951670.613229616,748393743,83154850,748393742,0,748386603,13325,56900,83154772,7997,29800,4,0,652307001,627281385,748399604,22668,129000,83156232,9141,31700,9341,494,649,0,0,831569797,630570,596900,1208900,831577469,144386,831584810,485477,10240,621,28,6513,925,20,10800,7100
1785951671.649297502,758404750,84267191,758404749,0,758397725,13328,56900,84267137,7998,29800,4,0,652310106,627281402,758410727,22671,129000,84268542,9142,31700,9343,494,649,0,0,842692445,630690,596900,1209600,842699957,144413,842705438,485571,10241,621,28,6514,925,20,10800,7100
1785951672.683936608,768365612,85373948,768365611,0,768358809,13330,56900,85373928,7999,29800,4,0,652313210,627281409,768372170,22676,129000,85375421,9144,31700,9345,494,649,0,0,853762134,630859,597000,1210400,853768668,144442,853777013,485711,10243,621,28,6515,925,20,10800,7100
1785951673.712169654,778470754,86496741,778470753,0,778462815,13330,56900,86496528,7998,29800,4,0,652316291,627281415,778474403,22675,129100,86497781,9143,31700,9345,494,649,0,0,864984126,630863,597000,1210300,864991239,144435,864996732,485721,10243,621,28,6514,925,20,10800,7100
1785951674.749411744,788666361,87629580,788666360,0,788660311,13328,56900,87629698,7998,29800,4,0,652319397,627281424,788674806,22673,129000,87631324,9142,31700,9344,494,649,0,0,876321335,630790,597000,1209600,876330015,144416,876337225,485668,10242,621,28,6514,925,20,10800,7100
1785951675.780350469,798894083,88766005,798894082,0,798887235,13327,56900,88765960,7997,29800,4,0,652322489,627281425,798899872,22670,129000,88767431,9142,31700,9343,494,649,0,0,887681860,630759,597100,1209100,887689178,144404,887696292,485648,10241,621,28,6513,925,20,10800,7100
1785951676.813093131,809089967,89898871,809089966,0,809082729,13326,56900,89898863,7996,29800,4,0,652325584,627281426,809096600,22668,129000,89900442,9141,31700,9342,494,649,0,0,899011495,630710,597100,1208500,899020789,144390,899027902,485614,10240,621,28,6513,925,20,10800,7100
1785951677.842591504,818861308,90984580,818861307,0,818853543,13331,56900,90984382,7998,29800,4,0,652328673,627281442,818865312,22677,129100,90985676,9143,31700,9346,494,649,0,0,909863428,630993,597200,1210000,909870399,144444,909877245,485843,10244,621,28,6514,925,20,10800,7100
1785951678.872637067,828896603,92099614,828896602,0,828889422,13331,56900,92099653,7999,29800,4,0,652331761,627281453,828903634,22678,129100,92101193,9143,31700,9346,494,649,0,0,921018793,631036,597200,1210200,921027046,144448,921035848,485881,10244,621,28,6515,925,20,10800,7100
1785951679.903245881,839024225,93224902,839024224,0,839017143,13331,56900,93224882,7998,29800,4,0,652334851,627281460,839030824,22678,129100,93226412,9143,31600,9346,494,649,0,0,932272418,631003,597300,1209800,932280821,144442,932287316,485854,10244,621,28,6514,925,20,10800,7100
1785951680.933525900,849176643,94352953,849176642,0,849169274,13330,56900,94352856,7998,29800,4,0,652337936,627281461,849182987,22676,129100,94354530,9142,31600,9345,494,649,0,0,943553361,630950,597300,1209300,943561026,144429,943569496,485814,10244,621,28,6514,925,20,10800,7100
1785951681.967176009,859415671,95490619,859415670,0,859408370,13329,56900,95490635,7997,29800,4,0,652341039,627281462,859423159,22673,129100,95492254,9141,31600,9344,494,648,0,0,954930353,630885,597300,1208800,954937870,144417,954945235,485761,10243,621,28,6513,925,20,10800,7100
1785951683.007249928,869616265,96624019,869616264,0,869608490,13328,56800,96623885,7997,29800,4,0,652344137,627281463,869620880,22671,129000,96625224,9141,31600,9342,494,648,0,0,966259209,630806,597200,1208400,966266500,144409,966273955,485691,10242,621,28,6513,925,20,10800,7100
1785951684.037300169,879332942,97703653,879332941,0,879325190,13334,56900,97703556,7999,29800,4,0,652347245,627281486,879338563,22682,129100,97705003,9144,31600,9347,494,648,0,0,977057046,631127,597300,1210500,977066181,144475,977073161,485946,10247,621,28,6515,925,20,10800,7100
1785951685.065370573,889444695,98827178,889444694,0,889436871,13334,56900,98826987,7999,29800,4,0,652350328,627281489,889448588,22681,129100,98828179,9144,31600,9347,494,648,0,0,988288112,631101,597400,1210200,988295597,144469,988300737,485926,10247,621,28,6515,925,20,10800,7100
1785951686.096747012,899634657,99959399,899634656,0,899627144,13332,57000,99959320,7999,29800,4,0,652353415,627281490,899639967,22679,129100,99960690,9143,31600,9346,494,648,0,0,999614365,631026,597400,1209700,999621733,144460,999627699,485861,10245,621,28,6515,925,20,10800,7100
1785951687.131203566,909863191,101095901,909863190,0,909855569,13331,57000,101095845,7998,29800,5,0,652356522,627281498,909868760,22677,129000,101097271,9143,31700,9345,494,648,0,0,1010980601,630930,597300,1209100,1010988932,144441,1010995812,485782,10245,621,28,6514,925,20,10800,7100
1785951688.162242971,919941233,102215683,919941232,0,919933806,13332,57100,102215565,7998,29800,5,0,652359612,627281500,919947036,22678,129100,102217014,9142,31700,9345,494,648,0,0,1022176831,630977,597400,1209000,1022184462,144447,1022190247,485823,10245,621,28,6514,925,20,10800,7100
1785951689.193054790,930106271,103345132,930106270,0,930098572,13331,57100,103345283,7998,29900,5,0,652362704,627281504,930114874,22676,129000,103346772,9142,31700,9344,494,648,0,0,1033475771,630930,597400,1208900,1033483121,144441,1033488495,485782,10244,621,28,6514,925,20,10800,7100
1785951690.223004692,939934431,104437150,939934431,0,939927623,13334,57200,104437155,7999,29900,6,0,652365791,627281514,939941139,22681,129100,104438675,9143,31700,9347,494,648,0,0,1044394192,631102,597400,1210100,1044403935,144475,1044409888,485919,10247,621,28,6515,925,20,10800,7100
1785951691.256766859,950198344,105577583,950198343,0,950191170,13332,57200,105577505,7998,29900,6,0,652368888,627281517,950203924,22678,129100,105578923,9143,31700,9346,494,648,0,0,1055797848,630993,597400,1209500,1055805102,144456,1055810931,485829,10245,621,28,6514,925,20,10800,7100
1785951692.288801757,960349390,106705472,960349389,0,960341911,13332,57200,106705334,7998,29900,6,0,652371989,627281533,960354237,22677,129000,106706757,9143,31700,9345,494,648,0,0,1067074671,630967,597300,1209100,1067082021,144448,1067091555,485813,10245,621,28,6514,925,20,10800,7100
1785951693.320425483,970534684,107837176,970534684,0,970527407,13331,57200,107837033,7998,29900,6,0,652375084,627281540,970539616,22676,129000,107838447,9142,31700,9345,494,648,0,0,1078390520,630947,597400,1208700,1078398821,144444,1078405185,485795,10244,621,28,6514,925,20,10800,7100
1785951694.351696377,980683923,108964873,980683922,0,980676464,13330,57200,108964762,7998,29900,6,0,652378174,627281543,980688712,22675,129000,108966132,9142,31700,9344,494,648,0,0,1089668633,630945,597400,1208700,1089675880,144443,1089682268,485795,10244,621,28,6514,925,20,10800,7100
1785951695.394054507,990638191,110070905,990638190,0,990631023,13332,57200,110077646,7998,29900,6,0,652381300,627281550,990748969,22678,129100,110085232,9143,31700,9345,494,648,0,0,1100859380,631051,597400,1209100,1100866820,144460,1100874527,485884,10246,621,28,6515,925,20,10800,7100
1785951696.427026801,1000679865,111186641,1000679864,0,1000672817,13334,57200,111186538,7999,29900,6,0,652384397,627281555,1000685135,22682,129100,111187948,9144,31700,9347,494,648,0,0,1111887064,631193,597500,1209900,1111894080,144480,1111900739,486006,10247,621,28,6515,925,20,10800,7100
1785951697.456092621,1010855164,112317232,1010855163,0,1010848345,13333,57200,112317213,7999,29900,6,0,652387482,627281562,1010861490,22680,129100,112318680,9143,31700,9346,494,648,0,0,1123194005,631127,597500,1209500,1123201575,144469,1123209493,485951,10246,621,28,6515,925,20,10800,7100
1785951698.489199039,1020954487,113439375,1020954486,0,1020947835,13333,57200,113439534,7999,29900,6,0,652390578,627281572,1020962766,22680,129100,113441140,9143,31700,9346,494,648,0,0,1134420073,631175,597600,1209400,1134428053,144470,1134435550,485997,10246,621,28,6515,924,20,10800,7100
1785951699.519314018,1031108676,114567617,1031108675,0,1031101643,13333,57200,114567572,7999,29900,6,0,652393668,627281578,1031114279,22679,129100,114568988,9143,31700,9346,494,648,0,0,1145696900,631133,597500,1209200,1145704176,144461,1145710724,485965,10246,621,28,6515,924,20,10800,7100
1785951700.557048885,1041407570,115711948,1041407569,0,1041399830,13331,57200,115711858,7998,29900,6,0,652396777,627281579,1041413041,22676,129100,115713266,9142,31700,9345,494,648,0,0,1157139966,631037,597500,1208700,1157147236,144439,1157153436,485892,10244,621,28,6514,924,20,10800,7100
1785951701.586310677,1051260196,116806683,1051260195,0,1051252930,13334,57200,116806532,7999,29900,6,0,652399865,627281598,1051264211,22681,129100,116807795,9143,31700,9347,494,648,0,0,1168085030,631173,597500,1209700,1168092908,144472,1168098163,485993,10247,621,28,6515,925,20,10800,7100
1785951702.619278484,1061188551,117909824,1061188550,0,1061181660,13336,57200,117909752,7999,29900,6,0,652402962,627281609,1061194218,22685,129200,117911152,9144,31700,9348,494,648,0,0,1179118832,631314,597600,1210200,1179126246,144492,1179133804,486115,10249,621,28,6515,925,20,10800,7100
1785951703.657178850,1071449799,119049961,1071449798,0,1071443036,13335,57200,119049953,7999,29900,6,0,652406065,627281610,1071456094,22683,129100,119051395,9143,31700,9347,494,648,0,0,1190521594,631240,597600,1209700,1190529842,144476,1190537087,486056,10248,621,28,6515,925,20,10800,7100
1785951704.695288476,1081626789,120180749,1081626788,0,1081619900,13335,57200,120180753,7999,29900,6,0,652409185,627281611,1081633638,22682,129100,120182313,9143,31700,9347,494,648,0,0,1201830735,631237,597600,1209600,1201838841,144476,1201846420,486053,10247,621,28,6515,924,20,10800,7100
1785951705.727926819,1091858501,121317602,1091858500,0,1091851414,13334,57200,121317585,7998,29900,6,0,652412281,627281619,1091865327,22681,129100,121319112,9142,31700,9346,494,648,0,0,1213198601,631203,597600,1209200,1213207404,144466,1213215180,486029,10247,621,28,6514,925,20,10800,7100
1785951706.758246914,1101961903,122440199,1101961902,0,1101954295,13333,57200,122440055,7998,29900,6,0,652415369,627281631,1101966798,22681,129100,122441499,9142,31700,9346,494,648,0,0,1224422406,631189,597600,1208900,1224430207,144458,1224436312,486024,10247,621,28,6514,925,20,10800,7100
1785951707.792184091,1111754930,123528314,1111754929,0,1111747675,13336,57200,123528184,8000,29900,6,0,652418466,627281651,1111759605,22686,129200,123529504,9144,31700,9349,494,648,0,0,1235301172,631380,597700,1209800,1235308025,144495,1235314992,486178,10249,621,28,6516,925,20,10800,7100
1785951708.825037556,1121787434,124643038,1121787433,0,1121780144,13337,57200,124642961,8000,29900,6,0,652421565,627281667,1121793804,22688,129200,124644498,9144,31700,9350,494,648,0,0,1246452979,631447,597700,1210100,1246461489,144504,1246468680,486235,10250,621,28,6516,925,20,10800,7100
1785951709.859103992,1131994833,125777195,1131994832,0,1131987277,13336,57200,125777125,7999,29900,6,0,652424659,627281668,1132000741,22686,129200,125778590,9143,31700,9349,494,648,0,0,1257793735,631430,597800,1209700,1257801258,144489,1257808027,486234,10249,621,28,6515,925,20,10800,7100
1785951710.891972855,1142249285,126916582,1142249284,0,1142241630,13335,57200,126916478,7999,29900,6,0,652427754,627281668,1142254385,22683,129200,126917856,9142,31700,9348,494,648,0,0,1269185762,631379,597800,1209300,1269193613,144472,1269200512,486199,10248,621,28,6515,924,20,10800,7100
1785951711.928068372,1152532681,128059180,1152532680,0,1152525537,13333,57200,128059119,7998,29900,6,0,652430870,627281669,1152538523,22681,129200,128060549,9142,31700,9347,494,648,0,0,1280612686,631319,597800,1208800,1280622138,144453,1280628948,486158,10247,621,28,6514,924,20,10800,7100
1785951712.960569116,1162690580,129187823,1162690579,0,1162683302,13333,57100,129187761,7998,29900,6,0,652433964,627281676,1162695911,22680,129200,129189165,9141,31700,9347,494,648,0,0,1291898477,631302,597800,1208700,1291906569,144447,1291913485,486147,10246,621,28,6514,924,20,10800,7100
1785951713.989463626,1172487643,130276392,1172487642,0,1172480314,13335,57200,130276306,7999,29900,7,0,652437049,627281693,1172492727,22685,129300,130277620,9143,31700,9349,494,648,0,0,1302784071,631461,597800,1209500,1302790909,144478,1302797491,486276,10248,621,28,6515,924,20,10800,7100
1785951715.020044238,1173519103,130391000,1173519102,0,1173508404,13336,57200,130389802,7999,29900,7,0,652440138,627284458,1173508331,22686,129300,130389802,9143,31700,9349,494,648,0,0,1303903238,631482,597800,1209700,1303903238,144482,1303903003,486293,10248,621,28,6515,924,20,10800,7100
1785951716.051022744,1173519103,130391000,1173519102,0,1173508404,13336,57200,130389802,7999,29900,7,0,652443229,627287544,1173508331,22686,129300,130389802,9143,31700,9349,494,648,0,0,1303903242,631482,597800,1209700,1303903242,144482,1303903003,486293,10248,621,28,6515,924,20,10800,7100
1785951717.084484647,1173519103,130391000,1173519102,0,1173508404,13336,57200,130389802,7999,29900,7,0,652446329,627290638,1173508331,22686,129300,130389802,9143,31700,9349,494,648,0,0,1303903245,631482,597800,1209700,1303903245,144482,1303903003,486293,10248,621,28,6515,924,20,10800,7100
1785951718.117464856,1173519103,130391000,1173519102,0,1173508404,13336,57200,130389802,7999,29900,7,0,652449428,627293731,1173508331,22686,129300,130389802,9143,31700,9349,494,648,0,0,1303903247,631482,597800,1209700,1303903247,144482,1303903003,486293,10248,621,28,6515,924,20,10800,7100
1785951719.151002506,1173519103,130391000,1173519102,0,1173508404,13336,57200,130389802,7999,29900,7,0,652452529,627296784,1173508331,22686,129300,130389802,9143,31700,9349,494,648,0,0,1303903249,631483,597800,1209700,1303903249,144482,1303903003,486293,10248,621,28,6515,924,20,10800,7100
1785951720.182441976,1173519103,130391000,1173519102,0,1173508404,13336,57200,130389802,7999,29900,7,0,652455620,627299777,1173508331,22686,129300,130389802,9143,31700,9349,494,648,0,0,1303903251,631483,597800,1209700,1303903251,144482,1303903003,486293,10248,621,28,6515,924,20,10800,7100
1785951721.215582416,1173519103,130391000,1173519102,0,1173508404,13336,57200,130389802,7999,29900,7,0,652458721,627302871,1173508331,22686,129300,130389802,9143,31700,9349,494,648,0,0,1303903253,631483,597800,1209700,1303903253,144482,1303903003,486293,10248,621,28,6515,924,20,10800,7100
1785951722.249311163,1173519103,130391000,1173519102,0,1173508404,13336,57200,130389802,7999,29900,7,0,652461821,627305966,1173508331,22686,129300,130389802,9143,31700,9349,494,648,0,0,1303903255,631483,597800,1209700,1303903255,144482,1303903003,486293,10248,621,28,6515,924,20,10800,7100
1785951723.282899147,1173519103,130391000,1173519102,0,1173508404,13336,57200,130389802,7999,29900,7,0,652464921,627309061,1173508331,22686,129300,130389802,9143,31700,9349,494,648,0,0,1303903257,631483,597800,1209700,1303903257,144482,1303903003,486293,10248,621,28,6515,924,20,10800,7100
1785951724.314017578,1173519103,130391000,1173519102,0,1173508404,13336,57200,130389802,7999,29900,7,0,652468015,627312143,1173508331,22686,129300,130389802,9143,31700,9349,494,648,0,0,1303903259,631483,597800,1209700,1303903259,144482,1303903003,486293,10248,621,28,6515,924,20,10800,7100
1785951725.345602747,1173519103,130391000,1173519102,0,1173508404,13336,57200,130389802,7999,29900,7,0,652471108,627315122,1173508331,22686,129300,130389802,9143,31700,9349,494,648,0,0,1303903261,631483,597800,1209700,1303903261,144482,1303903003,486293,10248,621,28,6515,924,20,10800,7100
1785951726.376422355,1173519103,130391000,1173519102,0,1173508404,13336,57200,130389802,7999,29900,7,0,652474200,627318159,1173508331,22686,129300,130389802,9143,31700,9349,494,648,0,0,1303903263,631483,597800,1209700,1303903263,144482,1303903003,486293,10248,621,28,6515,924,20,10800,7100
1785951727.410079083,1173519103,130391000,1173519102,0,1173508404,13336,57200,130389802,7999,29900,7,0,652477300,627321254,1173508331,22686,129300,130389802,9143,31700,9349,494,648,0,0,1303903265,631483,597800,1209700,1303903265,144482,1303903003,486293,10248,621,28,6515,924,20,10800,7100
1785951728.442935300,1173519103,130391000,1173519102,0,1173508404,13336,57200,130389802,7999,29900,7,0,652480397,627324346,1173508331,22686,129300,130389802,9143,31700,9349,494,648,0,0,1303903267,631483,597800,1209700,1303903267,144482,1303903003,486293,10248,621,28,6515,924,20,10800,7100
1785951729.473558674,1173519103,130391000,1173519102,0,1173508404,13336,57200,130389802,7999,29900,7,0,652483488,627327410,1173508331,22686,129300,130389802,9143,31700,9349,494,648,0,0,1303903269,631483,597800,1209700,1303903269,144482,1303903003,486293,10248,621,28,6515,924,20,10800,7100
1785951730.502251659,1173519103,130391000,1173519102,0,1173508404,13336,57200,130389802,7999,29900,7,0,652486572,627330485,1173508331,22686,129300,130389802,9143,31700,9349,494,648,0,0,1303903271,631483,597800,1209700,1303903271,144482,1303903003,486293,10248,621,28,6515,924,20,10800,7100
1785951731.533163678,1173519103,130391000,1173519102,0,1173508404,13336,57200,130389802,7999,29900,7,0,652489666,627333468,1173508331,22686,129300,130389802,9143,31700,9349,494,648,0,0,1303903273,631483,597800,1209700,1303903273,144482,1303903003,486293,10248,621,28,6515,924,20,10800,7100
1785951732.566128218,1173519103,130391000,1173519102,0,1173508404,13336,57200,130389802,7999,29900,7,0,652492764,627336543,1173508331,22686,129300,130389802,9143,31700,9349,494,648,0,0,1303903275,631483,597800,1209700,1303903275,144482,1303903003,486293,10248,621,28,6515,924,20,10800,7100
1785951733.598705813,1173519103,130391000,1173519102,0,1173508404,13336,57200,130389802,7999,29900,7,0,652495862,627339633,1173508331,22686,129300,130389802,9143,31700,9349,494,648,0,0,1303903277,631483,597800,1209700,1303903277,144482,1303903003,486293,10248,621,28,6515,924,20,10800,7100
1785951734.631807444,1173519103,130391000,1173519102,0,1173508404,13336,57200,130389802,7999,29900,7,0,652498959,627342718,1173508331,22686,129300,130389802,9143,31700,9349,494,648,0,0,1303903279,631483,597800,1209700,1303903279,144482,1303903003,486293,10248,621,28,6515,924,20,10800,7100
1785951735.665735350,1173519103,130391000,1173519102,0,1173508404,13336,57200,130389802,7999,29900,7,0,652502059,627345798,1173508331,22686,129300,130389802,9143,31700,9349,494,648,0,0,1303903281,631483,597800,1209700,1303903281,144482,1303903003,486293,10248,621,28,6515,924,20,10800,7100
1785951736.698199619,1173519103,130391000,1173519102,0,1173508404,13336,57200,130389802,7999,29900,7,0,652505158,627348858,1173508331,22686,129300,130389802,9143,31700,9349,494,648,0,0,1303903284,631483,597800,1209700,1303903284,144482,1303903003,486293,10248,621,28,6515,924,20,10800,7100
1785951737.730879127,1173519103,130391000,1173519102,0,1173508404,13336,57200,130389802,7999,29900,7,0,652508252,627351842,1173508331,22686,129300,130389802,9143,31700,9349,494,648,0,0,1303903288,631483,597800,1209700,1303903288,144482,1303903003,486293,10248,621,28,6515,924,20,10800,7100
1785951738.774349884,1173519103,133523532,1173519102,0,1173508404,13336,57200,133527874,7986,29900,7,0,652511375,627353260,1173508331,22686,129300,133535395,9121,31800,9349,498,635,0,0,1307040915,635532,598500,1238900,1307045509,145195,1307048987,489639,10248,621,28,6496,928,20,10800,7000
1785951739.840322980,0,5977203,0,0,0,0,0,5973783,7139,30600,0,0,652514565,627353271,0,0,0,5980497,7888,32100,0,636,112,0,0,5981675,2229425,2055000,18446744073709551616,5988628,422930,5992727,1805625,0,0,0,5478,1016,16,0,5900
1785951740.881905896,0,12000144,0,0,0,0,0,11996706,7153,30700,0,0,652517683,627353285,0,0,0,12003968,7904,32200,0,638,113,0,0,12007322,2237825,2059000,18446744073709551616,12010517,423731,12015512,1813024,0,0,0,5483,1014,16,0,5900
1785951741.929800150,0,18090471,0,0,0,0,0,18086033,7151,30700,0,0,652520817,627353291,0,0,0,18092210,7904,32200,0,637,114,0,0,18093708,2239193,2060200,18446744073709551616,18097458,423661,18100514,1814450,0,0,0,5478,1014,16,0,5900
1785951742.965182653,0,23948246,0,0,0,0,0,23945452,7187,30800,0,0,652523914,627353319,0,0,0,23952020,7942,32300,0,640,114,0,0,23955041,2254364,2064800,18446744073709551616,23958667,426042,23961829,1827209,0,0,0,5511,1014,16,0,5900
1785951744.003638311,0,29826676,0,0,0,0,0,29823289,7205,30900,0,0,652527019,627353353,0,0,0,29829964,7962,32400,0,641,115,0,0,29833861,2263196,2068400,18446744073709551616,29838224,427251,29841039,1834819,0,0,0,5528,1014,16,0,5900
1785951745.045603198,0,35762642,0,0,0,0,0,35759392,7214,30900,0,0,652530144,627353394,0,0,0,35766460,7972,32400,0,641,115,0,0,35768524,2267001,2069600,18446744073709551616,35774706,427948,35776812,1837912,0,0,0,5535,1014,16,0,5900
1785951746.090946989,0,41837823,0,0,0,0,0,41834298,7204,30900,0,0,652533273,627353400,0,0,0,41841058,7961,32300,0,640,115,0,0,41845380,2262942,2068700,18446744073709551616,41847156,427211,41849729,1834610,0,0,0,5525,1014,16,0,5900
1785951747.132140941,0,47891640,0,0,0,0,0,47887920,7196,30800,0,0,652536388,627353407,0,0,0,47894708,7952,32300,0,640,116,0,0,47896814,2260117,2067800,18446744073709551616,47902431,426663,47905853,1832323,0,0,0,5517,1014,16,0,5900
1785951748.172280006,0,53903843,0,0,0,0,0,53899969,7192,30800,0,0,652539497,627353432,0,0,0,53907055,7949,32300,0,639,116,0,0,53911574,2259409,2067200,18446744073709551616,53913956,426566,53917209,1831685,0,0,0,5513,1014,16,0,5900
1785951749.225852491,0,59735247,0,0,0,0,0,59743539,7210,30900,0,0,652542650,627353484,0,0,0,59749802,7969,32300,0,642,116,0,0,59753564,2268278,2070000,18446744073709551616,59757853,427915,59759285,1839241,0,0,0,5531,1014,16,0,5900
1785951750.264063262,0,65736352,0,0,0,0,0,65733120,7208,30900,0,0,652545760,627353496,0,0,0,65740014,7967,32300,0,642,115,0,0,65742044,2268013,2069900,18446744073709551616,65748940,427712,65753266,1839165,0,0,0,5530,1013,16,0,5900
1785951751.301221228,0,71744865,0,0,0,0,0,71741327,7204,30800,0,0,652548860,627353507,0,0,0,71748722,7962,32300,0,641,115,0,0,71751735,2266404,2069500,18446744073709551616,71755959,427378,71761318,1837871,0,0,0,5525,1013,16,0,5900
1785951752.338710580,0,77771861,0,0,0,0,0,77768532,7199,30800,0,0,652551965,627353512,0,0,0,77775560,7957,32300,0,641,115,0,0,77778431,2264493,2069000,18446744073709551616,77782217,426999,77786507,1836341,0,0,0,5520,1013,16,0,5900
1785951753.386796329,0,83826825,0,0,0,0,0,83823291,7197,30800,0,0,652555102,627353528,0,0,0,83830258,7955,32300,0,641,115,0,0,83831826,2263674,2068500,18446744073709551616,83836520,426841,83840236,1835701,0,0,0,5518,1013,16,0,5900
1785951754.429228501,0,89786561,0,0,0,0,0,89782767,7199,30800,0,0,652558224,627353565,0,0,0,89789768,7957,32300,0,641,115,0,0,89791595,2264924,2069000,18446744073709551616,89797766,427008,89801711,1836767,0,0,0,5520,1013,16,0,5900
1785951755.465478921,0,95580858,0,0,0,0,0,95576769,7208,30900,0,0,652561319,627353599,0,0,0,95582878,7966,32400,0,642,115,0,0,95585360,2269005,2070300,18446744073709551616,95589455,427659,95591194,1840198,0,0,0,5528,1013,16,0,5900
1785951756.503753150,0,101608175,0,0,0,0,0,101605046,7204,30900,0,0,652564428,627353612,0,0,0,101611848,7962,32400,0,641,115,0,0,101615281,2267416,2069800,18446744073709551616,101619584,427379,101625019,1838884,0,0,0,5525,1013,16,0,5900
1785951757.542152824,0,107605919,0,0,0,0,0,107602199,7201,30900,0,0,652567539,627353618,0,0,0,107608877,7959,32400,0,641,115,0,0,107612526,2266614,2070000,18446744073709551616,107617350,427188,107618532,1838282,0,0,0,5522,1013,16,0,5900
1785951758.581124745,0,113643919,0,0,0,0,0,113640797,7199,30900,0,0,652570648,627353623,0,0,0,113648008,7957,32400,0,641,115,0,0,113652636,2265570,2070000,18446744073709551616,113656332,426999,113659158,1837421,0,0,0,5520,1013,16,0,5900
1785951759.616211235,0,119633188,0,0,0,0,0,119628602,7197,30900,0,0,652573746,627353639,0,0,0,119634172,7955,32300,0,641,115,0,0,119636852,2264760,2069700,18446744073709551616,119641351,426873,119643080,1836788,0,0,0,5518,1013,16,0,5900
1785951760.652353368,0,125467383,0,0,0,0,0,125463673,7203,30900,0,0,652576846,627353669,0,0,0,125470939,7961,32400,0,642,115,0,0,125473704,2267318,2070500,18446744073709551616,125479558,427285,125482339,1838888,0,0,0,5523,1013,16,0,5900
1785951761.698067290,0,131418713,0,0,0,0,0,131416113,7205,30900,0,0,652579963,627353691,0,0,0,131422945,7963,32400,0,642,115,0,0,131425892,2268132,2070600,18446744073709551616,131429865,427411,131434916,1839586,0,0,0,5525,1013,16,0,5900
1785951762.744304916,0,137494278,0,0,0,0,0,137491055,7203,30900,0,0,652583103,627353713,0,0,0,137497867,7961,32400,0,641,115,0,0,137502688,2267320,2070100,18446744073709551616,137505171,427312,137507855,1838861,0,0,0,5524,1013,16,0,5900
1785951763.781954386,0,143501321,0,0,0,0,0,143498030,7201,30900,0,0,652586209,627353725,0,0,0,143504974,7959,32400,0,641,115,0,0,143507417,2266573,2069800,18446744073709551616,143510274,427145,143514290,1838297,0,0,0,5522,1013,16,0,5900
1785951764.822352652,0,149547610,0,0,0,0,0,149544126,7199,30900,0,0,652589321,627353734,0,0,0,149551121,7956,32300,0,641,115,0,0,149553857,2265466,2069200,18446744073709551616,149557455,426972,149561933,1837367,0,0,0,5520,1013,16,0,5900
1785951765.862389022,0,155428120,0,0,0,0,0,155424422,7202,30900,0,0,652592437,627353756,0,0,0,155430370,7960,32300,0,641,115,0,0,155434414,2267004,2069100,18446744073709551616,155438967,427222,155440640,1838637,0,0,0,5523,1013,16,0,5900
1785951766.897352076,0,161078875,0,0,0,0,0,161075532,7212,30900,0,0,652595535,627353789,0,0,0,161082888,7971,32400,0,643,115,0,0,161084716,2271330,2070300,18446744073709551616,161089763,427940,161093133,1842247,0,0,0,5533,1012,16,0,5900
1785951767.933103221,0,167043147,0,0,0,0,0,167038926,7211,30900,0,0,652598636,627353805,0,0,0,167045000,7970,32400,0,642,115,0,0,167048469,2270916,2070200,18446744073709551616,167051600,427867,167052393,1841900,0,0,0,5532,1012,16,0,5900
1785951768.969146072,0,173019486,0,0,0,0,0,173015743,7211,30900,0,0,652601736,627353839,0,0,0,173022398,7969,32400,0,642,115,0,0,173024612,2270498,2069900,18446744073709551616,173029436,427826,173031134,1841524,0,0,0,5532,1012,16,0,5900
1785951770.007876388,0,179041546,0,0,0,0,0,179038444,7209,30900,0,0,652604844,627353849,0,0,0,179046270,7967,32400,0,642,115,0,0,179049552,2269625,2069500,18446744073709551616,179053961,427668,179057507,1840820,0,0,0,5530,1012,16,0,5900
1785951771.049800039,0,185093516,0,0,0,0,0,185090165,7206,30900,0,0,652607961,627353854,0,0,0,185097212,7964,32300,0,642,114,0,0,185100815,2268613,2069100,18446744073709551616,185105376,427503,185108336,1839968,0,0,0,5528,1012,16,0,5900
1785951772.089566426,0,191108147,0,0,0,0,0,191104407,7206,30900,0,0,652611073,627353868,0,0,0,191111123,7963,32300,0,642,114,0,0,191114342,2268139,2068800,18446744073709551616,191117989,427438,191120112,1839566,0,0,0,5527,1012,16,0,5900
1785951773.129361222,0,196885929,0,0,0,0,0,196883067,7211,30900,0,0,652614178,627353921,0,0,0,196889653,7969,32400,0,642,114,0,0,196893617,2270474,2069300,18446744073709551616,196895830,427805,196900096,1841528,0,0,0,5532,1012,16,0,5900
1785951774.167498846,0,202914151,0,0,0,0,0,202910716,7209,30900,0,0,652617289,627353931,0,0,0,202917647,7967,32300,0,642,114,0,0,202920624,2269548,2068700,18446744073709551616,202924518,427674,202927454,1840733,0,0,0,5530,1012,16,0,5900
1785951775.216016662,0,208999432,0,0,0,0,0,208996338,7207,30800,0,0,652620425,627353941,0,0,0,209003486,7965,32300,0,642,114,0,0,209007344,2268474,2068000,18446744073709551616,209012682,427531,209014430,1839791,0,0,0,5528,1012,16,0,5900
1785951776.255602576,0,215012016,0,0,0,0,0,215008760,7207,30800,0,0,652623541,627353958,0,0,0,215015657,7964,32300,0,642,114,0,0,215019318,2268193,2067700,18446744073709551616,215021433,427483,215026019,1839575,0,0,0,5528,1012,16,0,5900
1785951777.297476526,0,221062763,0,0,0,0,0,221059333,7205,30800,0,0,652626656,627353975,0,0,0,221066584,7962,32300,0,641,114,0,0,221071265,2267526,2067500,18446744073709551616,221073615,427386,221078480,1839000,0,0,0,5526,1012,16,0,5900
1785951778.339977463,0,226976429,0,0,0,0,0,226972788,7207,30800,0,0,652629777,627354007,0,0,0,226979446,7964,32300,0,641,114,0,0,226981825,2268339,2067600,18446744073709551616,226987119,427502,226990034,1839693,0,0,0,5528,1012,16,0,5900
1785951779.377323524,0,232865779,0,0,0,0,0,232862492,7208,30800,0,0,652632880,627354034,0,0,0,232869580,7966,32300,0,642,114,0,0,232872671,2269068,2067900,18446744073709551616,232876297,427599,232880251,1840326,0,0,0,5529,1012,16,0,5900
1785951780.413092081,0,238873312,0,0,0,0,0,238869679,7207,30800,0,0,652635979,627354044,0,0,0,238876635,7964,32300,0,642,114,0,0,238882695,2268527,2067700,18446744073709551616,238885360,427492,238887115,1839887,0,0,0,5528,1012,16,0,5900
1785951781.452885653,0,244905975,0,0,0,0,0,244902734,7206,30800,0,0,652639086,627354052,0,0,0,244909926,7963,32300,0,641,114,0,0,244914826,2267871,2067500,18446744073709551616,244918955,427377,244922422,1839349,0,0,0,5527,1012,16,0,5900
1785951782.492120341,0,250941515,0,0,0,0,0,250938067,7204,30800,0,0,652642199,627354058,0,0,0,250944743,7962,32300,0,641,114,0,0,250947674,2267350,2067300,18446744073709551616,250951656,427280,250955332,1838935,0,0,0,5526,1012,16,0,5900
1785951783.532043392,0,256854526,0,0,0,0,0,256851167,7206,30800,0,0,652645308,627354101,0,0,0,256857862,7963,32300,0,641,114,0,0,256860692,2267940,2067500,18446744073709551616,256863503,427382,256869506,1839418,0,0,0,5527,1012,16,0,5900
1785951784.569102447,0,262633661,0,0,0,0,0,262629957,7209,30800,0,0,652648413,627354145,0,0,0,262636394,7967,32300,0,642,114,0,0,262640031,2269638,2067900,18446744073709551616,262642719,427661,262648476,1840839,0,0,0,5530,1012,16,0,5900
1785951785.606863925,0,268606565,0,0,0,0,0,268603309,7209,30800,0,0,652651516,627354162,0,0,0,268610142,7966,32300,0,642,114,0,0,268614503,2269355,2067900,18446744073709551616,268618953,427629,268623125,1840583,0,0,0,5530,1012,16,0,5900
1785951786.644836387,0,274588585,0,0,0,0,0,274585469,7209,30800,0,0,652654623,627354181,0,0,0,274592814,7966,32300,0,642,114,0,0,274597145,2269182,2067800,18446744073709551616,274602253,427604,274603960,1840434,0,0,0,5530,1012,16,0,5900
1785951787.683160655,0,280571041,0,0,0,0,0,280567715,7208,30800,0,0,652657736,627354199,0,0,0,280574710,7966,32300,0,642,114,0,0,280578619,2268907,2067600,18446744073709551616,280581257,427565,280587173,1840199,0,0,0,5529,1012,16,0,5900
1785951788.721685390,0,286600779,0,0,0,0,0,286597346,7207,30800,0,0,652660844,627354211,0,0,0,286604165,7964,32300,0,642,114,0,0,286608358,2268279,2067400,18446744073709551616,286611644,427458,286615899,1839679,0,0,0,5528,1012,16,0,5900
1785951789.760215532,0,292566607,0,0,0,0,0,292563054,7207,30800,0,0,652663948,627354234,0,0,0,292569919,7964,32300,0,642,114,0,0,292571193,2268300,2067300,18446744073709551616,292575957,427443,292579748,1839716,0,0,0,5528,1012,16,0,5900
1785951790.800616681,0,298390094,0,0,0,0,0,298386454,7209,30800,0,0,652667056,627354276,0,0,0,298393127,7967,32300,0,642,114,0,0,298396152,2269475,2067700,18446744073709551616,298400681,427649,298404737,1840686,0,0,0,5531,1012,16,0,5900
1785951791.843576923,0,304435897,0,0,0,0,0,304433048,7209,30800,0,0,652670180,627354294,0,0,0,304439971,7966,32300,0,642,114,0,0,304446013,2269004,2067700,18446744073709551616,304447793,427578,304450513,1840281,0,0,0,5530,1012,16,0,5900
1785951792.881586523,0,310447787,0,0,0,0,0,310444192,7208,30800,0,0,652673287,627354320,0,0,0,310451485,7965,32300,0,641,114,0,0,310454995,2268646,2067600,18446744073709551616,310457669,427537,310461594,1839967,0,0,0,5529,1012,16,0,5900
1785951793.919435871,0,316458242,0,0,0,0,0,316455081,7207,30800,0,0,652676394,627354343,0,0,0,316462199,7964,32300,0,641,114,0,0,316465018,2268176,2067300,18446744073709551616,316469721,427461,316473323,1839570,0,0,0,5528,1012,16,0,5900
1785951794.957481601,0,322535521,0,0,0,0,0,322531901,7205,30800,0,0,652679499,627354348,0,0,0,322538779,7962,32300,0,641,114,0,0,322541195,2267374,2066900,18446744073709551616,322546329,427339,322549603,1838894,0,0,0,5526,1012,16,0,5900
1785951795.996790235,0,328417935,0,0,0,0,0,328414993,7207,30800,0,0,652682613,627354384,0,0,0,328422839,7963,32300,0,641,114,0,0,328426997,2267896,2066900,18446744073709551616,328430536,427425,328435123,1839332,0,0,0,5528,1012,16,0,5900
1785951797.035054027,0,334266066,0,0,0,0,0,334262904,7209,30800,0,0,652685719,627354435,0,0,0,334270040,7966,32300,0,641,114,0,0,334274045,2268799,2067200,18446744073709551616,334276579,427562,334280182,1840095,0,0,0,5529,1012,16,0,5900
1785951798.070863638,0,340307203,0,0,0,0,0,340303631,7207,30800,0,0,652688819,627354441,0,0,0,340310435,7964,32300,0,641,114,0,0,340315161,2268084,2066800,18446744073709551616,340317251,427449,340321636,1839502,0,0,0,5528,1012,16,0,5900
1785951799.109526183,0,346329529,0,0,0,0,0,346325605,7206,30800,0,0,652691920,627354452,0,0,0,346331887,7962,32300,0,641,114,0,0,346335994,2267461,2066500,18446744073709551616,346337071,427346,346339622,1838975,0,0,0,5527,1012,16,0,5900
1785951800.149529050,0,352405942,0,0,0,0,0,352403037,7205,30800,0,0,652695035,627354456,0,0,0,352409810,7961,32300,0,641,114,0,0,352414464,2266840,2066200,18446744073709551616,352418625,427246,352419796,1838454,0,0,0,5525,1012,16,0,5900
1785951801.187755985,0,358463833,0,0,0,0,0,358460457,7204,30800,0,0,652698142,627354464,0,0,0,358467241,7960,32300,0,641,114,0,0,358471247,2266298,2065900,18446744073709551616,358474922,427156,358477547,1838005,0,0,0,5524,1012,16,0,5900
1785951802.227993107,0,364268582,0,0,0,0,0,364265033,7206,30800,0,0,652701252,627354499,0,0,0,364271555,7962,32300,0,641,114,0,0,364276157,2267372,2066200,18446744073709551616,364277200,427326,364282505,1838904,0,0,0,5527,1012,16,0,5900
1785951803.265714228,0,370298667,0,0,0,0,0,370295365,7205,30800,0,0,652704353,627354504,0,0,0,370302431,7961,32300,0,641,114,0,0,370305213,2266927,2066100,18446744073709551616,370309547,427248,370313338,1838540,0,0,0,5526,1012,16,0,5900
1785951804.307679421,0,376365426,0,0,0,0,0,376362279,7204,30800,0,0,652707474,627354509,0,0,0,376369387,7960,32300,0,641,114,0,0,376372662,2266379,2066000,18446744073709551616,376378595,427159,376381664,1838074,0,0,0,5525,1012,16,0,5900
1785951805.347935865,0,382415284,0,0,0,0,0,382411726,7203,30800,0,0,652710578,627354516,0,0,0,382418420,7959,32300,0,640,114,0,0,382421881,2265927,2065900,18446744073709551616,382425962,427079,382428727,1837706,0,0,0,5524,1012,16,0,5900
1785951806.396306457,0,388500131,0,0,0,0,0,388496560,7202,30800,0,0,652713720,627354528,0,0,0,388503473,7958,32300,0,640,114,0,0,388506884,2265503,2065800,18446744073709551616,388510177,427002,388515113,1837362,0,0,0,5522,1012,16,0,5900
1785951807.441050267,0,394456394,0,0,0,0,0,394453334,7203,30800,0,0,652716841,627354559,0,0,0,394460535,7958,32300,0,640,114,0,0,394465059,2265872,2065900,18446744073709551616,394469052,427054,394471382,1837675,0,0,0,5523,1012,16,0,5900
1785951808.484143945,0,400346651,0,0,0,0,0,400343612,7204,30800,0,0,652719965,627354591,0,0,0,400350527,7960,32300,0,640,114,0,0,400352121,2266592,2066100,18446744073709551616,400358953,427164,400363455,1838290,0,0,0,5525,1012,16,0,5900
1785951809.533932397,0,406446100,0,0,0,0,0,406442825,7203,30800,0,0,652723110,627354596,0,0,0,406450237,7959,32300,0,640,114,0,0,406453528,2266178,2066000,18446744073709551616,406458016,427098,406460556,1837940,0,0,0,5524,1012,16,0,5900
1785951810.575469623,0,412491305,0,0,0,0,0,412487985,7202,30800,0,0,652726223,627354601,0,0,0,412494820,7958,32300,0,640,114,0,0,412498948,2265739,2065800,18446744073709551616,412501326,427021,412506998,1837578,0,0,0,5523,1012,16,0,5900
1785951811.613235498,0,418555864,0,0,0,0,0,418552375,7201,30900,0,0,652729328,627354605,0,0,0,418558960,7957,32400,0,640,114,0,0,418562879,2265350,2065700,18446744073709551616,418566831,426945,418569424,1837266,0,0,0,5522,1012,16,0,5900
1785951812.650364144,0,424591990,0,0,0,0,0,424588317,7200,30900,0,0,652732431,627354618,0,0,0,424595471,7956,32400,0,640,114,0,0,424598686,2264909,2065500,18446744073709551616,424603581,426874,424606222,1836896,0,0,0,5521,1012,16,0,5900
1785951813.695355410,0,430464177,0,0,0,0,0,430460404,7202,31000,0,0,652735548,627354648,0,0,0,430467911,7958,32500,0,640,114,0,0,430471314,2265547,2065700,18446744073709551616,430476758,426987,430479637,1837420,0,0,0,5523,1012,16,0,5900
1785951814.740814445,0,436506458,0,0,0,0,0,436502702,7202,31100,0,0,652738688,627354664,0,0,0,436509619,7957,32500,0,640,114,0,0,436512972,2265486,2065600,18446744073709551616,436514822,426975,436518008,1837373,0,0,0,5522,1012,16,0,5900
1785951815.780601387,0,442544078,0,0,0,0,0,442540480,7201,31100,0,0,652741793,627354668,0,0,0,442548054,7956,32600,0,640,114,0,0,442549248,2265129,2065500,18446744073709551616,442554379,426909,442559818,1837084,0,0,0,5522,1012,16,0,5900
1785951816.818446809,0,448584445,0,0,0,0,0,448580914,7200,31100,0,0,652744900,627354673,0,0,0,448587733,7955,32600,0,640,114,0,0,448588401,2264790,2065300,18446744073709551616,448593149,426849,448597409,1836805,0,0,0,5521,1012,16,0,5900
1785951817.862928568,0,454571522,0,0,0,0,0,454568651,7200,31100,0,0,652748028,627354701,0,0,0,454576682,7956,32500,0,640,114,0,0,454579339,2264909,2065400,18446744073709551616,454583715,426864,454587665,1836905,0,0,0,5521,1012,16,0,5900
1785951818.902556984,0,460616430,0,0,0,0,0,460613252,7199,31100,0,0,652751139,627354712,0,0,0,460620792,7955,32500,0,640,114,0,0,460624728,2264628,2065200,18446744073709551616,460627762,426806,460632359,1836681,0,0,0,5520,1012,16,0,5900
1785951819.943703437,0,466400253,0,0,0,0,0,466396881,7201,31100,0,0,652754250,627354748,0,0,0,466404379,7957,32600,0,640,114,0,0,466406610,2265745,2065700,18446744073709551616,466413469,426964,466416189,1837641,0,0,0,5522,1012,16,0,5900
1785951820.983276003,0,472413727,0,0,0,0,0,472410389,7201,31100,0,0,652757361,627354760,0,0,0,472417370,7957,32500,0,640,114,0,0,472422179,2265477,2065600,18446744073709551616,472425547,426914,472445640,1837424,0,0,0,5522,1012,16,0,5900
1785951822.022598631,0,478457215,0,0,0,0,0,478453803,7200,31100,0,0,652760470,627354773,0,0,0,478460973,7956,32500,0,640,114,0,0,478465132,2265202,2065400,18446744073709551616,478469158,426864,478472735,1837199,0,0,0,5521,1012,16,0,5900
1785951823.063201570,0,484511960,0,0,0,0,0,484508497,7199,31100,0,0,652763584,627354778,0,0,0,484515529,7955,32500,0,640,114,0,0,484519196,2264867,2065300,18446744073709551616,484522669,426808,484524937,1836921,0,0,0,5521,1012,16,0,5900
1785951824.104480562,0,490559016,0,0,0,0,0,490555781,7199,31100,0,0,652766697,627354787,0,0,0,490562802,7954,32500,0,640,114,0,0,490567330,2264589,2065200,18446744073709551616,490569970,426760,490572281,1836690,0,0,0,5520,1012,16,0,5900
1785951825.136684338,0,496467101,0,0,0,0,0,496462690,7199,31100,0,0,652769790,627354798,0,0,0,496468339,7955,32500,0,640,114,0,0,496472118,2264699,2065200,18446744073709551616,496475468,426774,496476972,1836789,0,0,0,5520,1012,16,0,5900
1785951826.177347450,0,502312531,0,0,0,0,0,502309147,7200,31100,0,0,652772903,627354831,0,0,0,502316328,7956,32500,0,640,114,0,0,502322366,2265226,2065500,18446744073709551616,502324683,426862,502325675,1837225,0,0,0,5521,1012,16,0,5900
1785951827.222960615,0,508386296,0,0,0,0,0,508382690,7200,31000,0,0,652776033,627354840,0,0,0,508389923,7956,32500,0,640,114,0,0,508392548,2265018,2065500,18446744073709551616,508398834,426819,508400894,1837060,0,0,0,5521,1012,16,0,5900
1785951828.261580372,0,514298631,0,0,0,0,0,514295465,7201,31000,0,0,652779139,627354853,0,0,0,514303151,7956,32500,0,640,114,0,0,514307732,2265312,2065600,18446744073709551616,514310618,426859,514314562,1837313,0,0,0,5522,1012,16,0,5900
1785951829.299811922,0,520327378,0,0,0,0,0,520324114,7200,31000,0,0,652782246,627354859,0,0,0,520331474,7956,32500,0,640,114,0,0,520335957,2265047,2065500,18446744073709551616,520339260,426811,520342167,1837098,0,0,0,5521,1012,16,0,5900
1785951830.344043665,0,526387539,0,0,0,0,0,526384277,7199,31000,0,0,652785369,627354864,0,0,0,526391337,7955,32500,0,640,114,0,0,526394002,2264790,2065500,18446744073709551616,526399772,426768,526401645,1836884,0,0,0,5520,1012,16,0,5900
1785951831.383290986,0,532168943,0,0,0,0,0,532165527,7201,31000,0,0,652788481,627354906,0,0,0,532172756,7957,32500,0,640,114,0,0,532174175,2265658,2065700,18446744073709551616,532178868,426897,532183867,1837624,0,0,0,5522,1012,16,0,5900
1785951832.421561378,0,538157868,0,0,0,0,0,538154458,7201,31000,0,0,652791587,627354918,0,0,0,538161744,7957,32500,0,640,114,0,0,538166008,2265624,2065700,18446744073709551616,538169384,426886,538174021,1837599,0,0,0,5522,1012,16,0,5900
1785951833.460558309,0,544209377,0,0,0,0,0,544206059,7200,31000,0,0,652794694,627354923,0,0,0,544213063,7956,32500,0,640,114,0,0,544214497,2265280,2065600,18446744073709551616,544221805,426827,544225605,1837312,0,0,0,5521,1012,16,0,5900
1785951834.501496403,0,550259950,0,0,0,0,0,550257164,7199,31000,0,0,652797810,627354937,0,0,0,550264485,7955,32500,0,640,114,0,0,550269195,2264994,2065400,18446744073709551616,550271625,426781,550274419,1837073,0,0,0,5521,1012,16,0,5900
1785951835.540184113,0,556274170,0,0,0,0,0,556270520,7199,31000,0,0,652800915,627354948,0,0,0,556277689,7955,32500,0,640,114,0,0,556281207,2264802,2065400,18446744073709551616,556286077,426749,556289418,1836915,0,0,0,5520,1012,16,0,5900
1785951836.585070565,0,562307702,0,0,0,0,0,562303773,7199,31000,0,0,652804042,627354963,0,0,0,562310430,7954,32500,0,640,114,0,0,562313841,2264677,2065300,18446744073709551616,562318189,426720,562320681,1836819,0,0,0,5520,1012,16,0,5900
1785951837.624030638,0,568077604,0,0,0,0,0,568074239,7200,31000,0,0,652807144,627355010,0,0,0,568081045,7956,32500,0,640,114,0,0,568085717,2265508,2065600,18446744073709551616,568089281,426855,568091047,1837512,0,0,0,5522,1012,16,0,5900
1785951838.666389026,0,574073353,0,0,0,0,0,574070313,7200,31000,0,0,652810256,627355041,0,0,0,574076822,7956,32500,0,640,114,0,0,574081608,2265519,2065600,18446744073709551616,574084943,426860,574087858,1837519,0,0,0,5521,1012,16,0,5900
1785951839.703989394,0,580139127,0,0,0,0,0,580135719,7199,31000,0,0,652813372,627355046,0,0,0,580142791,7955,32500,0,640,114,0,0,580144046,2265165,2065300,18446744073709551616,580150344,426804,580155323,1837223,0,0,0,5521,1012,16,0,5900
1785951840.741142707,0,586168558,0,0,0,0,0,586165163,7199,31000,0,0,652816474,627355054,0,0,0,586172558,7954,32500,0,640,114,0,0,586177109,2264872,2065200,18446744073709551616,586181239,426757,586183657,1836976,0,0,0,5520,1012,16,0,5900
1785951841.782297769,0,592223309,0,0,0,0,0,592219928,7198,31000,0,0,652819589,627355059,0,0,0,592227252,7954,32500,0,640,114,0,0,592231016,2264578,2065100,18446744073709551616,592234379,426714,592240041,1836725,0,0,0,5519,1012,16,0,5900
1785951842.821219504,0,598128681,0,0,0,0,0,598124912,7199,31000,0,0,652822700,627355085,0,0,0,598131854,7954,32500,0,640,114,0,0,598135619,2264801,2065100,18446744073709551616,598138665,426767,598142306,1836902,0,0,0,5520,1012,16,0,5900
1785951843.861695381,0,604044371,0,0,0,0,0,604041035,7199,31000,0,0,652825810,627355108,0,0,0,604048388,7955,32500,0,640,114,0,0,604050412,2265052,2065100,18446744073709551616,604056067,426804,604061281,1837107,0,0,0,5520,1012,16,0,5900
1785951844.902566549,0,610091372,0,0,0,0,0,610088229,7199,31000,0,0,652828926,627355113,0,0,0,610095478,7954,32500,0,640,114,0,0,610098902,2264734,2065000,18446744073709551616,610104041,426757,610108034,1836839,0,0,0,5520,1012,16,0,5900
1785951845.944266420,0,616146802,0,0,0,0,0,616143539,7198,31000,0,0,652832043,627355124,0,0,0,616150675,7954,32500,0,640,114,0,0,616152285,2264501,2065000,18446744073709551616,616158609,426731,616160464,1836634,0,0,0,5519,1012,16,0,5900
1785951846.986308443,0,622197160,0,0,0,0,0,622193777,7198,31000,0,0,652835161,627355136,0,0,0,622201009,7953,32500,0,640,114,0,0,622202138,2264299,2064900,18446744073709551616,622208894,426697,622212945,1836463,0,0,0,5519,1012,16,0,5900
1785951848.021434182,0,628205327,0,0,0,0,0,628201943,7197,31000,0,0,652838260,627355147,0,0,0,628209586,7953,32500,0,640,114,0,0,628214212,2264115,2064800,18446744073709551616,628217044,426669,628219417,1836307,0,0,0,5518,1012,16,0,5900
1785951849.057640722,0,633930529,0,0,0,0,0,633926818,7199,31000,0,0,652841364,627355196,0,0,0,633935727,7955,32500,0,640,114,0,0,633939898,2265010,2065100,18446744073709551616,633945212,426806,633945866,1837066,0,0,0,5520,1012,16,0,5900
1785951850.101012215,0,639955327,0,0,0,0,0,639952091,7199,31000,0,0,652844484,627355207,0,0,0,639958961,7955,32500,0,640,114,0,0,639962221,2264932,2065100,18446744073709551616,639966100,426783,639969229,1837012,0,0,0,5520,1012,16,0,5900
1785951851.145740953,0,646021579,0,0,0,0,0,646018565,7198,31000,0,0,652847608,627355219,0,0,0,646025610,7954,32500,0,640,114,0,0,646030055,2264699,2065000,18446744073709551616,646031607,426743,646035435,1836816,0,0,0,5519,1012,16,0,5900
1785951852.183326277,0,652039955,0,0,0,0,0,652036529,7198,31000,0,0,652850711,627355224,0,0,0,652043601,7954,32500,0,640,114,0,0,652047398,2264534,2065000,18446744073709551616,652051929,426707,652055121,1836688,0,0,0,5519,1012,16,0,5900
1785951853.224539960,0,658010105,0,0,0,0,0,658006466,7198,31000,0,0,652853834,627355263,0,0,0,658013322,7954,32500,0,640,114,0,0,658014987,2264534,2065000,18446744073709551616,658022883,426717,658025179,1836682,0,0,0,5519,1012,16,0,5900
1785951854.262821095,0,664000513,0,0,0,0,0,663996902,7198,31000,0,0,652856936,627355281,0,0,0,664003505,7954,32500,0,640,114,0,0,664003591,2264483,2064900,18446744073709551616,664010222,426703,664014932,1836644,0,0,0,5519,1012,16,0,5900
1785951855.299623567,0,669809667,0,0,0,0,0,669806554,7199,31000,0,0,652860037,627355314,0,0,0,669813535,7955,32500,0,641,114,0,0,669816429,2265032,2065000,18446744073709551616,669820573,426792,669824788,1837101,0,0,0,5520,1012,16,0,5900
1785951856.338449956,0,675856337,0,0,0,0,0,675852846,7198,31000,0,0,652863147,627355319,0,0,0,675859328,7954,32500,0,640,114,0,0,675864989,2264764,2064900,18446744073709551616,675867895,426749,675869008,1836876,0,0,0,5520,1012,16,0,5900
1785951857.376264843,0,681886291,0,0,0,0,0,681882825,7198,31000,0,0,652866251,627355327,0,0,0,681890125,7954,32500,0,640,114,0,0,681892960,2264501,2064800,18446744073709551616,681897126,426712,681901594,1836653,0,0,0,5519,1012,16,0,5900
1785951858.396449168,0,686746164,0,0,0,0,0,686737310,7198,31000,0,0,652869311,627355907,0,0,0,686737310,7953,32500,0,640,114,0,0,686748231,2264333,2064700,18446744073709551616,686748231,426683,686747767,1836512,0,0,0,5519,1012,16,0,5900
1785951859.421322206,0,686746164,0,0,0,0,0,686737310,7198,31000,0,0,652872376,627358950,0,0,0,686737310,7953,32500,0,640,114,0,0,686748235,2264333,2064700,18446744073709551616,686748235,426683,686747767,1836512,0,0,0,5519,1012,16,0,5900
1785951860.452880184,0,686746164,0,0,0,0,0,686737310,7198,31000,0,0,652875471,627361968,0,0,0,686737310,7953,32500,0,640,114,0,0,686748239,2264333,2064700,18446744073709551616,686748239,426683,686747767,1836512,0,0,0,5519,1012,16,0,5900
1785951861.480584294,0,686746164,0,0,0,0,0,686737310,7198,31000,0,0,652878552,627364983,0,0,0,686737310,7953,32500,0,640,114,0,0,686748243,2264333,2064700,18446744073709551616,686748243,426683,686747767,1836512,0,0,0,5519,1012,16,0,5900
1785951862.512776385,0,686746164,0,0,0,0,0,686737310,7198,31000,0,0,652881647,627368073,0,0,0,686737310,7953,32500,0,640,114,0,0,686748246,2264333,2064700,18446744073709551616,686748246,426683,686747767,1836512,0,0,0,5519,1012,16,0,5900
1785951863.545641861,0,686746164,0,0,0,0,0,686737310,7198,31000,0,0,652884747,627371166,0,0,0,686737310,7953,32500,0,640,114,0,0,686748248,2264333,2064700,18446744073709551616,686748248,426683,686747767,1836512,0,0,0,5519,1012,16,0,5900
1785951864.577728596,0,686746164,0,0,0,0,0,686737310,7198,31000,0,0,652887842,627374257,0,0,0,686737310,7953,32500,0,640,114,0,0,686748250,2264333,2064700,18446744073709551616,686748250,426683,686747767,1836512,0,0,0,5519,1012,16,0,5900
1785951865.610387959,0,686746164,0,0,0,0,0,686737310,7198,31000,0,0,652890937,627377347,0,0,0,686737310,7953,32500,0,640,114,0,0,686748252,2264333,2064700,18446744073709551616,686748252,426683,686747767,1836512,0,0,0,5519,1012,16,0,5900
1785951866.641859947,0,686746164,0,0,0,0,0,686737310,7198,31000,0,0,652894033,627380318,0,0,0,686737310,7953,32500,0,640,114,0,0,686748254,2264333,2064700,18446744073709551616,686748254,426683,686747767,1836512,0,0,0,5519,1012,16,0,5900
1785951867.669867273,0,686746164,0,0,0,0,0,686737310,7198,31000,0,0,652897115,627383378,0,0,0,686737310,7953,32500,0,640,114,0,0,686748256,2264333,2064700,18446744073709551616,686748256,426683,686747767,1836512,0,0,0,5519,1012,16,0,5900
1785951868.699458355,0,686746164,0,0,0,0,0,686737310,7198,31000,0,0,652900204,627386461,0,0,0,686737310,7953,32500,0,640,114,0,0,686748258,2264333,2064700,18446744073709551616,686748258,426683,686747767,1836512,0,0,0,5519,1012,16,0,5900
1785951869.731016655,0,686746164,0,0,0,0,0,686737310,7198,31000,0,0,652903299,627389526,0,0,0,686737310,7953,32500,0,640,114,0,0,686748260,2264333,2064700,18446744073709551616,686748260,426683,686747767,1836512,0,0,0,5519,1012,16,0,5900
1785951870.762223309,0,686746164,0,0,0,0,0,686737310,7198,31000,0,0,652906391,627392613,0,0,0,686737310,7953,32500,0,640,114,0,0,686748262,2264333,2064700,18446744073709551616,686748262,426683,686747767,1836512,0,0,0,5519,1012,16,0,5900
1785951871.792200385,0,686746164,0,0,0,0,0,686737310,7198,31000,0,0,652909484,627395690,0,0,0,686737310,7953,32500,0,640,114,0,0,686748264,2264333,2064700,18446744073709551616,686748264,426683,686747767,1836512,0,0,0,5519,1012,16,0,5900
1785951872.824147932,0,686746164,0,0,0,0,0,686737310,7198,31000,0,0,652912575,627398652,0,0,0,686737310,7953,32500,0,640,114,0,0,686748266,2264333,2064700,18446744073709551616,686748266,426683,686747767,1836512,0,0,0,5519,1012,16,0,5900
1785951873.856734907,0,686746164,0,0,0,0,0,686737310,7198,31000,0,0,652915673,627401745,0,0,0,686737310,7953,32500,0,640,114,0,0,686748268,2264333,2064700,18446744073709551616,686748268,426683,686747767,1836512,0,0,0,5519,1012,16,0,5900
1785951874.888780668,0,686746164,0,0,0,0,0,686737310,7198,31000,0,0,652918768,627404835,0,0,0,686737310,7953,32500,0,640,114,0,0,686748270,2264333,2064700,18446744073709551616,686748270,426683,686747767,1836512,0,0,0,5519,1012,16,0,5900
1785951875.920632664,0,686746164,0,0,0,0,0,686737310,7198,31000,0,0,652921863,627407924,0,0,0,686737310,7953,32500,0,640,114,0,0,686748272,2264333,2064700,18446744073709551616,686748272,426683,686747767,1836512,0,0,0,5519,1012,16,0,5900
1785951876.953394517,0,686746164,0,0,0,0,0,686737310,7198,31000,0,0,652924959,627411015,0,0,0,686737310,7953,32500,0,640,114,0,0,686748274,2264333,2064700,18446744073709551616,686748274,426683,686747767,1836512,0,0,0,5519,1012,16,0,5900
1785951877.981878130,0,686746164,0,0,0,0,0,686737310,7198,31000,0,0,652928048,627414036,0,0,0,686737310,7953,32500,0,640,114,0,0,686748276,2264333,2064700,18446744073709551616,686748276,426683,686747767,1836512,0,0,0,5519,1012,16,0,5900
1785951879.014723570,0,686746164,0,0,0,0,0,686737310,7198,31000,0,0,652931145,627417051,0,0,0,686737310,7953,32500,0,640,114,0,0,686748278,2264333,2064700,18446744073709551616,686748278,426683,686747767,1836512,0,0,0,5519,1012,16,0,5900
1785951880.047769961,0,686746164,0,0,0,0,0,686737310,7198,31000,0,0,652934242,627420118,0,0,0,686737310,7953,32500,0,640,114,0,0,686748280,2264333,2064700,18446744073709551616,686748280,426683,686747767,1836512,0,0,0,5519,1012,16,0,5900
1785951881.081539070,0,686746164,0,0,0,0,0,686737310,7198,31000,0,0,652937343,627423213,0,0,0,686737310,7953,32500,0,640,114,0,0,686748282,2264333,2064700,18446744073709551616,686748282,426683,686747767,1836512,0,0,0,5519,1012,16,0,5900
1785951882.115633139,0,686746164,0,0,0,0,0,686737310,7198,31000,0,0,652940445,627426310,0,0,0,686737310,7953,32500,0,640,114,0,0,686748284,2264333,2064700,18446744073709551616,686748284,426683,686747767,1836512,0,0,0,5519,1012,16,0,5900
1785951883.147140074,0,686746164,0,0,0,0,0,686737310,7198,31000,0,0,652943539,627429399,0,0,0,686737310,7953,32500,0,640,114,0,0,686748286,2264333,2064700,18446744073709551616,686748286,426683,686747767,1836512,0,0,0,5519,1012,16,0,5900
1785951884.176862253,0,686746164,0,0,0,0,0,686737310,7198,31000,0,0,652946626,627432376,0,0,0,686737310,7953,32500,0,640,114,0,0,686748288,2264333,2064700,18446744073709551616,686748288,426683,686747767,1836512,0,0,0,5519,1012,16,0,5900
1785951885.206527495,0,686746164,0,0,0,0,0,686737310,7198,31000,0,0,652949711,627435402,0,0,0,686737310,7953,32500,0,640,114,0,0,686748290,2264333,2064700,18446744073709551616,686748290,426683,686747767,1836512,0,0,0,5519,1012,16,0,5900
1785951886.241252580,0,686746164,0,0,0,0,0,686737310,7198,31000,0,0,652952809,627438494,0,0,0,686737310,7953,32500,0,640,114,0,0,686748292,2264333,2064700,18446744073709551616,686748292,426683,686747767,1836512,0,0,0,5519,1012,16,0,5900
1785951887.270877892,0,686746164,0,0,0,0,0,686737310,7198,31000,0,0,652955906,627441585,0,0,0,686737310,7953,32500,0,640,114,0,0,686748294,2264333,2064700,18446744073709551616,686748294,426683,686747767,1836512,0,0,0,5519,1012,16,0,5900
1785951888.305532021,0,686746164,0,0,0,0,0,686737310,7198,31000,0,0,652959007,627444681,0,0,0,686737310,7953,32500,0,640,114,0,0,686748296,2264333,2064700,18446744073709551616,686748296,426683,686747767,1836512,0,0,0,5519,1012,16,0,5900
1785951889.337797610,0,686746164,0,0,0,0,0,686737310,7198,31000,0,0,652962107,627447768,0,0,0,686737310,7953,32500,0,640,114,0,0,686748298,2264333,2064700,18446744073709551616,686748298,426683,686747767,1836512,0,0,0,5519,1012,16,0,5900
1785951890.369516706,0,686746164,0,0,0,0,0,686737310,7198,31000,0,0,652965200,627450641,0,0,0,686737310,7953,32500,0,640,114,0,0,686748300,2264333,2064700,18446744073709551616,686748300,426683,686747767,1836512,0,0,0,5519,1012,16,0,5900
1785951891.404149856,3,686746164,3,0,3,19273,41800,686737310,7198,31000,0,0,652968305,627453695,3,37715,43700,686737310,7953,32500,18441,640,114,0,0,686748305,2264333,2064700,18446744073709551616,686748305,426683,686747770,1836512,10452,7831,33,5519,1012,16,8500,5900
1785951892.437135651,3,686746164,3,0,3,19273,41800,686737310,7198,31000,0,0,652971402,627456787,3,37715,43700,686737310,7953,32500,18441,640,114,0,0,686748309,2264333,2064700,18446744073709551616,686748309,426683,686747770,1836512,10452,7831,33,5519,1012,16,8500,5900
1785951893.467271080,3,686746164,3,0,3,19273,41800,686737310,7198,31000,0,0,652974500,627459877,3,37715,43700,686737310,7953,32500,18441,640,114,0,0,686748313,2264333,2064700,18446744073709551616,686748313,426683,686747770,1836512,10452,7831,33,5519,1012,16,8500,5900
1785951894.495298270,3,686746164,3,0,3,19273,41800,686737310,7198,31000,0,0,652977580,627462952,3,37715,43700,686737310,7953,32500,18441,640,114,0,0,686748317,2264333,2064700,18446744073709551616,686748317,426683,686747770,1836512,10452,7831,33,5519,1012,16,8500,5900
1785951895.520086184,3,686746164,3,0,3,19273,41800,686737310,7198,31000,0,0,652980656,627466020,3,37715,43700,686737310,7953,32500,18441,640,114,0,0,686748321,2264333,2064700,18446744073709551616,686748321,426683,686747770,1836512,10452,7831,33,5519,1012,16,8500,5900
1785951896.558995607,3,687276298,3,0,3,19273,41800,687272520,7199,31000,0,0,652983769,627468648,3,37715,43700,687279095,7955,32500,18441,640,114,0,0,687282650,2264769,2064900,18446744073709551616,687285886,426773,687287386,1836859,10452,7831,33,5520,1012,16,8500,5900
1785951897.620609283,0,5990223,0,0,0,0,0,28830634,7204,30200,0,0,652986937,627468658,0,0,0,5994090,7846,31700,0,635,111,0,0,5997381,2221694,2051800,18446744073709551616,6000550,420589,6004018,1800018,0,0,0,1132,209,3,0,5900
1785951898.665349060,0,12041533,0,0,0,0,0,34882506,7195,30300,0,0,652990060,627468672,0,0,0,12046123,7877,31700,0,638,112,0,0,12048975,2234728,2061400,18446744073709551616,12054777,422543,12057564,1811067,0,0,0,1886,348,5,0,5900
1785951899.707845174,0,18033229,0,0,0,0,0,40873569,7196,30300,0,0,652993181,627468697,0,0,0,18037395,7902,31800,0,638,112,0,0,18041088,2243751,2064100,18446744073709551616,18045432,423993,18048073,1818635,0,0,0,2420,445,7,0,5900
1785951900.751095710,0,24024493,0,0,0,0,0,46865105,7196,30400,0,0,652996298,627468717,0,0,0,24028289,7916,31900,0,639,112,0,0,24030229,2248211,2065600,18446744073709551616,24034651,424678,24039380,1822414,0,0,0,2816,517,8,0,5900
1785951901.795614568,0,29997472,0,0,0,0,0,52838210,7199,30500,0,0,652999424,627468743,0,0,0,30001465,7929,32000,0,640,112,0,0,30004416,2253163,2067500,18446744073709551616,30007373,425473,30010887,1826582,0,0,0,3125,573,9,0,5900
1785951902.837688400,0,35827630,0,0,0,0,0,58668569,7214,30600,0,0,653002543,627468770,0,0,0,35831958,7961,32100,0,644,113,0,0,35834796,2265418,2073700,18446744073709551616,35838742,427338,35843745,1836940,0,0,0,3377,616,9,0,5900
1785951903.880224466,0,41880666,0,0,0,0,0,64720875,7208,30700,0,0,653005663,627468782,0,0,0,41884136,7953,32200,0,643,113,0,0,41886906,2262778,2073200,18446744073709551616,41892692,426820,41894054,1834796,0,0,0,3573,653,10,0,5900
1785951904.925508246,0,47935853,0,0,0,0,0,70776511,7203,30700,0,0,653008787,627468786,0,0,0,47940524,7946,32200,0,642,113,0,0,47942863,2260046,2072700,18446744073709551616,47948236,426328,47953307,1832592,0,0,0,3736,684,11,0,5900
1785951905.964294865,0,53974863,0,0,0,0,0,76814898,7198,30700,0,0,653011898,627468793,0,0,0,53977432,7941,32200,0,642,113,0,0,53980866,2257656,2072500,18446744073709551616,53982751,425919,53986519,1830597,0,0,0,3872,710,11,0,5900
1785951907.002684565,0,59947637,0,0,0,0,0,82787745,7197,30700,0,0,653015006,627468814,0,0,0,59950776,7941,32200,0,642,113,0,0,59954072,2257548,2072600,18446744073709551616,59956134,425887,59959841,1830521,0,0,0,3990,731,11,0,5900
1785951908.039349903,0,65807624,0,0,0,0,0,88648187,7204,30700,0,0,653018108,627468837,0,0,0,65811656,7952,32200,0,643,113,0,0,65814481,2261963,2073800,18446744073709551616,65819919,426615,65822365,1834230,0,0,0,4097,750,12,0,5900
1785951909.078520951,0,71768536,0,0,0,0,0,94609572,7204,30700,0,0,653021214,627468855,0,0,0,71773107,7953,32200,0,643,113,0,0,71776612,2262286,2073900,18446744073709551616,71780397,426733,71786651,1834426,0,0,0,4188,766,12,0,5900
1785951910.119111201,0,77805017,0,0,0,0,0,100645678,7201,30700,0,0,653024331,627468869,0,0,0,77808810,7949,32200,0,642,113,0,0,77812914,2261089,2073900,18446744073709551616,77817807,426501,77819502,1833431,0,0,0,4265,781,12,0,5900
1785951911.157322584,0,83780140,0,0,0,0,0,106620834,7201,30700,0,0,653027436,627468891,0,0,0,83784489,7950,32200,0,642,113,0,0,83785410,2261006,2073500,18446744073709551616,83790777,426530,83795187,1833320,0,0,0,4335,794,12,0,5900
1785951912.196247778,0,89803638,0,0,0,0,0,112643552,7199,30700,0,0,653030544,627468904,0,0,0,89806403,7947,32200,0,642,113,0,0,89808415,2259907,2073100,18446744073709551616,89811632,426346,89815286,1832419,0,0,0,4396,805,12,0,5900
1785951913.236886583,0,95804602,0,0,0,0,0,118645270,7198,30700,0,0,653033661,627468912,0,0,0,95808464,7946,32200,0,642,113,0,0,95811359,2259604,2073300,18446744073709551616,95815265,426266,95817815,1832203,0,0,0,4452,816,13,0,5900
1785951914.276884594,0,101573510,0,0,0,0,0,124414688,7207,30700,0,0,653036772,627468953,0,0,0,101578310,7960,32200,0,643,113,0,0,101580573,2264979,2075600,18446744073709551616,101586197,427140,101590079,1836689,0,0,0,4511,825,13,0,5900
1785951915.321049751,0,107619309,0,0,0,0,0,130460019,7204,30700,0,0,653039897,627468958,0,0,0,107623504,7956,32200,0,643,113,0,0,107625999,2263645,2075100,18446744073709551616,107629587,426929,107635250,1835579,0,0,0,4555,834,13,0,5900
1785951916.364125430,0,113699773,0,0,0,0,0,136540693,7202,30700,0,0,653043017,627468963,0,0,0,113704010,7953,32200,0,642,114,0,0,113707193,2262443,2074600,18446744073709551616,113710565,426731,113714649,1834571,0,0,0,4596,842,13,0,5900
1785951917.402584242,0,119703940,0,0,0,0,0,142544685,7200,30700,0,0,653046123,627468968,0,0,0,119708229,7951,32200,0,642,114,0,0,119712543,2261922,2074800,18446744073709551616,119715250,426588,119718285,1834198,0,0,0,4633,849,13,0,5900
1785951918.448046612,0,125781031,0,0,0,0,0,148621562,7197,30700,0,0,653049253,627468973,0,0,0,125784774,7949,32200,0,642,114,0,0,125789249,2260852,2074400,18446744073709551616,125792731,426396,125795729,1833314,0,0,0,4667,855,13,0,5900
1785951919.491226182,0,131741992,0,0,0,0,0,154582498,7199,30700,0,0,653052373,627468995,0,0,0,131745630,7950,32200,0,642,114,0,0,131749340,2261706,2074600,18446744073709551616,131754024,426547,131756478,1834031,0,0,0,4701,862,13,0,5900
1785951920.531895377,0,137595266,0,0,0,0,0,160435372,7203,30700,0,0,653055488,627469021,0,0,0,137598445,7956,32200,0,643,114,0,0,137602019,2264074,2075800,18446744073709551616,137605256,426907,137609685,1836020,0,0,0,4735,867,13,0,5900
1785951921.577515297,0,143591206,0,0,0,0,0,166431683,7202,30700,0,0,653058610,627469036,0,0,0,143594993,7956,32200,0,643,114,0,0,143598548,2263910,2075900,18446744073709551616,143603362,426902,143604437,1835868,0,0,0,4763,872,14,0,5900
1785951922.618578641,0,149645188,0,0,0,0,0,172485920,7200,30700,0,0,653061729,627469042,0,0,0,149649402,7954,32200,0,643,114,0,0,149652822,2263170,2075900,18446744073709551616,149657021,426744,149660765,1835280,0,0,0,4788,877,14,0,5900
1785951923.670063717,0,155727528,0,0,0,0,0,178568532,7199,30700,0,0,653064877,627469050,0,0,0,155732470,7952,32200,0,642,114,0,0,155736973,2262474,2075800,18446744073709551616,155740590,426612,155744249,1834717,0,0,0,4811,882,14,0,5900
1785951924.707019967,0,161733705,0,0,0,0,0,184574194,7198,30700,0,0,653067977,627469073,0,0,0,161738070,7951,32200,0,642,114,0,0,161740356,2262265,2075700,18446744073709551616,161744534,426547,161746710,1834577,0,0,0,4833,886,14,0,5900
1785951925.743989544,0,167531120,0,0,0,0,0,190371443,7202,30700,0,0,653071082,627469113,0,0,0,167533917,7957,32200,0,643,114,0,0,167536887,2264638,2076500,18446744073709551616,167538832,426917,167541522,1836584,0,0,0,4859,889,14,0,5900
1785951926.766376696,0,171548908,0,0,0,0,0,194384112,7203,30700,0,0,653074149,627470108,0,0,0,171540457,7958,32200,0,643,114,0,0,171550737,2264900,2076600,18446744073709551616,171550738,426949,171550622,1836810,0,0,0,4873,892,14,0,5900
1785951927.792883964,0,171548908,0,0,0,0,0,194384112,7203,30700,0,0,653077223,627473178,0,0,0,171540457,7958,32200,0,643,114,0,0,171550741,2264900,2076600,18446744073709551616,171550742,426950,171550622,1836810,0,0,0,4873,892,14,0,5900
1785951928.816751425,0,171548908,0,0,0,0,0,194384112,7203,30700,0,0,653080297,627476246,0,0,0,171540457,7958,32200,0,643,114,0,0,171550745,2264900,2076600,18446744073709551616,171550746,426950,171550622,1836810,0,0,0,4873,892,14,0,5900
1785951929.848748776,0,171548908,0,0,0,0,0,194384112,7203,30700,0,0,653083388,627479330,0,0,0,171540457,7958,32200,0,643,114,0,0,171550749,2264900,2076600,18446744073709551616,171550750,426950,171550622,1836810,0,0,0,4873,892,14,0,5900
1785951930.878776797,0,171548908,0,0,0,0,0,194384112,7203,30700,0,0,653086478,627482411,0,0,0,171540457,7958,32200,0,643,114,0,0,171550752,2264900,2076600,18446744073709551616,171550753,426950,171550622,1836810,0,0,0,4873,892,14,0,5900
1785951931.905786791,0,171548908,0,0,0,0,0,194384112,7203,30700,0,0,653089559,627485331,0,0,0,171540457,7958,32200,0,643,114,0,0,171550754,2264900,2076600,18446744073709551616,171550755,426950,171550622,1836810,0,0,0,4873,892,14,0,5900
1785951932.937877235,0,171548908,0,0,0,0,0,194384112,7203,30700,0,0,653092653,627488420,0,0,0,171540457,7958,32200,0,643,114,0,0,171550756,2264900,2076600,18446744073709551616,171550757,426950,171550622,1836810,0,0,0,4873,892,14,0,5900
1785951933.970637332,0,171548908,0,0,0,0,0,194384112,7203,30700,0,0,653095751,627491512,0,0,0,171540457,7958,32200,0,643,114,0,0,171550758,2264900,2076600,18446744073709551616,171550759,426950,171550622,1836810,0,0,0,4873,892,14,0,5900
1785951935.003402705,0,171548908,0,0,0,0,0,194384112,7203,30700,0,0,653098848,627494604,0,0,0,171540457,7958,32200,0,643,114,0,0,171550760,2264900,2076600,18446744073709551616,171550761,426950,171550622,1836810,0,0,0,4873,892,14,0,5900
1785951936.037185497,0,171548908,0,0,0,0,0,194384112,7203,30700,0,0,653101950,627497699,0,0,0,171540457,7958,32200,0,643,114,0,0,171550762,2264900,2076600,18446744073709551616,171550763,426950,171550622,1836810,0,0,0,4873,892,14,0,5900
1785951937.069604126,0,171548908,0,0,0,0,0,194384112,7203,30700,0,0,653105046,627500752,0,0,0,171540457,7958,32200,0,643,114,0,0,171550764,2264900,2076600,18446744073709551616,171550765,426950,171550622,1836810,0,0,0,4873,892,14,0,5900
1785951938.095150801,0,171548908,0,0,0,0,0,194384112,7203,30700,0,0,653108129,627503728,0,0,0,171540457,7958,32200,0,643,114,0,0,171550766,2264900,2076600,18446744073709551616,171550767,426950,171550622,1836810,0,0,0,4873,892,14,0,5900
1785951939.116894280,0,171548908,0,0,0,0,0,194384112,7203,30700,0,0,653111190,627506786,0,0,0,171540457,7958,32200,0,643,114,0,0,171550768,2264900,2076600,18446744073709551616,171550769,426950,171550622,1836810,0,0,0,4873,892,14,0,5900
1785951940.147394482,0,171548908,0,0,0,0,0,194384112,7203,30700,0,0,653114279,627509870,0,0,0,171540457,7958,32200,0,643,114,0,0,171550770,2264900,2076600,18446744073709551616,171550771,426950,171550622,1836810,0,0,0,4873,892,14,0,5900
1785951941.180765852,0,171548908,0,0,0,0,0,194384112,7203,30700,0,0,653117379,627512963,0,0,0,171540457,7958,32200,0,643,114,0,0,171550772,2264900,2076600,18446744073709551616,171550773,426950,171550622,1836810,0,0,0,4873,892,14,0,5900
1785951942.213767518,0,171548908,0,0,0,0,0,194384112,7203,30700,0,0,653120475,627516031,0,0,0,171540457,7958,32200,0,643,114,0,0,171550774,2264900,2076600,18446744073709551616,171550775,426950,171550622,1836810,0,0,0,4873,892,14,0,5900
1785951943.247117503,0,171548908,0,0,0,0,0,194384112,7203,30700,0,0,653123573,627519046,0,0,0,171540457,7958,32200,0,643,114,0,0,171550776,2264900,2076600,18446744073709551616,171550777,426950,171550622,1836810,0,0,0,4873,892,14,0,5900
1785951944.278074653,0,171548908,0,0,0,0,0,194384112,7203,30700,0,0,653126664,627522076,0,0,0,171540457,7958,32200,0,643,114,0,0,171550778,2264900,2076600,18446744073709551616,171550779,426950,171550622,1836810,0,0,0,4873,892,14,0,5900
1785951945.311377019,0,171548908,0,0,0,0,0,194384112,7203,30700,0,0,653129763,627525169,0,0,0,171540457,7958,32200,0,643,114,0,0,171550780,2264900,2076600,18446744073709551616,171550781,426950,171550622,1836810,0,0,0,4873,892,14,0,5900
1785951946.343200319,0,171548908,0,0,0,0,0,194384112,7203,30700,0,0,653132859,627528260,0,0,0,171540457,7958,32200,0,643,114,0,0,171550782,2264900,2076600,18446744073709551616,171550783,426950,171550622,1836810,0,0,0,4873,892,14,0,5900
1785951947.376547352,0,171548908,0,0,0,0,0,194384112,7203,30700,0,0,653135958,627531354,0,0,0,171540457,7958,32200,0,643,114,0,0,171550784,2264900,2076600,18446744073709551616,171550785,426950,171550622,1836810,0,0,0,4873,892,14,0,5900
1785951948.406448347,0,171548908,0,0,0,0,0,194384112,7203,30700,0,0,653139049,627534437,0,0,0,171540457,7958,32200,0,643,114,0,0,171550786,2264900,2076600,18446744073709551616,171550787,426950,171550622,1836810,0,0,0,4873,892,14,0,5900
1785951949.436287957,0,171548908,0,0,0,0,0,194384112,7203,30700,0,0,653142136,627537400,0,0,0,171540457,7958,32200,0,643,114,0,0,171550788,2264900,2076600,18446744073709551616,171550789,426950,171550622,1836810,0,0,0,4873,892,14,0,5900
1785951950.468848173,0,171548908,0,0,0,0,0,194384112,7203,30700,0,0,653145232,627540478,0,0,0,171540457,7958,32200,0,643,114,0,0,171550790,2264900,2076600,18446744073709551616,171550791,426950,171550622,1836810,0,0,0,4873,892,14,0,5900
1785951951.501585743,0,171548908,0,0,0,0,0,194384112,7203,30700,0,0,653148330,627543570,0,0,0,171540457,7958,32200,0,643,114,0,0,171550792,2264900,2076600,18446744073709551616,171550793,426950,171550622,1836810,0,0,0,4873,892,14,0,5900
1785951952.535320548,0,171548908,0,0,0,0,0,194384112,7203,30700,0,0,653151431,627546613,0,0,0,171540457,7958,32200,0,643,114,0,0,171550794,2264900,2076600,18446744073709551616,171550795,426950,171550622,1836810,0,0,0,4873,892,14,0,5900
1785951953.566602378,0,171548908,0,0,0,0,0,194384112,7203,30700,0,0,653154527,627549702,0,0,0,171540457,7958,32200,0,643,114,0,0,171550796,2264900,2076600,18446744073709551616,171550797,426950,171550622,1836810,0,0,0,4873,892,14,0,5900
1785951954.597616663,0,171548908,0,0,0,0,0,194384112,7203,30700,0,0,653157618,627552759,0,0,0,171540457,7958,32200,0,643,114,0,0,171550798,2264901,2076600,18446744073709551616,171550799,426950,171550622,1836810,0,0,0,4873,892,14,0,5900
1785951955.627871595,0,171548908,0,0,0,0,0,194384112,7203,30700,0,0,653160712,627555728,0,0,0,171540457,7958,32200,0,643,114,0,0,171550800,2264901,2076600,18446744073709551616,171550801,426950,171550622,1836810,0,0,0,4873,892,14,0,5900
1785951956.659340009,0,171548908,0,0,0,0,0,194384112,7203,30700,0,0,653163805,627558817,0,0,0,171540457,7958,32200,0,643,114,0,0,171550802,2264901,2076600,18446744073709551616,171550803,426950,171550622,1836810,0,0,0,4873,892,14,0,5900
1785951957.691430183,0,171548908,0,0,0,0,0,194384112,7203,30700,0,0,653166903,627561908,0,0,0,171540457,7958,32200,0,643,114,0,0,171550804,2264901,2076600,18446744073709551616,171550805,426950,171550622,1836810,0,0,0,4873,892,14,0,5900
1785951958.720871809,0,171548908,0,0,0,0,0,194384112,7203,30700,0,0,653169989,627564990,0,0,0,171540457,7958,32200,0,643,114,0,0,171550806,2264901,2076600,18446744073709551616,171550807,426950,171550622,1836810,0,0,0,4873,892,14,0,5900
1785951959.752138715,0,171548908,0,0,0,0,0,194384112,7203,30700,0,0,653173080,627568077,0,0,0,171540457,7958,32200,0,643,114,0,0,171550808,2264901,2076600,18446744073709551616,171550809,426950,171550622,1836810,0,0,0,4873,892,14,0,5900
1785951960.781193525,0,171548908,0,0,0,0,0,194384112,7203,30700,0,0,653176168,627571086,0,0,0,171540457,7958,32200,0,643,114,0,0,171550810,2264901,2076600,18446744073709551616,171550811,426950,171550622,1836810,0,0,0,4873,892,14,0,5900
1785951961.812114817,0,171548908,0,0,0,0,0,194384112,7203,30700,0,0,653179260,627574107,0,0,0,171540457,7958,32200,0,643,114,0,0,171550812,2264901,2076600,18446744073709551616,171550813,426950,171550622,1836810,0,0,0,4873,892,14,0,5900
1785951962.845042851,0,171548908,0,0,0,0,0,194384112,7203,30700,0,0,653182358,627577174,0,0,0,171540457,7958,32200,0,643,114,0,0,171550814,2264901,2076600,18446744073709551616,171550815,426950,171550622,1836810,0,0,0,4873,892,14,0,5900
1785951963.877717001,0,171548908,0,0,0,0,0,194384112,7203,30700,0,0,653185456,627580266,0,0,0,171540457,7958,32200,0,643,114,0,0,171550816,2264901,2076600,18446744073709551616,171550817,426950,171550622,1836810,0,0,0,4873,892,14,0,5900
1785951964.909101092,0,171548908,0,0,0,0,0,194384112,7203,30700,0,0,653188549,627583354,0,0,0,171540457,7958,32200,0,643,114,0,0,171550818,2264901,2076600,18446744073709551616,171550819,426950,171550622,1836810,0,0,0,4873,892,14,0,5900
1785951965.938604306,0,171548908,0,0,0,0,0,194384112,7203,30700,0,0,653191638,627586436,0,0,0,171540457,7958,32200,0,643,114,0,0,171550820,2264901,2076600,18446744073709551616,171550821,426950,171550622,1836810,0,0,0,4873,892,14,0,5900
1785951966.967436360,0,171548908,0,0,0,0,0,194384112,7203,30700,0,0,653194725,627589400,0,0,0,171540457,7958,32200,0,643,114,0,0,171550822,2264901,2076600,18446744073709551616,171550823,426950,171550622,1836810,0,0,0,4873,892,14,0,5900
1785951967.999892665,0,171548908,0,0,0,0,0,194384112,7203,30700,0,0,653197823,627592452,0,0,0,171540457,7958,32200,0,643,114,0,0,171550824,2264901,2076600,18446744073709551616,171550825,426950,171550622,1836810,0,0,0,4873,892,14,0,5900
1785951969.032929120,0,171548908,0,0,0,0,0,194384112,7203,30700,0,0,653200919,627595544,0,0,0,171540457,7958,32200,0,643,114,0,0,171550826,2264901,2076600,18446744073709551616,171550827,426950,171550622,1836810,0,0,0,4873,892,14,0,5900
1785951970.066266636,0,171548908,0,0,0,0,0,194384112,7203,30700,0,0,653204019,627598638,0,0,0,171540457,7958,32200,0,643,114,0,0,171550828,2264901,2076600,18446744073709551616,171550829,426950,171550622,1836810,0,0,0,4873,892,14,0,5900
1785951971.099332011,0,171548908,0,0,0,0,0,194384112,7203,30700,0,0,653207118,627601731,0,0,0,171540457,7958,32200,0,643,114,0,0,171550830,2264901,2076600,18446744073709551616,171550831,426951,171550622,1836810,0,0,0,4873,892,14,0,5900
1785951972.131212734,0,171548908,0,0,0,0,0,194384112,7203,30700,0,0,653210214,627604814,0,0,0,171540457,7958,32200,0,643,114,0,0,171550832,2264901,2076600,18446744073709551616,171550833,426951,171550622,1836810,0,0,0,4873,892,14,0,5900
1785951973.163611354,0,171548908,0,0,0,0,0,194384112,7203,30700,0,0,653213311,627607757,0,0,0,171540457,7958,32200,0,643,114,0,0,171550834,2264901,2076600,18446744073709551616,171550835,426951,171550622,1836810,0,0,0,4873,892,14,0,5900
1785951974.196178804,0,171548908,0,0,0,0,0,194384112,7203,30700,0,0,653216408,627610849,0,0,0,171540457,7958,32200,0,643,114,0,0,171550836,2264901,2076600,18446744073709551616,171550837,426951,171550622,1836810,0,0,0,4873,892,14,0,5900
1785951975.228113534,0,171548908,0,0,0,0,0,194384112,7203,30700,0,0,653219505,627613939,0,0,0,171540457,7958,32200,0,643,114,0,0,171550838,2264901,2076600,18446744073709551616,171550839,426951,171550622,1836810,0,0,0,4873,892,14,0,5900
1785951976.260390667,0,171548908,0,0,0,0,0,194384112,7203,30700,0,0,653222601,627617029,0,0,0,171540457,7958,32200,0,643,114,0,0,171550840,2264901,2076600,18446744073709551616,171550841,426951,171550622,1836810,0,0,0,4873,892,14,0,5900
1785951977.293266523,0,171548908,0,0,0,0,0,194384112,7203,30700,0,0,653225699,627620122,0,0,0,171540457,7958,32200,0,643,114,0,0,171550842,2264901,2076600,18446744073709551616,171550843,426951,171550622,1836810,0,0,0,4873,892,14,0,5900
1785951978.324948637,0,171548908,0,0,0,0,0,194384112,7203,30700,0,0,653228791,627623158,0,0,0,171540457,7958,32200,0,643,114,0,0,171550844,2264901,2076600,18446744073709551616,171550845,426951,171550622,1836810,0,0,0,4873,892,14,0,5900
1785951979.357948028,0,171548908,0,0,0,0,0,194384112,7203,30700,0,0,653231891,627626164,0,0,0,171540457,7958,32200,0,643,114,0,0,171550846,2264901,2076600,18446744073709551616,171550847,426951,171550622,1836810,0,0,0,4873,892,14,0,5900
1785951980.389408866,0,171548908,0,0,0,0,0,194384112,7203,30700,0,0,653234985,627629253,0,0,0,171540457,7958,32200,0,643,114,0,0,171550848,2264901,2076600,18446744073709551616,171550849,426951,171550622,1836810,0,0,0,4873,892,14,0,5900
1785951981.421808202,0,171548908,0,0,0,0,0,194384112,7203,30700,0,0,653238081,627632343,0,0,0,171540457,7958,32200,0,643,114,0,0,171550850,2264901,2076600,18446744073709551616,171550851,426951,171550622,1836810,0,0,0,4873,892,14,0,5900
1785951982.454088034,0,171548908,0,0,0,0,0,194384112,7203,30700,0,0,653241177,627635434,0,0,0,171540457,7958,32200,0,643,114,0,0,171550852,2264901,2076600,18446744073709551616,171550853,426951,171550622,1836810,0,0,0,4873,892,14,0,5900
1785951983.483280900,0,171548908,0,0,0,0,0,194384112,7203,30700,0,0,653244268,627638496,0,0,0,171540457,7958,32200,0,643,114,0,0,171550854,2264901,2076600,18446744073709551616,171550855,426951,171550622,1836810,0,0,0,4873,892,14,0,5900
1785951984.507066992,0,171548908,0,0,0,0,0,194384112,7203,30700,0,0,653247333,627641467,0,0,0,171540457,7958,32200,0,643,114,0,0,171550856,2264902,2076600,18446744073709551616,171550857,426951,171550622,1836810,0,0,0,4873,892,14,0,5900
1785951985.537483623,0,171548908,0,0,0,0,0,194384112,7203,30700,0,0,653250425,627644505,0,0,0,171540457,7958,32200,0,643,114,0,0,171550858,2264902,2076600,18446744073709551616,171550859,426951,171550622,1836810,0,0,0,4873,892,14,0,5900
1785951986.569371020,0,171548908,0,0,0,0,0,194384112,7203,30700,0,0,653253519,627647594,0,0,0,171540457,7958,32200,0,643,114,0,0,171550860,2264902,2076600,18446744073709551616,171550861,426951,171550622,1836810,0,0,0,4873,892,14,0,5900
1785951987.602524230,0,171548908,0,0,0,0,0,194384112,7203,30700,0,0,653256619,627650687,0,0,0,171540457,7958,32200,0,643,114,0,0,171550862,2264902,2076600,18446744073709551616,171550863,426951,171550622,1836810,0,0,0,4873,892,14,0,5900
1785951988.635054454,0,171548908,0,0,0,0,0,194384112,7203,30700,0,0,653259716,627653779,0,0,0,171540457,7958,32200,0,643,114,0,0,171550864,2264902,2076600,18446744073709551616,171550865,426951,171550622,1836810,0,0,0,4873,892,14,0,5900
1785951989.666807805,0,171548908,0,0,0,0,0,194384112,7203,30700,0,0,653262809,627656865,0,0,0,171540457,7958,32200,0,643,114,0,0,171550866,2264902,2076600,18446744073709551616,171550867,426951,171550622,1836810,0,0,0,4873,892,14,0,5900
1785951990.698060652,0,171548908,0,0,0,0,0,194384112,7203,30700,0,0,653265902,627659831,0,0,0,171540457,7958,32200,0,643,114,0,0,171550868,2264902,2076600,18446744073709551616,171550869,426951,171550622,1836810,0,0,0,4873,892,14,0,5900
1785951991.732035466,0,171548908,0,0,0,0,0,194384112,7203,30700,0,0,653269004,627662916,0,0,0,171540457,7958,32200,0,643,114,0,0,171550870,2264902,2076600,18446744073709551616,171550871,426951,171550622,1836810,0,0,0,4873,892,14,0,5900
1785951992.765524736,0,171548908,0,0,0,0,0,194384112,7203,30700,0,0,653272104,627666010,0,0,0,171540457,7958,32200,0,643,114,0,0,171550872,2264902,2076600,18446744073709551616,171550873,426951,171550622,1836810,0,0,0,4873,892,14,0,5900
1785951993.798024831,0,171548908,0,0,0,0,0,194384112,7203,30700,0,0,653275201,627669078,0,0,0,171540457,7958,32200,0,643,114,0,0,171550874,2264902,2076600,18446744073709551616,171550875,426951,171550622,1836810,0,0,0,4873,892,14,0,5900
1785951994.830013615,0,171548908,0,0,0,0,0,194384112,7203,30700,0,0,653278297,627672168,0,0,0,171540457,7958,32200,0,643,114,0,0,171550876,2264902,2076600,18446744073709551616,171550877,426951,171550622,1836810,0,0,0,4873,892,14,0,5900
1785951995.859645096,0,171548908,0,0,0,0,0,194384112,7203,30700,0,0,653281386,627675224,0,0,0,171540457,7958,32200,0,643,114,0,0,171550878,2264902,2076600,18446744073709551616,171550879,426951,171550622,1836810,0,0,0,4873,892,14,0,5900
1785951996.892330033,0,171548908,0,0,0,0,0,194384112,7203,30700,0,0,653284482,627678211,0,0,0,171540457,7958,32200,0,643,114,0,0,171550880,2264902,2076600,18446744073709551616,171550881,426951,171550622,1836810,0,0,0,4873,892,14,0,5900
1785951997.923766372,0,171548908,0,0,0,0,0,194384112,7203,30700,0,0,653287577,627681300,0,0,0,171540457,7958,32200,0,643,114,0,0,171550882,2264902,2076600,18446744073709551616,171550883,426951,171550622,1836810,0,0,0,4873,892,14,0,5900
1785951998.953841841,0,171548908,0,0,0,0,0,194384112,7203,30700,0,0,653290664,627684383,0,0,0,171540457,7958,32200,0,643,114,0,0,171550884,2264902,2076600,18446744073709551616,171550885,426951,171550622,1836810,0,0,0,4873,892,14,0,5900
1785951999.985975693,0,171548908,0,0,0,0,0,194384112,7203,30700,0,0,653293760,627687473,0,0,0,171540457,7958,32200,0,643,114,0,0,171550886,2264902,2076600,18446744073709551616,171550887,426951,171550622,1836810,0,0,0,4873,892,14,0,5900
1785952001.018765165,0,171548908,0,0,0,0,0,194384112,7203,30700,0,0,653296857,627690565,0,0,0,171540457,7958,32200,0,643,114,0,0,171550888,2264902,2076600,18446744073709551616,171550889,426951,171550622,1836810,0,0,0,4873,892,14,0,5900
1785952002.050052683,0,171548908,0,0,0,0,0,194384112,7203,30700,0,0,653299950,627693575,0,0,0,171540457,7958,32200,0,643,114,0,0,171550890,2264902,2076600,18446744073709551616,171550891,426951,171550622,1836810,0,0,0,4873,892,14,0,5900
1785952003.082163494,0,171548908,0,0,0,0,0,194384112,7203,30700,0,0,653303044,627696602,0,0,0,171540457,7958,32200,0,643,114,0,0,171550892,2264902,2076600,18446744073709551616,171550893,426951,171550622,1836810,0,0,0,4873,892,14,0,5900
1785952004.113925043,0,171548908,0,0,0,0,0,194384112,7203,30700,0,0,653306137,627699668,0,0,0,171540457,7958,32200,0,643,114,0,0,171550894,2264902,2076600,18446744073709551616,171550895,426951,171550622,1836810,0,0,0,4873,892,14,0,5900
1785952005.146583214,0,171548908,0,0,0,0,0,194384112,7203,30700,0,0,653309234,627702759,0,0,0,171540457,7958,32200,0,643,114,0,0,171550896,2264902,2076600,18446744073709551616,171550897,426951,171550622,1836810,0,0,0,4873,892,14,0,5900
1785952006.179586683,0,171548908,0,0,0,0,0,194384112,7203,30700,0,0,653312332,627705851,0,0,0,171540457,7958,32200,0,643,114,0,0,171550898,2264902,2076600,18446744073709551616,171550899,426951,171550622,1836810,0,0,0,4873,892,14,0,5900
1785952007.212444008,0,171548908,0,0,0,0,0,194384112,7203,30700,0,0,653315431,627708945,0,0,0,171540457,7958,32200,0,643,114,0,0,171550900,2264902,2076600,18446744073709551616,171550901,426951,171550622,1836810,0,0,0,4873,892,14,0,5900
1785952008.242867730,0,171548908,0,0,0,0,0,194384112,7203,30700,0,0,653318526,627711914,0,0,0,171540457,7958,32200,0,643,114,0,0,171550902,2264902,2076600,18446744073709551616,171550903,426951,171550622,1836810,0,0,0,4873,892,14,0,5900
1785952009.275094385,0,171548908,0,0,0,0,0,194384112,7203,30700,0,0,653321617,627714982,0,0,0,171540457,7958,32200,0,643,114,0,0,171550904,2264902,2076600,18446744073709551616,171550905,426951,171550622,1836810,0,0,0,4873,892,14,0,5900
1785952010.307993267,0,171548908,0,0,0,0,0,194384112,7203,30700,0,0,653324715,627718074,0,0,0,171540457,7958,32200,0,643,114,0,0,171550906,2264902,2076600,18446744073709551616,171550907,426951,171550622,1836810,0,0,0,4873,892,14,0,5900
1785952011.341241298,0,171548908,0,0,0,0,0,194384112,7203,30700,0,0,653327814,627721168,0,0,0,171540457,7958,32200,0,643,114,0,0,171550908,2264902,2076600,18446744073709551616,171550909,426951,171550622,1836810,0,0,0,4873,892,14,0,5900
1785952012.373393757,0,171548908,0,0,0,0,0,194384112,7203,30700,0,0,653330909,627724258,0,0,0,171540457,7958,32200,0,643,114,0,0,171550910,2264902,2076600,18446744073709551616,171550911,426952,171550622,1836810,0,0,0,4873,892,14,0,5900
1785952013.406881631,0,171548908,0,0,0,0,0,194384112,7203,30700,0,0,653334009,627727341,0,0,0,171540457,7958,32200,0,643,114,0,0,171550912,2264903,2076600,18446744073709551616,171550913,426952,171550622,1836810,0,0,0,4873,892,14,0,5900
1785952014.435930045,0,171548908,0,0,0,0,0,194384112,7203,30700,0,0,653337099,627730231,0,0,0,171540457,7958,32200,0,643,114,0,0,171550914,2264903,2076600,18446744073709551616,171550915,426952,171550622,1836810,0,0,0,4873,892,14,0,5900
1785952015.465053650,0,171548908,0,0,0,0,0,194384112,7203,30700,0,0,653340181,627733291,0,0,0,171540457,7958,32200,0,643,114,0,0,171550916,2264903,2076600,18446744073709551616,171550917,426952,171550622,1836810,0,0,0,4873,892,14,0,5900
1785952016.497406434,0,171548908,0,0,0,0,0,194384112,7203,30700,0,0,653343279,627736383,0,0,0,171540457,7958,32200,0,643,114,0,0,171550918,2264903,2076600,18446744073709551616,171550919,426952,171550622,1836810,0,0,0,4873,892,14,0,5900
1785952017.529403380,0,171548908,0,0,0,0,0,194384112,7203,30700,0,0,653346374,627739473,0,0,0,171540457,7958,32200,0,643,114,0,0,171550920,2264903,2076600,18446744073709551616,171550921,426952,171550622,1836810,0,0,0,4873,892,14,0,5900
1785952018.562813959,0,171548908,0,0,0,0,0,194384112,7203,30700,0,0,653349472,627742566,0,0,0,171540457,7958,32200,0,643,114,0,0,171550922,2264903,2076600,18446744073709551616,171550923,426952,171550622,1836810,0,0,0,4873,892,14,0,5900
1785952019.595560719,0,171548908,0,0,0,0,0,194384112,7203,30700,0,0,653352570,627745648,0,0,0,171540457,7958,32200,0,643,114,0,0,171550924,2264903,2076600,18446744073709551616,171550925,426952,171550622,1836810,0,0,0,4873,892,14,0,5900
1785952020.628779967,0,171548908,0,0,0,0,0,194384112,7203,30700,0,0,653355672,627748613,0,0,0,171540457,7958,32200,0,643,114,0,0,171550926,2264903,2076600,18446744073709551616,171550927,426952,171550622,1836810,0,0,0,4873,892,14,0,5900
1785952021.662266424,0,171548908,0,0,0,0,0,194384112,7203,30700,0,0,653358773,627751707,0,0,0,171540457,7958,32200,0,643,114,0,0,171550928,2264903,2076600,18446744073709551616,171550929,426952,171550622,1836810,0,0,0,4873,892,14,0,5900
1785952022.694126558,0,171548908,0,0,0,0,0,194384112,7203,30700,0,0,653361868,627754797,0,0,0,171540457,7958,32200,0,643,114,0,0,171550930,2264903,2076600,18446744073709551616,171550931,426952,171550622,1836810,0,0,0,4873,892,14,0,5900
1785952023.727820763,0,171548908,0,0,0,0,0,194384112,7203,30700,0,0,653364967,627757891,0,0,0,171540457,7958,32200,0,643,114,0,0,171550932,2264903,2076600,18446744073709551616,171550933,426952,171550622,1836810,0,0,0,4873,892,14,0,5900
1785952024.761492213,0,171548908,0,0,0,0,0,194384112,7203,30700,0,0,653368067,627760962,0,0,0,171540457,7958,32200,0,643,114,0,0,171550934,2264903,2076600,18446744073709551616,171550935,426952,171550622,1836810,0,0,0,4873,892,14,0,5900
1785952025.793967103,0,171548908,0,0,0,0,0,194384112,7203,30700,0,0,653371163,627764004,0,0,0,171540457,7958,32200,0,643,114,0,0,171550936,2264903,2076600,18446744073709551616,171550937,426952,171550622,1836810,0,0,0,4873,892,14,0,5900
1785952026.826872088,0,171548908,0,0,0,0,0,194384112,7203,30700,0,0,653374260,627767013,0,0,0,171540457,7958,32200,0,643,114,0,0,171550938,2264903,2076600,18446744073709551616,171550939,426952,171550622,1836810,0,0,0,4873,892,14,0,5900
1785952027.855068420,0,171548908,0,0,0,0,0,194384112,7203,30700,0,0,653377347,627770095,0,0,0,171540457,7958,32200,0,643,114,0,0,171550940,2264903,2076600,18446744073709551616,171550941,426952,171550622,1836810,0,0,0,4873,892,14,0,5900
1785952028.888065580,0,171548908,0,0,0,0,0,194384112,7203,30700,0,0,653380442,627773185,0,0,0,171540457,7958,32200,0,643,114,0,0,171550942,2264903,2076600,18446744073709551616,171550943,426952,171550622,1836810,0,0,0,4873,892,14,0,5900
1785952029.920984561,0,171548908,0,0,0,0,0,194384112,7203,30700,0,0,653383541,627776278,0,0,0,171540457,7958,32200,0,643,114,0,0,171550944,2264903,2076600,18446744073709551616,171550945,426952,171550622,1836810,0,0,0,4873,892,14,0,5900
1785952030.954175860,0,171548908,0,0,0,0,0,194384112,7203,30700,0,0,653386640,627779371,0,0,0,171540457,7958,32200,0,643,114,0,0,171550946,2264903,2076600,18446744073709551616,171550947,426952,171550622,1836810,0,0,0,4873,892,14,0,5900
1785952031.986590209,0,171548908,0,0,0,0,0,194384112,7203,30700,0,0,653389738,627782362,0,0,0,171540457,7958,32200,0,643,114,0,0,171550948,2264903,2076600,18446744073709551616,171550949,426952,171550622,1836810,0,0,0,4873,892,14,0,5900
1785952033.018119298,0,171548908,0,0,0,0,0,194384112,7203,30700,0,0,653392831,627785412,0,0,0,171540457,7958,32200,0,643,114,0,0,171550950,2264903,2076600,18446744073709551616,171550951,426952,171550622,1836810,0,0,0,4873,892,14,0,5900
1785952034.051269980,0,171548908,0,0,0,0,0,194384112,7203,30700,0,0,653395930,627788505,0,0,0,171540457,7958,32200,0,643,114,0,0,171550952,2264903,2076600,18446744073709551616,171550953,426952,171550622,1836810,0,0,0,4873,892,14,0,5900
1785952035.084497157,0,171548908,0,0,0,0,0,194384112,7203,30700,0,0,653399027,627791575,0,0,0,171540457,7958,32200,0,643,114,0,0,171550954,2264903,2076600,18446744073709551616,171550955,426952,171550622,1836810,0,0,0,4873,892,14,0,5900
1785952036.117218880,0,171548908,0,0,0,0,0,194384112,7203,30700,0,0,653402125,627794668,0,0,0,171540457,7958,32200,0,643,114,0,0,171550956,2264903,2076600,18446744073709551616,171550957,426952,171550622,1836810,0,0,0,4873,892,14,0,5900
1785952037.146587688,0,171548908,0,0,0,0,0,194384112,7203,30700,0,0,653405212,627797745,0,0,0,171540457,7958,32200,0,643,114,0,0,171550958,2264903,2076600,18446744073709551616,171550959,426952,171550622,1836810,0,0,0,4873,892,14,0,5900
1785952038.177304638,0,171548908,0,0,0,0,0,194384112,7203,30700,0,0,653408310,627800708,0,0,0,171540457,7958,32200,0,643,114,0,0,171550960,2264903,2076600,18446744073709551616,171550961,426952,171550622,1836810,0,0,0,4873,892,14,0,5900
1785952039.207217108,0,171548908,0,0,0,0,0,194384112,7203,30700,0,0,653411397,627803788,0,0,0,171540457,7958,32200,0,643,114,0,0,171550962,2264903,2076600,18446744073709551616,171550963,426952,171550622,1836810,0,0,0,4873,892,14,0,5900
1785952040.240551477,0,171548908,0,0,0,0,0,194384112,7203,30700,0,0,653414495,627806881,0,0,0,171540457,7958,32200,0,643,114,0,0,171550964,2264903,2076600,18446744073709551616,171550965,426952,171550622,1836810,0,0,0,4873,892,14,0,5900
1785952041.273404280,0,171548908,0,0,0,0,0,194384112,7203,30700,0,0,653417593,627809973,0,0,0,171540457,7958,32200,0,643,114,0,0,171550966,2264903,2076600,18446744073709551616,171550967,426952,171550622,1836810,0,0,0,4873,892,14,0,5900
1785952042.305933715,0,171548908,0,0,0,0,0,194384112,7203,30700,0,0,653420692,627813066,0,0,0,171540457,7958,32200,0,643,114,0,0,171550968,2264903,2076600,18446744073709551616,171550969,426952,171550622,1836810,0,0,0,4873,892,14,0,5900
1785952043.337269197,0,171548908,0,0,0,0,0,194384112,7203,30700,0,0,653423783,627816121,0,0,0,171540457,7958,32200,0,643,114,0,0,171550970,2264904,2076600,18446744073709551616,171550971,426952,171550622,1836810,0,0,0,4873,892,14,0,5900
1785952044.369700832,0,171548908,0,0,0,0,0,194384112,7203,30700,0,0,653426878,627819106,0,0,0,171540457,7958,32200,0,643,114,0,0,171550972,2264904,2076600,18446744073709551616,171550973,426952,171550622,1836810,0,0,0,4873,892,14,0,5900
1785952045.402471685,0,171548908,0,0,0,0,0,194384112,7203,30700,0,0,653429975,627822173,0,0,0,171540457,7958,32200,0,643,114,0,0,171550974,2264904,2076600,18446744073709551616,171550975,426952,171550622,1836810,0,0,0,4873,892,14,0,5900
1785952046.435238982,0,171548908,0,0,0,0,0,194384112,7203,30700,0,0,653433073,627825265,0,0,0,171540457,7958,32200,0,643,114,0,0,171550976,2264904,2076600,18446744073709551616,171550977,426952,171550622,1836810,0,0,0,4873,892,14,0,5900
1785952047.467247317,0,171548908,0,0,0,0,0,194384112,7203,30700,0,0,653436171,627828358,0,0,0,171540457,7958,32200,0,643,114,0,0,171550978,2264904,2076600,18446744073709551616,171550979,426952,171550622,1836810,0,0,0,4873,892,14,0,5900
1785952048.499641740,0,171548908,0,0,0,0,0,194384112,7203,30700,0,0,653439266,627831447,0,0,0,171540457,7958,32200,0,643,114,0,0,171550980,2264904,2076600,18446744073709551616,171550981,426952,171550622,1836810,0,0,0,4873,892,14,0,5900
1785952049.528738358,0,171548908,0,0,0,0,0,194384112,7203,30700,0,0,653442351,627834449,0,0,0,171540457,7958,32200,0,643,114,0,0,171550982,2264904,2076600,18446744073709551616,171550983,426952,171550622,1836810,0,0,0,4873,892,14,0,5900
1785952050.561317556,0,171548908,0,0,0,0,0,194384112,7203,30700,0,0,653445450,627837482,0,0,0,171540457,7958,32200,0,643,114,0,0,171550984,2264904,2076600,18446744073709551616,171550985,426952,171550622,1836810,0,0,0,4873,892,14,0,5900
1785952051.594131684,0,171548908,0,0,0,0,0,194384112,7203,30700,0,0,653448549,627840575,0,0,0,171540457,7958,32200,0,643,114,0,0,171550986,2264904,2076600,18446744073709551616,171550987,426952,171550622,1836810,0,0,0,4873,892,14,0,5900
1785952052.626812941,0,171548908,0,0,0,0,0,194384112,7203,30700,0,0,653451645,627843667,0,0,0,171540457,7958,32200,0,643,114,0,0,171550988,2264904,2076600,18446744073709551616,171550989,426953,171550622,1836810,0,0,0,4873,892,14,0,5900
1785952053.659692746,0,171548908,0,0,0,0,0,194384112,7203,30700,0,0,653454744,627846760,0,0,0,171540457,7958,32200,0,643,114,0,0,171550990,2264904,2076600,18446744073709551616,171550991,426953,171550622,1836810,0,0,0,4873,892,14,0,5900
1785952054.693467713,0,171548908,0,0,0,0,0,194384112,7203,30700,0,0,653457845,627849831,0,0,0,171540457,7958,32200,0,643,114,0,0,171550992,2264904,2076600,18446744073709551616,171550993,426953,171550622,1836810,0,0,0,4873,892,14,0,5900
1785952055.725649293,0,171548908,0,0,0,0,0,194384112,7203,30700,0,0,653460940,627852783,0,0,0,171540457,7958,32200,0,643,114,0,0,171550994,2264904,2076600,18446744073709551616,171550995,426953,171550622,1836810,0,0,0,4873,892,14,0,5900
1785952056.758456323,0,171548908,0,0,0,0,0,194384112,7203,30700,0,0,653464038,627855856,0,0,0,171540457,7958,32200,0,643,114,0,0,171550996,2264904,2076600,18446744073709551616,171550997,426953,171550622,1836810,0,0,0,4873,892,14,0,5900
1785952057.791188021,0,171548908,0,0,0,0,0,194384112,7203,30700,0,0,653467136,627858948,0,0,0,171540457,7958,32200,0,643,114,0,0,171550998,2264904,2076600,18446744073709551616,171550999,426953,171550622,1836810,0,0,0,4873,892,14,0,5900
1785952058.823796266,0,171548908,0,0,0,0,0,194384112,7203,30700,0,0,653470231,627862039,0,0,0,171540457,7958,32200,0,643,114,0,0,171551000,2264904,2076600,18446744073709551616,171551001,426953,171550622,1836810,0,0,0,4873,892,14,0,5900
1785952059.856642801,0,171548908,0,0,0,0,0,194384112,7203,30700,0,0,653473331,627865130,0,0,0,171540457,7958,32200,0,643,114,0,0,171551002,2264904,2076600,18446744073709551616,171551003,426953,171550622,1836810,0,0,0,4873,892,14,0,5900
1785952060.888593146,0,171548908,0,0,0,0,0,194384112,7203,30700,0,0,653476426,627868204,0,0,0,171540457,7958,32200,0,643,114,0,0,171551004,2264904,2076600,18446744073709551616,171551005,426953,171550622,1836810,0,0,0,4873,892,14,0,5900
1785952061.922536715,0,171548908,0,0,0,0,0,194384112,7203,30700,0,0,653479527,627871180,0,0,0,171540457,7958,32200,0,643,114,0,0,171551006,2264904,2076600,18446744073709551616,171551007,426953,171550622,1836810,0,0,0,4873,892,14,0,5900
1785952062.954835672,0,171548908,0,0,0,0,0,194384112,7203,30700,0,0,653482624,627874272,0,0,0,171540457,7958,32200,0,643,114,0,0,171551008,2264904,2076600,18446744073709551616,171551009,426953,171550622,1836810,0,0,0,4873,892,14,0,5900
1785952063.987011113,0,171548908,0,0,0,0,0,194384112,7203,30700,0,0,653485718,627877361,0,0,0,171540457,7958,32200,0,643,114,0,0,171551010,2264904,2076600,18446744073709551616,171551011,426953,171550622,1836810,0,0,0,4873,892,14,0,5900
1785952065.019020431,0,171548908,0,0,0,0,0,194384112,7203,30700,0,0,653488815,627880451,0,0,0,171540457,7958,32200,0,643,114,0,0,171551012,2264904,2076600,18446744073709551616,171551013,426953,171550622,1836810,0,0,0,4873,892,14,0,5900
1785952066.049015965,0,171548908,0,0,0,0,0,194384112,7203,30700,0,0,653491903,627883511,0,0,0,171540457,7958,32200,0,643,114,0,0,171551014,2264904,2076600,18446744073709551616,171551015,426953,171550622,1836810,0,0,0,4873,892,14,0,5900
1785952067.078325263,0,171548908,0,0,0,0,0,194384112,7203,30700,0,0,653494990,627886530,0,0,0,171540457,7958,32200,0,643,114,0,0,171551016,2264904,2076600,18446744073709551616,171551017,426953,171550622,1836810,0,0,0,4873,892,14,0,5900
1785952068.110474907,0,171548908,0,0,0,0,0,194384112,7203,30700,0,0,653498086,627889545,0,0,0,171540457,7958,32200,0,643,114,0,0,171551018,2264904,2076600,18446744073709551616,171551019,426953,171550622,1836810,0,0,0,4873,892,14,0,5900
1785952069.142938794,0,171548908,0,0,0,0,0,194384112,7203,30700,0,0,653501181,627892635,0,0,0,171540457,7958,32200,0,643,114,0,0,171551020,2264904,2076600,18446744073709551616,171551021,426953,171550622,1836810,0,0,0,4873,892,14,0,5900
1785952070.175296545,0,171548908,0,0,0,0,0,194384112,7203,30700,0,0,653504279,627895726,0,0,0,171540457,7958,32200,0,643,114,0,0,171551022,2264904,2076600,18446744073709551616,171551023,426953,171550622,1836810,0,0,0,4873,892,14,0,5900
1785952071.208107659,0,171548908,0,0,0,0,0,194384112,7203,30700,0,0,653507375,627898818,0,0,0,171540457,7958,32200,0,643,114,0,0,171551024,2264904,2076600,18446744073709551616,171551025,426953,171550622,1836810,0,0,0,4873,892,14,0,5900
1785952072.241337743,0,171548908,0,0,0,0,0,194384112,7203,30700,0,0,653510473,627901911,0,0,0,171540457,7958,32200,0,643,114,0,0,171551026,2264905,2076600,18446744073709551616,171551027,426953,171550622,1836810,0,0,0,4873,892,14,0,5900
1785952073.274699154,0,171548908,0,0,0,0,0,194384112,7203,30700,0,0,653513571,627904894,0,0,0,171540457,7958,32200,0,643,114,0,0,171551028,2264905,2076600,18446744073709551616,171551029,426953,171550622,1836810,0,0,0,4873,892,14,0,5900
1785952074.306626317,0,171548908,0,0,0,0,0,194384112,7203,30700,0,0,653516668,627907952,0,0,0,171540457,7958,32200,0,643,114,0,0,171551030,2264905,2076600,18446744073709551616,171551031,426953,171550622,1836810,0,0,0,4873,892,14,0,5900
1785952075.340162614,0,171548908,0,0,0,0,0,194384112,7203,30700,0,0,653519767,627911046,0,0,0,171540457,7958,32200,0,643,114,0,0,171551032,2264905,2076600,18446744073709551616,171551033,426953,171550622,1836810,0,0,0,4873,892,14,0,5900
1785952076.373601572,0,171548908,0,0,0,0,0,194384112,7203,30700,0,0,653522867,627914086,0,0,0,171540457,7958,32200,0,643,114,0,0,171551034,2264905,2076600,18446744073709551616,171551035,426953,171550622,1836810,0,0,0,4873,892,14,0,5900
1785952077.404159972,0,171548908,0,0,0,0,0,194384112,7203,30700,0,0,653525959,627917172,0,0,0,171540457,7958,32200,0,643,114,0,0,171551036,2264905,2076600,18446744073709551616,171551037,426953,171550622,1836810,0,0,0,4873,892,14,0,5900
1785952078.439076244,0,171548908,0,0,0,0,0,194384112,7203,30700,0,0,653529067,627920268,0,0,0,171540457,7958,32200,0,643,114,0,0,171551038,2264905,2076600,18446744073709551616,171551039,426953,171550622,1836810,0,0,0,4873,892,14,0,5900
1785952079.467229462,0,171548908,0,0,0,0,0,194384112,7203,30700,0,0,653532149,627923219,0,0,0,171540457,7958,32200,0,643,114,0,0,171551040,2264905,2076600,18446744073709551616,171551041,426953,171550622,1836810,0,0,0,4873,892,14,0,5900
1785952080.497163828,0,171548908,0,0,0,0,0,194384112,7203,30700,0,0,653535238,627926303,0,0,0,171540457,7958,32200,0,643,114,0,0,171551042,2264905,2076600,18446744073709551616,171551043,426953,171550622,1836810,0,0,0,4873,892,14,0,5900
1785952081.526989368,0,171548908,0,0,0,0,0,194384112,7203,30700,0,0,653538334,627929391,0,0,0,171540457,7958,32200,0,643,114,0,0,171551044,2264905,2076600,18446744073709551616,171551045,426953,171550622,1836810,0,0,0,4873,892,14,0,5900
1785952082.558415551,0,171548908,0,0,0,0,0,194384112,7203,30700,0,0,653541422,627932475,0,0,0,171540457,7958,32200,0,643,114,0,0,171551046,2264905,2076600,18446744073709551616,171551047,426953,171550622,1836810,0,0,0,4873,892,14,0,5900
1785952083.590597939,0,171548908,0,0,0,0,0,194384112,7203,30700,0,0,653544519,627935566,0,0,0,171540457,7958,32200,0,643,114,0,0,171551048,2264905,2076600,18446744073709551616,171551049,426953,171550622,1836810,0,0,0,4873,892,14,0,5900
1785952084.622926789,0,171548908,0,0,0,0,0,194384112,7203,30700,0,0,653547615,627938622,0,0,0,171540457,7958,32200,0,643,114,0,0,171551050,2264905,2076600,18446744073709551616,171551051,426953,171550622,1836810,0,0,0,4873,892,14,0,5900
1785952085.655193362,0,171548908,0,0,0,0,0,194384112,7203,30700,0,0,653550711,627941608,0,0,0,171540457,7958,32200,0,643,114,0,0,171551052,2264905,2076600,18446744073709551616,171551053,426953,171550622,1836810,0,0,0,4873,892,14,0,5900
1785952086.689928487,0,171548908,0,0,0,0,0,194384112,7203,30700,0,0,653553814,627944681,0,0,0,171540457,7958,32200,0,643,114,0,0,171551054,2264905,2076600,18446744073709551616,171551055,426953,171550622,1836810,0,0,0,4873,892,14,0,5900
1785952087.721940991,0,171548908,0,0,0,0,0,194384112,7203,30700,0,0,653556909,627947771,0,0,0,171540457,7958,32200,0,643,114,0,0,171551056,2264905,2076600,18446744073709551616,171551057,426953,171550622,1836810,0,0,0,4873,892,14,0,5900
1785952088.751089867,0,171548908,0,0,0,0,0,194384112,7203,30700,0,0,653559998,627950854,0,0,0,171540457,7958,32200,0,643,114,0,0,171551058,2264905,2076600,18446744073709551616,171551059,426953,171550622,1836810,0,0,0,4873,892,14,0,5900
1785952089.782075290,0,171548908,0,0,0,0,0,194384112,7203,30700,0,0,653563091,627953939,0,0,0,171540457,7958,32200,0,643,114,0,0,171551060,2264905,2076600,18446744073709551616,171551061,426953,171550622,1836810,0,0,0,4873,892,14,0,5900
1785952090.814226074,0,171548908,0,0,0,0,0,194384112,7203,30700,0,0,653566187,627956949,0,0,0,171540457,7958,32200,0,643,114,0,0,171551062,2264905,2076600,18446744073709551616,171551063,426953,171550622,1836810,0,0,0,4873,892,14,0,5900
1785952091.847237796,0,171548908,0,0,0,0,0,194384112,7203,30700,0,0,653569286,627959983,0,0,0,171540457,7958,32200,0,643,114,0,0,171551064,2264905,2076600,18446744073709551616,171551065,426953,171550622,1836810,0,0,0,4873,892,14,0,5900
1785952092.880794917,0,171548908,0,0,0,0,0,194384112,7203,30700,0,0,653572386,627963078,0,0,0,171540457,7958,32200,0,643,114,0,0,171551066,2264905,2076600,18446744073709551616,171551067,426953,171550622,1836810,0,0,0,4873,892,14,0,5900
1785952093.908805637,0,171548908,0,0,0,0,0,194384112,7203,30700,0,0,653575476,627966162,0,0,0,171540457,7958,32200,0,643,114,0,0,171551068,2264905,2076600,18446744073709551616,171551069,426954,171550622,1836810,0,0,0,4873,892,14,0,5900
1785952094.934386155,0,171548908,0,0,0,0,0,194384112,7203,30700,0,0,653578548,627969229,0,0,0,171540457,7958,32200,0,643,114,0,0,171551070,2264905,2076600,18446744073709551616,171551071,426954,171550622,1836810,0,0,0,4873,892,14,0,5900
1785952095.966975629,0,171548908,0,0,0,0,0,194384112,7203,30700,0,0,653581644,627972320,0,0,0,171540457,7958,32200,0,643,114,0,0,171551072,2264905,2076600,18446744073709551616,171551073,426954,171550622,1836810,0,0,0,4873,892,14,0,5900
1785952096.997874310,0,171548908,0,0,0,0,0,194384112,7203,30700,0,0,653584738,627975271,0,0,0,171540457,7958,32200,0,643,114,0,0,171551074,2264905,2076600,18446744073709551616,171551075,426954,171550622,1836810,0,0,0,4873,892,14,0,5900
1785952098.030223469,0,171548908,0,0,0,0,0,194384112,7203,30700,0,0,653587834,627978343,0,0,0,171540457,7958,32200,0,643,114,0,0,171551076,2264905,2076600,18446744073709551616,171551077,426954,171550622,1836810,0,0,0,4873,892,14,0,5900
1785952099.062583443,0,171548908,0,0,0,0,0,194384112,7203,30700,0,0,653590930,627981434,0,0,0,171540457,7958,32200,0,643,114,0,0,171551078,2264905,2076600,18446744073709551616,171551079,426954,171550622,1836810,0,0,0,4873,892,14,0,5900
1785952100.096354775,0,171548908,0,0,0,0,0,194384112,7203,30700,0,0,653594032,627984530,0,0,0,171540457,7958,32200,0,643,114,0,0,171551080,2264905,2076600,18446744073709551616,171551081,426954,171550622,1836810,0,0,0,4873,892,14,0,5900
1785952101.129517953,0,171548908,0,0,0,0,0,194384112,7203,30700,0,0,653597129,627987621,0,0,0,171540457,7958,32200,0,643,114,0,0,171551082,2264905,2076600,18446744073709551616,171551083,426954,171550622,1836810,0,0,0,4873,892,14,0,5900
1785952102.160283929,0,171548908,0,0,0,0,0,194384112,7203,30700,0,0,653600221,627990684,0,0,0,171540457,7958,32200,0,643,114,0,0,171551084,2264906,2076600,18446744073709551616,171551085,426954,171550622,1836810,0,0,0,4873,892,14,0,5900
1785952103.191875493,0,171548908,0,0,0,0,0,194384112,7203,30700,0,0,653603319,627993659,0,0,0,171540457,7958,32200,0,643,114,0,0,171551086,2264906,2076600,18446744073709551616,171551087,426954,171550622,1836810,0,0,0,4873,892,14,0,5900
1785952104.223742438,0,171548908,0,0,0,0,0,194384112,7203,30700,0,0,653606413,627996748,0,0,0,171540457,7958,32200,0,643,114,0,0,171551088,2264906,2076600,18446744073709551616,171551089,426954,171550622,1836810,0,0,0,4873,892,14,0,5900
1785952105.257327414,0,171548908,0,0,0,0,0,194384112,7203,30700,0,0,653609514,627999841,0,0,0,171540457,7958,32200,0,643,114,0,0,171551090,2264906,2076600,18446744073709551616,171551091,426954,171550622,1836810,0,0,0,4873,892,14,0,5900
1785952106.289534757,0,171548908,0,0,0,0,0,194384112,7203,30700,0,0,653612610,628002933,0,0,0,171540457,7958,32200,0,643,114,0,0,171551092,2264906,2076600,18446744073709551616,171551093,426954,171550622,1836810,0,0,0,4873,892,14,0,5900
1785952107.321819928,0,171548908,0,0,0,0,0,194384112,7203,30700,0,0,653615706,628005999,0,0,0,171540457,7958,32200,0,643,114,0,0,171551094,2264906,2076600,18446744073709551616,171551095,426954,171550622,1836810,0,0,0,4873,892,14,0,5900
1785952108.352556350,0,171548908,0,0,0,0,0,194384112,7203,30700,0,0,653618804,628009016,0,0,0,171540457,7958,32200,0,643,114,0,0,171551096,2264906,2076600,18446744073709551616,171551097,426954,171550622,1836810,0,0,0,4873,892,14,0,5900
1785952109.384720797,0,171548908,0,0,0,0,0,194384112,7203,30700,0,0,653621892,628012020,0,0,0,171540457,7958,32200,0,643,114,0,0,171551098,2264906,2076600,18446744073709551616,171551099,426954,171550622,1836810,0,0,0,4873,892,14,0,5900
1785952110.418179994,0,171548908,0,0,0,0,0,194384112,7203,30700,0,0,653624991,628015114,0,0,0,171540457,7958,32200,0,643,114,0,0,171551100,2264906,2076600,18446744073709551616,171551101,426954,171550622,1836810,0,0,0,4873,892,14,0,5900
1785952111.450870044,0,171548908,0,0,0,0,0,194384112,7203,30700,0,0,653628090,628018207,0,0,0,171540457,7958,32200,0,643,114,0,0,171551102,2264906,2076600,18446744073709551616,171551103,426954,171550622,1836810,0,0,0,4873,892,14,0,5900
1785952112.483125694,0,171548908,0,0,0,0,0,194384112,7203,30700,0,0,653631184,628021297,0,0,0,171540457,7958,32200,0,643,114,0,0,171551104,2264906,2076600,18446744073709551616,171551105,426954,171550622,1836810,0,0,0,4873,892,14,0,5900
1785952113.510821012,0,171548908,0,0,0,0,0,194384112,7203,30700,0,0,653634272,628024378,0,0,0,171540457,7958,32200,0,643,114,0,0,171551106,2264906,2076600,18446744073709551616,171551107,426954,171550622,1836810,0,0,0,4873,892,14,0,5900
1785952114.540483152,0,171548908,0,0,0,0,0,194384112,7203,30700,0,0,653637357,628027340,0,0,0,171540457,7958,32200,0,643,114,0,0,171551108,2264906,2076600,18446744073709551616,171551109,426954,171550622,1836810,0,0,0,4873,892,14,0,5900
1785952115.571072554,0,171548908,0,0,0,0,0,194384112,7203,30700,0,0,653640450,628030405,0,0,0,171540457,7958,32200,0,643,114,0,0,171551110,2264906,2076600,18446744073709551616,171551111,426954,171550622,1836810,0,0,0,4873,892,14,0,5900
1785952116.604327307,0,171548908,0,0,0,0,0,194384112,7203,30700,0,0,653643548,628033497,0,0,0,171540457,7958,32200,0,643,114,0,0,171551112,2264906,2076600,18446744073709551616,171551113,426954,171550622,1836810,0,0,0,4873,892,14,0,5900
1785952117.637212603,0,171548908,0,0,0,0,0,194384112,7203,30700,0,0,653646647,628036565,0,0,0,171540457,7958,32200,0,643,114,0,0,171551114,2264906,2076600,18446744073709551616,171551115,426954,171550622,1836810,0,0,0,4873,892,14,0,5900
1785952118.669837818,0,171548908,0,0,0,0,0,194384112,7203,30700,0,0,653649743,628039656,0,0,0,171540457,7958,32200,0,643,114,0,0,171551116,2264906,2076600,18446744073709551616,171551117,426954,171550622,1836810,0,0,0,4873,892,14,0,5900
1785952119.702549290,0,171548908,0,0,0,0,0,194384112,7203,30700,0,0,653652840,628042739,0,0,0,171540457,7958,32200,0,643,114,0,0,171551118,2264906,2076600,18446744073709551616,171551119,426954,171550622,1836810,0,0,0,4873,892,14,0,5900
1785952120.735969486,0,171548908,0,0,0,0,0,194384112,7203,30700,0,0,653655947,628045715,0,0,0,171540457,7958,32200,0,643,114,0,0,171551120,2264906,2076600,18446744073709551616,171551121,426954,171550622,1836810,0,0,0,4873,892,14,0,5900
1785952121.768336299,0,171548908,0,0,0,0,0,194384112,7203,30700,0,0,653659043,628048806,0,0,0,171540457,7958,32200,0,643,114,0,0,171551122,2264906,2076600,18446744073709551616,171551123,426954,171550622,1836810,0,0,0,4873,892,14,0,5900
1785952122.801057245,0,171548908,0,0,0,0,0,194384112,7203,30700,0,0,653662139,628051897,0,0,0,171540457,7958,32200,0,643,114,0,0,171551124,2264906,2076600,18446744073709551616,171551125,426954,171550622,1836810,0,0,0,4873,892,14,0,5900
1785952123.833946053,0,171548908,0,0,0,0,0,194384112,7203,30700,0,0,653665239,628054991,0,0,0,171540457,7958,32200,0,643,114,0,0,171551126,2264906,2076600,18446744073709551616,171551127,426954,171550622,1836810,0,0,0,4873,892,14,0,5900
1785952124.865912641,0,171548908,0,0,0,0,0,194384112,7203,30700,0,0,653668333,628058080,0,0,0,171540457,7958,32200,0,643,114,0,0,171551128,2264906,2076600,18446744073709551616,171551129,426954,171550622,1836810,0,0,0,4873,892,14,0,5900
1785952125.897793748,0,171548908,0,0,0,0,0,194384112,7203,30700,0,0,653671430,628061115,0,0,0,171540457,7958,32200,0,643,114,0,0,171551130,2264906,2076600,18446744073709551616,171551131,426954,171550622,1836810,0,0,0,4873,892,14,0,5900
1785952126.928331137,0,171548908,0,0,0,0,0,194384112,7203,30700,0,0,653674520,628064117,0,0,0,171540457,7958,32200,0,643,114,0,0,171551132,2264906,2076600,18446744073709551616,171551133,426954,171550622,1836810,0,0,0,4873,892,14,0,5900
1785952127.960744299,0,171548908,0,0,0,0,0,194384112,7203,30700,0,0,653677614,628067184,0,0,0,171540457,7958,32200,0,643,114,0,0,171551134,2264906,2076600,18446744073709551616,171551135,426954,171550622,1836810,0,0,0,4873,892,14,0,5900
1785952128.993231101,0,171548908,0,0,0,0,0,194384112,7203,30700,0,0,653680712,628070275,0,0,0,171540457,7958,32200,0,643,114,0,0,171551136,2264906,2076600,18446744073709551616,171551137,426954,171550622,1836810,0,0,0,4873,892,14,0,5900
1785952130.026001339,0,171548908,0,0,0,0,0,194384112,7203,30700,0,0,653683810,628073368,0,0,0,171540457,7958,32200,0,643,114,0,0,171551138,2264906,2076600,18446744073709551616,171551139,426954,171550622,1836810,0,0,0,4873,892,14,0,5900
1785952131.058631056,0,171548908,0,0,0,0,0,194384112,7203,30700,0,0,653686908,628076460,0,0,0,171540457,7958,32200,0,643,114,0,0,171551140,2264906,2076600,18446744073709551616,171551141,426954,171550622,1836810,0,0,0,4873,892,14,0,5900
1785952132.090925131,0,171548908,0,0,0,0,0,194384112,7203,30700,0,0,653690002,628079449,0,0,0,171540457,7958,32200,0,643,114,0,0,171551142,2264907,2076600,18446744073709551616,171551143,426954,171550622,1836810,0,0,0,4873,892,14,0,5900
1785952133.124634895,0,171548908,0,0,0,0,0,194384112,7203,30700,0,0,653693103,628082507,0,0,0,171540457,7958,32200,0,643,114,0,0,171551144,2264907,2076600,18446744073709551616,171551145,426954,171550622,1836810,0,0,0,4873,892,14,0,5900
1785952134.156640258,0,171548908,0,0,0,0,0,194384112,7203,30700,0,0,653696196,628085596,0,0,0,171540457,7958,32200,0,643,114,0,0,171551146,2264907,2076600,18446744073709551616,171551147,426954,171550622,1836810,0,0,0,4873,892,14,0,5900
1785952135.190641755,0,171548908,0,0,0,0,0,194384112,7203,30700,0,0,653699298,628088692,0,0,0,171540457,7958,32200,0,643,114,0,0,171551148,2264907,2076600,18446744073709551616,171551149,426955,171550622,1836810,0,0,0,4873,892,14,0,5900
1785952136.220883878,0,171548908,0,0,0,0,0,194384112,7203,30700,0,0,653702391,628091779,0,0,0,171540457,7958,32200,0,643,114,0,0,171551150,2264907,2076600,18446744073709551616,171551151,426955,171550622,1836810,0,0,0,4873,892,14,0,5900
1785952137.245853795,0,171548908,0,0,0,0,0,194384112,7203,30700,0,0,653705465,628094845,0,0,0,171540457,7958,32200,0,643,114,0,0,171551152,2264907,2076600,18446744073709551616,171551153,426955,171550622,1836810,0,0,0,4873,892,14,0,5900
1785952138.271560456,0,171548908,0,0,0,0,0,194384112,7203,30700,0,0,653708540,628097740,0,0,0,171540457,7958,32200,0,643,114,0,0,171551154,2264907,2076600,18446744073709551616,171551155,426955,171550622,1836810,0,0,0,4873,892,14,0,5900
1785952139.305229952,0,171548908,0,0,0,0,0,194384112,7203,30700,0,0,653711639,628100797,0,0,0,171540457,7958,32200,0,643,114,0,0,171551156,2264907,2076600,18446744073709551616,171551157,426955,171550622,1836810,0,0,0,4873,892,14,0,5900
1785952140.337740444,0,171548908,0,0,0,0,0,194384112,7203,30700,0,0,653714737,628103888,0,0,0,171540457,7958,32200,0,643,114,0,0,171551158,2264907,2076600,18446744073709551616,171551159,426955,171550622,1836810,0,0,0,4873,892,14,0,5900
1785952141.369733179,0,171548908,0,0,0,0,0,194384112,7203,30700,0,0,653717833,628106978,0,0,0,171540457,7958,32200,0,643,114,0,0,171551160,2264907,2076600,18446744073709551616,171551161,426955,171550622,1836810,0,0,0,4873,892,14,0,5900
1785952142.402601115,0,171548908,0,0,0,0,0,194384112,7203,30700,0,0,653720931,628110071,0,0,0,171540457,7958,32200,0,643,114,0,0,171551162,2264907,2076600,18446744073709551616,171551163,426955,171550622,1836810,0,0,0,4873,892,14,0,5900
1785952143.436635281,0,171548908,0,0,0,0,0,194384112,7203,30700,0,0,653724034,628113162,0,0,0,171540457,7958,32200,0,643,114,0,0,171551164,2264907,2076600,18446744073709551616,171551165,426955,171550622,1836810,0,0,0,4873,892,14,0,5900
1785952144.467963463,0,171548908,0,0,0,0,0,194384112,7203,30700,0,0,653727125,628116123,0,0,0,171540457,7958,32200,0,643,114,0,0,171551166,2264907,2076600,18446744073709551616,171551167,426955,171550622,1836810,0,0,0,4873,892,14,0,5900
1785952145.495486173,0,171548908,0,0,0,0,0,194384112,7203,30700,0,0,653730206,628119199,0,0,0,171540457,7958,32200,0,643,114,0,0,171551168,2264907,2076600,18446744073709551616,171551169,426955,171550622,1836810,0,0,0,4873,892,14,0,5900
1785952146.524057314,0,171548908,0,0,0,0,0,194384112,7203,30700,0,0,653733291,628122280,0,0,0,171540457,7958,32200,0,643,114,0,0,171551170,2264907,2076600,18446744073709551616,171551171,426955,171550622,1836810,0,0,0,4873,892,14,0,5900
1785952147.556055551,0,171548908,0,0,0,0,0,194384112,7203,30700,0,0,653736392,628125374,0,0,0,171540457,7958,32200,0,643,114,0,0,171551172,2264907,2076600,18446744073709551616,171551173,426955,171550622,1836810,0,0,0,4873,892,14,0,5900
1785952148.588118931,0,171548908,0,0,0,0,0,194384112,7203,30700,0,0,653739482,628128436,0,0,0,171540457,7958,32200,0,643,114,0,0,171551174,2264907,2076600,18446744073709551616,171551175,426955,171550622,1836810,0,0,0,4873,892,14,0,5900
1785952149.618682477,0,171548908,0,0,0,0,0,194384112,7203,30700,0,0,653742575,628131494,0,0,0,171540457,7958,32200,0,643,114,0,0,171551176,2264907,2076600,18446744073709551616,171551177,426955,171550622,1836810,0,0,0,4873,892,14,0,5900
1785952150.650934488,0,171548908,0,0,0,0,0,194384112,7203,30700,0,0,653745667,628134480,0,0,0,171540457,7958,32200,0,643,114,0,0,171551178,2264907,2076600,18446744073709551616,171551179,426955,171550622,1836810,0,0,0,4873,892,14,0,5900
1785952151.684188572,0,171548908,0,0,0,0,0,194384112,7203,30700,0,0,653748766,628137573,0,0,0,171540457,7958,32200,0,643,114,0,0,171551180,2264907,2076600,18446744073709551616,171551181,426955,171550622,1836810,0,0,0,4873,892,14,0,5900
1785952152.716877171,0,171548908,0,0,0,0,0,194384112,7203,30700,0,0,653751864,628140666,0,0,0,171540457,7958,32200,0,643,114,0,0,171551182,2264907,2076600,18446744073709551616,171551183,426955,171550622,1836810,0,0,0,4873,892,14,0,5900
1785952153.749560754,0,171548908,0,0,0,0,0,194384112,7203,30700,0,0,653754963,628143758,0,0,0,171540457,7958,32200,0,643,114,0,0,171551184,2264907,2076600,18446744073709551616,171551185,426955,171550622,1836810,0,0,0,4873,892,14,0,5900
1785952154.781172946,0,171548908,0,0,0,0,0,194384112,7203,30700,0,0,653758058,628146848,0,0,0,171540457,7958,32200,0,643,114,0,0,171551186,2264907,2076600,18446744073709551616,171551187,426955,171550622,1836810,0,0,0,4873,892,14,0,5900
1785952155.810146516,0,171548908,0,0,0,0,0,194384112,7203,30700,0,0,653761146,628149852,0,0,0,171540457,7958,32200,0,643,114,0,0,171551188,2264907,2076600,18446744073709551616,171551189,426955,171550622,1836810,0,0,0,4873,892,14,0,5900
1785952156.844869691,0,171548908,0,0,0,0,0,194384112,7203,30700,0,0,653764246,628152888,0,0,0,171540457,7958,32200,0,643,114,0,0,171551190,2264907,2076600,18446744073709551616,171551191,426955,171550622,1836810,0,0,0,4873,892,14,0,5900
1785952157.877330988,0,171548908,0,0,0,0,0,194384112,7203,30700,0,0,653767343,628155979,0,0,0,171540457,7958,32200,0,643,114,0,0,171551192,2264907,2076600,18446744073709551616,171551193,426955,171550622,1836810,0,0,0,4873,892,14,0,5900
1785952158.910032645,0,171548908,0,0,0,0,0,194384112,7203,30700,0,0,653770441,628159048,0,0,0,171540457,7958,32200,0,643,114,0,0,171551194,2264907,2076600,18446744073709551616,171551195,426955,171550622,1836810,0,0,0,4873,892,14,0,5900
1785952159.943178650,0,171548908,0,0,0,0,0,194384112,7203,30700,0,0,653773539,628162140,0,0,0,171540457,7958,32200,0,643,114,0,0,171551196,2264907,2076600,18446744073709551616,171551197,426955,171550622,1836810,0,0,0,4873,892,14,0,5900
1785952160.979083221,0,171548908,0,0,0,0,0,194384112,7203,30700,0,0,653776646,628165242,0,0,0,171540457,7958,32200,0,643,114,0,0,171551198,2264908,2076600,18446744073709551616,171551199,426955,171550622,1836810,0,0,0,4873,892,14,0,5900
1785952162.011797123,0,171548908,0,0,0,0,0,194384112,7203,30700,0,0,653779743,628168215,0,0,0,171540457,7958,32200,0,643,114,0,0,171551200,2264908,2076600,18446744073709551616,171551201,426955,171550622,1836810,0,0,0,4873,892,14,0,5900
1785952163.044720614,0,171548908,0,0,0,0,0,194384112,7203,30700,0,0,653782843,628171294,0,0,0,171540457,7958,32200,0,643,114,0,0,171551202,2264908,2076600,18446744073709551616,171551203,426955,171550622,1836810,0,0,0,4873,892,14,0,5900
1785952164.077535325,0,171548908,0,0,0,0,0,194384112,7203,30700,0,0,653785941,628174386,0,0,0,171540457,7958,32200,0,643,114,0,0,171551204,2264908,2076600,18446744073709551616,171551205,426955,171550622,1836810,0,0,0,4873,892,14,0,5900
1785952165.111033939,0,171548908,0,0,0,0,0,194384112,7203,30700,0,0,653789041,628177480,0,0,0,171540457,7958,32200,0,643,114,0,0,171551206,2264908,2076600,18446744073709551616,171551207,426955,171550622,1836810,0,0,0,4873,892,14,0,5900
1785952166.143568893,0,171548908,0,0,0,0,0,194384112,7203,30700,0,0,653792137,628180570,0,0,0,171540457,7958,32200,0,643,114,0,0,171551208,2264908,2076600,18446744073709551616,171551209,426955,171550622,1836810,0,0,0,4873,892,14,0,5900
1785952167.173171204,0,171548908,0,0,0,0,0,194384112,7203,30700,0,0,653795229,628183631,0,0,0,171540457,7958,32200,0,643,114,0,0,171551210,2264908,2076600,18446744073709551616,171551211,426955,171550622,1836810,0,0,0,4873,892,14,0,5900
1785952168.206784165,0,171548908,0,0,0,0,0,194384112,7203,30700,0,0,653798326,628186611,0,0,0,171540457,7958,32200,0,643,114,0,0,171551212,2264908,2076600,18446744073709551616,171551213,426955,171550622,1836810,0,0,0,4873,892,14,0,5900
1785952169.236171541,0,171548908,0,0,0,0,0,194384112,7203,30700,0,0,653801414,628189671,0,0,0,171540457,7958,32200,0,643,114,0,0,171551214,2264908,2076600,18446744073709551616,171551215,426955,171550622,1836810,0,0,0,4873,892,14,0,5900
1785952170.269460754,0,171548908,0,0,0,0,0,194384112,7203,30700,0,0,653804512,628192764,0,0,0,171540457,7958,32200,0,643,114,0,0,171551216,2264908,2076600,18446744073709551616,171551217,426955,171550622,1836810,0,0,0,4873,892,14,0,5900
1785952171.295713366,0,171548908,0,0,0,0,0,194384112,7203,30700,0,0,653807597,628195843,0,0,0,171540457,7958,32200,0,643,114,0,0,171551218,2264908,2076600,18446744073709551616,171551219,426955,171550622,1836810,0,0,0,4873,892,14,0,5900
1785952172.325553653,0,171548908,0,0,0,0,0,194384112,7203,30700,0,0,653810683,628198924,0,0,0,171540457,7958,32200,0,643,114,0,0,171551220,2264908,2076600,18446744073709551616,171551221,426955,171550622,1836810,0,0,0,4873,892,14,0,5900
1785952173.354457443,0,171548908,0,0,0,0,0,194384112,7203,30700,0,0,653813773,628201936,0,0,0,171540457,7958,32200,0,643,114,0,0,171551222,2264908,2076600,18446744073709551616,171551223,426955,171550622,1836810,0,0,0,4873,892,14,0,5900
1785952174.383435385,0,171548908,0,0,0,0,0,194384112,7203,30700,0,0,653816860,628204951,0,0,0,171540457,7958,32200,0,643,114,0,0,171551224,2264908,2076600,18446744073709551616,171551225,426955,171550622,1836810,0,0,0,4873,892,14,0,5900
1785952175.416218303,0,171548908,0,0,0,0,0,194384112,7203,30700,0,0,653819957,628208043,0,0,0,171540457,7958,32200,0,643,114,0,0,171551226,2264908,2076600,18446744073709551616,171551227,426955,171550622,1836810,0,0,0,4873,892,14,0,5900
1785952176.449078444,0,171548908,0,0,0,0,0,194384112,7203,30700,0,0,653823054,628211135,0,0,0,171540457,7958,32200,0,643,114,0,0,171551228,2264908,2076600,18446744073709551616,171551229,426956,171550622,1836810,0,0,0,4873,892,14,0,5900
1785952177.480429598,0,171548908,0,0,0,0,0,194384112,7203,30700,0,0,653826152,628214227,0,0,0,171540457,7958,32200,0,643,114,0,0,171551230,2264908,2076600,18446744073709551616,171551231,426956,171550622,1836810,0,0,0,4873,892,14,0,5900
1785952178.513410375,0,171548908,0,0,0,0,0,194384112,7203,30700,0,0,653829247,628217316,0,0,0,171540457,7958,32200,0,643,114,0,0,171551232,2264908,2076600,18446744073709551616,171551233,426956,171550622,1836810,0,0,0,4873,892,14,0,5900
1785952179.543410199,0,171548908,0,0,0,0,0,194384112,7203,30700,0,0,653832341,628220267,0,0,0,171540457,7958,32200,0,643,114,0,0,171551234,2264908,2076600,18446744073709551616,171551235,426956,171550622,1836810,0,0,0,4873,892,14,0,5900
1785952180.573228026,0,171548908,0,0,0,0,0,194384112,7203,30700,0,0,653835425,628223323,0,0,0,171540457,7958,32200,0,643,114,0,0,171551236,2264908,2076600,18446744073709551616,171551237,426956,171550622,1836810,0,0,0,4873,892,14,0,5900
1785952181.604270747,0,171548908,0,0,0,0,0,194384112,7203,30700,0,0,653838522,628226415,0,0,0,171540457,7958,32200,0,643,114,0,0,171551238,2264908,2076600,18446744073709551616,171551239,426956,171550622,1836810,0,0,0,4873,892,14,0,5900
1785952182.637018915,0,171548908,0,0,0,0,0,194384112,7203,30700,0,0,653841614,628229502,0,0,0,171540457,7958,32200,0,643,114,0,0,171551240,2264908,2076600,18446744073709551616,171551241,426956,171550622,1836810,0,0,0,4873,892,14,0,5900
1785952183.664647844,0,171548908,0,0,0,0,0,194384112,7203,30700,0,0,653844698,628232580,0,0,0,171540457,7958,32200,0,643,114,0,0,171551242,2264908,2076600,18446744073709551616,171551243,426956,171550622,1836810,0,0,0,4873,892,14,0,5900
1785952184.696140360,0,171548908,0,0,0,0,0,194384112,7203,30700,0,0,653847793,628235663,0,0,0,171540457,7958,32200,0,643,114,0,0,171551244,2264908,2076600,18446744073709551616,171551245,426956,171550622,1836810,0,0,0,4873,892,14,0,5900
1785952185.728024193,0,171548908,0,0,0,0,0,194384112,7203,30700,0,0,653850887,628238623,0,0,0,171540457,7958,32200,0,643,114,0,0,171551246,2264908,2076600,18446744073709551616,171551247,426956,171550622,1836810,0,0,0,4873,892,14,0,5900
1785952186.760194556,0,171548908,0,0,0,0,0,194384112,7203,30700,0,0,653853984,628241712,0,0,0,171540457,7958,32200,0,643,114,0,0,171551248,2264908,2076600,18446744073709551616,171551249,426956,171550622,1836810,0,0,0,4873,892,14,0,5900
1785952187.792714600,0,171548908,0,0,0,0,0,194384112,7203,30700,0,0,653857081,628244804,0,0,0,171540457,7958,32200,0,643,114,0,0,171551250,2264908,2076600,18446744073709551616,171551251,426956,171550622,1836810,0,0,0,4873,892,14,0,5900
1785952188.825154587,0,171548908,0,0,0,0,0,194384112,7203,30700,0,0,653860177,628247894,0,0,0,171540457,7958,32200,0,643,114,0,0,171551252,2264908,2076600,18446744073709551616,171551253,426956,171550622,1836810,0,0,0,4873,892,14,0,5900
1785952189.857889949,0,171548908,0,0,0,0,0,194384112,7203,30700,0,0,653863274,628250962,0,0,0,171540457,7958,32200,0,643,114,0,0,171551254,2264909,2076600,18446744073709551616,171551255,426956,171550622,1836810,0,0,0,4873,892,14,0,5900
1785952190.891030408,0,171548908,0,0,0,0,0,194384112,7203,30700,0,0,653866374,628254018,0,0,0,171540457,7958,32200,0,643,114,0,0,171551256,2264909,2076600,18446744073709551616,171551257,426956,171550622,1836810,0,0,0,4873,892,14,0,5900
1785952191.924288458,0,171548908,0,0,0,0,0,194384112,7203,30700,0,0,653869468,628257007,0,0,0,171540457,7958,32200,0,643,114,0,0,171551258,2264909,2076600,18446744073709551616,171551259,426956,171550622,1836810,0,0,0,4873,892,14,0,5900
1785952192.957173887,0,171548908,0,0,0,0,0,194384112,7203,30700,0,0,653872568,628260099,0,0,0,171540457,7958,32200,0,643,114,0,0,171551260,2264909,2076600,18446744073709551616,171551261,426956,171550622,1836810,0,0,0,4873,892,14,0,5900
1785952193.990117029,0,171548908,0,0,0,0,0,194384112,7203,30700,0,0,653875667,628263192,0,0,0,171540457,7958,32200,0,643,114,0,0,171551262,2264909,2076600,18446744073709551616,171551263,426956,171550622,1836810,0,0,0,4873,892,14,0,5900
1785952195.022948875,0,171548908,0,0,0,0,0,194384112,7203,30700,0,0,653878765,628266285,0,0,0,171540457,7958,32200,0,643,114,0,0,171551264,2264909,2076600,18446744073709551616,171551265,426956,171550622,1836810,0,0,0,4873,892,14,0,5900
1785952196.056325307,0,171548908,0,0,0,0,0,194384112,7203,30700,0,0,653881864,628269379,0,0,0,171540457,7958,32200,0,643,114,0,0,171551266,2264909,2076600,18446744073709551616,171551267,426956,171550622,1836810,0,0,0,4873,892,14,0,5900
1785952197.089839176,0,171548908,0,0,0,0,0,194384112,7203,30700,0,0,653884961,628272391,0,0,0,171540457,7958,32200,0,643,114,0,0,171551268,2264909,2076600,18446744073709551616,171551269,426956,171550622,1836810,0,0,0,4873,892,14,0,5900
1785952198.120379657,0,171548908,0,0,0,0,0,194384112,7203,30700,0,0,653888056,628275427,0,0,0,171540457,7958,32200,0,643,114,0,0,171551270,2264909,2076600,18446744073709551616,171551271,426956,171550622,1836810,0,0,0,4873,892,14,0,5900
1785952199.152896145,0,171548908,0,0,0,0,0,194384112,7203,30700,0,0,653891152,628278518,0,0,0,171540457,7958,32200,0,643,114,0,0,171551272,2264909,2076600,18446744073709551616,171551273,426956,171550622,1836810,0,0,0,4873,892,14,0,5900
1785952200.186000713,0,171548908,0,0,0,0,0,194384112,7203,30700,0,0,653894250,628281554,0,0,0,171540457,7958,32200,0,643,114,0,0,171551275,2264909,2076600,18446744073709551616,171551276,426956,171550622,1836810,0,0,0,4873,892,14,0,5900
1785952201.218517638,0,171548908,0,0,0,0,0,194384112,7203,30700,0,0,653897348,628284644,0,0,0,171540457,7958,32200,0,643,114,0,0,171551279,2264909,2076600,18446744073709551616,171551280,426956,171550622,1836810,0,0,0,4873,892,14,0,5900
1785952202.251323648,0,171548908,0,0,0,0,0,194384112,7203,30700,0,0,653900449,628287737,0,0,0,171540457,7958,32200,0,643,114,0,0,171551282,2264909,2076600,18446744073709551616,171551283,426956,171550622,1836810,0,0,0,4873,892,14,0,5900
1785952203.283290403,0,171548908,0,0,0,0,0,194384112,7203,30700,0,0,653903540,628290704,0,0,0,171540457,7958,32200,0,643,114,0,0,171551284,2264909,2076600,18446744073709551616,171551285,426956,171550622,1836810,0,0,0,4873,892,14,0,5900
1785952204.314034966,0,171548908,0,0,0,0,0,194384112,7203,30700,0,0,653906632,628293777,0,0,0,171540457,7958,32200,0,643,114,0,0,171551286,2264909,2076600,18446744073709551616,171551287,426956,171550622,1836810,0,0,0,4873,892,14,0,5900
1785952205.347239416,0,171548908,0,0,0,0,0,194384112,7203,30700,0,0,653909731,628296870,0,0,0,171540457,7958,32200,0,643,114,0,0,171551288,2264909,2076600,18446744073709551616,171551289,426956,171550622,1836810,0,0,0,4873,892,14,0,5900
1785952206.379516645,0,171548908,0,0,0,0,0,194384112,7203,30700,0,0,653912828,628299961,0,0,0,171540457,7958,32200,0,643,114,0,0,171551290,2264909,2076600,18446744073709551616,171551291,426956,171550622,1836810,0,0,0,4873,892,14,0,5900
1785952207.413374058,0,171548908,0,0,0,0,0,194384112,7203,30700,0,0,653915929,628303056,0,0,0,171540457,7958,32200,0,643,114,0,0,171551292,2264909,2076600,18446744073709551616,171551293,426956,171550622,1836810,0,0,0,4873,892,14,0,5900
1785952208.445263271,0,171548908,0,0,0,0,0,194384112,7203,30700,0,0,653919025,628306118,0,0,0,171540457,7958,32200,0,643,114,0,0,171551294,2264909,2076600,18446744073709551616,171551295,426956,171550622,1836810,0,0,0,4873,892,14,0,5900
1785952209.478044583,0,171548908,0,0,0,0,0,194384112,7203,30700,0,0,653922123,628309102,0,0,0,171540457,7958,32200,0,643,114,0,0,171551296,2264909,2076600,18446744073709551616,171551297,426956,171550622,1836810,0,0,0,4873,892,14,0,5900
1785952210.507618478,0,171548908,0,0,0,0,0,194384112,7203,30700,0,0,653925213,628312161,0,0,0,171540457,7958,32200,0,643,114,0,0,171551298,2264909,2076600,18446744073709551616,171551299,426956,171550622,1836810,0,0,0,4873,892,14,0,5900
1785952211.536784509,0,171548908,0,0,0,0,0,194384112,7203,30700,0,0,653928302,628315246,0,0,0,171540457,7958,32200,0,643,114,0,0,171551300,2264909,2076600,18446744073709551616,171551301,426956,171550622,1836810,0,0,0,4873,892,14,0,5900
1785952212.569003444,0,171548908,0,0,0,0,0,194384112,7203,30700,0,0,653931394,628318334,0,0,0,171540457,7958,32200,0,643,114,0,0,171551302,2264909,2076600,18446744073709551616,171551303,426956,171550622,1836810,0,0,0,4873,892,14,0,5900
1785952213.602069078,0,171548908,0,0,0,0,0,194384112,7203,30700,0,0,653934494,628321426,0,0,0,171540457,7958,32200,0,643,114,0,0,171551304,2264909,2076600,18446744073709551616,171551305,426956,171550622,1836810,0,0,0,4873,892,14,0,5900
1785952214.634311956,0,171548908,0,0,0,0,0,194384112,7203,30700,0,0,653937590,628324442,0,0,0,171540457,7958,32200,0,643,114,0,0,171551306,2264909,2076600,18446744073709551616,171551307,426956,171550622,1836810,0,0,0,4873,892,14,0,5900
1785952215.664835672,0,171548908,0,0,0,0,0,194384112,7203,30700,0,0,653940680,628327458,0,0,0,171540457,7958,32200,0,643,114,0,0,171551308,2264909,2076600,18446744073709551616,171551309,426956,171550622,1836810,0,0,0,4873,892,14,0,5900
1785952216.697292128,0,171548908,0,0,0,0,0,194384112,7203,30700,0,0,653943778,628330550,0,0,0,171540457,7958,32200,0,643,114,0,0,171551310,2264909,2076600,18446744073709551616,171551311,426956,171550622,1836810,0,0,0,4873,892,14,0,5900
1785952217.729776938,0,171548908,0,0,0,0,0,194384112,7203,30700,0,0,653946873,628333640,0,0,0,171540457,7958,32200,0,643,114,0,0,171551312,2264909,2076600,18446744073709551616,171551313,426957,171550622,1836810,0,0,0,4873,892,14,0,5900
1785952218.762315533,0,171548908,0,0,0,0,0,194384112,7203,30700,0,0,653949970,628336732,0,0,0,171540457,7958,32200,0,643,114,0,0,171551314,2264909,2076600,18446744073709551616,171551315,426957,171550622,1836810,0,0,0,4873,892,14,0,5900
1785952219.793603320,0,171548908,0,0,0,0,0,194384112,7203,30700,0,0,653953062,628339815,0,0,0,171540457,7958,32200,0,643,114,0,0,171551316,2264910,2076600,18446744073709551616,171551317,426957,171550622,1836810,0,0,0,4873,892,14,0,5900
1785952220.825626642,0,171548908,0,0,0,0,0,194384112,7203,30700,0,0,653956161,628342774,0,0,0,171540457,7958,32200,0,643,114,0,0,171551318,2264910,2076600,18446744073709551616,171551319,426957,171550622,1836810,0,0,0,4873,892,14,0,5900
1785952221.857830844,0,171548908,0,0,0,0,0,194384112,7203,30700,0,0,653959255,628345838,0,0,0,171540457,7958,32200,0,643,114,0,0,171551320,2264910,2076600,18446744073709551616,171551321,426957,171550622,1836810,0,0,0,4873,892,14,0,5900
1785952222.889466842,0,171548908,0,0,0,0,0,194384112,7203,30700,0,0,653962350,628348928,0,0,0,171540457,7958,32200,0,643,114,0,0,171551322,2264910,2076600,18446744073709551616,171551323,426957,171550622,1836810,0,0,0,4873,892,14,0,5900
1785952223.915771001,0,171548908,0,0,0,0,0,194384112,7203,30700,0,0,653965433,628352007,0,0,0,171540457,7958,32200,0,643,114,0,0,171551324,2264910,2076600,18446744073709551616,171551325,426957,171550622,1836810,0,0,0,4873,892,14,0,5900
1785952224.945895816,0,171548908,0,0,0,0,0,194384112,7203,30700,0,0,653968516,628355085,0,0,0,171540457,7958,32200,0,643,114,0,0,171551326,2264910,2076600,18446744073709551616,171551327,426957,171550622,1836810,0,0,0,4873,892,14,0,5900
1785952225.977865952,0,171548908,0,0,0,0,0,194384112,7203,30700,0,0,653971612,628358171,0,0,0,171540457,7958,32200,0,643,114,0,0,171551328,2264910,2076600,18446744073709551616,171551329,426957,171550622,1836810,0,0,0,4873,892,14,0,5900
1785952227.010470708,0,171548908,0,0,0,0,0,194384112,7203,30700,0,0,653974708,628361130,0,0,0,171540457,7958,32200,0,643,114,0,0,171551330,2264910,2076600,18446744073709551616,171551331,426957,171550622,1836810,0,0,0,4873,892,14,0,5900
1785952228.041895805,0,171548908,0,0,0,0,0,194384112,7203,30700,0,0,653977801,628364219,0,0,0,171540457,7958,32200,0,643,114,0,0,171551332,2264910,2076600,18446744073709551616,171551333,426957,171550622,1836810,0,0,0,4873,892,14,0,5900
1785952229.074823473,0,171548908,0,0,0,0,0,194384112,7203,30700,0,0,653980902,628367312,0,0,0,171540457,7958,32200,0,643,114,0,0,171551334,2264910,2076600,18446744073709551616,171551335,426957,171550622,1836810,0,0,0,4873,892,14,0,5900
1785952230.107915713,0,171548908,0,0,0,0,0,194384112,7203,30700,0,0,653984000,628370405,0,0,0,171540457,7958,32200,0,643,114,0,0,171551336,2264910,2076600,18446744073709551616,171551337,426957,171550622,1836810,0,0,0,4873,892,14,0,5900
1785952231.139399272,0,171548908,0,0,0,0,0,194384112,7203,30700,0,0,653987094,628373471,0,0,0,171540457,7958,32200,0,643,114,0,0,171551338,2264910,2076600,18446744073709551616,171551339,426957,171550622,1836810,0,0,0,4873,892,14,0,5900
1785952232.170609316,0,171548908,0,0,0,0,0,194384112,7203,30700,0,0,653990184,628376519,0,0,0,171540457,7958,32200,0,643,114,0,0,171551340,2264910,2076600,18446744073709551616,171551341,426957,171550622,1836810,0,0,0,4873,892,14,0,5900
1785952233.203528301,0,171548908,0,0,0,0,0,194384112,7203,30700,0,0,653993286,628379509,0,0,0,171540457,7958,32200,0,643,114,0,0,171551342,2264910,2076600,18446744073709551616,171551343,426957,171550622,1836810,0,0,0,4873,892,14,0,5900
1785952234.235891957,0,171548908,0,0,0,0,0,194384112,7203,30700,0,0,653996385,628382601,0,0,0,171540457,7958,32200,0,643,114,0,0,171551344,2264910,2076600,18446744073709551616,171551345,426957,171550622,1836810,0,0,0,4873,892,14,0,5900
1785952235.268906128,0,171548908,0,0,0,0,0,194384112,7203,30700,0,0,653999483,628385694,0,0,0,171540457,7958,32200,0,643,114,0,0,171551346,2264910,2076600,18446744073709551616,171551347,426957,171550622,1836810,0,0,0,4873,892,14,0,5900
1785952236.301409482,0,171548908,0,0,0,0,0,194384112,7203,30700,0,0,654002579,628388785,0,0,0,171540457,7958,32200,0,643,114,0,0,171551348,2264910,2076600,18446744073709551616,171551349,426957,171550622,1836810,0,0,0,4873,892,14,0,5900
1785952237.333356891,0,171548908,0,0,0,0,0,194384112,7203,30700,0,0,654005676,628391875,0,0,0,171540457,7958,32200,0,643,114,0,0,171551350,2264910,2076600,18446744073709551616,171551351,426957,171550622,1836810,0,0,0,4873,892,14,0,5900
1785952238.365779662,0,171548908,0,0,0,0,0,194384112,7203,30700,0,0,654008773,628394887,0,0,0,171540457,7958,32200,0,643,114,0,0,171551352,2264910,2076600,18446744073709551616,171551353,426957,171550622,1836810,0,0,0,4873,892,14,0,5900
1785952239.398568192,0,171548908,0,0,0,0,0,194384112,7203,30700,0,0,654011871,628397925,0,0,0,171540457,7958,32200,0,643,114,0,0,171551354,2264910,2076600,18446744073709551616,171551355,426957,171550622,1836810,0,0,0,4873,892,14,0,5900
1785952240.430565752,0,171548908,0,0,0,0,0,194384112,7203,30700,0,0,654014967,628401015,0,0,0,171540457,7958,32200,0,643,114,0,0,171551356,2264910,2076600,18446744073709551616,171551357,426957,171550622,1836810,0,0,0,4873,892,14,0,5900
1785952241.462786607,0,171548908,0,0,0,0,0,194384112,7203,30700,0,0,654018061,628404081,0,0,0,171540457,7958,32200,0,643,114,0,0,171551358,2264910,2076600,18446744073709551616,171551359,426957,171550622,1836810,0,0,0,4873,892,14,0,5900
1785952242.495317227,0,171548908,0,0,0,0,0,194384112,7203,30700,0,0,654021158,628407172,0,0,0,171540457,7958,32200,0,643,114,0,0,171551360,2264910,2076600,18446744073709551616,171551361,426957,171550622,1836810,0,0,0,4873,892,14,0,5900
1785952243.528671509,0,171548908,0,0,0,0,0,194384112,7203,30700,0,0,654024260,628410267,0,0,0,171540457,7958,32200,0,643,114,0,0,171551362,2264910,2076600,18446744073709551616,171551363,426957,171550622,1836810,0,0,0,4873,892,14,0,5900
1785952244.557390003,0,171548908,0,0,0,0,0,194384112,7203,30700,0,0,654027339,628413222,0,0,0,171540457,7958,32200,0,643,114,0,0,171551364,2264910,2076600,18446744073709551616,171551365,426957,171550622,1836810,0,0,0,4873,892,14,0,5900
1785952245.589757943,0,171548908,0,0,0,0,0,194384112,7203,30700,0,0,654030435,628416297,0,0,0,171540457,7958,32200,0,643,114,0,0,171551366,2264910,2076600,18446744073709551616,171551367,426957,171550622,1836810,0,0,0,4873,892,14,0,5900
1785952246.622211567,0,171548908,0,0,0,0,0,194384112,7203,30700,0,0,654033533,628419390,0,0,0,171540457,7958,32200,0,643,114,0,0,171551368,2264910,2076600,18446744073709551616,171551369,426957,171550622,1836810,0,0,0,4873,892,14,0,5900
1785952247.654499024,0,171548908,0,0,0,0,0,194384112,7203,30700,0,0,654036629,628422481,0,0,0,171540457,7958,32200,0,643,114,0,0,171551370,2264910,2076600,18446744073709551616,171551371,426957,171550622,1836810,0,0,0,4873,892,14,0,5900
1785952248.686316781,0,171548908,0,0,0,0,0,194384112,7203,30700,0,0,654039724,628425570,0,0,0,171540457,7958,32200,0,643,114,0,0,171551372,2264911,2076600,18446744073709551616,171551373,426957,171550622,1836810,0,0,0,4873,892,14,0,5900
1785952249.716769591,0,171548908,0,0,0,0,0,194384112,7203,30700,0,0,654042819,628428634,0,0,0,171540457,7958,32200,0,643,114,0,0,171551374,2264911,2076600,18446744073709551616,171551375,426957,171550622,1836810,0,0,0,4873,892,14,0,5900
1785952250.743983130,0,171548908,0,0,0,0,0,194384112,7203,30700,0,0,654045895,628431599,0,0,0,171540457,7958,32200,0,643,114,0,0,171551376,2264911,2076600,18446744073709551616,171551377,426957,171550622,1836810,0,0,0,4873,892,14,0,5900
1785952251.775405212,0,171548908,0,0,0,0,0,194384112,7203,30700,0,0,654048989,628434664,0,0,0,171540457,7958,32200,0,643,114,0,0,171551378,2264911,2076600,18446744073709551616,171551379,426957,171550622,1836810,0,0,0,4873,892,14,0,5900
1785952252.808169029,0,171548908,0,0,0,0,0,194384112,7203,30700,0,0,654052085,628437756,0,0,0,171540457,7958,32200,0,643,114,0,0,171551380,2264911,2076600,18446744073709551616,171551381,426957,171550622,1836810,0,0,0,4873,892,14,0,5900
1785952253.839964183,0,171548908,0,0,0,0,0,194384112,7203,30700,0,0,654055181,628440846,0,0,0,171540457,7958,32200,0,643,114,0,0,171551382,2264911,2076600,18446744073709551616,171551383,426957,171550622,1836810,0,0,0,4873,892,14,0,5900
1785952254.872215487,0,171548908,0,0,0,0,0,194384112,7203,30700,0,0,654058276,628443935,0,0,0,171540457,7958,32200,0,643,114,0,0,171551384,2264911,2076600,18446744073709551616,171551385,426957,171550622,1836810,0,0,0,4873,892,14,0,5900
1785952255.902397164,0,171548908,0,0,0,0,0,194384112,7203,30700,0,0,654061367,628446947,0,0,0,171540457,7958,32200,0,643,114,0,0,171551386,2264911,2076600,18446744073709551616,171551387,426957,171550622,1836810,0,0,0,4873,892,14,0,5900
1785952256.931576985,0,171548908,0,0,0,0,0,194384112,7203,30700,0,0,654064454,628449966,0,0,0,171540457,7958,32200,0,643,114,0,0,171551388,2264911,2076600,18446744073709551616,171551389,426957,171550622,1836810,0,0,0,4873,892,14,0,5900
1785952257.965147812,0,171548908,0,0,0,0,0,194384112,7203,30700,0,0,654067552,628453059,0,0,0,171540457,7958,32200,0,643,114,0,0,171551390,2264911,2076600,18446744073709551616,171551391,426958,171550622,1836810,0,0,0,4873,892,14,0,5900
1785952258.998137500,0,171548908,0,0,0,0,0,194384112,7203,30700,0,0,654070653,628456153,0,0,0,171540457,7958,32200,0,643,114,0,0,171551392,2264911,2076600,18446744073709551616,171551393,426958,171550622,1836810,0,0,0,4873,892,14,0,5900
1785952260.030999318,0,171548908,0,0,0,0,0,194384112,7203,30700,0,0,654073749,628459245,0,0,0,171540457,7958,32200,0,643,114,0,0,171551394,2264911,2076600,18446744073709551616,171551395,426958,171550622,1836810,0,0,0,4873,892,14,0,5900
1785952261.063640693,0,171548908,0,0,0,0,0,194384112,7203,30700,0,0,654076848,628462338,0,0,0,171540457,7958,32200,0,643,114,0,0,171551396,2264911,2076600,18446744073709551616,171551397,426958,171550622,1836810,0,0,0,4873,892,14,0,5900
1785952262.092735450,0,171548908,0,0,0,0,0,194384112,7203,30700,0,0,654079938,628465238,0,0,0,171540457,7958,32200,0,643,114,0,0,171551398,2264911,2076600,18446744073709551616,171551399,426958,171550622,1836810,0,0,0,4873,892,14,0,5900
1785952263.125449970,0,171548908,0,0,0,0,0,194384112,7203,30700,0,0,654083032,628468261,0,0,0,171540457,7958,32200,0,643,114,0,0,171551400,2264911,2076600,18446744073709551616,171551401,426958,171550622,1836810,0,0,0,4873,892,14,0,5900
1785952264.157751123,0,171548908,0,0,0,0,0,194384112,7203,30700,0,0,654086127,628471352,0,0,0,171540457,7958,32200,0,643,114,0,0,171551402,2264911,2076600,18446744073709551616,171551403,426958,171550622,1836810,0,0,0,4873,892,14,0,5900
1785952265.189924251,0,171548908,0,0,0,0,0,194384112,7203,30700,0,0,654089225,628474442,0,0,0,171540457,7958,32200,0,643,114,0,0,171551404,2264911,2076600,18446744073709551616,171551405,426958,171550622,1836810,0,0,0,4873,892,14,0,5900
1785952266.221298733,0,171548908,0,0,0,0,0,194384112,7203,30700,0,0,654092317,628477530,0,0,0,171540457,7958,32200,0,643,114,0,0,171551406,2264911,2076600,18446744073709551616,171551407,426958,171550622,1836810,0,0,0,4873,892,14,0,5900
1785952267.254808672,0,171548908,0,0,0,0,0,194384112,7203,30700,0,0,654095415,628480622,0,0,0,171540457,7958,32200,0,643,114,0,0,171551408,2264911,2076600,18446744073709551616,171551409,426958,171550622,1836810,0,0,0,4873,892,14,0,5900
1785952268.285968975,0,171548908,0,0,0,0,0,194384112,7203,30700,0,0,654098512,628483598,0,0,0,171540457,7958,32200,0,643,114,0,0,171551410,2264911,2076600,18446744073709551616,171551411,426958,171550622,1836810,0,0,0,4873,892,14,0,5900
1785952269.318359739,0,171548908,0,0,0,0,0,194384112,7203,30700,0,0,654101608,628486668,0,0,0,171540457,7958,32200,0,643,114,0,0,171551412,2264911,2076600,18446744073709551616,171551413,426958,171550622,1836810,0,0,0,4873,892,14,0,5900
1785952270.354166357,0,171548908,0,0,0,0,0,194384112,7203,30700,0,0,654104711,628489764,0,0,0,171540457,7958,32200,0,643,114,0,0,171551414,2264911,2076600,18446744073709551616,171551415,426958,171550622,1836810,0,0,0,4873,892,14,0,5900
1785952271.386344300,0,171548908,0,0,0,0,0,194384112,7203,30700,0,0,654107812,628492860,0,0,0,171540457,7958,32200,0,643,114,0,0,171551416,2264911,2076600,18446744073709551616,171551417,426958,171550622,1836810,0,0,0,4873,892,14,0,5900
1785952272.419273566,0,171548908,0,0,0,0,0,194384112,7203,30700,0,0,654110909,628495926,0,0,0,171540457,7958,32200,0,643,114,0,0,171551418,2264911,2076600,18446744073709551616,171551419,426958,171550622,1836810,0,0,0,4873,892,14,0,5900
1785952273.451543852,0,171548908,0,0,0,0,0,194384112,7203,30700,0,0,654114004,628499008,0,0,0,171540457,7958,32200,0,643,114,0,0,171551420,2264911,2076600,18446744073709551616,171551421,426958,171550622,1836810,0,0,0,4873,892,14,0,5900
1785952274.483192803,0,171548908,0,0,0,0,0,194384112,7203,30700,0,0,654117097,628501963,0,0,0,171540457,7958,32200,0,643,114,0,0,171551422,2264911,2076600,18446744073709551616,171551423,426958,171550622,1836810,0,0,0,4873,892,14,0,5900
1785952275.514133467,0,171548908,0,0,0,0,0,194384112,7203,30700,0,0,654120188,628505049,0,0,0,171540457,7958,32200,0,643,114,0,0,171551424,2264911,2076600,18446744073709551616,171551425,426958,171550622,1836810,0,0,0,4873,892,14,0,5900
1785952276.547412345,0,171548908,0,0,0,0,0,194384112,7203,30700,0,0,654123288,628508143,0,0,0,171540457,7958,32200,0,643,114,0,0,171551426,2264911,2076600,18446744073709551616,171551427,426958,171550622,1836810,0,0,0,4873,892,14,0,5900
1785952277.580026045,0,171548908,0,0,0,0,0,194384112,7203,30700,0,0,654126385,628511235,0,0,0,171540457,7958,32200,0,643,114,0,0,171551428,2264911,2076600,18446744073709551616,171551429,426958,171550622,1836810,0,0,0,4873,892,14,0,5900
1785952278.611095727,0,171548908,0,0,0,0,0,194384112,7203,30700,0,0,654129480,628514322,0,0,0,171540457,7958,32200,0,643,114,0,0,171551430,2264912,2076600,18446744073709551616,171551431,426958,171550622,1836810,0,0,0,4873,892,14,0,5900
1785952279.644984066,0,171548908,0,0,0,0,0,194384112,7203,30700,0,0,654132577,628517374,0,0,0,171540457,7958,32200,0,643,114,0,0,171551432,2264912,2076600,18446744073709551616,171551433,426958,171550622,1836810,0,0,0,4873,892,14,0,5900
1785952280.677421224,0,171548908,0,0,0,0,0,194384112,7203,30700,0,0,654135675,628520365,0,0,0,171540457,7958,32200,0,643,114,0,0,171551434,2264912,2076600,18446744073709551616,171551435,426958,171550622,1836810,0,0,0,4873,892,14,0,5900
1785952281.709793840,0,171548908,0,0,0,0,0,194384112,7203,30700,0,0,654138770,628523455,0,0,0,171540457,7958,32200,0,643,114,0,0,171551436,2264912,2076600,18446744073709551616,171551437,426958,171550622,1836810,0,0,0,4873,892,14,0,5900
1785952282.742421586,0,171548908,0,0,0,0,0,194384112,7203,30700,0,0,654141868,628526523,0,0,0,171540457,7958,32200,0,643,114,0,0,171551438,2264912,2076600,18446744073709551616,171551439,426958,171550622,1836810,0,0,0,4873,892,14,0,5900
1785952283.775108917,0,171548908,0,0,0,0,0,194384112,7203,30700,0,0,654144965,628529615,0,0,0,171540457,7958,32200,0,643,114,0,0,171551440,2264912,2076600,18446744073709551616,171551441,426958,171550622,1836810,0,0,0,4873,892,14,0,5900
1785952284.807328102,0,171548908,0,0,0,0,0,194384112,7203,30700,0,0,654148062,628532705,0,0,0,171540457,7958,32200,0,643,114,0,0,171551442,2264912,2076600,18446744073709551616,171551443,426958,171550622,1836810,0,0,0,4873,892,14,0,5900
1785952285.839077554,0,171548908,0,0,0,0,0,194384112,7203,30700,0,0,654151156,628535710,0,0,0,171540457,7958,32200,0,643,114,0,0,171551444,2264912,2076600,18446744073709551616,171551445,426958,171550622,1836810,0,0,0,4873,892,14,0,5900
1785952286.872460504,0,171548908,0,0,0,0,0,194384112,7203,30700,0,0,654154255,628538752,0,0,0,171540457,7958,32200,0,643,114,0,0,171551446,2264912,2076600,18446744073709551616,171551447,426958,171550622,1836810,0,0,0,4873,892,14,0,5900
1785952287.905734853,0,171548908,0,0,0,0,0,194384112,7203,30700,0,0,654157355,628541846,0,0,0,171540457,7958,32200,0,643,114,0,0,171551448,2264912,2076600,18446744073709551616,171551449,426958,171550622,1836810,0,0,0,4873,892,14,0,5900
1785952288.939051303,0,171548908,0,0,0,0,0,194384112,7203,30700,0,0,654160454,628544939,0,0,0,171540457,7958,32200,0,643,114,0,0,171551450,2264912,2076600,18446744073709551616,171551451,426958,171550622,1836810,0,0,0,4873,892,14,0,5900
1785952289.972411848,0,171548908,0,0,0,0,0,194384112,7203,30700,0,0,654163554,628548033,0,0,0,171540457,7958,32200,0,643,114,0,0,171551452,2264912,2076600,18446744073709551616,171551453,426958,171550622,1836810,0,0,0,4873,892,14,0,5900
1785952291.003411616,0,171548908,0,0,0,0,0,194384112,7203,30700,0,0,654166647,628551119,0,0,0,171540457,7958,32200,0,643,114,0,0,171551454,2264912,2076600,18446744073709551616,171551455,426958,171550622,1836810,0,0,0,4873,892,14,0,5900
1785952292.032542450,0,171548908,0,0,0,0,0,194384112,7203,30700,0,0,654169731,628554075,0,0,0,171540457,7958,32200,0,643,114,0,0,171551456,2264912,2076600,18446744073709551616,171551457,426958,171550622,1836810,0,0,0,4873,892,14,0,5900
1785952293.065496491,0,171548908,0,0,0,0,0,194384112,7203,30700,0,0,654172828,628557131,0,0,0,171540457,7958,32200,0,643,114,0,0,171551458,2264912,2076600,18446744073709551616,171551459,426958,171550622,1836810,0,0,0,4873,892,14,0,5900
1785952294.098284703,0,171548908,0,0,0,0,0,194384112,7203,30700,0,0,654175926,628560224,0,0,0,171540457,7958,32200,0,643,114,0,0,171551460,2264912,2076600,18446744073709551616,171551461,426958,171550622,1836810,0,0,0,4873,892,14,0,5900
1785952295.130789707,0,171548908,0,0,0,0,0,194384112,7203,30700,0,0,654179024,628563315,0,0,0,171540457,7958,32200,0,643,114,0,0,171551462,2264912,2076600,18446744073709551616,171551463,426958,171550622,1836810,0,0,0,4873,892,14,0,5900
1785952296.163764022,0,171548908,0,0,0,0,0,194384112,7203,30700,0,0,654182123,628566408,0,0,0,171540457,7958,32200,0,643,114,0,0,171551464,2264912,2076600,18446744073709551616,171551465,426958,171550622,1836810,0,0,0,4873,892,14,0,5900
1785952297.194242207,0,171548908,0,0,0,0,0,194384112,7203,30700,0,0,654185213,628569466,0,0,0,171540457,7958,32200,0,643,114,0,0,171551466,2264912,2076600,18446744073709551616,171551467,426958,171550622,1836810,0,0,0,4873,892,14,0,5900
1785952298.224645019,0,171548908,0,0,0,0,0,194384112,7203,30700,0,0,654188301,628572441,0,0,0,171540457,7958,32200,0,643,114,0,0,171551468,2264912,2076600,18446744073709551616,171551469,426958,171550622,1836810,0,0,0,4873,892,14,0,5900
1785952303.334380903,0,0,0,0,0,0,0,0,0,0,0,0,654203623,628587536,0,0,0,0,0,0,0,0,0,0,0,0,0,0,0,0,0,0,0,0,0,0,0,0,0,0,0
1785952304.362588377,0,0,0,0,0,0,0,0,0,0,0,0,654206705,628590542,0,0,0,0,0,0,0,0,0,0,0,2,16211733,3276700,18446744073709551616,2,8058569,0,0,0,0,0,0,0,0,0,0
1785952305.392219125,0,0,0,0,0,0,0,0,0,0,0,0,654209796,628593626,0,0,0,0,0,0,0,0,0,0,0,4,9813652,3276700,18446744073709551616,4,4859536,0,0,0,0,0,0,0,0,0,0
1785952306.422398398,0,0,0,0,0,0,0,0,0,0,0,0,654212886,628596711,0,0,0,0,0,0,0,0,0,0,0,6,7717389,3276700,18446744073709551616,6,3802845,0,0,0,0,0,0,0,0,0,0
1785952307.453075382,0,0,0,0,0,0,0,0,0,0,0,0,654215977,628599796,0,0,0,0,0,0,0,0,0,0,0,8,6661965,3276700,18446744073709551616,8,3273149,0,0,0,0,0,0,0,0,0,0
1785952308.483786705,0,0,0,0,0,0,0,0,0,0,0,0,654219068,628602883,0,0,0,0,0,0,0,0,0,0,0,10,6040589,3276700,18446744073709551616,10,2968963,0,0,0,0,0,0,0,0,0,0
1785952309.512026292,0,0,0,0,0,0,0,0,0,0,0,0,654222152,628605854,0,0,0,0,0,0,0,0,0,0,0,12,5611317,3276700,18446744073709551616,12,2753383,0,0,0,0,0,0,0,0,0,0
1785952310.542971319,0,0,0,0,0,0,0,0,0,0,0,0,654225245,628608914,0,0,0,0,0,0,0,0,0,0,0,14,5394805,3276700,18446744073709551616,14,2645881,0,0,0,0,0,0,0,0,0,0
1785952311.570820418,0,0,0,0,0,0,0,0,0,0,0,0,654228329,628611991,0,0,0,0,0,0,0,0,0,0,0,16,5163426,3276700,18446744073709551616,16,2530241,0,0,0,0,0,0,0,0,0,0
1785952312.601815669,0,0,0,0,0,0,0,0,0,0,0,0,654231421,628615046,0,0,0,0,0,0,0,0,0,0,0,18,4936936,3276700,18446744073709551616,18,2414309,0,0,0,0,0,0,0,0,0,0
1785952313.635319372,0,0,0,0,0,0,0,0,0,0,0,0,654234524,628618079,0,0,0,0,0,0,0,0,0,0,0,22,4374423,3276700,18446744073709551616,22,2134201,0,0,0,0,0,0,0,0,0,0
1785952314.665445180,0,0,0,0,0,0,0,0,0,0,0,0,654237614,628621134,0,0,0,0,0,0,0,0,0,0,0,26,3932592,3276700,18446744073709551616,26,1911970,0,0,0,0,0,0,0,0,0,0
1785952315.786297586,0,2414,0,0,0,0,0,2446,1276909,18446744073709551616,0,0,654240950,628624073,0,0,0,2537,1360879,18446744073709551616,0,14422,108599,0,0,2190,15576725,3276700,18446744073709551616,2282,5675262,2286,9610284,0,0,0,474012,489941,2200,0,367800
1785952316.806013296,0,1000064,0,0,0,0,0,1000064,32827,541100,0,0,654243747,628625057,0,0,0,1000064,55489,752900,0,22047,613,0,0,1000097,426405,261200,1962500,1000097,82640,1000064,342294,0,0,0,28802,1965,21,0,9100
1785952317.841716501,0,0,0,0,0,0,0,0,0,0,0,0,654246846,628628140,0,0,0,0,0,0,0,0,0,0,0,3,5010268,3276700,18446744073709551616,3,2492063,0,0,0,0,0,0,0,0,0,0
1785952318.872799098,0,0,0,0,0,0,0,0,0,0,0,0,654249938,628631209,0,0,0,0,0,0,0,0,0,0,0,7,5252662,3276700,18446744073709551616,7,2588879,0,0,0,0,0,0,0,0,0,0
1785952319.904016806,0,0,0,0,0,0,0,0,0,0,0,0,654253036,628634274,0,0,0,0,0,0,0,0,0,0,0,11,4355846,3276700,18446744073709551616,11,2139571,0,0,0,0,0,0,0,0,0,0
1785952320.933276765,0,0,0,0,0,0,0,0,0,0,0,0,654256117,628637299,0,0,0,0,0,0,0,0,0,0,0,15,4591102,3276700,18446744073709551616,15,2253695,0,0,0,0,0,0,0,0,0,0
1785952321.965017416,0,0,0,0,0,0,0,0,0,0,0,0,654259214,628640277,0,0,0,0,0,0,0,0,0,0,0,17,4679527,3276700,18446744073709551616,17,2297992,0,0,0,0,0,0,0,0,0,0
1785952322.997613402,0,0,0,0,0,0,0,0,0,0,0,0,654262312,628643369,0,0,0,0,0,0,0,0,0,0,0,19,4704121,3276700,18446744073709551616,19,2311210,0,0,0,0,0,0,0,0,0,0
1785952324.028777786,0,0,0,0,0,0,0,0,0,0,0,0,654265404,628646404,0,0,0,0,0,0,0,0,0,0,0,21,4773538,3276700,18446744073709551616,21,2342597,0,0,0,0,0,0,0,0,0,0
1785952325.061073578,0,0,0,0,0,0,0,0,0,0,0,0,654268501,628649495,0,0,0,0,0,0,0,0,0,0,0,23,4819214,3276700,18446744073709551616,23,2365515,0,0,0,0,0,0,0,0,0,0
1785952326.093577001,0,0,0,0,0,0,0,0,0,0,0,0,654271596,628652586,0,0,0,0,0,0,0,0,0,0,0,25,4852721,3276700,18446744073709551616,25,2382659,0,0,0,0,0,0,0,0,0,0
1785952327.125506512,0,0,0,0,0,0,0,0,0,0,0,0,654274692,628655581,0,0,0,0,0,0,0,0,0,0,0,27,4883481,3276700,18446744073709551616,27,2395609,0,0,0,0,0,0,0,0,0,0
1785952328.158344033,0,0,0,0,0,0,0,0,0,0,0,0,654277788,628658646,0,0,0,0,0,0,0,0,0,0,0,29,4904199,3276700,18446744073709551616,29,2406622,0,0,0,0,0,0,0,0,0,0
1785952329.191349960,0,0,0,0,0,0,0,0,0,0,0,0,654280887,628661739,0,0,0,0,0,0,0,0,0,0,0,31,4935644,3276700,18446744073709551616,31,2421384,0,0,0,0,0,0,0,0,0,0
1785952330.224115934,0,0,0,0,0,0,0,0,0,0,0,0,654283985,628664831,0,0,0,0,0,0,0,0,0,0,0,34,4981188,3276700,18446744073709551616,34,2365531,0,0,0,0,0,0,0,0,0,0
1785952331.257192113,0,0,0,0,0,0,0,0,0,0,0,0,654287082,628667924,0,0,0,0,0,0,0,0,0,0,0,37,4864153,3276700,18446744073709551616,37,2314230,0,0,0,0,0,0,0,0,0,0
1785952332.289857062,0,0,0,0,0,0,0,0,0,0,0,0,654290180,628671011,0,0,0,0,0,0,0,0,0,0,0,39,4904881,3276700,18446744073709551616,39,2337742,0,0,0,0,0,0,0,0,0,0
1785952333.312557370,0,0,0,0,0,0,0,0,0,0,0,0,654293247,628673944,0,0,0,0,0,0,0,0,0,0,0,41,4935571,3276700,18446744073709551616,41,2354914,0,0,0,0,0,0,0,0,0,0
1785952334.344455296,0,0,0,0,0,0,0,0,0,0,0,0,654296340,628677009,0,0,0,0,0,0,0,0,0,0,0,43,4957782,3276700,18446744073709551616,43,2368671,0,0,0,0,0,0,0,0,0,0
1785952335.376387373,0,0,0,0,0,0,0,0,0,0,0,0,654299436,628680099,0,0,0,0,0,0,0,0,0,0,0,45,4982368,3276700,18446744073709551616,45,2383703,0,0,0,0,0,0,0,0,0,0
1785952336.408784549,0,0,0,0,0,0,0,0,0,0,0,0,654302532,628683190,0,0,0,0,0,0,0,0,0,0,0,47,5004020,3276700,18446744073709551616,47,2397330,0,0,0,0,0,0,0,0,0,0
1785952337.441372890,0,0,0,0,0,0,0,0,0,0,0,0,654305629,628686281,0,0,0,0,0,0,0,0,0,0,0,49,5032166,3276700,18446744073709551616,49,2413036,0,0,0,0,0,0,0,0,0,0
1785952338.476121540,0,0,0,0,0,0,0,0,0,0,0,0,654308733,628689343,0,0,0,0,0,0,0,0,0,0,0,51,5054118,3276700,18446744073709551616,51,2426071,0,0,0,0,0,0,0,0,0,0
1785952339.508933285,0,0,0,0,0,0,0,0,0,0,0,0,654311833,628692339,0,0,0,0,0,0,0,0,0,0,0,53,5119940,3276700,18446744073709551616,53,2460478,0,0,0,0,0,0,0,0,0,0
1785952340.542118349,0,0,0,0,0,0,0,0,0,0,0,0,654314931,628695431,0,0,0,0,0,0,0,0,0,0,0,55,5133881,3276700,18446744073709551616,55,2469429,0,0,0,0,0,0,0,0,0,0
1785952341.574511052,0,0,0,0,0,0,0,0,0,0,0,0,654318027,628698522,0,0,0,0,0,0,0,0,0,0,0,57,5138982,3276700,18446744073709551616,57,2473035,0,0,0,0,0,0,0,0,0,0
1785952342.608218267,0,0,0,0,0,0,0,0,0,0,0,0,654321128,628701616,0,0,0,0,0,0,0,0,0,0,0,59,5141327,3276700,18446744073709551616,59,2475664,0,0,0,0,0,0,0,0,0,0
1785952343.640393023,0,0,0,0,0,0,0,0,0,0,0,0,654324225,628704707,0,0,0,0,0,0,0,0,0,0,0,61,5147378,3276700,18446744073709551616,61,2479611,0,0,0,0,0,0,0,0,0,0
1785952344.673277539,0,0,0,0,0,0,0,0,0,0,0,0,654327321,628707698,0,0,0,0,0,0,0,0,0,0,0,63,5156729,3276700,18446744073709551616,63,2485547,0,0,0,0,0,0,0,0,0,0
1785952345.706856840,0,0,0,0,0,0,0,0,0,0,0,0,654330422,628710743,0,0,0,0,0,0,0,0,0,0,0,65,5165601,3276700,18446744073709551616,65,2491106,0,0,0,0,0,0,0,0,0,0
1785952346.740205113,0,0,0,0,0,0,0,0,0,0,0,0,654333521,628713836,0,0,0,0,0,0,0,0,0,0,0,67,5169774,3276700,18446744073709551616,67,2494275,0,0,0,0,0,0,0,0,0,0
1785952347.773305864,0,0,0,0,0,0,0,0,0,0,0,0,654336620,628716929,0,0,0,0,0,0,0,0,0,0,0,69,5170132,3276700,18446744073709551616,69,2495415,0,0,0,0,0,0,0,0,0,0
1785952348.806184860,0,0,0,0,0,0,0,0,0,0,0,0,654339718,628720022,0,0,0,0,0,0,0,0,0,0,0,71,5184668,3276700,18446744073709551616,71,2503344,0,0,0,0,0,0,0,0,0,0
1785952349.837348329,0,0,0,0,0,0,0,0,0,0,0,0,654342812,628723107,0,0,0,0,0,0,0,0,0,0,0,73,5182349,3276700,18446744073709551616,73,2503121,0,0,0,0,0,0,0,0,0,0
1785952350.868188012,0,0,0,0,0,0,0,0,0,0,0,0,654345905,628726075,0,0,0,0,0,0,0,0,0,0,0,75,5183186,3276700,18446744073709551616,75,2503800,0,0,0,0,0,0,0,0,0,0
1785952351.901400049,3,0,3,0,3,58044,65500,0,0,0,0,0,654349004,628729158,3,60875,73100,0,0,0,2830,0,0,0,0,80,4996017,3276700,18446744073709551616,80,2412268,3,125687,11420,15691,110,0,0,0,55100,0
1785952352.931310201,3,0,3,0,3,58044,65500,0,0,0,0,0,654352094,628732242,3,60875,73100,0,0,0,2830,0,0,0,0,84,4878338,3276700,18446744073709551616,84,2355066,3,125687,11420,15691,110,0,0,0,55100,0
1785952353.964346299,3,0,3,0,3,58044,65500,0,0,0,0,0,654355192,628735334,3,60875,73100,0,0,0,2830,0,0,0,0,88,4831204,3276700,18446744073709551616,88,2305811,3,125687,11420,15691,110,0,0,0,55100,0
1785952354.997049817,3,0,3,0,3,58044,65500,0,0,0,0,0,654358288,628738404,3,60875,73100,0,0,0,2830,0,0,0,0,92,4734862,3276700,18446744073709551616,92,2260846,3,125687,11420,15691,110,0,0,0,55100,0
1785952356.023954907,3,0,3,0,3,58044,65500,0,0,0,0,0,654361369,628741452,3,60875,73100,0,0,0,2830,0,0,0,0,96,4704646,3276700,18446744073709551616,96,2221398,3,125687,11420,15691,110,0,0,0,55100,0
1785952357.065695002,5794349,0,5794349,0,5798985,14576,53300,0,0,0,0,0,654364485,628742885,5816046,14751,53800,0,0,0,179,0,0,0,0,5827554,724443,623000,2354700,5836190,156517,5845538,567001,11687,606,28,0,0,0,10400,0
1785952358.115572483,12175403,0,11936131,0,11737581,13819,46900,0,0,0,0,0,654367643,628742885,11754800,13929,47100,0,0,0,114,0,0,0,0,11771397,646667,626000,1201300,11779932,133433,11788941,512743,10929,595,27,0,0,0,10400,0
1785952359.146378939,23961530,0,23722257,0,23522942,13858,46900,0,0,0,0,0,654370736,628742894,23537875,13969,47100,0,0,0,113,0,0,50,0,23552527,650573,629100,1212400,23559224,133958,23567357,516073,10932,594,27,0,0,0,10400,0
1785952360.184789341,35865279,0,35626006,0,35428577,13868,46900,0,0,0,0,0,654373851,628742901,35445158,13980,47100,0,0,0,112,0,0,90,0,35460960,650487,628700,1211900,35471122,134062,35480397,515849,10934,595,27,0,0,0,10400,0
1785952361.222119580,47659498,0,47420225,0,47221197,13888,46900,0,0,0,0,0,654376961,628742913,47236984,14000,47100,0,0,0,112,0,0,90,0,47252777,652271,629600,1217000,47260213,134428,47268992,517262,10945,595,27,0,0,0,10400,0
1785952362.250205949,59139210,0,58899938,0,58700822,13942,47000,0,0,0,0,0,654380048,628742923,58714398,14054,47200,0,0,0,113,0,0,90,0,58726901,655897,630900,1232600,58736029,135074,58741866,520246,10986,597,27,0,0,0,10400,0
1785952363.280622054,70672380,0,70433108,0,70234268,13966,47100,0,0,0,0,0,654383140,628742929,70249331,14079,47300,0,0,0,113,0,0,90,0,70263615,657837,631700,1245500,70270861,135541,70279418,521709,11004,599,27,0,0,0,10400,0
1785952364.317052871,82452771,0,82213498,0,82014552,13964,47200,0,0,0,0,0,654386247,628742946,82031492,14077,47400,0,0,0,113,0,0,96,0,82047335,657046,631000,1241100,82057440,135479,82064632,520987,11002,599,27,0,0,0,10400,0
1785952365.350921829,94093499,0,93854226,0,93655490,13983,47300,0,0,0,0,0,654389351,628742962,93670524,14096,47500,0,0,0,113,0,0,100,0,93685677,658433,631700,1245700,93694270,135714,93702388,522128,11012,600,27,0,0,0,10400,0
1785952366.391973021,106074929,0,105835657,0,105636396,13973,47300,0,0,0,0,0,654392477,628742967,105653258,14086,47600,0,0,0,113,0,0,100,0,105669994,656979,630900,1240100,105679452,135488,105688813,520903,11002,600,27,0,0,0,10400,0
1785952367.426256310,117972085,0,117732812,0,117534060,13961,47300,0,0,0,0,0,654395577,628742968,117549660,14075,47600,0,0,0,113,0,0,620,0,117566292,656012,630400,1235400,117575707,135330,117583089,520101,10991,600,27,0,0,0,10400,0
1785952368.455706401,129289274,0,129050001,0,128849994,13996,47500,0,0,0,0,0,654398669,628742975,128863546,14109,47700,0,0,0,113,0,0,881,0,128879296,657977,630900,1246400,128885635,135732,128892961,521657,11017,601,27,0,0,0,10400,0
1785952369.486684955,141003908,0,140764635,0,140565930,13999,47500,0,0,0,0,0,654401757,628742986,140580254,14112,47700,0,0,0,113,0,0,882,0,140595367,657833,630600,1248500,140601799,135769,140610422,521476,11019,601,27,0,0,0,10400,0
1785952370.520955732,152897103,0,152657830,0,152458911,13990,47500,0,0,0,0,0,654404862,628742992,152474528,14103,47700,0,0,0,113,0,0,882,0,152489630,657100,630300,1245500,152497602,135646,152505151,520873,11010,601,27,0,0,0,10400,0
1785952371.553420237,164767751,0,164528478,0,164329292,13982,47500,0,0,0,0,0,654407957,628742992,164344933,14095,47700,0,0,0,113,0,0,886,0,164361150,656451,630000,1242500,164368121,135549,164374738,520317,11003,601,27,0,0,0,10400,0
1785952372.587275819,176664084,0,176424811,0,176226199,13974,47500,0,0,0,0,0,654411061,628743001,176241533,14087,47700,0,0,0,113,0,0,892,0,176256851,655932,629700,1240800,176263075,135468,176272246,519885,10996,600,27,0,0,0,10400,0
1785952373.617418485,188595292,0,188356020,0,188157072,13965,47500,0,0,0,0,0,654414153,628743001,188171988,14078,47700,0,0,0,112,0,0,892,0,188185851,655080,629100,1238400,188194422,135310,188201376,519198,10988,600,27,0,0,0,10400,0
1785952374.650809328,199981005,0,199741732,0,199542533,13977,47500,0,0,0,0,0,654417248,628743011,199556971,14090,47700,0,0,0,113,0,0,1180,0,199571755,656478,629500,1247000,199577686,135579,199585732,520314,10996,601,27,0,0,0,10400,0
1785952375.688648429,211688292,0,211449019,0,211249600,13979,47500,0,0,0,0,0,654420362,628743034,211264761,14092,47700,0,0,0,113,0,0,1271,0,211278291,656865,629600,1249700,211287357,135616,211294178,520666,10997,601,27,0,0,0,10300,0
1785952376.721994933,223605747,0,223366474,0,223167461,13971,47500,0,0,0,0,0,654423462,628743038,223183581,14085,47700,0,0,0,113,0,0,1311,0,223200694,656302,629200,1248400,223208925,135530,223218585,520187,10991,601,27,0,0,0,10300,0
1785952377.754911791,235504164,0,235264891,0,235066170,13966,47500,0,0,0,0,0,654426559,628743041,235082759,14079,47700,0,0,0,113,0,0,1345,0,235097626,655716,628800,1246700,235107592,135488,235114485,519644,10987,601,27,0,0,0,10400,0
1785952378.788250042,247322593,0,247083321,0,246884373,13965,47500,0,0,0,0,0,654429660,628743048,246899613,14078,47700,0,0,0,113,0,0,1345,0,246914597,655551,628800,1246000,246923948,135467,246930689,519500,10985,601,27,0,0,0,10400,0
1785952379.822599850,258968970,0,258729697,0,258530699,13969,47500,0,0,0,0,0,654432761,628743063,258545743,14082,47700,0,0,0,113,0,0,1413,0,258560243,655856,628900,1246800,258568949,135520,258576841,519753,10988,601,27,0,0,0,10400,0
1785952380.862441793,270377162,0,270137889,0,269939406,13979,47600,0,0,0,0,0,654435883,628743078,269956619,14093,47800,0,0,0,113,0,0,1426,0,269972966,657044,629500,1254100,269981427,135698,269990261,520763,10996,601,27,0,0,0,10300,0
1785952381.893293547,282288894,0,282049621,0,281850291,13968,47500,0,0,0,0,0,654438976,628743078,281867105,14081,47700,0,0,0,113,0,0,1426,0,281882594,656775,629400,1253000,281890841,135612,281899474,520581,10985,601,27,0,0,0,10300,0
1785952382.925822459,294172793,0,293933520,0,293734214,13959,47500,0,0,0,0,0,654442071,628743078,293749779,14073,47700,0,0,0,113,0,0,1426,0,293765020,656469,629300,1251500,293772858,135527,293781574,520361,10978,601,27,0,0,0,10300,0
1785952383.958955176,306017791,0,305778518,0,305580049,13958,47500,0,0,0,0,0,654445170,628743097,305596628,14071,47700,0,0,0,113,0,0,1494,0,305613917,656226,629100,1250600,305622795,135500,305631701,520142,10977,601,27,0,0,0,10300,0
1785952384.989033096,317945712,0,317706439,0,317507601,13952,47500,0,0,0,0,0,654448263,628743097,317523912,14065,47700,0,0,0,113,0,0,2072,0,317540414,655823,628900,1249400,317547559,135413,317555534,519826,10972,600,27,0,0,0,10300,0
1785952386.022390398,329375267,0,329135994,0,328937748,13965,47500,0,0,0,0,0,654451360,628743110,328962029,14078,47700,0,0,0,113,0,0,2072,0,328975596,656468,628900,1252200,328984271,135561,328991299,520329,10983,601,27,0,0,0,10300,0
1785952387.053537802,334575921,0,334336648,0,334133519,13976,47500,0,0,0,0,0,654454450,628744662,334133519,14089,47700,0,0,0,113,0,0,2115,0,334138922,657571,629100,1257100,334138922,135752,334138863,521234,10989,601,27,0,0,0,10300,0
1785952388.085627018,334575921,0,334336648,0,334133519,13976,47500,0,0,0,0,0,654457547,628747741,334133519,14089,47700,0,0,0,113,0,0,2115,0,334138926,657571,629100,1257100,334138926,135752,334138863,521234,10989,601,27,0,0,0,10300,0
1785952389.117892580,334575921,0,334336648,0,334133519,13976,47500,0,0,0,0,0,654460642,628750831,334133519,14089,47700,0,0,0,113,0,0,2115,0,334138929,657571,629100,1257100,334138929,135752,334138863,521234,10989,601,27,0,0,0,10300,0
1785952390.150097982,334575921,0,334336648,0,334133519,13976,47500,0,0,0,0,0,654463738,628753922,334133519,14089,47700,0,0,0,113,0,0,2115,0,334138931,657571,629100,1257100,334138931,135752,334138863,521234,10989,601,27,0,0,0,10300,0
1785952391.180626991,334575921,0,334336648,0,334133519,13976,47500,0,0,0,0,0,654466829,628757008,334133519,14089,47700,0,0,0,113,0,0,2115,0,334138933,657571,629100,1257100,334138933,135752,334138863,521234,10989,601,27,0,0,0,10300,0
1785952392.208310430,334575921,0,334336648,0,334133519,13976,47500,0,0,0,0,0,654469911,628760051,334133519,14089,47700,0,0,0,113,0,0,2115,0,334138935,657571,629100,1257100,334138935,135752,334138863,521234,10989,601,27,0,0,0,10300,0
1785952393.238089634,334575921,0,334336648,0,334133519,13976,47500,0,0,0,0,0,654472999,628763034,334133519,14089,47700,0,0,0,113,0,0,2115,0,334138937,657571,629100,1257100,334138937,135752,334138863,521234,10989,601,27,0,0,0,10300,0
1785952394.270174839,334575921,0,334336648,0,334133519,13976,47500,0,0,0,0,0,654476094,628766124,334133519,14089,47700,0,0,0,113,0,0,2115,0,334138939,657571,629100,1257100,334138939,135752,334138863,521234,10989,601,27,0,0,0,10300,0
1785952395.302819681,334575921,0,334336648,0,334133519,13976,47500,0,0,0,0,0,654479190,628769215,334133519,14089,47700,0,0,0,113,0,0,2115,0,334138941,657571,629100,1257100,334138941,135752,334138863,521234,10989,601,27,0,0,0,10300,0
1785952396.336408124,334575921,0,334336648,0,334133519,13976,47500,0,0,0,0,0,654482291,628772311,334133519,14089,47700,0,0,0,113,0,0,2115,0,334138943,657571,629100,1257100,334138943,135752,334138863,521234,10989,601,27,0,0,0,10300,0
1785952397.368880570,334575921,0,334336648,0,334133519,13976,47500,0,0,0,0,0,654485389,628775379,334133519,14089,47700,0,0,0,113,0,0,2115,0,334138945,657571,629100,1257100,334138945,135752,334138863,521234,10989,601,27,0,0,0,10300,0
1785952398.400358311,334575921,0,334336648,0,334133519,13976,47500,0,0,0,0,0,654488482,628778384,334133519,14089,47700,0,0,0,113,0,0,2115,0,334138947,657571,629100,1257100,334138947,135752,334138863,521234,10989,601,27,0,0,0,10300,0
1785952399.433605978,334575921,0,334336648,0,334133519,13976,47500,0,0,0,0,0,654491578,628781420,334133519,14089,47700,0,0,0,113,0,0,2115,0,334138949,657571,629100,1257100,334138949,135752,334138863,521234,10989,601,27,0,0,0,10300,0
1785952400.465881284,334575921,0,334336648,0,334133519,13976,47500,0,0,0,0,0,654494675,628784510,334133519,14089,47700,0,0,0,113,0,0,2115,0,334138951,657571,629100,1257100,334138951,135752,334138863,521234,10989,601,27,0,0,0,10300,0
1785952401.497568856,334575921,0,334336648,0,334133519,13976,47500,0,0,0,0,0,654497769,628787600,334133519,14089,47700,0,0,0,113,0,0,2115,0,334138953,657571,629100,1257100,334138953,135752,334138863,521234,10989,601,27,0,0,0,10300,0
1785952402.529915639,334575921,0,334336648,0,334133519,13976,47500,0,0,0,0,0,654500866,628790690,334133519,14089,47700,0,0,0,113,0,0,2115,0,334138955,657571,629100,1257100,334138955,135752,334138863,521234,10989,601,27,0,0,0,10300,0
1785952403.562530409,334575921,0,334336648,0,334133519,13976,47500,0,0,0,0,0,654503964,628793779,334133519,14089,47700,0,0,0,113,0,0,2115,0,334138957,657571,629100,1257100,334138957,135752,334138863,521234,10989,601,27,0,0,0,10300,0
1785952404.591576888,334575921,0,334336648,0,334133519,13976,47500,0,0,0,0,0,654507058,628796755,334133519,14089,47700,0,0,0,113,0,0,2115,0,334138959,657572,629100,1257100,334138959,135752,334138863,521234,10989,601,27,0,0,0,10300,0
1785952405.622372889,334575921,0,334336648,0,334133519,13976,47500,0,0,0,0,0,654510144,628799818,334133519,14089,47700,0,0,0,113,0,0,2115,0,334138961,657572,629100,1257100,334138961,135752,334138863,521234,10989,601,27,0,0,0,10300,0
1785952406.653573664,334575921,0,334336648,0,334133519,13976,47500,0,0,0,0,0,654513241,628802910,334133519,14089,47700,0,0,0,113,0,0,2115,0,334138963,657572,629100,1257100,334138963,135752,334138863,521234,10989,601,27,0,0,0,10300,0
1785952407.682833519,334575921,0,334336648,0,334133519,13976,47500,0,0,0,0,0,654516323,628805964,334133519,14089,47700,0,0,0,113,0,0,2115,0,334138965,657572,629100,1257100,334138965,135752,334138863,521234,10989,601,27,0,0,0,10300,0
1785952408.715307297,334575921,0,334336648,0,334133519,13976,47500,0,0,0,0,0,654519421,628809056,334133519,14089,47700,0,0,0,113,0,0,2115,0,334138968,657572,629100,1257100,334138968,135752,334138863,521234,10989,601,27,0,0,0,10300,0
1785952409.747085199,334575921,0,334336648,0,334133519,13976,47500,0,0,0,0,0,654522514,628812116,334133519,14089,47700,0,0,0,113,0,0,2115,0,334138972,657572,629100,1257100,334138972,135752,334138863,521234,10989,601,27,0,0,0,10300,0
1785952410.780427130,335746493,130124,335507220,0,335307028,13976,47600,131080,9541,39300,0,0,654525612,628814600,335318775,14090,47800,132403,10930,46300,113,588,835,2115,0,335464164,659503,629600,1271900,335471942,136223,335477220,522694,10989,602,27,8035,1106,23,10300,7000
1785952411.828284563,19957244,996265,19996206,0,8958940,11566,39300,996118,8202,31000,0,0,654528752,628814609,8971297,11747,39700,997459,9429,35900,181,479,749,2115,0,9981760,744161,705300,1508500,9988941,171018,9995157,572431,8944,665,23,6838,860,19,9900,6600
1785952412.861190105,29056789,2007330,29095752,0,18058417,11524,39100,2007114,8244,31200,0,0,654531854,628814618,18070424,11705,39500,2008497,9491,36100,180,478,769,2115,0,20093142,745332,705400,1508700,20098113,170896,20107112,573764,8883,665,23,6863,862,19,9800,6600
1785952413.895220306,38156984,3018462,38195946,0,27159101,11503,39000,3018363,8261,31200,0,0,654534955,628814630,27171233,11684,39300,3019658,9514,36200,181,477,775,2115,0,30204693,746746,707000,1513500,30210882,170530,30219320,575544,8854,665,23,6875,862,19,9800,6600
1785952414.932384421,47249698,4028759,47288661,0,36251368,11487,39000,4028565,8273,31200,0,0,654538057,628814645,36263110,11669,39300,4029887,9531,36300,181,477,780,2115,0,40305853,748026,708000,1518200,40312928,170338,40318807,577001,8835,665,23,6882,863,19,9800,6600
1785952415.965832646,56160034,5018805,56198997,0,45161742,11517,39100,5018663,8305,31300,0,0,654541165,628814658,45174315,11699,39400,5019975,9572,36400,181,477,789,2115,0,50207721,752143,709800,1540200,50215212,170759,50221711,580694,8860,667,23,6914,863,19,9800,6600
1785952416.997055710,65010620,6002203,65049582,0,54012078,11536,39100,6001928,8323,31300,0,0,654544257,628814669,54022738,11718,39400,6003178,9599,36500,182,480,794,2115,0,60038561,755540,712100,1560400,60046328,171244,60052459,583589,8870,668,23,6931,863,19,9800,6600
1785952418.028163239,74029784,7004331,74068746,0,63031059,11527,39000,7004163,8322,31300,0,0,654547348,628814677,63043250,11709,39400,7005496,9599,36500,182,479,797,2115,0,70062347,755511,712100,1560800,70069798,171178,70076113,583621,8864,668,23,6929,863,19,9800,6600
1785952419.062125203,83167495,8019630,83206457,0,72169133,11508,38900,8019485,8317,31300,0,0,654550449,628814685,72181900,11691,39300,8020934,9594,36500,182,478,798,2115,0,80216900,754632,711900,1552600,80224399,170828,80230097,583102,8847,667,23,6925,862,19,9800,6600
1785952420.094820634,92283957,9032567,92322919,0,81285703,11495,38900,9032428,8312,31300,0,0,654553546,628814693,81297577,11678,39200,9033760,9589,36500,182,477,798,2115,0,90345410,753562,711100,1548200,90352714,170618,90359113,582239,8836,666,23,6920,861,19,9800,6600
1785952421.124902461,101390183,10044378,101429145,0,90392151,11485,38900,10044267,8309,31300,0,0,654556635,628814699,90404952,11667,39200,10045724,9587,36500,181,477,799,2115,0,100465658,752845,710400,1545600,100471958,170567,100479493,581576,8827,666,23,6917,861,19,9800,6600
1785952422.153751836,110151310,11017834,110190272,0,99152541,11508,39000,11017466,8327,31400,0,0,654559722,628814718,99162169,11691,39300,11018548,9608,36600,182,478,802,2115,0,110191902,755126,711200,1562100,110196925,171005,110201924,583422,8846,667,23,6932,861,19,9700,6600
1785952423.184292099,119075165,12009371,119114127,0,108076567,11511,39000,12009155,8331,31400,0,0,654562807,628814728,108088096,11694,39300,12010431,9614,36600,182,478,803,2115,0,120110408,756213,712100,1568900,120118768,171151,120124464,584360,8848,667,24,6936,862,19,9700,6600
1785952424.215496258,128179860,13021011,128218823,0,117181438,11502,39000,13020690,8328,31400,0,0,654565902,628814733,117191193,11684,39300,13021764,9611,36600,182,478,804,2115,0,130224070,755756,712000,1565100,130229899,171076,130234045,583977,8840,666,24,6933,862,19,9700,6600
1785952425.247550944,137264231,14030369,137303193,0,126265869,11493,38900,14030163,8325,31400,0,0,654568998,628814737,126277807,11676,39300,14031513,9609,36600,182,478,804,2115,0,140321797,755289,711800,1562400,140329310,171011,140334854,583578,8833,666,23,6931,861,19,9700,6600
1785952426.277864324,146353841,15040335,146392803,0,135355238,11486,38900,15040016,8323,31300,0,0,654572085,628814750,135365387,11669,39200,15041180,9606,36600,182,477,804,2115,0,150418802,755152,711800,1560500,150423896,170951,150429199,583498,8828,666,23,6929,861,19,9700,6600
1785952427.307377582,155395812,16045001,155434774,0,144397338,11482,38900,16044754,8324,31400,0,0,654575175,628814751,144407955,11665,39200,16045927,9607,36600,182,477,805,2115,0,160466411,754711,711600,1557100,160472156,170875,160479609,583140,8824,666,23,6930,861,19,9700,6600
1785952428.343750038,164162519,17019082,164201481,0,153163839,11499,39000,17018741,8336,31400,0,0,654578279,628814760,153173583,11682,39300,17019810,9623,36600,182,478,808,2115,0,170204959,756354,712300,1568400,170209998,171186,170216292,584458,8837,667,23,6940,862,19,9700,6600
1785952429.381841735,173223249,18025822,173262212,0,162224844,11496,38900,18025619,8334,31400,0,0,654581381,628814767,162236487,11679,39300,18026924,9622,36600,182,478,808,2115,0,180276733,756115,712100,1568300,180284873,171143,180292386,584267,8834,667,23,6940,862,19,9700,6600
1785952430.415553705,182357770,19040774,182396732,0,171359693,11492,38900,19040598,8334,31400,0,0,654584492,628814776,171370939,11675,39200,19041899,9621,36600,182,478,808,2115,0,190425520,755681,711700,1566000,190433662,171079,190440460,583901,8830,666,23,6939,862,19,9700,6600
1785952431.445832760,191373558,20042526,191412520,0,180375119,11490,38900,20042334,8334,31400,0,0,654587581,628814790,180386442,11673,39200,20043538,9621,36600,182,478,808,2115,0,200442442,755301,711400,1564400,200449120,171020,200455907,583576,8829,666,24,6939,861,19,9700,6600
1785952432.474963059,200480536,21054408,200519499,0,189482113,11484,38900,21054149,8331,31400,0,0,654590666,628814795,189492194,11667,39200,21055235,9618,36600,182,477,808,2115,0,210559304,754934,711200,1562300,210564451,170962,210569144,583270,8823,666,24,6937,861,19,9700,6600
1785952433.510719546,209454245,22051490,209493207,0,198456181,11485,38900,22052313,8332,31400,0,0,654593774,628814814,198492896,11668,39200,22055363,9619,36600,182,477,808,2115,0,220564480,754903,711000,1562900,220588548,171009,220595102,583187,8826,666,24,6939,862,19,9700,6600
1785952434.538744675,218245103,23028257,218284065,0,207246760,11495,38900,23027959,8340,31400,1,0,654596856,628814823,207256872,11678,39300,23029066,9628,36700,182,478,809,2115,0,230296797,755944,711500,1568800,230302896,171176,230307875,584067,8832,666,24,6945,862,19,9700,6600
1785952435.569489426,227320495,24036628,227359457,0,216321794,11491,38900,24036410,8339,31400,1,0,654599948,628814823,216333171,11674,39200,24037630,9627,36700,182,478,809,2115,0,240382968,755960,711800,1567200,240389380,171174,240395883,584083,8829,666,24,6944,862,19,9700,6600
1785952436.604865279,236444805,25050444,236483768,0,225446751,11486,38900,25050285,8337,31400,1,0,654603055,628814829,225458090,11670,39200,25051535,9624,36700,182,477,809,2115,0,250521788,755719,711800,1565300,250530730,171119,250536899,583899,8826,666,24,6942,862,19,9700,6600
1785952437.639126719,245476473,26053968,245515435,0,234478258,11486,38900,26053838,8336,31400,1,0,654606157,628814858,234490075,11669,39200,26055082,9624,36600,182,477,808,2115,0,260558828,755754,711700,1564900,260566109,171118,260572791,583933,8825,666,24,6942,861,19,9700,6600
1785952438.669081040,254459422,27052070,254498384,0,243460785,11486,38800,27051737,8336,31400,1,0,654609248,628814873,243470593,11669,39200,27052844,9624,36600,182,477,809,2115,0,270534156,755580,711500,1564900,270541285,171114,270545504,583768,8825,666,24,6942,861,19,9700,6600
1785952439.705230623,263306896,28035119,263345858,0,252308319,11492,38800,28034857,8341,31400,1,0,654612354,628814891,252318820,11676,39200,28036023,9630,36600,183,478,809,2115,0,280367306,756186,711800,1569500,280372363,171225,280379610,584259,8831,666,24,6947,861,19,9700,6600
1785952440.729292185,271160050,28907695,271199012,0,260158456,11496,38900,28906488,8345,31400,1,0,654615429,628815265,260158374,11680,39200,28906488,9634,36700,183,478,810,2115,0,289071075,756527,711900,1572200,289071075,171315,289071016,584509,8833,666,24,6949,862,19,9700,6600
1785952441.747769893,271160050,28907695,271199012,0,260158456,11496,38900,28906488,8345,31400,1,0,654618481,628818313,260158374,11680,39200,28906488,9634,36700,183,478,810,2115,0,289071079,756527,711900,1572200,289071079,171315,289071016,584509,8833,666,24,6949,862,19,9700,6600
1785952442.775062335,271160050,28907695,271199012,0,260158456,11496,38900,28906488,8345,31400,1,0,654621558,628821386,260158374,11680,39200,28906488,9634,36700,183,478,810,2115,0,289071082,756527,711900,1572200,289071082,171315,289071016,584509,8833,666,24,6949,862,19,9700,6600
1785952443.807608524,271160050,28907695,271199012,0,260158456,11496,38900,28906488,8345,31400,1,0,654624658,628824480,260158374,11680,39200,28906488,9634,36700,183,478,810,2115,0,289071084,756527,711900,1572200,289071084,171315,289071016,584509,8833,666,24,6949,862,19,9700,6600
1785952444.839381282,271160050,28907695,271199012,0,260158456,11496,38900,28906488,8345,31400,1,0,654627751,628827568,260158374,11680,39200,28906488,9634,36700,183,478,810,2115,0,289071086,756527,711900,1572200,289071086,171315,289071016,584509,8833,666,24,6949,862,19,9700,6600
1785952445.867391039,271160050,28907695,271199012,0,260158456,11496,38900,28906488,8345,31400,1,0,654630835,628830538,260158374,11680,39200,28906488,9634,36700,183,478,810,2115,0,289071088,756527,711900,1572200,289071088,171315,289071016,584509,8833,666,24,6949,862,19,9700,6600
1785952446.898915712,271160050,28907695,271199012,0,260158456,11496,38900,28906488,8345,31400,1,0,654633929,628833599,260158374,11680,39200,28906488,9634,36700,183,478,810,2115,0,289071090,756527,711900,1572200,289071090,171315,289071016,584509,8833,666,24,6949,862,19,9700,6600
1785952447.925450313,271160050,28907695,271199012,0,260158456,11496,38900,28906488,8345,31400,1,0,654637015,628836677,260158374,11680,39200,28906488,9634,36700,183,478,810,2115,0,289071092,756527,711900,1572200,289071092,171315,289071016,584509,8833,666,24,6949,862,19,9700,6600
1785952448.955200040,271160050,28907695,271199012,0,260158456,11496,38900,28906488,8345,31400,1,0,654640096,628839703,260158374,11680,39200,28906488,9634,36700,183,478,810,2115,0,289071094,756527,711900,1572200,289071094,171315,289071016,584509,8833,666,24,6949,862,19,9700,6600
1785952449.987268858,271160050,28907695,271199012,0,260158456,11496,38900,28906488,8345,31400,1,0,654643190,628842793,260158374,11680,39200,28906488,9634,36700,183,478,810,2115,0,289071096,756527,711900,1572200,289071096,171315,289071016,584509,8833,666,24,6949,862,19,9700,6600
1785952451.019402772,271160050,28907695,271199012,0,260158456,11496,38900,28906488,8345,31400,1,0,654646287,628845878,260158374,11680,39200,28906488,9634,36700,183,478,810,2115,0,289071098,756527,711900,1572200,289071098,171315,289071016,584509,8833,666,24,6949,862,19,9700,6600
1785952452.047743962,271160050,28907695,271199012,0,260158456,11496,38900,28906488,8345,31400,1,0,654649370,628848833,260158374,11680,39200,28906488,9634,36700,183,478,810,2115,0,289071100,756527,711900,1572200,289071100,171315,289071016,584509,8833,666,24,6949,862,19,9700,6600
1785952453.080412399,271160050,28907695,271199012,0,260158456,11496,38900,28906488,8345,31400,1,0,654652466,628851923,260158374,11680,39200,28906488,9634,36700,183,478,810,2115,0,289071102,756527,711900,1572200,289071102,171315,289071016,584509,8833,666,24,6949,862,19,9700,6600
1785952454.113381787,271160050,28907695,271199012,0,260158456,11496,38900,28906488,8345,31400,1,0,654655566,628855017,260158374,11680,39200,28906488,9634,36700,183,478,810,2115,0,289071104,756527,711900,1572200,289071104,171315,289071016,584509,8833,666,24,6949,862,19,9700,6600
1785952455.145066124,271160050,28907695,271199012,0,260158456,11496,38900,28906488,8345,31400,1,0,654658662,628858107,260158374,11680,39200,28906488,9634,36700,183,478,810,2115,0,289071106,756527,711900,1572200,289071106,171315,289071016,584509,8833,666,24,6949,862,19,9700,6600
1785952456.174555926,271160050,28907695,271199012,0,260158456,11496,38900,28906488,8345,31400,1,0,654661752,628861193,260158374,11680,39200,28906488,9634,36700,183,478,810,2115,0,289071108,756527,711900,1572200,289071108,171315,289071016,584509,8833,666,24,6949,862,19,9700,6600
1785952457.203224022,271160050,28907695,271199012,0,260158456,11496,38900,28906488,8345,31400,1,0,654664841,628864242,260158374,11680,39200,28906488,9634,36700,183,478,810,2115,0,289071110,756527,711900,1572200,289071110,171315,289071016,584509,8833,666,24,6949,862,19,9700,6600
1785952458.232944839,271160050,28907695,271199012,0,260158456,11496,38900,28906488,8345,31400,1,0,654667919,628867219,260158374,11680,39200,28906488,9634,36700,183,478,810,2115,0,289071112,756527,711900,1572200,289071112,171315,289071016,584509,8833,666,24,6949,862,19,9700,6600
1785952459.265340792,271160050,28907695,271199012,0,260158456,11496,38900,28906488,8345,31400,1,0,654671016,628870287,260158374,11680,39200,28906488,9634,36700,183,478,810,2115,0,289071114,756527,711900,1572200,289071114,171315,289071016,584509,8833,666,24,6949,862,19,9700,6600
1785952460.297791626,271160050,28907695,271199012,0,260158456,11496,38900,28906488,8345,31400,1,0,654674111,628873377,260158374,11680,39200,28906488,9634,36700,183,478,810,2115,0,289071116,756527,711900,1572200,289071116,171315,289071016,584509,8833,666,24,6949,862,19,9700,6600
1785952461.330437483,271160050,28907695,271199012,0,260158456,11496,38900,28906488,8345,31400,1,0,654677209,628876469,260158374,11680,39200,28906488,9634,36700,183,478,810,2115,0,289071118,756527,711900,1572200,289071118,171315,289071016,584509,8833,666,24,6949,862,19,9700,6600
1785952462.364503290,271160050,28907695,271199012,0,260158456,11496,38900,28906488,8345,31400,1,0,654680311,628879565,260158374,11680,39200,28906488,9634,36700,183,478,810,2115,0,289071120,756527,711900,1572200,289071120,171315,289071016,584509,8833,666,24,6949,862,19,9700,6600
1785952463.395586429,271160050,28907695,271199012,0,260158456,11496,38900,28906488,8345,31400,1,0,654683403,628882572,260158374,11680,39200,28906488,9634,36700,183,478,810,2115,0,289071123,756527,711900,1572200,289071123,171315,289071016,584509,8833,666,24,6949,862,19,9700,6600
1785952464.428429008,271160050,28907695,271199012,0,260158456,11496,38900,28906488,8345,31400,1,0,654686499,628885603,260158374,11680,39200,28906488,9634,36700,183,478,810,2115,0,289071127,756527,711900,1572200,289071127,171315,289071016,584509,8833,666,24,6949,862,19,9700,6600
1785952465.473583233,271160050,33168690,271199012,0,260158456,11496,38900,33172727,8221,31400,1,0,654689620,628886429,260158374,11680,39200,33179397,9444,36300,183,501,720,2115,0,293335900,779263,718600,2071000,293338705,175201,293343045,603387,8833,666,24,6786,885,19,9700,6400
1785952466.553562574,0,6024400,0,0,0,0,0,6021067,7169,30600,0,0,654692857,628886438,0,0,0,6027721,7929,32100,0,646,114,2115,0,6032900,2252464,2077900,18446744073709551616,6036633,424768,6039528,1826474,0,0,0,5520,1005,16,0,6000
1785952467.596222772,0,12021223,0,0,0,0,0,12017937,7173,30600,0,0,654695978,628886443,0,0,0,12024756,7932,32100,0,644,114,2115,0,12027491,2252940,2079800,18446744073709551616,12032732,424689,12035206,1827138,0,0,0,5513,1005,16,0,6000
1785952468.640638936,0,18056882,0,0,0,0,0,18054605,7175,30600,0,0,654699103,628886452,0,0,0,18061855,7933,32100,0,643,114,2115,0,18066332,2254878,2080200,18446744073709551616,18069691,424851,18074040,1828915,0,0,0,5512,1005,16,0,6000
1785952469.684489660,0,23784190,0,0,0,0,0,23781015,7238,30800,0,0,654702226,628886508,0,0,0,23787759,8002,32300,0,649,114,2115,0,23789732,2283238,2090100,18446744073709551616,23794615,429409,23799017,1852916,0,0,0,5573,1004,16,0,5900
1785952470.723921468,0,29762840,0,0,0,0,0,29760051,7225,30700,0,0,654705329,628886521,0,0,0,29766739,7988,32200,0,647,114,2115,0,29769612,2277875,2088100,18446744073709551616,29774530,428448,29777615,1848248,0,0,0,5559,1004,16,0,5900
1785952471.745983617,0,34035187,0,0,0,0,0,34026906,7221,30700,0,0,654708400,628887402,0,0,0,34026907,7982,32200,0,645,113,2115,0,34037928,2274251,2086000,18446744073709551616,34037929,427938,34037915,1845154,0,0,0,5551,1004,16,0,5900
1785952472.768475469,0,34035187,0,0,0,0,0,34026906,7221,30700,0,0,654711463,628890461,0,0,0,34026907,7982,32200,0,645,113,2115,0,34037930,2274251,2086000,18446744073709551616,34037931,427938,34037915,1845154,0,0,0,5551,1004,16,0,5900
1785952473.801121259,0,34035187,0,0,0,0,0,34026906,7221,30700,0,0,654714558,628893551,0,0,0,34026907,7982,32200,0,645,113,2115,0,34037932,2274251,2086000,18446744073709551616,34037933,427938,34037915,1845154,0,0,0,5551,1004,16,0,5900
1785952474.833920564,0,34035187,0,0,0,0,0,34026906,7221,30700,0,0,654717656,628896612,0,0,0,34026907,7982,32200,0,645,113,2115,0,34037934,2274251,2086000,18446744073709551616,34037935,427938,34037915,1845154,0,0,0,5551,1004,16,0,5900
1785952475.866132658,0,34035187,0,0,0,0,0,34026906,7221,30700,0,0,654720751,628899599,0,0,0,34026907,7982,32200,0,645,113,2115,0,34037936,2274251,2086000,18446744073709551616,34037937,427938,34037915,1845154,0,0,0,5551,1004,16,0,5900
1785952476.898422861,0,34035187,0,0,0,0,0,34026906,7221,30700,0,0,654723845,628902688,0,0,0,34026907,7982,32200,0,645,113,2115,0,34037938,2274252,2086000,18446744073709551616,34037939,427939,34037915,1845154,0,0,0,5551,1004,16,0,5900
1785952477.930938569,0,34035187,0,0,0,0,0,34026906,7221,30700,0,0,654726942,628905780,0,0,0,34026907,7982,32200,0,645,113,2115,0,34037940,2274252,2086000,18446744073709551616,34037941,427939,34037915,1845154,0,0,0,5551,1004,16,0,5900
1785952478.962156202,0,34035187,0,0,0,0,0,34026906,7221,30700,0,0,654730035,628908868,0,0,0,34026907,7982,32200,0,645,113,2115,0,34037942,2274252,2086000,18446744073709551616,34037943,427939,34037915,1845154,0,0,0,5551,1004,16,0,5900
1785952479.994991467,0,34035187,0,0,0,0,0,34026906,7221,30700,0,0,654733133,628911938,0,0,0,34026907,7982,32200,0,645,113,2115,0,34037944,2274252,2086000,18446744073709551616,34037945,427939,34037915,1845154,0,0,0,5551,1004,16,0,5900
1785952481.026472680,0,34035187,0,0,0,0,0,34026906,7221,30700,0,0,654736220,628914945,0,0,0,34026907,7982,32200,0,645,113,2115,0,34037946,2274252,2086000,18446744073709551616,34037947,427939,34037915,1845154,0,0,0,5551,1004,16,0,5900
1785952482.057228334,0,34035187,0,0,0,0,0,34026906,7221,30700,0,0,654739315,628917977,0,0,0,34026907,7982,32200,0,645,113,2115,0,34037948,2274253,2086000,18446744073709551616,34037949,427939,34037915,1845154,0,0,0,5551,1004,16,0,5900
1785952483.087509495,0,34035187,0,0,0,0,0,34026906,7221,30700,0,0,654742406,628921061,0,0,0,34026907,7982,32200,0,645,113,2115,0,34037950,2274253,2086000,18446744073709551616,34037951,427939,34037915,1845154,0,0,0,5551,1004,16,0,5900
1785952484.119951209,0,34035187,0,0,0,0,0,34026906,7221,30700,0,0,654745503,628924152,0,0,0,34026907,7982,32200,0,645,113,2115,0,34037952,2274253,2086000,18446744073709551616,34037953,427939,34037915,1845154,0,0,0,5551,1004,16,0,5900
1785952485.157013861,0,34035187,0,0,0,0,0,34026906,7221,30700,0,0,654748611,628927255,0,0,0,34026907,7982,32200,0,645,113,2115,0,34037954,2274253,2086000,18446744073709551616,34037955,427940,34037915,1845154,0,0,0,5551,1004,16,0,5900
1785952486.187235169,0,34035187,0,0,0,0,0,34026906,7221,30700,0,0,654751707,628930343,0,0,0,34026907,7982,32200,0,645,113,2115,0,34037956,2274253,2086000,18446744073709551616,34037957,427940,34037915,1845154,0,0,0,5551,1004,16,0,5900
1785952487.218422768,0,34035187,0,0,0,0,0,34026906,7221,30700,0,0,654754794,628933312,0,0,0,34026907,7982,32200,0,645,113,2115,0,34037958,2274253,2086000,18446744073709551616,34037959,427940,34037915,1845154,0,0,0,5551,1004,16,0,5900
1785952488.251706375,0,34035187,0,0,0,0,0,34026906,7221,30700,0,0,654757893,628936387,0,0,0,34026907,7982,32200,0,645,113,2115,0,34037960,2274254,2086000,18446744073709551616,34037961,427940,34037915,1845154,0,0,0,5551,1004,16,0,5900
1785952489.284783578,0,34035187,0,0,0,0,0,34026906,7221,30700,0,0,654760991,628939479,0,0,0,34026907,7982,32200,0,645,113,2115,0,34037962,2274254,2086000,18446744073709551616,34037963,427940,34037915,1845154,0,0,0,5551,1004,16,0,5900
1785952490.318112441,0,34035187,0,0,0,0,0,34026906,7221,30700,0,0,654764089,628942549,0,0,0,34026907,7982,32200,0,645,113,2115,0,34037964,2274254,2086000,18446744073709551616,34037965,427940,34037915,1845154,0,0,0,5551,1004,16,0,5900
1785952491.351129073,0,34035187,0,0,0,0,0,34026906,7221,30700,0,0,654767187,628945642,0,0,0,34026907,7982,32200,0,645,113,2115,0,34037966,2274254,2086000,18446744073709551616,34037967,427940,34037915,1845154,0,0,0,5551,1004,16,0,5900
1785952492.382984941,0,34035187,0,0,0,0,0,34026906,7221,30700,0,0,654770283,628948715,0,0,0,34026907,7982,32200,0,645,113,2115,0,34037968,2274254,2086000,18446744073709551616,34037969,427941,34037915,1845154,0,0,0,5551,1004,16,0,5900
1785952493.414588891,0,34035187,0,0,0,0,0,34026906,7221,30700,0,0,654773373,628951683,0,0,0,34026907,7982,32200,0,645,113,2115,0,34037970,2274254,2086000,18446744073709551616,34037971,427941,34037915,1845154,0,0,0,5551,1004,16,0,5900
1785952494.446342525,0,34035187,0,0,0,0,0,34026906,7221,30700,0,0,654776466,628954772,0,0,0,34026907,7982,32200,0,645,113,2115,0,34037972,2274255,2086000,18446744073709551616,34037973,427941,34037915,1845154,0,0,0,5551,1004,16,0,5900
1785952495.479362558,0,34035187,0,0,0,0,0,34026906,7221,30700,0,0,654779565,628957864,0,0,0,34026907,7982,32200,0,645,113,2115,0,34037974,2274255,2086000,18446744073709551616,34037975,427941,34037915,1845154,0,0,0,5551,1004,16,0,5900
1785952496.511134960,0,34035187,0,0,0,0,0,34026906,7221,30700,0,0,654782659,628960953,0,0,0,34026907,7982,32200,0,645,113,2115,0,34037976,2274255,2086000,18446744073709551616,34037977,427941,34037915,1845154,0,0,0,5551,1004,16,0,5900
1785952497.540173305,0,34035187,0,0,0,0,0,34026906,7221,30700,0,0,654785747,628964035,0,0,0,34026907,7982,32200,0,645,113,2115,0,34037978,2274255,2086000,18446744073709551616,34037979,427941,34037915,1845154,0,0,0,5551,1004,16,0,5900
1785952498.572845705,0,34035187,0,0,0,0,0,34026906,7221,30700,0,0,654788844,628967064,0,0,0,34026907,7982,32200,0,645,113,2115,0,34037980,2274255,2086000,18446744073709551616,34037981,427941,34037915,1845154,0,0,0,5551,1004,16,0,5900
1785952499.606928934,0,34035187,0,0,0,0,0,34026906,7221,30700,0,0,654791943,628970088,0,0,0,34026907,7982,32200,0,645,113,2115,0,34037982,2274256,2086000,18446744073709551616,34037983,427941,34037915,1845154,0,0,0,5551,1004,16,0,5900
1785952500.640303296,0,34035187,0,0,0,0,0,34026906,7221,30700,0,0,654795042,628973158,0,0,0,34026907,7982,32200,0,645,113,2115,0,34037984,2274256,2086000,18446744073709551616,34037985,427942,34037915,1845154,0,0,0,5551,1004,16,0,5900
1785952501.673249936,0,34035187,0,0,0,0,0,34026906,7221,30700,0,0,654798140,628976249,0,0,0,34026907,7982,32200,0,645,113,2115,0,34037986,2274256,2086000,18446744073709551616,34037987,427942,34037915,1845154,0,0,0,5551,1004,16,0,5900
1785952502.705475954,0,34035187,0,0,0,0,0,34026906,7221,30700,0,0,654801238,628979342,0,0,0,34026907,7982,32200,0,645,113,2115,0,34037988,2274256,2086000,18446744073709551616,34037989,427942,34037915,1845154,0,0,0,5551,1004,16,0,5900
1785952503.736487999,0,34035187,0,0,0,0,0,34026906,7221,30700,0,0,654804327,628982427,0,0,0,34026907,7982,32200,0,645,113,2115,0,34037990,2274256,2086000,18446744073709551616,34037991,427942,34037915,1845154,0,0,0,5551,1004,16,0,5900
1785952504.768909748,0,34035187,0,0,0,0,0,34026906,7221,30700,0,0,654807423,628985402,0,0,0,34026907,7982,32200,0,645,113,2115,0,34037992,2274256,2086000,18446744073709551616,34037993,427942,34037915,1845154,0,0,0,5551,1004,16,0,5900
1785952505.800067039,0,34035187,0,0,0,0,0,34026906,7221,30700,0,0,654810516,628988467,0,0,0,34026907,7982,32200,0,645,113,2115,0,34037994,2274257,2086000,18446744073709551616,34037995,427942,34037915,1845154,0,0,0,5551,1004,16,0,5900
1785952506.831310820,0,34035187,0,0,0,0,0,34026906,7221,30700,0,0,654813610,628991556,0,0,0,34026907,7982,32200,0,645,113,2115,0,34037996,2274257,2086000,18446744073709551616,34037997,427942,34037915,1845154,0,0,0,5551,1004,16,0,5900
1785952507.864161512,0,34035187,0,0,0,0,0,34026906,7221,30700,0,0,654816707,628994647,0,0,0,34026907,7982,32200,0,645,113,2115,0,34037998,2274257,2086000,18446744073709551616,34037999,427942,34037915,1845154,0,0,0,5551,1004,16,0,5900
1785952508.889505764,0,34035187,0,0,0,0,0,34026906,7221,30700,0,0,654819789,628997723,0,0,0,34026907,7982,32200,0,645,113,2115,0,34038000,2274257,2086000,18446744073709551616,34038001,427943,34037915,1845154,0,0,0,5551,1004,16,0,5900
1785952509.919883921,0,34035187,0,0,0,0,0,34026906,7221,30700,0,0,654822876,629000800,0,0,0,34026907,7982,32200,0,645,113,2115,0,34038002,2274257,2086000,18446744073709551616,34038003,427943,34037915,1845154,0,0,0,5551,1004,16,0,5900
1785952510.949129950,0,34035187,0,0,0,0,0,34026906,7221,30700,0,0,654825962,629003670,0,0,0,34026907,7982,32200,0,645,113,2115,0,34038004,2274257,2086000,18446744073709551616,34038005,427943,34037915,1845154,0,0,0,5551,1004,16,0,5900
1785952511.980297433,0,34035187,0,0,0,0,0,34026906,7221,30700,0,0,654829049,629006731,0,0,0,34026907,7982,32200,0,645,113,2115,0,34038006,2274258,2086000,18446744073709551616,34038007,427943,34037915,1845154,0,0,0,5551,1004,16,0,5900
1785952513.012454199,0,34035187,0,0,0,0,0,34026906,7221,30700,0,0,654832147,629009821,0,0,0,34026907,7982,32200,0,645,113,2115,0,34038008,2274258,2086000,18446744073709551616,34038009,427943,34037915,1845154,0,0,0,5551,1004,16,0,5900
1785952514.044407901,0,34035187,0,0,0,0,0,34026906,7221,30700,0,0,654835240,629012911,0,0,0,34026907,7982,32200,0,645,113,2115,0,34038010,2274258,2086000,18446744073709551616,34038011,427943,34037915,1845154,0,0,0,5551,1004,16,0,5900
1785952515.076982864,0,34035187,0,0,0,0,0,34026906,7221,30700,0,0,654838338,629016003,0,0,0,34026907,7982,32200,0,645,113,2115,0,34038012,2274258,2086000,18446744073709551616,34038013,427943,34037915,1845154,0,0,0,5551,1004,16,0,5900
1785952516.109198498,0,34035187,0,0,0,0,0,34026906,7221,30700,0,0,654841435,629019089,0,0,0,34026907,7982,32200,0,645,113,2115,0,34038014,2274258,2086000,18446744073709551616,34038015,427943,34037915,1845154,0,0,0,5551,1004,16,0,5900
1785952517.139270342,0,34035187,0,0,0,0,0,34026906,7221,30700,0,0,654844522,629022044,0,0,0,34026907,7982,32200,0,645,113,2115,0,34038016,2274258,2086000,18446744073709551616,34038017,427944,34037915,1845154,0,0,0,5551,1004,16,0,5900
1785952518.169000906,0,34035187,0,0,0,0,0,34026906,7221,30700,0,0,654847609,629025127,0,0,0,34026907,7982,32200,0,645,113,2115,0,34038018,2274259,2086000,18446744073709551616,34038019,427944,34037915,1845154,0,0,0,5551,1004,16,0,5900
1785952519.206103964,0,34035187,0,0,0,0,0,34026906,7221,30700,0,0,654850721,629028233,0,0,0,34026907,7982,32200,0,645,113,2115,0,34038020,2274259,2086000,18446744073709551616,34038021,427944,34037915,1845154,0,0,0,5551,1004,16,0,5900
1785952520.239265873,0,34035187,0,0,0,0,0,34026906,7221,30700,0,0,654853819,629031326,0,0,0,34026907,7982,32200,0,645,113,2115,0,34038022,2274259,2086000,18446744073709551616,34038023,427944,34037915,1845154,0,0,0,5551,1004,16,0,5900
1785952521.272782677,0,34035187,0,0,0,0,0,34026906,7221,30700,0,0,654856918,629034393,0,0,0,34026907,7982,32200,0,645,113,2115,0,34038024,2274259,2086000,18446744073709551616,34038025,427944,34037915,1845154,0,0,0,5551,1004,16,0,5900
1785952522.303823652,0,34035187,0,0,0,0,0,34026906,7221,30700,0,0,654860013,629037444,0,0,0,34026907,7982,32200,0,645,113,2115,0,34038026,2274259,2086000,18446744073709551616,34038027,427944,34037915,1845154,0,0,0,5551,1004,16,0,5900
1785952523.336987748,0,34035187,0,0,0,0,0,34026906,7221,30700,0,0,654863110,629040434,0,0,0,34026907,7982,32200,0,645,113,2115,0,34038028,2274260,2086000,18446744073709551616,34038029,427944,34037915,1845154,0,0,0,5551,1004,16,0,5900
1785952524.369694711,0,34035187,0,0,0,0,0,34026906,7221,30700,0,0,654866206,629043526,0,0,0,34026907,7982,32200,0,645,113,2115,0,34038030,2274260,2086000,18446744073709551616,34038031,427944,34037915,1845154,0,0,0,5551,1004,16,0,5900
1785952525.401605471,0,34035187,0,0,0,0,0,34026906,7221,30700,0,0,654869300,629046614,0,0,0,34026907,7982,32200,0,645,113,2115,0,34038032,2274260,2086000,18446744073709551616,34038033,427945,34037915,1845154,0,0,0,5551,1004,16,0,5900
1785952526.434298636,0,34035187,0,0,0,0,0,34026906,7221,30700,0,0,654872397,629049706,0,0,0,34026907,7982,32200,0,645,113,2115,0,34038034,2274260,2086000,18446744073709551616,34038035,427945,34037915,1845154,0,0,0,5551,1004,16,0,5900
1785952527.466935003,0,34035187,0,0,0,0,0,34026906,7221,30700,0,0,654875496,629052798,0,0,0,34026907,7982,32200,0,645,113,2115,0,34038036,2274260,2086000,18446744073709551616,34038037,427945,34037915,1845154,0,0,0,5551,1004,16,0,5900
1785952528.499782035,0,34035187,0,0,0,0,0,34026906,7221,30700,0,0,654878591,629055809,0,0,0,34026907,7982,32200,0,645,113,2115,0,34038038,2274261,2086000,18446744073709551616,34038039,427945,34037915,1845154,0,0,0,5551,1004,16,0,5900
1785952529.530528444,0,34035187,0,0,0,0,0,34026906,7221,30700,0,0,654881686,629058844,0,0,0,34026907,7982,32200,0,645,113,2115,0,34038040,2274261,2086000,18446744073709551616,34038041,427945,34037915,1845154,0,0,0,5551,1004,16,0,5900
1785952530.555896137,0,34035187,0,0,0,0,0,34026906,7221,30700,0,0,654884759,629061913,0,0,0,34026907,7982,32200,0,645,113,2115,0,34038042,2274261,2086000,18446744073709551616,34038043,427945,34037915,1845154,0,0,0,5551,1004,16,0,5900
1785952531.587964591,0,34035187,0,0,0,0,0,34026906,7221,30700,0,0,654887850,629064975,0,0,0,34026907,7982,32200,0,645,113,2115,0,34038044,2274261,2086000,18446744073709551616,34038045,427945,34037915,1845154,0,0,0,5551,1004,16,0,5900
1785952532.621162426,0,34035187,0,0,0,0,0,34026906,7221,30700,0,0,654890948,629068068,0,0,0,34026907,7982,32200,0,645,113,2115,0,34038046,2274261,2086000,18446744073709551616,34038047,427945,34037915,1845154,0,0,0,5551,1004,16,0,5900
1785952533.652999768,0,34035187,0,0,0,0,0,34026906,7221,30700,0,0,654894044,629071156,0,0,0,34026907,7982,32200,0,645,113,2115,0,34038048,2274261,2086000,18446744073709551616,34038049,427946,34037915,1845154,0,0,0,5551,1004,16,0,5900
1785952534.683059606,0,34035187,0,0,0,0,0,34026906,7221,30700,0,0,654897136,629074132,0,0,0,34026907,7982,32200,0,645,113,2115,0,34038050,2274262,2086000,18446744073709551616,34038051,427946,34037915,1845154,0,0,0,5551,1004,16,0,5900
1785952535.716456822,0,34035187,0,0,0,0,0,34026906,7221,30700,0,0,654900237,629077212,0,0,0,34026907,7982,32200,0,645,113,2115,0,34038052,2274262,2086000,18446744073709551616,34038053,427946,34037915,1845154,0,0,0,5551,1004,16,0,5900
1785952536.748804279,0,34035187,0,0,0,0,0,34026906,7221,30700,0,0,654903334,629080303,0,0,0,34026907,7982,32200,0,645,113,2115,0,34038054,2274262,2086000,18446744073709551616,34038055,427946,34037915,1845154,0,0,0,5551,1004,16,0,5900
1785952537.781588338,0,34035187,0,0,0,0,0,34026906,7221,30700,0,0,654906432,629083395,0,0,0,34026907,7982,32200,0,645,113,2115,0,34038056,2274262,2086000,18446744073709551616,34038057,427946,34037915,1845154,0,0,0,5551,1004,16,0,5900
1785952538.814615950,0,34035187,0,0,0,0,0,34026906,7221,30700,0,0,654909530,629086487,0,0,0,34026907,7982,32200,0,645,113,2115,0,34038058,2274262,2086000,18446744073709551616,34038059,427946,34037915,1845154,0,0,0,5551,1004,16,0,5900
1785952539.846309485,0,34035187,0,0,0,0,0,34026906,7221,30700,0,0,654912623,629089548,0,0,0,34026907,7982,32200,0,645,113,2115,0,34038060,2274262,2086000,18446744073709551616,34038061,427946,34037915,1845154,0,0,0,5551,1004,16,0,5900
1785952540.878192053,0,34035187,0,0,0,0,0,34026906,7221,30700,0,0,654915715,629092526,0,0,0,34026907,7982,32200,0,645,113,2115,0,34038062,2274263,2086000,18446744073709551616,34038063,427946,34037915,1845154,0,0,0,5551,1004,16,0,5900
1785952541.910444359,0,34035187,0,0,0,0,0,34026906,7221,30700,0,0,654918811,629095594,0,0,0,34026907,7982,32200,0,645,113,2115,0,34038064,2274263,2086000,18446744073709551616,34038065,427947,34037915,1845154,0,0,0,5551,1004,16,0,5900
1785952542.943202566,0,34035187,0,0,0,0,0,34026906,7221,30700,0,0,654921910,629098687,0,0,0,34026907,7982,32200,0,645,113,2115,0,34038066,2274263,2086000,18446744073709551616,34038067,427947,34037915,1845154,0,0,0,5551,1004,16,0,5900
1785952543.975833037,0,34035187,0,0,0,0,0,34026906,7221,30700,0,0,654925006,629101778,0,0,0,34026907,7982,32200,0,645,113,2115,0,34038068,2274263,2086000,18446744073709551616,34038069,427947,34037915,1845154,0,0,0,5551,1004,16,0,5900
1785952545.008831797,0,34035187,0,0,0,0,0,34026906,7221,30700,0,0,654928105,629104871,0,0,0,34026907,7982,32200,0,645,113,2115,0,34038070,2274263,2086000,18446744073709551616,34038071,427947,34037915,1845154,0,0,0,5551,1004,16,0,5900
1785952546.040539608,0,34035187,0,0,0,0,0,34026906,7221,30700,0,0,654931196,629107887,0,0,0,34026907,7982,32200,0,645,113,2115,0,34038072,2274264,2086000,18446744073709551616,34038073,427947,34037915,1845154,0,0,0,5551,1004,16,0,5900
1785952547.070517335,0,34035187,0,0,0,0,0,34026906,7221,30700,0,0,654934285,629110910,0,0,0,34026907,7982,32200,0,645,113,2115,0,34038074,2274264,2086000,18446744073709551616,34038075,427947,34037915,1845154,0,0,0,5551,1004,16,0,5900
1785952548.100311663,0,34035187,0,0,0,0,0,34026906,7221,30700,0,0,654937378,629113998,0,0,0,34026907,7982,32200,0,645,113,2115,0,34038076,2274264,2086000,18446744073709551616,34038077,427947,34037915,1845154,0,0,0,5551,1004,16,0,5900
1785952549.129855132,0,34035187,0,0,0,0,0,34026906,7221,30700,0,0,654940462,629117076,0,0,0,34026907,7982,32200,0,645,113,2115,0,34038078,2274264,2086000,18446744073709551616,34038079,427948,34037915,1845154,0,0,0,5551,1004,16,0,5900
1785952550.162395233,0,34035187,0,0,0,0,0,34026906,7221,30700,0,0,654943559,629120168,0,0,0,34026907,7982,32200,0,645,113,2115,0,34038080,2274264,2086000,18446744073709551616,34038081,427948,34037915,1845154,0,0,0,5551,1004,16,0,5900
1785952551.195730204,0,34035187,0,0,0,0,0,34026906,7221,30700,0,0,654946657,629123261,0,0,0,34026907,7982,32200,0,645,113,2115,0,34038082,2274264,2086000,18446744073709551616,34038083,427948,34037915,1845154,0,0,0,5551,1004,16,0,5900
1785952552.227576260,0,34035187,0,0,0,0,0,34026906,7221,30700,0,0,654949752,629126213,0,0,0,34026907,7982,32200,0,645,113,2115,0,34038084,2274265,2086000,18446744073709551616,34038085,427948,34037915,1845154,0,0,0,5551,1004,16,0,5900
1785952553.259519650,0,34035187,0,0,0,0,0,34026906,7221,30700,0,0,654952847,629129286,0,0,0,34026907,7982,32200,0,645,113,2115,0,34038086,2274265,2086000,18446744073709551616,34038087,427948,34037915,1845154,0,0,0,5551,1004,16,0,5900
1785952554.292421852,0,34035187,0,0,0,0,0,34026906,7221,30700,0,0,654955946,629132379,0,0,0,34026907,7982,32200,0,645,113,2115,0,34038088,2274265,2086000,18446744073709551616,34038089,427948,34037915,1845154,0,0,0,5551,1004,16,0,5900
1785952555.324722317,0,34035187,0,0,0,0,0,34026906,7221,30700,0,0,654959041,629135470,0,0,0,34026907,7982,32200,0,645,113,2115,0,34038090,2274265,2086000,18446744073709551616,34038091,427948,34037915,1845154,0,0,0,5551,1004,16,0,5900
1785952556.357768275,0,34035187,0,0,0,0,0,34026906,7221,30700,0,0,654962139,629138562,0,0,0,34026907,7982,32200,0,645,113,2115,0,34038092,2274265,2086000,18446744073709551616,34038093,427948,34037915,1845154,0,0,0,5551,1004,16,0,5900
1785952557.390380196,0,34035187,0,0,0,0,0,34026906,7221,30700,0,0,654965237,629141642,0,0,0,34026907,7982,32200,0,645,113,2115,0,34038094,2274266,2086000,18446744073709551616,34038095,427949,34037915,1845154,0,0,0,5551,1004,16,0,5900
1785952558.423934863,0,34035187,0,0,0,0,0,34026906,7221,30700,0,0,654968335,629144614,0,0,0,34026907,7982,32200,0,645,113,2115,0,34038096,2274266,2086000,18446744073709551616,34038097,427949,34037915,1845154,0,0,0,5551,1004,16,0,5900
1785952559.455972454,0,34035187,0,0,0,0,0,34026906,7221,30700,0,0,654971431,629147704,0,0,0,34026907,7982,32200,0,645,113,2115,0,34038098,2274266,2086000,18446744073709551616,34038099,427949,34037915,1845154,0,0,0,5551,1004,16,0,5900
1785952560.487527327,0,34035187,0,0,0,0,0,34026906,7221,30700,0,0,654974525,629150794,0,0,0,34026907,7982,32200,0,645,113,2115,0,34038100,2274266,2086000,18446744073709551616,34038101,427949,34037915,1845154,0,0,0,5551,1004,16,0,5900
1785952561.514295415,0,34035187,0,0,0,0,0,34026906,7221,30700,0,0,654977609,629153872,0,0,0,34026907,7982,32200,0,645,113,2115,0,34038102,2274266,2086000,18446744073709551616,34038103,427949,34037915,1845154,0,0,0,5551,1004,16,0,5900
1785952562.545919762,0,34035187,0,0,0,0,0,34026906,7221,30700,0,0,654980698,629156934,0,0,0,34026907,7982,32200,0,645,113,2115,0,34038104,2274266,2086000,18446744073709551616,34038105,427949,34037915,1845154,0,0,0,5551,1004,16,0,5900
1785952563.577480481,0,34035187,0,0,0,0,0,34026906,7221,30700,0,0,654983792,629159965,0,0,0,34026907,7982,32200,0,645,113,2115,0,34038106,2274267,2086000,18446744073709551616,34038107,427949,34037915,1845154,0,0,0,5551,1004,16,0,5900
1785952564.610190489,0,34035187,0,0,0,0,0,34026906,7221,30700,0,0,654986887,629162989,0,0,0,34026907,7982,32200,0,645,113,2115,0,34038108,2274267,2086000,18446744073709551616,34038109,427949,34037915,1845154,0,0,0,5551,1004,16,0,5900
1785952565.642879954,0,34035187,0,0,0,0,0,34026906,7221,30700,0,0,654989985,629166080,0,0,0,34026907,7982,32200,0,645,113,2115,0,34038110,2274267,2086000,18446744073709551616,34038111,427950,34037915,1845154,0,0,0,5551,1004,16,0,5900
1785952566.675499592,0,34035187,0,0,0,0,0,34026906,7221,30700,0,0,654993082,629169172,0,0,0,34026907,7982,32200,0,645,113,2115,0,34038112,2274267,2086000,18446744073709551616,34038113,427950,34037915,1845154,0,0,0,5551,1004,16,0,5900
1785952567.707816635,0,34035187,0,0,0,0,0,34026906,7221,30700,0,0,654996176,629172262,0,0,0,34026907,7982,32200,0,645,113,2115,0,34038114,2274267,2086000,18446744073709551616,34038115,427950,34037915,1845154,0,0,0,5551,1004,16,0,5900
1785952568.740570854,0,34035187,0,0,0,0,0,34026906,7221,30700,0,0,654999276,629175355,0,0,0,34026907,7982,32200,0,645,113,2115,0,34038116,2274267,2086000,18446744073709551616,34038117,427950,34037915,1845154,0,0,0,5551,1004,16,0,5900
1785952569.770186871,0,34035187,0,0,0,0,0,34026906,7221,30700,0,0,655002368,629178329,0,0,0,34026907,7982,32200,0,645,113,2115,0,34038118,2274268,2086000,18446744073709551616,34038119,427950,34037915,1845154,0,0,0,5551,1004,16,0,5900
1785952570.802984298,0,34035187,0,0,0,0,0,34026906,7221,30700,0,0,655005459,629181398,0,0,0,34026907,7982,32200,0,645,113,2115,0,34038120,2274268,2086000,18446744073709551616,34038121,427950,34037915,1845154,0,0,0,5551,1004,16,0,5900
1785952571.835805635,0,34035187,0,0,0,0,0,34026906,7221,30700,0,0,655008556,629184490,0,0,0,34026907,7982,32200,0,645,113,2115,0,34038122,2274268,2086000,18446744073709551616,34038123,427950,34037915,1845154,0,0,0,5551,1004,16,0,5900
1785952572.868520533,0,34035187,0,0,0,0,0,34026906,7221,30700,0,0,655011654,629187530,0,0,0,34026907,7982,32200,0,645,113,2115,0,34038124,2274268,2086000,18446744073709551616,34038125,427950,34037915,1845154,0,0,0,5551,1004,16,0,5900
1785952573.900282068,0,34035187,0,0,0,0,0,34026906,7221,30700,0,0,655014750,629190621,0,0,0,34026907,7982,32200,0,645,113,2115,0,34038126,2274268,2086000,18446744073709551616,34038127,427951,34037915,1845154,0,0,0,5551,1004,16,0,5900
1785952574.929335239,0,34035187,0,0,0,0,0,34026906,7221,30700,0,0,655017835,629193695,0,0,0,34026907,7982,32200,0,645,113,2115,0,34038128,2274269,2086000,18446744073709551616,34038129,427951,34037915,1845154,0,0,0,5551,1004,16,0,5900
1785952575.958648137,0,34035187,0,0,0,0,0,34026906,7221,30700,0,0,655020918,629196650,0,0,0,34026907,7982,32200,0,645,113,2115,0,34038130,2274269,2086000,18446744073709551616,34038131,427951,34037915,1845154,0,0,0,5551,1004,16,0,5900
1785952576.990095109,0,34035187,0,0,0,0,0,34026906,7221,30700,0,0,655024011,629199737,0,0,0,34026907,7982,32200,0,645,113,2115,0,34038132,2274269,2086000,18446744073709551616,34038133,427951,34037915,1845154,0,0,0,5551,1004,16,0,5900
1785952578.022145385,0,34035187,0,0,0,0,0,34026906,7221,30700,0,0,655027107,629202827,0,0,0,34026907,7982,32200,0,645,113,2115,0,34038134,2274269,2086000,18446744073709551616,34038135,427951,34037915,1845154,0,0,0,5551,1004,16,0,5900
1785952579.055499160,0,34035187,0,0,0,0,0,34026906,7221,30700,0,0,655030208,629205922,0,0,0,34026907,7982,32200,0,645,113,2115,0,34038136,2274269,2086000,18446744073709551616,34038137,427951,34037915,1845154,0,0,0,5551,1004,16,0,5900
1785952580.087993774,0,34035187,0,0,0,0,0,34026906,7221,30700,0,0,655033305,629209014,0,0,0,34026907,7982,32200,0,645,113,2115,0,34038138,2274269,2086000,18446744073709551616,34038139,427951,34037915,1845154,0,0,0,5551,1004,16,0,5900
1785952581.120578333,0,34035187,0,0,0,0,0,34026906,7221,30700,0,0,655036401,629212062,0,0,0,34026907,7982,32200,0,645,113,2115,0,34038140,2274270,2086000,18446744073709551616,34038141,427951,34037915,1845154,0,0,0,5551,1004,16,0,5900
1785952582.153577473,0,34035187,0,0,0,0,0,34026906,7221,30700,0,0,655039496,629215062,0,0,0,34026907,7982,32200,0,645,113,2115,0,34038142,2274270,2086000,18446744073709551616,34038143,427952,34037915,1845154,0,0,0,5551,1004,16,0,5900
1785952583.186558164,0,34035187,0,0,0,0,0,34026906,7221,30700,0,0,655042595,629218131,0,0,0,34026907,7982,32200,0,645,113,2115,0,34038144,2274270,2086000,18446744073709551616,34038145,427952,34037915,1845154,0,0,0,5551,1004,16,0,5900
1785952584.218524821,0,34035187,0,0,0,0,0,34026906,7221,30700,0,0,655045689,629221220,0,0,0,34026907,7982,32200,0,645,113,2115,0,34038146,2274270,2086000,18446744073709551616,34038147,427952,34037915,1845154,0,0,0,5551,1004,16,0,5900
1785952585.251509518,0,34035187,0,0,0,0,0,34026906,7221,30700,0,0,655048788,629224313,0,0,0,34026907,7982,32200,0,645,113,2115,0,34038148,2274270,2086000,18446744073709551616,34038149,427952,34037915,1845154,0,0,0,5551,1004,16,0,5900
1785952586.283285086,0,34035187,0,0,0,0,0,34026906,7221,30700,0,0,655051882,629227402,0,0,0,34026907,7982,32200,0,645,113,2115,0,34038150,2274271,2086000,18446744073709551616,34038151,427952,34037915,1845154,0,0,0,5551,1004,16,0,5900
1785952587.314593928,0,34035187,0,0,0,0,0,34026906,7221,30700,0,0,655054974,629230398,0,0,0,34026907,7982,32200,0,645,113,2115,0,34038152,2274271,2086000,18446744073709551616,34038153,427952,34037915,1845154,0,0,0,5551,1004,16,0,5900
1785952588.348395830,0,34035187,0,0,0,0,0,34026906,7221,30700,0,0,655058071,629233454,0,0,0,34026907,7982,32200,0,645,113,2115,0,34038154,2274271,2086000,18446744073709551616,34038155,427952,34037915,1845154,0,0,0,5551,1004,16,0,5900
1785952589.380726540,0,34035187,0,0,0,0,0,34026906,7221,30700,0,0,655061169,629236545,0,0,0,34026907,7982,32200,0,645,113,2115,0,34038156,2274271,2086000,18446744073709551616,34038157,427953,34037915,1845154,0,0,0,5551,1004,16,0,5900
1785952590.413532538,0,34035187,0,0,0,0,0,34026906,7221,30700,0,0,655064267,629239637,0,0,0,34026907,7982,32200,0,645,113,2115,0,34038158,2274271,2086000,18446744073709551616,34038159,427953,34037915,1845154,0,0,0,5551,1004,16,0,5900
1785952591.445832852,0,34035187,0,0,0,0,0,34026906,7221,30700,0,0,655067363,629242727,0,0,0,34026907,7982,32200,0,645,113,2115,0,34038160,2274271,2086000,18446744073709551616,34038161,427953,34037915,1845154,0,0,0,5551,1004,16,0,5900
1785952592.478581220,0,34035187,0,0,0,0,0,34026906,7221,30700,0,0,655070459,629245815,0,0,0,34026907,7982,32200,0,645,113,2115,0,34038162,2274272,2086000,18446744073709551616,34038163,427953,34037915,1845154,0,0,0,5551,1004,16,0,5900
1785952593.510708314,0,34035187,0,0,0,0,0,34026906,7221,30700,0,0,655073558,629248760,0,0,0,34026907,7982,32200,0,645,113,2115,0,34038164,2274272,2086000,18446744073709551616,34038165,427953,34037915,1845154,0,0,0,5551,1004,16,0,5900
1785952594.539075764,0,34035187,0,0,0,0,0,34026906,7221,30700,0,0,655076641,629251832,0,0,0,34026907,7982,32200,0,645,113,2115,0,34038166,2274272,2086000,18446744073709551616,34038167,427953,34037915,1845154,0,0,0,5551,1004,16,0,5900
1785952595.571899962,0,34035187,0,0,0,0,0,34026906,7221,30700,0,0,655079740,629254924,0,0,0,34026907,7982,32200,0,645,113,2115,0,34038168,2274272,2086000,18446744073709551616,34038169,427953,34037915,1845154,0,0,0,5551,1004,16,0,5900
1785952596.604854889,0,34035187,0,0,0,0,0,34026906,7221,30700,0,0,655082837,629258016,0,0,0,34026907,7982,32200,0,645,113,2115,0,34038170,2274272,2086000,18446744073709551616,34038171,427953,34037915,1845154,0,0,0,5551,1004,16,0,5900
1785952597.638763266,0,34035187,0,0,0,0,0,34026906,7221,30700,0,0,655085938,629261112,0,0,0,34026907,7982,32200,0,645,113,2115,0,34038172,2274273,2086000,18446744073709551616,34038173,427954,34037915,1845154,0,0,0,5551,1004,16,0,5900
1785952598.668079437,0,34035187,0,0,0,0,0,34026906,7221,30700,0,0,655089028,629264167,0,0,0,34026907,7982,32200,0,645,113,2115,0,34038174,2274273,2086000,18446744073709551616,34038175,427954,34037915,1845154,0,0,0,5551,1004,16,0,5900
1785952599.698975880,0,34035187,0,0,0,0,0,34026906,7221,30700,0,0,655092121,629267149,0,0,0,34026907,7982,32200,0,645,113,2115,0,34038176,2274273,2086000,18446744073709551616,34038177,427954,34037915,1845154,0,0,0,5551,1004,16,0,5900
1785952600.731993776,0,34035187,0,0,0,0,0,34026906,7221,30700,0,0,655095220,629270242,0,0,0,34026907,7982,32200,0,645,113,2115,0,34038178,2274273,2086000,18446744073709551616,34038179,427954,34037915,1845154,0,0,0,5551,1004,16,0,5900
1785952601.764383488,0,34035187,0,0,0,0,0,34026906,7221,30700,0,0,655098316,629273333,0,0,0,34026907,7982,32200,0,645,113,2115,0,34038180,2274273,2086000,18446744073709551616,34038181,427954,34037915,1845154,0,0,0,5551,1004,16,0,5900
1785952602.797226494,0,34035187,0,0,0,0,0,34026906,7221,30700,0,0,655101414,629276426,0,0,0,34026907,7982,32200,0,645,113,2115,0,34038182,2274273,2086000,18446744073709551616,34038183,427954,34037915,1845154,0,0,0,5551,1004,16,0,5900
1785952603.830125560,0,34035187,0,0,0,0,0,34026906,7221,30700,0,0,655104513,629279495,0,0,0,34026907,7982,32200,0,645,113,2115,0,34038184,2274274,2086000,18446744073709551616,34038185,427954,34037915,1845154,0,0,0,5551,1004,16,0,5900
1785952604.861328865,0,34035187,0,0,0,0,0,34026906,7221,30700,0,0,655107608,629282507,0,0,0,34026907,7982,32200,0,645,113,2115,0,34038186,2274274,2086000,18446744073709551616,34038187,427954,34037915,1845154,0,0,0,5551,1004,16,0,5900
1785952605.890386571,0,34035187,0,0,0,0,0,34026906,7221,30700,0,0,655110692,629285525,0,0,0,34026907,7982,32200,0,645,113,2115,0,34038188,2274274,2086000,18446744073709551616,34038189,427955,34037915,1845154,0,0,0,5551,1004,16,0,5900
1785952606.924185678,0,34035187,0,0,0,0,0,34026906,7221,30700,0,0,655113792,629288618,0,0,0,34026907,7982,32200,0,645,113,2115,0,34038190,2274274,2086000,18446744073709551616,34038191,427955,34037915,1845154,0,0,0,5551,1004,16,0,5900
1785952607.961546274,0,34035187,0,0,0,0,0,34026906,7221,30700,0,0,655116904,629291726,0,0,0,34026907,7982,32200,0,645,113,2115,0,34038192,2274274,2086000,18446744073709551616,34038193,427955,34037915,1845154,0,0,0,5551,1004,16,0,5900
1785952608.994941925,0,34035187,0,0,0,0,0,34026906,7221,30700,0,0,655120007,629294820,0,0,0,34026907,7982,32200,0,645,113,2115,0,34038194,2274274,2086000,18446744073709551616,34038195,427955,34037915,1845154,0,0,0,5551,1004,16,0,5900
1785952610.026981469,0,34035187,0,0,0,0,0,34026906,7221,30700,0,0,655123103,629297910,0,0,0,34026907,7982,32200,0,645,113,2115,0,34038196,2274275,2086000,18446744073709551616,34038197,427955,34037915,1845154,0,0,0,5551,1004,16,0,5900
1785952611.059275054,0,34035187,0,0,0,0,0,34026906,7221,30700,0,0,655126196,629300884,0,0,0,34026907,7982,32200,0,645,113,2115,0,34038198,2274275,2086000,18446744073709551616,34038199,427955,34037915,1845154,0,0,0,5551,1004,16,0,5900
1785952612.091833521,0,34035187,0,0,0,0,0,34026906,7221,30700,0,0,655129293,629303955,0,0,0,34026907,7982,32200,0,645,113,2115,0,34038200,2274275,2086000,18446744073709551616,34038201,427955,34037915,1845154,0,0,0,5551,1004,16,0,5900
1785952613.125612939,0,34035187,0,0,0,0,0,34026906,7221,30700,0,0,655132393,629307050,0,0,0,34026907,7982,32200,0,645,113,2115,0,34038202,2274275,2086000,18446744073709551616,34038203,427955,34037915,1845154,0,0,0,5551,1004,16,0,5900
1785952614.159174567,0,34035187,0,0,0,0,0,34026906,7221,30700,0,0,655135492,629310121,0,0,0,34026907,7982,32200,0,645,113,2115,0,34038204,2274275,2086000,18446744073709551616,34038205,427956,34037915,1845154,0,0,0,5551,1004,16,0,5900
1785952615.191534569,0,34035187,0,0,0,0,0,34026906,7221,30700,0,0,655138590,629313213,0,0,0,34026907,7982,32200,0,645,113,2115,0,34038206,2274276,2086000,18446744073709551616,34038207,427956,34037915,1845154,0,0,0,5551,1004,16,0,5900
1785952616.225272999,0,34035187,0,0,0,0,0,34026906,7221,30700,0,0,655141688,629316289,0,0,0,34026907,7982,32200,0,645,113,2115,0,34038208,2274276,2086000,18446744073709551616,34038209,427956,34037915,1845154,0,0,0,5551,1004,16,0,5900
1785952617.259040344,0,34035187,0,0,0,0,0,34026906,7221,30700,0,0,655144788,629319265,0,0,0,34026907,7982,32200,0,645,113,2115,0,34038210,2274276,2086000,18446744073709551616,34038211,427956,34037915,1845154,0,0,0,5551,1004,16,0,5900
1785952618.291046193,0,34035187,0,0,0,0,0,34026906,7221,30700,0,0,655147885,629322356,0,0,0,34026907,7982,32200,0,645,113,2115,0,34038212,2274276,2086000,18446744073709551616,34038213,427956,34037915,1845154,0,0,0,5551,1004,16,0,5900
1785952619.323801429,0,34035187,0,0,0,0,0,34026906,7221,30700,0,0,655150982,629325447,0,0,0,34026907,7982,32200,0,645,113,2115,0,34038214,2274276,2086000,18446744073709551616,34038215,427956,34037915,1845154,0,0,0,5551,1004,16,0,5900
1785952620.356751571,0,34035187,0,0,0,0,0,34026906,7221,30700,0,0,655154080,629328540,0,0,0,34026907,7982,32200,0,645,113,2115,0,34038216,2274276,2086000,18446744073709551616,34038217,427956,34037915,1845154,0,0,0,5551,1004,16,0,5900
1785952621.390179824,0,34035187,0,0,0,0,0,34026906,7221,30700,0,0,655157180,629331633,0,0,0,34026907,7982,32200,0,645,113,2115,0,34038218,2274277,2086000,18446744073709551616,34038219,427956,34037915,1845154,0,0,0,5551,1004,16,0,5900
1785952622.421423927,0,34035187,0,0,0,0,0,34026906,7221,30700,0,0,655160271,629334659,0,0,0,34026907,7982,32200,0,645,113,2115,0,34038220,2274277,2086000,18446744073709551616,34038221,427957,34037915,1845154,0,0,0,5551,1004,16,0,5900
1785952623.451976972,0,34035187,0,0,0,0,0,34026906,7221,30700,0,0,655163361,629337671,0,0,0,34026907,7982,32200,0,645,113,2115,0,34038222,2274277,2086000,18446744073709551616,34038223,427957,34037915,1845154,0,0,0,5551,1004,16,0,5900
1785952624.484724973,0,34035187,0,0,0,0,0,34026906,7221,30700,0,0,655166458,629340741,0,0,0,34026907,7982,32200,0,645,113,2115,0,34038224,2274277,2086000,18446744073709551616,34038225,427957,34037915,1845154,0,0,0,5551,1004,16,0,5900
1785952625.516402332,0,34035187,0,0,0,0,0,34026906,7221,30700,0,0,655169551,629343828,0,0,0,34026907,7982,32200,0,645,113,2115,0,34038226,2274277,2086000,18446744073709551616,34038227,427957,34037915,1845154,0,0,0,5551,1004,16,0,5900
1785952626.548415480,0,34035187,0,0,0,0,0,34026906,7221,30700,0,0,655172648,629346919,0,0,0,34026907,7982,32200,0,645,113,2115,0,34038228,2274278,2086000,18446744073709551616,34038229,427957,34037915,1845154,0,0,0,5551,1004,16,0,5900
1785952627.578519608,0,34035187,0,0,0,0,0,34026906,7221,30700,0,0,655175739,629350004,0,0,0,34026907,7982,32200,0,645,113,2115,0,34038230,2274278,2086000,18446744073709551616,34038231,427957,34037915,1845154,0,0,0,5551,1004,16,0,5900
1785952628.610790180,0,34035187,0,0,0,0,0,34026906,7221,30700,0,0,655178833,629352984,0,0,0,34026907,7982,32200,0,645,113,2115,0,34038232,2274278,2086000,18446744073709551616,34038233,427957,34037915,1845154,0,0,0,5551,1004,16,0,5900
1785952629.643762151,0,34035187,0,0,0,0,0,34026906,7221,30700,0,0,655181935,629356047,0,0,0,34026907,7982,32200,0,645,113,2115,0,34038234,2274278,2086000,18446744073709551616,34038235,427958,34037915,1845154,0,0,0,5551,1004,16,0,5900
1785952630.676866594,0,34035187,0,0,0,0,0,34026906,7221,30700,0,0,655185031,629359139,0,0,0,34026907,7982,32200,0,645,113,2115,0,34038236,2274278,2086000,18446744073709551616,34038237,427958,34037915,1845154,0,0,0,5551,1004,16,0,5900
1785952631.709980910,0,34035187,0,0,0,0,0,34026906,7221,30700,0,0,655188130,629362232,0,0,0,34026907,7982,32200,0,645,113,2115,0,34038238,2274278,2086000,18446744073709551616,34038239,427958,34037915,1845154,0,0,0,5551,1004,16,0,5900
1785952632.741775325,0,34035187,0,0,0,0,0,34026906,7221,30700,0,0,655191227,629365322,0,0,0,34026907,7982,32200,0,645,113,2115,0,34038240,2274279,2086000,18446744073709551616,34038241,427958,34037915,1845154,0,0,0,5551,1004,16,0,5900
1785952633.771733241,0,34035187,0,0,0,0,0,34026906,7221,30700,0,0,655194316,629368402,0,0,0,34026907,7982,32200,0,645,113,2115,0,34038242,2274279,2086000,18446744073709551616,34038243,427958,34037915,1845154,0,0,0,5551,1004,16,0,5900
1785952634.796576868,0,34035187,0,0,0,0,0,34026906,7221,30700,0,0,655197394,629371290,0,0,0,34026907,7982,32200,0,645,113,2115,0,34038244,2274279,2086000,18446744073709551616,34038245,427958,34037915,1845154,0,0,0,5551,1004,16,0,5900
1785952635.830360147,0,34035187,0,0,0,0,0,34026906,7221,30700,0,0,655200495,629374352,0,0,0,34026907,7982,32200,0,645,113,2115,0,34038246,2274279,2086000,18446744073709551616,34038247,427958,34037915,1845154,0,0,0,5551,1004,16,0,5900
1785952636.864873020,0,34035187,0,0,0,0,0,34026906,7221,30700,0,0,655203599,629377449,0,0,0,34026907,7982,32200,0,645,113,2115,0,34038248,2274279,2086000,18446744073709551616,34038249,427958,34037915,1845154,0,0,0,5551,1004,16,0,5900
1785952637.891990589,0,34035187,0,0,0,0,0,34026906,7221,30700,0,0,655206685,629380531,0,0,0,34026907,7982,32200,0,645,113,2115,0,34038250,2274279,2086000,18446744073709551616,34038251,427958,34037915,1845154,0,0,0,5551,1004,16,0,5900
1785952638.923205559,0,34035187,0,0,0,0,0,34026906,7221,30700,0,0,655209773,629383613,0,0,0,34026907,7982,32200,0,645,113,2115,0,34038252,2274280,2086000,18446744073709551616,34038253,427959,34037915,1845154,0,0,0,5551,1004,16,0,5900
1785952639.952543092,0,34035187,0,0,0,0,0,34026906,7221,30700,0,0,655212863,629386692,0,0,0,34026907,7982,32200,0,645,113,2115,0,34038254,2274280,2086000,18446744073709551616,34038255,427959,34037915,1845154,0,0,0,5551,1004,16,0,5900
1785952640.984153435,0,34035187,0,0,0,0,0,34026906,7221,30700,0,0,655215951,629389645,0,0,0,34026907,7982,32200,0,645,113,2115,0,34038256,2274280,2086000,18446744073709551616,34038257,427959,34037915,1845154,0,0,0,5551,1004,16,0,5900
1785952642.017354226,0,34035187,0,0,0,0,0,34026906,7221,30700,0,0,655219050,629392731,0,0,0,34026907,7982,32200,0,645,113,2115,0,34038258,2274280,2086000,18446744073709551616,34038259,427959,34037915,1845154,0,0,0,5551,1004,16,0,5900
1785952643.052334396,0,34035187,0,0,0,0,0,34026906,7221,30700,0,0,655222155,629395830,0,0,0,34026907,7982,32200,0,645,113,2115,0,34038260,2274280,2086000,18446744073709551616,34038261,427959,34037915,1845154,0,0,0,5551,1004,16,0,5900
1785952644.085812073,0,34035187,0,0,0,0,0,34026906,7221,30700,0,0,655225254,629398923,0,0,0,34026907,7982,32200,0,645,113,2115,0,34038262,2274280,2086000,18446744073709551616,34038263,427959,34037915,1845154,0,0,0,5551,1004,16,0,5900
1785952645.118514914,0,34035187,0,0,0,0,0,34026906,7221,30700,0,0,655228351,629401991,0,0,0,34026907,7982,32200,0,645,113,2115,0,34038264,2274281,2086000,18446744073709551616,34038265,427959,34037915,1845154,0,0,0,5551,1004,16,0,5900
1785952646.148032614,0,34035187,0,0,0,0,0,34026906,7221,30700,0,0,655231443,629405043,0,0,0,34026907,7982,32200,0,645,113,2115,0,34038266,2274281,2086000,18446744073709551616,34038267,427959,34037915,1845154,0,0,0,5551,1004,16,0,5900
1785952647.174501152,0,34035187,0,0,0,0,0,34026906,7221,30700,0,0,655234517,629408008,0,0,0,34026907,7982,32200,0,645,113,2115,0,34038268,2274281,2086000,18446744073709551616,34038269,427960,34037915,1845154,0,0,0,5551,1004,16,0,5900
1785952648.206164293,0,34035187,0,0,0,0,0,34026906,7221,30700,0,0,655237612,629411097,0,0,0,34026907,7982,32200,0,645,113,2115,0,34038270,2274281,2086000,18446744073709551616,34038271,427960,34037915,1845154,0,0,0,5551,1004,16,0,5900
1785952649.239219111,0,34035187,0,0,0,0,0,34026906,7221,30700,0,0,655240708,629414188,0,0,0,34026907,7982,32200,0,645,113,2115,0,34038272,2274281,2086000,18446744073709551616,34038273,427960,34037915,1845154,0,0,0,5551,1004,16,0,5900
1785952650.272190183,0,34035187,0,0,0,0,0,34026906,7221,30700,0,0,655243809,629417281,0,0,0,34026907,7982,32200,0,645,113,2115,0,34038274,2274281,2086000,18446744073709551616,34038275,427960,34037915,1845154,0,0,0,5551,1004,16,0,5900
1785952651.305030979,0,34035187,0,0,0,0,0,34026906,7221,30700,0,0,655246907,629420374,0,0,0,34026907,7982,32200,0,645,113,2115,0,34038276,2274282,2086000,18446744073709551616,34038277,427960,34037915,1845154,0,0,0,5551,1004,16,0,5900
1785952652.336282758,0,34035187,0,0,0,0,0,34026906,7221,30700,0,0,655249998,629423382,0,0,0,34026907,7982,32200,0,645,113,2115,0,34038278,2274282,2086000,18446744073709551616,34038279,427960,34037915,1845154,0,0,0,5551,1004,16,0,5900
1785952653.365854073,0,34035187,0,0,0,0,0,34026906,7221,30700,0,0,655253084,629426403,0,0,0,34026907,7982,32200,0,645,113,2115,0,34038280,2274282,2086000,18446744073709551616,34038281,427960,34037915,1845154,0,0,0,5551,1004,16,0,5900
1785952654.397243058,0,34035187,0,0,0,0,0,34026906,7221,30700,0,0,655256179,629429492,0,0,0,34026907,7982,32200,0,645,113,2115,0,34038282,2274282,2086000,18446744073709551616,34038283,427960,34037915,1845154,0,0,0,5551,1004,16,0,5900
1785952655.430552605,0,34035187,0,0,0,0,0,34026906,7221,30700,0,0,655259276,629432560,0,0,0,34026907,7982,32200,0,645,113,2115,0,34038284,2274282,2086000,18446744073709551616,34038285,427961,34037915,1845154,0,0,0,5551,1004,16,0,5900
1785952656.463053067,0,34035187,0,0,0,0,0,34026906,7221,30700,0,0,655262374,629435653,0,0,0,34026907,7982,32200,0,645,113,2115,0,34038286,2274282,2086000,18446744073709551616,34038287,427961,34037915,1845154,0,0,0,5551,1004,16,0,5900
1785952657.492317540,0,34035187,0,0,0,0,0,34026906,7221,30700,0,0,655265462,629438735,0,0,0,34026907,7982,32200,0,645,113,2115,0,34038288,2274283,2086000,18446744073709551616,34038289,427961,34037915,1845154,0,0,0,5551,1004,16,0,5900
1785952658.523492822,0,34035187,0,0,0,0,0,34026906,7221,30700,0,0,655268552,629441702,0,0,0,34026907,7982,32200,0,645,113,2115,0,34038290,2274283,2086000,18446744073709551616,34038291,427961,34037915,1845154,0,0,0,5551,1004,16,0,5900
1785952659.556626843,0,34035187,0,0,0,0,0,34026906,7221,30700,0,0,655271648,629444773,0,0,0,34026907,7982,32200,0,645,113,2115,0,34038292,2274283,2086000,18446744073709551616,34038293,427961,34037915,1845154,0,0,0,5551,1004,16,0,5900
1785952660.589980424,0,34035187,0,0,0,0,0,34026906,7221,30700,0,0,655274748,629447867,0,0,0,34026907,7982,32200,0,645,113,2115,0,34038294,2274283,2086000,18446744073709551616,34038295,427961,34037915,1845154,0,0,0,5551,1004,16,0,5900
1785952661.624189379,0,34035187,0,0,0,0,0,34026906,7221,30700,0,0,655277850,629450962,0,0,0,34026907,7982,32200,0,645,113,2115,0,34038296,2274283,2086000,18446744073709551616,34038297,427961,34037915,1845154,0,0,0,5551,1004,16,0,5900
1785952662.655267924,0,34035187,0,0,0,0,0,34026906,7221,30700,0,0,655280945,629454051,0,0,0,34026907,7982,32200,0,645,113,2115,0,34038298,2274283,2086000,18446744073709551616,34038299,427961,34037915,1845154,0,0,0,5551,1004,16,0,5900
1785952663.685862451,0,34035187,0,0,0,0,0,34026906,7221,30700,0,0,655284035,629457121,0,0,0,34026907,7982,32200,0,645,113,2115,0,34038300,2274284,2086000,18446744073709551616,34038301,427962,34037915,1845154,0,0,0,5551,1004,16,0,5900
1785952664.718270470,0,34035187,0,0,0,0,0,34026906,7221,30700,0,0,655287132,629460104,0,0,0,34026907,7982,32200,0,645,113,2115,0,34038302,2274284,2086000,18446744073709551616,34038303,427962,34037915,1845154,0,0,0,5551,1004,16,0,5900
1785952665.751493099,0,34035187,0,0,0,0,0,34026906,7221,30700,0,0,655290229,629463173,0,0,0,34026907,7982,32200,0,645,113,2115,0,34038304,2274284,2086000,18446744073709551616,34038305,427962,34037915,1845154,0,0,0,5551,1004,16,0,5900
1785952666.784332809,0,34035187,0,0,0,0,0,34026906,7221,30700,0,0,655293328,629466266,0,0,0,34026907,7982,32200,0,645,113,2115,0,34038306,2274284,2086000,18446744073709551616,34038307,427962,34037915,1845154,0,0,0,5551,1004,16,0,5900
1785952667.816737663,0,34035187,0,0,0,0,0,34026906,7221,30700,0,0,655296425,629469357,0,0,0,34026907,7982,32200,0,645,113,2115,0,34038308,2274284,2086000,18446744073709551616,34038309,427962,34037915,1845154,0,0,0,5551,1004,16,0,5900
1785952668.849377477,0,34035187,0,0,0,0,0,34026906,7221,30700,0,0,655299522,629472448,0,0,0,34026907,7982,32200,0,645,113,2115,0,34038310,2274285,2086000,18446744073709551616,34038311,427962,34037915,1845154,0,0,0,5551,1004,16,0,5900
1785952669.877949895,0,34035187,0,0,0,0,0,34026906,7221,30700,0,0,655302612,629475473,0,0,0,34026907,7982,32200,0,645,113,2115,0,34038312,2274285,2086000,18446744073709551616,34038313,427962,34037915,1845154,0,0,0,5551,1004,16,0,5900
1785952670.909901486,0,34035187,0,0,0,0,0,34026906,7221,30700,0,0,655305697,629478481,0,0,0,34026907,7982,32200,0,645,113,2115,0,34038314,2274285,2086000,18446744073709551616,34038315,427962,34037915,1845154,0,0,0,5551,1004,16,0,5900
1785952671.941977354,0,34035187,0,0,0,0,0,34026906,7221,30700,0,0,655308795,629481572,0,0,0,34026907,7982,32200,0,645,113,2115,0,34038316,2274285,2086000,18446744073709551616,34038317,427963,34037915,1845154,0,0,0,5551,1004,16,0,5900
1785952672.973911668,0,34035187,0,0,0,0,0,34026906,7221,30700,0,0,655311888,629484661,0,0,0,34026907,7982,32200,0,645,113,2115,0,34038318,2274285,2086000,18446744073709551616,34038319,427963,34037915,1845154,0,0,0,5551,1004,16,0,5900
1785952674.006205708,0,34035187,0,0,0,0,0,34026906,7221,30700,0,0,655314985,629487752,0,0,0,34026907,7982,32200,0,645,113,2115,0,34038320,2274285,2086000,18446744073709551616,34038321,427963,34037915,1845154,0,0,0,5551,1004,16,0,5900
1785952675.038179283,0,34035187,0,0,0,0,0,34026906,7221,30700,0,0,655318081,629490842,0,0,0,34026907,7982,32200,0,645,113,2115,0,34038322,2274286,2086000,18446744073709551616,34038323,427963,34037915,1845154,0,0,0,5551,1004,16,0,5900
1785952676.069847717,0,34035187,0,0,0,0,0,34026906,7221,30700,0,0,655321172,629493805,0,0,0,34026907,7982,32200,0,645,113,2115,0,34038324,2274286,2086000,18446744073709551616,34038325,427963,34037915,1845154,0,0,0,5551,1004,16,0,5900
1785952677.101256130,0,34035187,0,0,0,0,0,34026906,7221,30700,0,0,655324269,629496862,0,0,0,34026907,7982,32200,0,645,113,2115,0,34038326,2274286,2086000,18446744073709551616,34038327,427963,34037915,1845154,0,0,0,5551,1004,16,0,5900
1785952678.134003292,0,34035187,0,0,0,0,0,34026906,7221,30700,0,0,655327364,629499951,0,0,0,34026907,7982,32200,0,645,113,2115,0,34038328,2274286,2086000,18446744073709551616,34038329,427963,34037915,1845154,0,0,0,5551,1004,16,0,5900
