ts,cmd_get,cmd_set,get_hits,get_misses,rcount,ravg,rp99,wcount,wavg,wp99,badcrc,err5,cpu_total,cpu_idle,re2ec,re2ea,re2ep99,we2ec,we2ea,we2ep99,radmit,wadmit,wret,waitenq,yields
1785949616.654712552,0,1000064,0,0,0,0,0,1000064,31304,512000,0,0,646190667,622471854,0,0,0,1000064,53549,722700,0,22009,234,0,0
1785949617.677343786,0,1000064,0,0,0,0,0,1000064,31304,512000,0,0,646193737,622474911,0,0,0,1000064,53549,722700,0,22009,234,0,0
1785949618.702045779,0,1000064,0,0,0,0,0,1000064,31304,512000,0,0,646196807,622477849,0,0,0,1000064,53549,722700,0,22009,234,0,0
1785949619.728474691,0,1000064,0,0,0,0,0,1000064,31304,512000,0,0,646199887,622480924,0,0,0,1000064,53549,722700,0,22009,234,0,0
1785949620.753567133,0,1000064,0,0,0,0,0,1000064,31304,512000,0,0,646202961,622483991,0,0,0,1000064,53549,722700,0,22009,234,0,0
1785949621.780161652,0,1000064,0,0,0,0,0,1000064,31304,512000,0,0,646206040,622487064,0,0,0,1000064,53549,722700,0,22009,234,0,0
1785949622.806640869,0,1000064,0,0,0,0,0,1000064,31304,512000,0,0,646209119,622490139,0,0,0,1000064,53549,722700,0,22009,234,0,0
1785949623.827852213,0,1000064,0,0,0,0,0,1000064,31304,512000,0,0,646212186,622493152,0,0,0,1000064,53549,722700,0,22009,234,0,0
1785949624.852816456,0,1000064,0,0,0,0,0,1000064,31304,512000,0,0,646215253,622496135,0,0,0,1000064,53549,722700,0,22009,234,0,0
1785949625.877806419,0,1000064,0,0,0,0,0,1000064,31304,512000,0,0,646218328,622499182,0,0,0,1000064,53549,722700,0,22009,234,0,0
1785949626.902888010,0,1000064,0,0,0,0,0,1000064,31304,512000,0,0,646221401,622502251,0,0,0,1000064,53549,722700,0,22009,234,0,0
1785949627.927803013,0,1000064,0,0,0,0,0,1000064,31304,512000,0,0,646224477,622505321,0,0,0,1000064,53549,722700,0,22009,234,0,0
1785949628.952954033,0,1000064,0,0,0,0,0,1000064,31304,512000,0,0,646227551,622508391,0,0,0,1000064,53549,722700,0,22009,234,0,0
1785949629.975598964,0,1000064,0,0,0,0,0,1000064,31304,512000,0,0,646230618,622511353,0,0,0,1000064,53549,722700,0,22009,234,0,0
1785949631.000847381,0,1000064,0,0,0,0,0,1000064,31304,512000,0,0,646233693,622514382,0,0,0,1000064,53549,722700,0,22009,234,0,0
1785949632.025482832,0,1000064,0,0,0,0,0,1000064,31304,512000,0,0,646236766,622517451,0,0,0,1000064,53549,722700,0,22009,234,0,0
1785949633.048623229,0,1000064,0,0,0,0,0,1000064,31304,512000,0,0,646239838,622520517,0,0,0,1000064,53549,722700,0,22009,234,0,0
1785949634.073724290,0,1000064,0,0,0,0,0,1000064,31304,512000,0,0,646242911,622523585,0,0,0,1000064,53549,722700,0,22009,234,0,0
1785949635.098297018,0,1000064,0,0,0,0,0,1000064,31304,512000,0,0,646245984,622526654,0,0,0,1000064,53549,722700,0,22009,234,0,0
1785949636.123106275,0,1000064,0,0,0,0,0,1000064,31304,512000,0,0,646249061,622529573,0,0,0,1000064,53549,722700,0,22009,234,0,0
1785949637.147903022,0,1000064,0,0,0,0,0,1000064,31304,512000,0,0,646252135,622532640,0,0,0,1000064,53549,722700,0,22009,234,0,0
1785949638.172966407,0,1000064,0,0,0,0,0,1000064,31304,512000,0,0,646255209,622535710,0,0,0,1000064,53549,722700,0,22009,234,0,0
1785949639.198211540,0,1000064,0,0,0,0,0,1000064,31304,512000,0,0,646258286,622538781,0,0,0,1000064,53549,722700,0,22009,234,0,0
1785949640.224500814,0,1000064,0,0,0,0,0,1000064,31304,512000,0,0,646261362,622541853,0,0,0,1000064,53549,722700,0,22009,234,0,0
1785949641.247886861,0,1000064,0,0,0,0,0,1000064,31304,512000,0,0,646264433,622544908,0,0,0,1000064,53549,722700,0,22009,234,0,0
1785949642.272317974,0,1000064,0,0,0,0,0,1000064,31304,512000,0,0,646267505,622547853,0,0,0,1000064,53549,722700,0,22009,234,0,0
1785949643.297494196,0,1000064,0,0,0,0,0,1000064,31304,512000,0,0,646270580,622550923,0,0,0,1000064,53549,722700,0,22009,234,0,0
1785949644.321471780,0,1000064,0,0,0,0,0,1000064,31304,512000,0,0,646273653,622553991,0,0,0,1000064,53549,722700,0,22009,234,0,0
1785949645.344238613,0,1000064,0,0,0,0,0,1000064,31304,512000,0,0,646276720,622557053,0,0,0,1000064,53549,722700,0,22009,234,0,0
1785949646.366461471,0,1000064,0,0,0,0,0,1000064,31304,512000,0,0,646279784,622560090,0,0,0,1000064,53549,722700,0,22009,234,0,0
1785949647.391196079,0,1000064,0,0,0,0,0,1000064,31304,512000,0,0,646282855,622563105,0,0,0,1000064,53549,722700,0,22009,234,0,0
1785949648.410956179,0,1000064,0,0,0,0,0,1000064,31304,512000,0,0,646285920,622566088,0,0,0,1000064,53549,722700,0,22009,234,0,0
1785949649.433438517,0,1000064,0,0,0,0,0,1000064,31304,512000,0,0,646288983,622569147,0,0,0,1000064,53549,722700,0,22009,234,0,0
1785949650.462648633,0,1000064,0,0,0,0,0,1000064,31304,512000,0,0,646292069,622572229,0,0,0,1000064,53549,722700,0,22009,234,0,0
1785949651.491702191,0,1000064,0,0,0,0,0,1000064,31304,512000,0,0,646295158,622575311,0,0,0,1000064,53549,722700,0,22009,234,0,0
1785949652.517331596,0,1000064,0,0,0,0,0,1000064,31304,512000,0,0,646298233,622578382,0,0,0,1000064,53549,722700,0,22009,234,0,0
1785949653.538631060,0,1000064,0,0,0,0,0,1000064,31304,512000,0,0,646301297,622581343,0,0,0,1000064,53549,722700,0,22009,234,0,0
1785949654.563445807,0,1000064,0,0,0,0,0,1000064,31304,512000,0,0,646304371,622584371,0,0,0,1000064,53549,722700,0,22009,234,0,0
1785949655.588223859,0,1000064,0,0,0,0,0,1000064,31304,512000,0,0,646307444,622587439,0,0,0,1000064,53549,722700,0,22009,234,0,0
1785949656.613254329,0,1000064,0,0,0,0,0,1000064,31304,512000,0,0,646310518,622590455,0,0,0,1000064,53549,722700,0,22009,234,0,0
1785949657.631811865,0,1000064,0,0,0,0,0,1000064,31304,512000,0,0,646313581,622593512,0,0,0,1000064,53549,722700,0,22009,234,0,0
1785949658.657631709,0,1000064,0,0,0,0,0,1000064,31304,512000,0,0,646316651,622596580,0,0,0,1000064,53549,722700,0,22009,234,0,0
1785949659.679107662,0,1000064,0,0,0,0,0,1000064,31304,512000,0,0,646319715,622599503,0,0,0,1000064,53549,722700,0,22009,234,0,0
1785949660.704061105,0,1000064,0,0,0,0,0,1000064,31304,512000,0,0,646322788,622602571,0,0,0,1000064,53549,722700,0,22009,234,0,0
1785949661.729620646,0,1000064,0,0,0,0,0,1000064,31304,512000,0,0,646325865,622605643,0,0,0,1000064,53549,722700,0,22009,234,0,0
1785949662.754985476,0,1000064,0,0,0,0,0,1000064,31304,512000,0,0,646328941,622608713,0,0,0,1000064,53549,722700,0,22009,234,0,0
1785949663.781965626,0,1000064,0,0,0,0,0,1000064,31304,512000,0,0,646332021,622611788,0,0,0,1000064,53549,722700,0,22009,234,0,0
1785949664.804363135,0,1000064,0,0,0,0,0,1000064,31304,512000,0,0,646335090,622614840,0,0,0,1000064,53549,722700,0,22009,234,0,0
1785949665.830400880,0,1000064,0,0,0,0,0,1000064,31304,512000,0,0,646338166,622617789,0,0,0,1000064,53549,722700,0,22009,234,0,0
1785949666.853009051,0,1000064,0,0,0,0,0,1000064,31304,512000,0,0,646341234,622620828,0,0,0,1000064,53549,722700,0,22009,234,0,0
1785949667.873078586,0,1000064,0,0,0,0,0,1000064,31304,512000,0,0,646344290,622623882,0,0,0,1000064,53549,722700,0,22009,234,0,0
1785949668.898217645,0,1000064,0,0,0,0,0,1000064,31304,512000,0,0,646347367,622626953,0,0,0,1000064,53549,722700,0,22009,234,0,0
1785949669.923891681,0,1000064,0,0,0,0,0,1000064,31304,512000,0,0,646350444,622630024,0,0,0,1000064,53549,722700,0,22009,234,0,0
1785949670.946953527,0,1000064,0,0,0,0,0,1000064,31304,512000,0,0,646353512,622633032,0,0,0,1000064,53549,722700,0,22009,234,0,0
1785949671.973222425,0,1000064,0,0,0,0,0,1000064,31304,512000,0,0,646356591,622636023,0,0,0,1000064,53549,722700,0,22009,234,0,0
1785949672.998929190,0,1000064,0,0,0,0,0,1000064,31304,512000,0,0,646359666,622639094,0,0,0,1000064,53549,722700,0,22009,234,0,0
1785949674.023321709,0,1000064,0,0,0,0,0,1000064,31304,512000,0,0,646362741,622642164,0,0,0,1000064,53549,722700,0,22009,234,0,0
1785949675.048985044,0,1000064,0,0,0,0,0,1000064,31304,512000,0,0,646365815,622645234,0,0,0,1000064,53549,722700,0,22009,234,0,0
1785949676.074299472,0,1000064,0,0,0,0,0,1000064,31304,512000,0,0,646368891,622648306,0,0,0,1000064,53549,722700,0,22009,234,0,0
1785949677.098288416,0,1000064,0,0,0,0,0,1000064,31304,512000,0,0,646371964,622651259,0,0,0,1000064,53549,722700,0,22009,234,0,0
1785949678.123059248,0,1000064,0,0,0,0,0,1000064,31304,512000,0,0,646375040,622654279,0,0,0,1000064,53549,722700,0,22009,234,0,0
1785949679.148511627,0,1000064,0,0,0,0,0,1000064,31304,512000,0,0,646378116,622657350,0,0,0,1000064,53549,722700,0,22009,234,0,0
1785949680.173699655,0,1000064,0,0,0,0,0,1000064,31304,512000,0,0,646381193,622660421,0,0,0,1000064,53549,722700,0,22009,234,0,0
1785949681.198642977,0,1000064,0,0,0,0,0,1000064,31304,512000,0,0,646384265,622663490,0,0,0,1000064,53549,722700,0,22009,234,0,0
1785949682.223634879,0,1000064,0,0,0,0,0,1000064,31304,512000,0,0,646387339,622666560,0,0,0,1000064,53549,722700,0,22009,234,0,0
1785949683.247832394,0,1000064,0,0,0,0,0,1000064,31304,512000,0,0,646390412,622669498,0,0,0,1000064,53549,722700,0,22009,234,0,0
1785949684.271005873,0,1000064,0,0,0,0,0,1000064,31304,512000,0,0,646393480,622672555,0,0,0,1000064,53549,722700,0,22009,234,0,0
1785949685.295736540,0,1000064,0,0,0,0,0,1000064,31304,512000,0,0,646396554,622675624,0,0,0,1000064,53549,722700,0,22009,234,0,0
1785949686.318700698,0,1000064,0,0,0,0,0,1000064,31304,512000,0,0,646399623,622678688,0,0,0,1000064,53549,722700,0,22009,234,0,0
1785949687.341505949,0,1000064,0,0,0,0,0,1000064,31304,512000,0,0,646402690,622681743,0,0,0,1000064,53549,722700,0,22009,234,0,0
1785949688.365382408,0,1000064,0,0,0,0,0,1000064,31304,512000,0,0,646405761,622684789,0,0,0,1000064,53549,722700,0,22009,234,0,0
1785949689.390748603,0,1000064,0,0,0,0,0,1000064,31304,512000,0,0,646408835,622687727,0,0,0,1000064,53549,722700,0,22009,234,0,0
1785949690.415711948,0,1000064,0,0,0,0,0,1000064,31304,512000,0,0,646411911,622690797,0,0,0,1000064,53549,722700,0,22009,234,0,0
1785949691.441362088,0,1000064,0,0,0,0,0,1000064,31304,512000,0,0,646414987,622693869,0,0,0,1000064,53549,722700,0,22009,234,0,0
1785949692.466615696,0,1000064,0,0,0,0,0,1000064,31304,512000,0,0,646418062,622696939,0,0,0,1000064,53549,722700,0,22009,234,0,0
1785949693.491920433,0,1000064,0,0,0,0,0,1000064,31304,512000,0,0,646421137,622700010,0,0,0,1000064,53549,722700,0,22009,234,0,0
1785949694.516772912,0,1000064,0,0,0,0,0,1000064,31304,512000,0,0,646424211,622703029,0,0,0,1000064,53549,722700,0,22009,234,0,0
1785949695.541371733,0,1000064,0,0,0,0,0,1000064,31304,512000,0,0,646427282,622706009,0,0,0,1000064,53549,722700,0,22009,234,0,0
1785949696.567181881,0,1000064,0,0,0,0,0,1000064,31304,512000,0,0,646430361,622709082,0,0,0,1000064,53549,722700,0,22009,234,0,0
1785949697.590956056,0,1000064,0,0,0,0,0,1000064,31304,512000,0,0,646433430,622712142,0,0,0,1000064,53549,722700,0,22009,234,0,0
1785949698.616823583,0,1000064,0,0,0,0,0,1000064,31304,512000,0,0,646436506,622715195,0,0,0,1000064,53549,722700,0,22009,234,0,0
1785949699.642409719,0,1000064,0,0,0,0,0,1000064,31304,512000,0,0,646439583,622718267,0,0,0,1000064,53549,722700,0,22009,234,0,0
1785949700.667446422,0,1000064,0,0,0,0,0,1000064,31304,512000,0,0,646442657,622721249,0,0,0,1000064,53549,722700,0,22009,234,0,0
1785949701.690565430,0,1000064,0,0,0,0,0,1000064,31304,512000,0,0,646445726,622724266,0,0,0,1000064,53549,722700,0,22009,234,0,0
1785949702.716149666,0,1000064,0,0,0,0,0,1000064,31304,512000,0,0,646448801,622727337,0,0,0,1000064,53549,722700,0,22009,234,0,0
1785949703.742201964,0,1000064,0,0,0,0,0,1000064,31304,512000,0,0,646451881,622730411,0,0,0,1000064,53549,722700,0,22009,234,0,0
1785949704.766980736,0,1000064,0,0,0,0,0,1000064,31304,512000,0,0,646454953,622733479,0,0,0,1000064,53549,722700,0,22009,234,0,0
1785949705.792068614,0,1000064,0,0,0,0,0,1000064,31304,512000,0,0,646458030,622736549,0,0,0,1000064,53549,722700,0,22009,234,0,0
1785949706.817361115,0,1000064,0,0,0,0,0,1000064,31304,512000,0,0,646461103,622739493,0,0,0,1000064,53549,722700,0,22009,234,0,0
1785949707.843315512,0,1000064,0,0,0,0,0,1000064,31304,512000,0,0,646464180,622742550,0,0,0,1000064,53549,722700,0,22009,234,0,0
1785949708.869240796,0,1000064,0,0,0,0,0,1000064,31304,512000,0,0,646467260,622745604,0,0,0,1000064,53549,722700,0,22009,234,0,0
1785949709.894405722,0,1000064,0,0,0,0,0,1000064,31304,512000,0,0,646470335,622748674,0,0,0,1000064,53549,722700,0,22009,234,0,0
1785949710.918494783,0,1000064,0,0,0,0,0,1000064,31304,512000,0,0,646473408,622751743,0,0,0,1000064,53549,722700,0,22009,234,0,0
1785949711.943014495,0,1000064,0,0,0,0,0,1000064,31304,512000,0,0,646476479,622754803,0,0,0,1000064,53549,722700,0,22009,234,0,0
1785949712.967423389,0,1000064,0,0,0,0,0,1000064,31304,512000,0,0,646479549,622757736,0,0,0,1000064,53549,722700,0,22009,234,0,0
1785949713.992881048,0,1000064,0,0,0,0,0,1000064,31304,512000,0,0,646482625,622760808,0,0,0,1000064,53549,722700,0,22009,234,0,0
1785949715.018113450,0,1000064,0,0,0,0,0,1000064,31304,512000,0,0,646485700,622763878,0,0,0,1000064,53549,722700,0,22009,234,0,0
1785949716.043187867,0,1000064,0,0,0,0,0,1000064,31304,512000,0,0,646488775,622766949,0,0,0,1000064,53549,722700,0,22009,234,0,0
1785949717.068706291,0,1000064,0,0,0,0,0,1000064,31304,512000,0,0,646491851,622770019,0,0,0,1000064,53549,722700,0,22009,234,0,0
1785949718.092237214,0,1000064,0,0,0,0,0,1000064,31304,512000,0,0,646494920,622773039,0,0,0,1000064,53549,722700,0,22009,234,0,0
1785949719.118245745,0,1000064,0,0,0,0,0,1000064,31304,512000,0,0,646497996,622775897,0,0,0,1000064,53549,722700,0,22009,234,0,0
1785949720.142752703,0,1000064,0,0,0,0,0,1000064,31304,512000,0,0,646501071,622778966,0,0,0,1000064,53549,722700,0,22009,234,0,0
1785949721.169001236,0,1000064,0,0,0,0,0,1000064,31304,512000,0,0,646504147,622782037,0,0,0,1000064,53549,722700,0,22009,234,0,0
1785949722.193745546,0,1000064,0,0,0,0,0,1000064,31304,512000,0,0,646507221,622785108,0,0,0,1000064,53549,722700,0,22009,234,0,0
1785949723.219217125,0,1000064,0,0,0,0,0,1000064,31304,512000,0,0,646510299,622788179,0,0,0,1000064,53549,722700,0,22009,234,0,0
1785949724.244244862,0,1000064,0,0,0,0,0,1000064,31304,512000,0,0,646513373,622791224,0,0,0,1000064,53549,722700,0,22009,234,0,0
1785949725.269497803,0,1000064,0,0,0,0,0,1000064,31304,512000,0,0,646516446,622794185,0,0,0,1000064,53549,722700,0,22009,234,0,0
1785949726.294230759,0,1000064,0,0,0,0,0,1000064,31304,512000,0,0,646519520,622797254,0,0,0,1000064,53549,722700,0,22009,234,0,0
1785949727.318569364,0,1000064,0,0,0,0,0,1000064,31304,512000,0,0,646522593,622800322,0,0,0,1000064,53549,722700,0,22009,234,0,0
1785949728.343361856,0,1000064,0,0,0,0,0,1000064,31304,512000,0,0,646525666,622803391,0,0,0,1000064,53549,722700,0,22009,234,0,0
1785949729.368531523,0,1000064,0,0,0,0,0,1000064,31304,512000,0,0,646528741,622806437,0,0,0,1000064,53549,722700,0,22009,234,0,0
1785949730.393832186,0,1000064,0,0,0,0,0,1000064,31304,512000,0,0,646531815,622809449,0,0,0,1000064,53549,722700,0,22009,234,0,0
1785949731.419775452,0,1000064,0,0,0,0,0,1000064,31304,512000,0,0,646534891,622812449,0,0,0,1000064,53549,722700,0,22009,234,0,0
1785949732.444964568,0,1000064,0,0,0,0,0,1000064,31304,512000,0,0,646537967,622815521,0,0,0,1000064,53549,722700,0,22009,234,0,0
1785949733.468777469,0,1000064,0,0,0,0,0,1000064,31304,512000,0,0,646541041,622818590,0,0,0,1000064,53549,722700,0,22009,234,0,0
1785949734.494270523,0,1000064,0,0,0,0,0,1000064,31304,512000,0,0,646544113,622821658,0,0,0,1000064,53549,722700,0,22009,234,0,0
1785949735.515363427,0,1000064,0,0,0,0,0,1000064,31304,512000,0,0,646547176,622824717,0,0,0,1000064,53549,722700,0,22009,234,0,0
1785949736.536104658,0,1000064,0,0,0,0,0,1000064,31304,512000,0,0,646550238,622827681,0,0,0,1000064,53549,722700,0,22009,234,0,0
1785949737.560904034,0,1000064,0,0,0,0,0,1000064,31304,512000,0,0,646553310,622830714,0,0,0,1000064,53549,722700,0,22009,234,0,0
1785949738.586442755,0,1000064,0,0,0,0,0,1000064,31304,512000,0,0,646556389,622833787,0,0,0,1000064,53549,722700,0,22009,234,0,0
1785949739.613094938,0,1000064,0,0,0,0,0,1000064,31304,512000,0,0,646559467,622836836,0,0,0,1000064,53549,722700,0,22009,234,0,0
1785949740.638521058,0,1000064,0,0,0,0,0,1000064,31304,512000,0,0,646562541,622839907,0,0,0,1000064,53549,722700,0,22009,234,0,0
1785949741.657684789,0,1000064,0,0,0,0,0,1000064,31304,512000,0,0,646565604,622842964,0,0,0,1000064,53549,722700,0,22009,234,0,0
1785949742.681792620,0,1000064,0,0,0,0,0,1000064,31304,512000,0,0,646568671,622845891,0,0,0,1000064,53549,722700,0,22009,234,0,0
1785949743.706167717,0,1000064,0,0,0,0,0,1000064,31304,512000,0,0,646571743,622848959,0,0,0,1000064,53549,722700,0,22009,234,0,0
1785949744.731644616,0,1000064,0,0,0,0,0,1000064,31304,512000,0,0,646574818,622852029,0,0,0,1000064,53549,722700,0,22009,234,0,0
1785949745.757971940,0,1000064,0,0,0,0,0,1000064,31304,512000,0,0,646577898,622855103,0,0,0,1000064,53549,722700,0,22009,234,0,0
1785949746.783415657,0,1000064,0,0,0,0,0,1000064,31304,512000,0,0,646580974,622858175,0,0,0,1000064,53549,722700,0,22009,234,0,0
1785949747.810383666,0,1000064,0,0,0,0,0,1000064,31304,512000,0,0,646584052,622861222,0,0,0,1000064,53549,722700,0,22009,234,0,0
1785949748.837060441,0,1000064,0,0,0,0,0,1000064,31304,512000,0,0,646587136,622864191,0,0,0,1000064,53549,722700,0,22009,234,0,0
1785949749.862140649,0,1000064,0,0,0,0,0,1000064,31304,512000,0,0,646590208,622867235,0,0,0,1000064,53549,722700,0,22009,234,0,0
1785949750.886417686,0,1000064,0,0,0,0,0,1000064,31304,512000,0,0,646593282,622870304,0,0,0,1000064,53549,722700,0,22009,234,0,0
1785949751.912398670,0,1000064,0,0,0,0,0,1000064,31304,512000,0,0,646596359,622873376,0,0,0,1000064,53549,722700,0,22009,234,0,0
1785949752.937934897,0,1000064,0,0,0,0,0,1000064,31304,512000,0,0,646599435,622876447,0,0,0,1000064,53549,722700,0,22009,234,0,0
1785949753.962336335,0,1000064,0,0,0,0,0,1000064,31304,512000,0,0,646602511,622879449,0,0,0,1000064,53549,722700,0,22009,234,0,0
1785949754.987636129,0,1000064,0,0,0,0,0,1000064,31304,512000,0,0,646605583,622882447,0,0,0,1000064,53549,722700,0,22009,234,0,0
1785949756.012029595,0,1000064,0,0,0,0,0,1000064,31304,512000,0,0,646608657,622885516,0,0,0,1000064,53549,722700,0,22009,234,0,0
1785949757.037356263,0,1000064,0,0,0,0,0,1000064,31304,512000,0,0,646611731,622888586,0,0,0,1000064,53549,722700,0,22009,234,0,0
1785949758.062428607,0,1000064,0,0,0,0,0,1000064,31304,512000,0,0,646614805,622891656,0,0,0,1000064,53549,722700,0,22009,234,0,0
1785949759.087214989,0,1000064,0,0,0,0,0,1000064,31304,512000,0,0,646617880,622894726,0,0,0,1000064,53549,722700,0,22009,234,0,0
1785949760.111929701,0,1000064,0,0,0,0,0,1000064,31304,512000,0,0,646620954,622897675,0,0,0,1000064,53549,722700,0,22009,234,0,0
1785949761.137292717,0,1000064,0,0,0,0,0,1000064,31304,512000,0,0,646624031,622900713,0,0,0,1000064,53549,722700,0,22009,234,0,0
1785949762.161871988,0,1000064,0,0,0,0,0,1000064,31304,512000,0,0,646627106,622903782,0,0,0,1000064,53549,722700,0,22009,234,0,0
1785949763.186082267,0,1000064,0,0,0,0,0,1000064,31304,512000,0,0,646630177,622906850,0,0,0,1000064,53549,722700,0,22009,234,0,0
1785949764.209829757,3,1000064,3,0,3,59611,60900,1000064,31304,512000,0,0,646633248,622909916,3,72985,78700,1000064,53549,722700,13374,22009,234,0,0
1785949765.233117690,3,1000064,3,0,3,59611,60900,1000064,31304,512000,0,0,646636318,622912978,3,72985,78700,1000064,53549,722700,13374,22009,234,0,0
1785949766.258340511,3,1000064,3,0,3,59611,60900,1000064,31304,512000,0,0,646639395,622915911,3,72985,78700,1000064,53549,722700,13374,22009,234,0,0
1785949767.283854800,3,1000064,3,0,3,59611,60900,1000064,31304,512000,0,0,646642470,622918981,3,72985,78700,1000064,53549,722700,13374,22009,234,0,0
1785949768.304537782,3,1000064,3,0,3,59611,60900,1000064,31304,512000,0,0,646645534,622922039,3,72985,78700,1000064,53549,722700,13374,22009,234,0,0
1785949769.329495489,463729,1000064,463729,0,463871,10989,77900,1000064,31304,512000,0,0,646648376,622923054,464496,18030,127600,1000064,53549,722700,7061,22009,234,0,0
1785949770.356248279,1039208,1000064,1039208,0,1039530,10821,75200,1000064,31304,512000,0,0,646651184,622923704,1040652,17764,126500,1000064,53549,722700,6960,22009,234,0,0
1785949771.378461440,1615292,1000064,1615292,0,1615452,10798,75000,1000064,31304,512000,0,0,646653988,622924363,1616058,17758,126500,1000064,53549,722700,6968,22009,234,0,0
1785949772.405873239,2183221,1000064,2183221,0,2183547,10811,76300,1000064,31304,512000,0,0,646656826,622925016,2184686,17797,128100,1000064,53549,722700,6994,22009,234,0,0
1785949773.429445402,2763441,1000064,2763441,0,2763588,10760,75600,1000064,31304,512000,0,0,646659617,622925699,2764307,17684,126600,1000064,53549,722700,6928,22009,234,0,0
1785949774.457134489,3342429,1000064,3342429,0,3342687,10736,75200,1000064,31304,512000,0,0,646662441,622926386,3343680,17621,125800,1000064,53549,722700,6890,22009,234,0,0
1785949775.483276217,3924127,1000064,3924127,0,3924310,10729,74800,1000064,31304,512000,0,0,646665251,622927065,3925118,17607,125400,1000064,53549,722700,6880,22009,234,0,0
1785949776.505379979,4501615,1000064,4501615,0,4501733,10710,74400,1000064,31304,512000,0,0,646668054,622927757,4502377,17545,124800,1000064,53549,722700,6837,22009,234,0,0
1785949777.529803392,5073474,1000064,5073474,0,5073756,10734,74700,1000064,31304,512000,0,0,646670894,622928435,5074569,17587,125500,1000064,53549,722700,6854,22009,234,0,0
1785949778.553894026,5647205,1000064,5647205,0,5647377,10752,74900,1000064,31304,512000,0,0,646673711,622929099,5647983,17620,126000,1000064,53549,722700,6869,22009,234,0,0
1785949779.580394035,6221313,1000064,6221313,0,6221480,10753,74700,1000064,31304,512000,0,0,646676539,622929794,6222184,17615,126000,1000064,53549,722700,6863,22009,234,0,0
1785949780.602594486,6799230,1000064,6799230,0,6799433,10747,74600,1000064,31304,512000,0,0,646679363,622930475,6800019,17602,126100,1000064,53549,722700,6855,22009,234,0,0
1785949781.627289910,7375338,1000064,7375338,0,7375562,10758,74900,1000064,31304,512000,0,0,646682171,622931143,7376526,17609,126100,1000064,53549,722700,6851,22009,234,0,0
1785949782.651498846,7954840,1000064,7954840,0,7955083,10755,74700,1000064,31304,512000,0,0,646684986,622931833,7955892,17600,126000,1000064,53549,722700,6846,22009,234,0,0
1785949783.676433361,8527589,1000064,8527589,0,8527792,10768,74800,1000064,31304,512000,0,0,646687817,622932494,8528572,17627,126300,1000064,53549,722700,6859,22009,234,0,0
1785949784.704545393,9106754,1000064,9106754,0,9107206,10770,75000,1000064,31304,512000,0,0,646690663,622933195,9108566,17620,126600,1000064,53549,722700,6851,22009,234,0,0
1785949785.731182744,9688131,1000064,9688131,0,9688366,10770,74900,1000064,31304,512000,0,0,646693490,622933901,9689355,17620,126500,1000064,53549,722700,6851,22009,234,0,0
1785949786.756936881,10267043,1000064,10267043,0,10267251,10770,74900,1000064,31304,512000,0,0,646696310,622934614,10268001,17618,126500,1000064,53549,722700,6848,22009,234,0,0
1785949787.783761425,10848344,1000064,10848344,0,10848514,10776,74900,1000064,31304,512000,0,0,646699149,622935330,10849218,17623,126500,1000064,53549,722700,6847,22009,234,0,0
1785949788.810143927,11432202,1000064,11432202,0,11432429,10772,75000,1000064,31304,512000,0,0,646701999,622936086,11433285,17613,126600,1000064,53549,722700,6842,22009,234,0,0
1785949789.832383195,11997810,1000064,11997810,0,11997970,10793,75200,1000064,31304,512000,0,0,646704888,622936819,11998522,17652,127300,1000064,53549,722700,6859,22009,234,0,0
1785949790.859147911,12566942,1000064,12566942,0,12567126,10799,75200,1000064,31304,512000,0,0,646707754,622937592,12568056,17664,127700,1000064,53549,722700,6866,22009,234,0,0
1785949791.883516695,13145669,1000064,13145669,0,13145984,10805,75200,1000064,31304,512000,0,0,646710605,622938378,13146750,17673,128000,1000064,53549,722700,6867,22009,234,0,0
1785949792.905050087,13723270,1000064,13723270,0,13723446,10805,75100,1000064,31304,512000,0,0,646713462,622939174,13724175,17671,128300,1000064,53549,722700,6866,22009,234,0,0
1785949793.928157932,14298350,1000064,14298350,0,14298537,10807,75000,1000064,31304,512000,0,0,646716306,622939959,14299269,17673,128400,1000064,53549,722700,6866,22009,234,0,0
1785949794.955896163,14874836,1000064,14874836,0,14875133,10812,75000,1000064,31304,512000,0,0,646719162,622940752,14876183,17680,128600,1000064,53549,722700,6869,22009,234,0,0
1785949795.980750580,15442695,1000064,15442695,0,15442865,10825,75200,1000064,31304,512000,0,0,646722060,622941514,15443520,17709,129200,1000064,53549,722700,6883,22009,234,0,0
1785949797.003732438,16026445,1000064,16026445,0,16026569,10826,75200,1000064,31304,512000,0,0,646724910,622942295,16027105,17712,129400,1000064,53549,722700,6885,22009,234,0,0
1785949798.028137562,16603170,1000064,16603170,0,16603420,10819,75000,1000064,31304,512000,0,0,646727765,622943084,16604277,17701,129400,1000064,53549,722700,6882,22009,234,0,0
1785949799.048710029,16856644,1000064,16856644,0,16856644,10820,75000,1000064,31304,512000,0,0,646730732,622945160,16856644,17705,129400,1000064,53549,722700,6884,22009,234,0,0
1785949800.070804109,16856644,1000064,16856644,0,16856644,10820,75000,1000064,31304,512000,0,0,646733793,622948217,16856644,17705,129400,1000064,53549,722700,6884,22009,234,0,0
1785949801.095625881,16856644,1000064,16856644,0,16856644,10820,75000,1000064,31304,512000,0,0,646736865,622951263,16856644,17705,129400,1000064,53549,722700,6884,22009,234,0,0
1785949802.120983147,16856644,1000064,16856644,0,16856644,10820,75000,1000064,31304,512000,0,0,646739943,622954195,16856644,17705,129400,1000064,53549,722700,6884,22009,234,0,0
1785949803.146715848,16856644,1000064,16856644,0,16856644,10820,75000,1000064,31304,512000,0,0,646743019,622957267,16856644,17705,129400,1000064,53549,722700,6884,22009,234,0,0
1785949804.172446655,16856644,1000064,16856644,0,16856644,10820,75000,1000064,31304,512000,0,0,646746095,622960339,16856644,17705,129400,1000064,53549,722700,6884,22009,234,0,0
1785949805.198901282,16856644,1000064,16856644,0,16856644,10820,75000,1000064,31304,512000,0,0,646749172,622963411,16856644,17705,129400,1000064,53549,722700,6884,22009,234,0,0
1785949806.224200574,16856644,1000064,16856644,0,16856644,10820,75000,1000064,31304,512000,0,0,646752248,622966480,16856644,17705,129400,1000064,53549,722700,6884,22009,234,0,0
1785949807.248562813,16856644,1000064,16856644,0,16856644,10820,75000,1000064,31304,512000,0,0,646755324,622969493,16856644,17705,129400,1000064,53549,722700,6884,22009,234,0,0
1785949808.273812855,16856644,1000064,16856644,0,16856644,10820,75000,1000064,31304,512000,0,0,646758399,622972484,16856644,17705,129400,1000064,53549,722700,6884,22009,234,0,0
1785949809.299353202,16856644,1000064,16856644,0,16856644,10820,75000,1000064,31304,512000,0,0,646761475,622975555,16856644,17705,129400,1000064,53549,722700,6884,22009,234,0,0
1785949810.324914705,16856644,1000064,16856644,0,16856644,10820,75000,1000064,31304,512000,0,0,646764551,622978626,16856644,17705,129400,1000064,53549,722700,6884,22009,234,0,0
1785949811.348246050,16856644,1000064,16856644,0,16856644,10820,75000,1000064,31304,512000,0,0,646767624,622981696,16856644,17705,129400,1000064,53549,722700,6884,22009,234,0,0
1785949812.369432267,16856644,1000064,16856644,0,16856644,10820,75000,1000064,31304,512000,0,0,646770687,622984730,16856644,17705,129400,1000064,53549,722700,6884,22009,234,0,0
1785949813.390173478,16856644,1000064,16856644,0,16856644,10820,75000,1000064,31304,512000,0,0,646773748,622987689,16856644,17705,129400,1000064,53549,722700,6884,22009,234,0,0
1785949814.414090907,16856644,1000064,16856644,0,16856644,10820,75000,1000064,31304,512000,0,0,646776817,622990717,16856644,17705,129400,1000064,53549,722700,6884,22009,234,0,0
1785949815.440434023,16856644,1000064,16856644,0,16856644,10820,75000,1000064,31304,512000,0,0,646779895,622993790,16856644,17705,129400,1000064,53549,722700,6884,22009,234,0,0
1785949816.467155898,16856644,1000064,16856644,0,16856644,10820,75000,1000064,31304,512000,0,0,646782973,622996865,16856644,17705,129400,1000064,53549,722700,6884,22009,234,0,0
1785949817.491709793,16856644,1000064,16856644,0,16856644,10820,75000,1000064,31304,512000,0,0,646786049,622999934,16856644,17705,129400,1000064,53549,722700,6884,22009,234,0,0
1785949818.516910399,16856644,1000064,16856644,0,16856644,10820,75000,1000064,31304,512000,0,0,646789124,623003005,16856644,17705,129400,1000064,53549,722700,6884,22009,234,0,0
1785949819.541185678,16856644,1000064,16856644,0,16856644,10820,75000,1000064,31304,512000,0,0,646792193,623005938,16856644,17705,129400,1000064,53549,722700,6884,22009,234,0,0
1785949820.565564312,16856644,1000064,16856644,0,16856644,10820,75000,1000064,31304,512000,0,0,646795265,623009005,16856644,17705,129400,1000064,53549,722700,6884,22009,234,0,0
1785949821.592172543,16856644,1000064,16856644,0,16856644,10820,75000,1000064,31304,512000,0,0,646798344,623012079,16856644,17705,129400,1000064,53549,722700,6884,22009,234,0,0
1785949822.623143197,17115912,1000064,17115912,0,17118807,11224,79600,1000064,31304,512000,0,0,646801433,623014952,17128579,18164,130700,1000064,53549,722700,6940,22009,234,0,0
1785949823.646239902,25176082,1000064,25176082,0,25178662,13556,70400,1000064,31304,512000,0,0,646804424,623015564,25188105,19788,114300,1000064,53549,722700,6234,22009,234,10,0
1785949824.670571590,33260489,1000064,33260489,0,33264572,14724,66200,1000064,31304,512000,0,0,646807419,623016154,33274334,20585,103100,1000064,53549,722700,5863,22009,234,10,0
1785949825.695007685,41128726,1000064,41128726,0,41132399,15507,64600,1000064,31304,512000,0,0,646810439,623016713,41144523,21179,97100,1000064,53549,722700,5674,22009,234,10,0
1785949826.716548209,49320677,1000064,49320677,0,49322661,15961,63200,1000064,31304,512000,0,0,646813434,623017284,49331316,21478,91700,1000064,53549,722700,5517,22009,234,10,0
1785949827.740920780,57423638,1000064,57423638,0,57427096,16297,62300,1000064,31304,512000,0,0,646816462,623017881,57437993,21703,88400,1000064,53549,722700,5407,22009,234,10,0
1785949828.765051931,65669338,1000064,65669338,0,65673094,16555,61600,1000064,31304,512000,0,0,646819473,623018450,65685102,21876,85800,1000064,53549,722700,5322,22009,234,10,0
1785949829.787777905,73873357,1000064,73873357,0,73876635,16742,61100,1000064,31304,512000,0,0,646822476,623019020,73885860,21995,83900,1000064,53549,722700,5254,22009,234,10,0
1785949830.814493884,81883591,1000064,81883592,0,81887306,16910,60800,1000064,31304,512000,0,0,646825511,623019597,81896882,22118,82700,1000064,53549,722700,5210,22009,234,10,0
1785949831.837715834,89949277,1000064,89949277,0,89952429,17057,60600,1000064,31304,512000,0,0,646828526,623020147,89962836,22233,81900,1000064,53549,722700,5177,22009,234,10,0
1785949832.862111635,98157591,1000064,98157592,0,98161882,17158,60300,1000064,31304,512000,0,0,646831524,623020714,98174221,22295,80800,1000064,53549,722700,5137,22009,234,10,0
1785949833.885403261,106321298,1000064,106321298,0,106325113,17242,60100,1000064,31304,512000,0,0,646834531,623021281,106335166,22349,80100,1000064,53549,722700,5106,22009,234,10,0
1785949834.908920676,114524354,1000064,114524355,0,114527918,17306,59900,1000064,31304,512000,0,0,646837535,623021858,114537400,22386,79300,1000064,53549,722700,5079,22009,234,10,0
1785949835.933503451,122710873,1000064,122710873,0,122715152,17365,59700,1000064,31304,512000,0,0,646840541,623022431,122732983,22422,78800,1000064,53549,722700,5057,22009,234,10,0
1785949836.958567378,130574264,1000064,130574264,0,130577021,17439,59700,1000064,31304,512000,0,0,646843579,623023017,130588982,22485,78500,1000064,53549,722700,5046,22009,234,10,0
1785949837.983254571,138690878,1000064,138690878,0,138693949,17493,59600,1000064,31304,512000,0,0,646846572,623023585,138705737,22522,78200,1000064,53549,722700,5029,22009,234,10,0
1785949839.007270848,146964920,1000064,146964920,0,146968165,17531,59400,1000064,31304,512000,0,0,646849580,623024149,146978298,22541,77700,1000064,53549,722700,5010,22009,234,10,0
1785949840.031995298,155112506,1000064,155112507,0,155115671,17574,59400,1000064,31304,512000,0,0,646852607,623024748,155125740,22570,77400,1000064,53549,722700,4996,22009,234,10,0
1785949841.056782172,163311381,1000064,163311381,0,163314629,17604,59200,1000064,31304,512000,0,0,646855614,623025334,163326029,22585,77100,1000064,53549,722700,4980,22009,234,10,0
1785949842.082124541,171542171,1000064,171542171,0,171545787,17630,59100,1000064,31304,512000,0,0,646858635,623025921,171559443,22596,76800,1000064,53549,722700,4966,22009,234,10,0
1785949843.107335484,179261313,1000064,179261313,0,179264660,17692,59200,1000064,31304,512000,0,0,646861660,623026422,179276301,22659,76800,1000064,53549,722700,4967,22009,234,10,0
1785949844.130115211,187259895,1000064,187259895,0,187262277,17727,59200,1000064,31304,512000,0,0,646864676,623026984,187271509,22688,76600,1000064,53549,722700,4961,22009,234,10,0
1785949845.151631313,195472431,1000064,195472432,0,195474797,17745,59100,1000064,31304,512000,0,0,646867674,623027563,195483981,22696,76400,1000064,53549,722700,4950,22009,234,10,0
1785949846.175114317,203647540,1000064,203647540,0,203650357,17763,59000,1000064,31304,512000,0,0,646870681,623028145,203659166,22704,76200,1000064,53549,722700,4941,22009,234,10,0
1785949847.200388487,211939762,1000064,211939762,0,211942864,17783,58900,1000064,31304,512000,0,0,646873692,623028712,211955082,22715,76000,1000064,53549,722700,4932,22009,234,10,0
1785949848.224063199,220197096,1000064,220197096,0,220200616,17798,58800,1000064,31304,512000,0,0,646876696,623029276,220212075,22721,75800,1000064,53549,722700,4923,22009,234,10,0
1785949849.251989210,228069204,1000064,228069204,0,228072039,17827,58800,1000064,31304,512000,0,0,646879722,623029863,228082430,22746,75700,1000064,53549,722700,4919,22009,234,10,0
1785949850.274339007,236267837,1000064,236267837,0,236270717,17841,58800,1000064,31304,512000,0,0,646882720,623030433,236278985,22754,75600,1000064,53549,722700,4913,22009,234,10,0
1785949851.297055445,244532212,1000064,244532212,0,244534846,17854,58700,1000064,31304,512000,0,0,646885719,623031007,244542755,22760,75400,1000064,53549,722700,4905,22009,234,10,0
1785949852.321352954,252734949,1000064,252734949,0,252738868,17865,58700,1000064,31304,512000,0,0,646888722,623031594,252750484,22765,75300,1000064,53549,722700,4899,22009,234,10,0
1785949853.345148513,254672484,1000064,254672484,0,254672484,17867,58700,1000064,31304,512000,0,0,646891779,623034088,254672484,22765,75200,1000064,53549,722700,4897,22009,234,10,0
1785949854.369738593,254672484,1000064,254672484,0,254672484,17867,58700,1000064,31304,512000,0,0,646894849,623037136,254672484,22765,75200,1000064,53549,722700,4897,22009,234,10,0
1785949855.394884649,254672484,1000064,254672484,0,254672484,17867,58700,1000064,31304,512000,0,0,646897922,623040070,254672484,22765,75200,1000064,53549,722700,4897,22009,234,10,0
1785949856.418143234,254672484,1000064,254672484,0,254672484,17867,58700,1000064,31304,512000,0,0,646900995,623043138,254672484,22765,75200,1000064,53549,722700,4897,22009,234,10,0
1785949857.439891594,254672484,1000064,254672484,0,254672484,17867,58700,1000064,31304,512000,0,0,646904057,623046195,254672484,22765,75200,1000064,53549,722700,4897,22009,234,10,0
1785949858.460881875,254672484,1000064,254672484,0,254672484,17867,58700,1000064,31304,512000,0,0,646907119,623049253,254672484,22765,75200,1000064,53549,722700,4897,22009,234,10,0
1785949859.486212113,254672484,1000064,254672484,0,254672484,17867,58700,1000064,31304,512000,0,0,646910195,623052323,254672484,22765,75200,1000064,53549,722700,4897,22009,234,10,0
1785949860.512503061,254672484,1000064,254672484,0,254672484,17867,58700,1000064,31304,512000,0,0,646913271,623055373,254672484,22765,75200,1000064,53549,722700,4897,22009,234,10,0
1785949861.538611085,254672484,1000064,254672484,0,254672484,17867,58700,1000064,31304,512000,0,0,646916349,623058331,254672484,22765,75200,1000064,53549,722700,4897,22009,234,10,0
1785949862.563076865,254672484,1000064,254672484,0,254672484,17867,58700,1000064,31304,512000,0,0,646919420,623061399,254672484,22765,75200,1000064,53549,722700,4897,22009,234,10,0
1785949863.586005127,254672484,1000064,254672484,0,254672484,17867,58700,1000064,31304,512000,0,0,646922489,623064461,254672484,22765,75200,1000064,53549,722700,4897,22009,234,10,0
1785949864.611365325,254672484,1000064,254672484,0,254672484,17867,58700,1000064,31304,512000,0,0,646925565,623067511,254672484,22765,75200,1000064,53549,722700,4897,22009,234,10,0
1785949865.636822012,254672484,1000064,254672484,0,254672484,17867,58700,1000064,31304,512000,0,0,646928640,623070581,254672484,22765,75200,1000064,53549,722700,4897,22009,234,10,0
1785949866.660383333,254672484,1000064,254672484,0,254672484,17867,58700,1000064,31304,512000,0,0,646931709,623073587,254672484,22765,75200,1000064,53549,722700,4897,22009,234,10,0
1785949867.687976929,254672484,1000064,254672484,0,254672484,17867,58700,1000064,31304,512000,0,0,646934793,623076588,254672484,22765,75200,1000064,53549,722700,4897,22009,234,10,0
1785949868.712306891,254672484,1000064,254672484,0,254672484,17867,58700,1000064,31304,512000,0,0,646937866,623079656,254672484,22765,75200,1000064,53549,722700,4897,22009,234,10,0
1785949869.737822814,254672484,1000064,254672484,0,254672484,17867,58700,1000064,31304,512000,0,0,646940941,623082726,254672484,22765,75200,1000064,53549,722700,4897,22009,234,10,0
1785949870.763711565,254672484,1000064,254672484,0,254672484,17867,58700,1000064,31304,512000,0,0,646944019,623085798,254672484,22765,75200,1000064,53549,722700,4897,22009,234,10,0
1785949871.789613739,254672484,1000064,254672484,0,254672484,17867,58700,1000064,31304,512000,0,0,646947096,623088870,254672484,22765,75200,1000064,53549,722700,4897,22009,234,10,0
1785949872.816283503,254672484,1000064,254672484,0,254672484,17867,58700,1000064,31304,512000,0,0,646950173,623091839,254672484,22765,75200,1000064,53549,722700,4897,22009,234,10,0
1785949873.840823896,254672484,1000064,254672484,0,254672484,17867,58700,1000064,31304,512000,0,0,646953249,623094874,254672484,22765,75200,1000064,53549,722700,4897,22009,234,10,0
1785949874.866499742,254672484,1000064,254672484,0,254672484,17867,58700,1000064,31304,512000,0,0,646956323,623097921,254672484,22765,75200,1000064,53549,722700,4897,22009,234,10,0
1785949875.893274447,254672484,1000064,254672484,0,254672484,17867,58700,1000064,31304,512000,0,0,646959403,623100995,254672484,22765,75200,1000064,53549,722700,4897,22009,234,10,0
1785949876.919261541,254672484,1000064,254672484,0,254672484,17867,58700,1000064,31304,512000,0,0,646962480,623104067,254672484,22765,75200,1000064,53549,722700,4897,22009,234,10,0
1785949877.943398238,254672484,1000064,254672484,0,254672484,17867,58700,1000064,31304,512000,0,0,646965556,623107137,254672484,22765,75200,1000064,53549,722700,4897,22009,234,10,0
1785949878.968366065,254672484,1000064,254672484,0,254672484,17867,58700,1000064,31304,512000,0,0,646968631,623110069,254672484,22765,75200,1000064,53549,722700,4897,22009,234,10,0
1785949879.993894728,254672484,1000064,254672484,0,254672484,17867,58700,1000064,31304,512000,0,0,646971706,623113140,254672484,22765,75200,1000064,53549,722700,4897,22009,234,10,0
1785949881.019446001,254672484,1000064,254672484,0,254672484,17867,58700,1000064,31304,512000,0,0,646974783,623116211,254672484,22765,75200,1000064,53549,722700,4897,22009,234,10,0
1785949882.043727327,254672484,1000064,254672484,0,254672484,17867,58700,1000064,31304,512000,0,0,646977860,623119283,254672484,22765,75200,1000064,53549,722700,4897,22009,234,10,0
1785949883.067522480,254672484,1000064,254672484,0,254672484,17867,58700,1000064,31304,512000,0,0,646980926,623122346,254672484,22765,75200,1000064,53549,722700,4897,22009,234,10,0
1785949884.093229513,254672484,1000064,254672484,0,254672484,17867,58700,1000064,31304,512000,0,0,646984002,623125383,254672484,22765,75200,1000064,53549,722700,4897,22009,234,10,0
1785949885.120132527,254672484,1000064,254672484,0,254672484,17867,58700,1000064,31304,512000,0,0,646987084,623128346,254672484,22765,75200,1000064,53549,722700,4897,22009,234,10,0
1785949886.145427086,254672484,1000064,254672484,0,254672484,17867,58700,1000064,31304,512000,0,0,646990159,623131418,254672484,22765,75200,1000064,53549,722700,4897,22009,234,10,0
1785949887.171856663,254672484,1000064,254672484,0,254672484,17867,58700,1000064,31304,512000,0,0,646993237,623134491,254672484,22765,75200,1000064,53549,722700,4897,22009,234,10,0
1785949888.194434646,254672484,1000064,254672484,0,254672484,17867,58700,1000064,31304,512000,0,0,646996305,623137556,254672484,22765,75200,1000064,53549,722700,4897,22009,234,10,0
1785949889.217218675,254672484,1000064,254672484,0,254672484,17867,58700,1000064,31304,512000,0,0,646999371,623140618,254672484,22765,75200,1000064,53549,722700,4897,22009,234,10,0
1785949890.241269776,254672484,1000064,254672484,0,254672484,17867,58700,1000064,31304,512000,0,0,647002442,623143609,254672484,22765,75200,1000064,53549,722700,4897,22009,234,10,0
1785949891.266441477,254672484,1000064,254672484,0,254672484,17867,58700,1000064,31304,512000,0,0,647005517,623146622,254672484,22765,75200,1000064,53549,722700,4897,22009,234,10,0
1785949892.291885981,254672484,1000064,254672484,0,254672484,17867,58700,1000064,31304,512000,0,0,647008592,623149693,254672484,22765,75200,1000064,53549,722700,4897,22009,234,10,0
1785949893.316099658,254672484,1000064,254672484,0,254672484,17867,58700,1000064,31304,512000,0,0,647011666,623152762,254672484,22765,75200,1000064,53549,722700,4897,22009,234,10,0
1785949894.339684048,254672484,1000064,254672484,0,254672484,17867,58700,1000064,31304,512000,0,0,647014739,623155831,254672484,22765,75200,1000064,53549,722700,4897,22009,234,10,0
1785949895.361583418,254672484,1000064,254672484,0,254672484,17867,58700,1000064,31304,512000,0,0,647017798,623158863,254672484,22765,75200,1000064,53549,722700,4897,22009,234,10,0
1785949896.386885220,254672484,1000064,254672484,0,254672484,17867,58700,1000064,31304,512000,0,0,647020874,623161825,254672484,22765,75200,1000064,53549,722700,4897,22009,234,10,0
1785949897.413471917,254672484,1000064,254672484,0,254672484,17867,58700,1000064,31304,512000,0,0,647023951,623164876,254672484,22765,75200,1000064,53549,722700,4897,22009,234,10,0
1785949898.438443952,254672484,1000064,254672484,0,254672484,17867,58700,1000064,31304,512000,0,0,647027027,623167945,254672484,22765,75200,1000064,53549,722700,4897,22009,234,10,0
1785949899.464826473,254672484,1000064,254672484,0,254672484,17867,58700,1000064,31304,512000,0,0,647030105,623171018,254672484,22765,75200,1000064,53549,722700,4897,22009,234,10,0
1785949900.491346645,254672484,1000064,254672484,0,254672484,17867,58700,1000064,31304,512000,0,0,647033183,623174092,254672484,22765,75200,1000064,53549,722700,4897,22009,234,10,0
1785949901.510134207,254672484,1000064,254672484,0,254672484,17867,58700,1000064,31304,512000,0,0,647036243,623177144,254672484,22765,75200,1000064,53549,722700,4897,22009,234,10,0
1785949902.532479600,254672487,1000064,254672487,0,254672487,17867,58700,1000064,31304,512000,0,0,647039307,623180078,254672487,22765,75200,1000064,53549,722700,4897,22009,234,10,0
1785949903.556380035,254672487,1000064,254672487,0,254672487,17867,58700,1000064,31304,512000,0,0,647042377,623183144,254672487,22765,75200,1000064,53549,722700,4897,22009,234,10,0
1785949904.581522554,254672487,1000064,254672487,0,254672487,17867,58700,1000064,31304,512000,0,0,647045452,623186213,254672487,22765,75200,1000064,53549,722700,4897,22009,234,10,0
1785949905.607753898,254672487,1000064,254672487,0,254672487,17867,58700,1000064,31304,512000,0,0,647048528,623189232,254672487,22765,75200,1000064,53549,722700,4897,22009,234,10,0
1785949906.633287912,254672487,1000064,254672487,0,254672487,17867,58700,1000064,31304,512000,0,0,647051605,623192303,254672487,22765,75200,1000064,53549,722700,4897,22009,234,10,0
1785949907.656178498,260407989,1000064,260407989,0,260410144,17895,58800,1000064,31304,512000,0,0,647054642,623193483,260419236,22796,75400,1000064,53549,722700,4900,22009,234,24,0
1785949908.677849983,268334736,1000064,268334736,0,268337956,17914,58800,1000064,31304,512000,0,0,647057669,623194041,268347878,22813,75400,1000064,53549,722700,4898,22009,234,28,0
1785949909.701245715,276490097,1000064,276490097,0,276493785,17925,58700,1000064,31304,512000,0,0,647060687,623194610,276505489,22821,75200,1000064,53549,722700,4895,22009,234,31,0
1785949910.723958724,284701832,1000064,284701832,0,284705422,17931,58700,1000064,31304,512000,0,0,647063682,623195181,284716277,22821,75100,1000064,53549,722700,4890,22009,234,31,0
1785949911.748201489,292923557,1000064,292923557,0,292927856,17937,58600,1000064,31304,512000,0,0,647066693,623195749,292941639,22823,74900,1000064,53549,722700,4886,22009,234,31,0
1785949912.775819156,301140765,1000064,301140765,0,301144244,17943,58500,1000064,31304,512000,0,0,647069710,623196330,301155115,22826,74800,1000064,53549,722700,4883,22009,234,31,0
1785949913.801435603,309035069,1000064,309035069,0,309038069,17957,58500,1000064,31304,512000,0,0,647072740,623196922,309050857,22841,74800,1000064,53549,722700,4883,22009,234,31,0
1785949914.824140974,317152162,1000064,317152162,0,317154917,17969,58500,1000064,31304,512000,0,0,647075752,623197482,317163829,22851,74700,1000064,53549,722700,4881,22009,234,31,0
1785949915.850438133,325359424,1000064,325359425,0,325363692,17977,58500,1000064,31304,512000,0,0,647078760,623198042,325381824,22856,74600,1000064,53549,722700,4879,22009,234,31,0
1785949916.874530595,333539191,1000064,333539191,0,333542839,17984,58400,1000064,31304,512000,0,0,647081762,623198621,333553282,22862,74500,1000064,53549,722700,4877,22009,234,31,0
1785949917.903845253,341654432,1000064,341654432,0,341657279,17989,58400,1000064,31304,512000,0,0,647084778,623199217,341667657,22864,74500,1000064,53549,722700,4874,22009,234,31,0
1785949918.931604928,349854213,1000064,349854213,0,349857260,17998,58400,1000064,31304,512000,0,0,647087805,623199800,349866846,22871,74400,1000064,53549,722700,4873,22009,234,31,0
1785949919.956277513,357782230,1000064,357782230,0,357785607,18010,58300,1000064,31304,512000,0,0,647090830,623200358,357796954,22884,74400,1000064,53549,722700,4873,22009,234,31,0
1785949920.979516038,365931412,1000064,365931412,0,365935288,18015,58300,1000064,31304,512000,0,0,647093814,623200935,365946611,22887,74300,1000064,53549,722700,4871,22009,234,31,0
1785949922.006278099,374045191,1000064,374045191,0,374048164,18022,58300,1000064,31304,512000,0,0,647096817,623201532,374059459,22893,74300,1000064,53549,722700,4870,22009,234,31,0
1785949923.028794272,382230083,1000064,382230084,0,382233096,18028,58300,1000064,31304,512000,0,0,647099822,623202108,382243112,22898,74200,1000064,53549,722700,4869,22009,234,31,0
1785949924.052197946,390447734,1000064,390447734,0,390451648,18031,58200,1000064,31304,512000,0,0,647102808,623202684,390463997,22899,74100,1000064,53549,722700,4867,22009,234,31,0
1785949925.076127461,398569214,1000064,398569214,0,398573153,18033,58200,1000064,31304,512000,0,0,647105805,623203285,398583822,22898,74100,1000064,53549,722700,4864,22009,234,31,0
1785949926.101001833,406344318,1000064,406344318,0,406347056,18048,58200,1000064,31304,512000,0,0,647108805,623203852,406356697,22915,74100,1000064,53549,722700,4866,22009,234,31,0
1785949927.124352841,414605792,1000064,414605792,0,414609809,18048,58200,1000064,31304,512000,0,0,647111788,623204418,414622085,22912,74000,1000064,53549,722700,4864,22009,234,31,0
1785949928.145342898,422817326,1000064,422817326,0,422819860,18053,58200,1000064,31304,512000,0,0,647114760,623204993,422829180,22916,74000,1000064,53549,722700,4862,22009,234,31,0
1785949929.168143632,430912413,1000064,430912413,0,430915571,18057,58100,1000064,31304,512000,0,0,647117747,623205593,430927513,22918,73900,1000064,53549,722700,4860,22009,234,31,0
1785949930.192418587,439089306,1000064,439089306,0,439092633,18058,58100,1000064,31304,512000,0,0,647120720,623206179,439103189,22918,73900,1000064,53549,722700,4858,22009,234,31,0
1785949931.216573454,447186038,1000064,447186038,0,447189897,18062,58100,1000064,31304,512000,0,0,647123704,623206745,447205415,22920,73800,1000064,53549,722700,4857,22009,234,31,0
1785949932.243835713,454916627,1000064,454916627,0,454919466,18076,58100,1000064,31304,512000,0,0,647126727,623207348,454930071,22936,73900,1000064,53549,722700,4859,22009,234,31,0
1785949933.268568127,463105666,1000064,463105667,0,463108399,18076,58100,1000064,31304,512000,0,0,647129716,623207934,463118176,22934,73800,1000064,53549,722700,4857,22009,234,31,0
1785949934.292313191,471287589,1000064,471287589,0,471290231,18078,58100,1000064,31304,512000,0,0,647132694,623208523,471300515,22933,73800,1000064,53549,722700,4855,22009,234,31,0
1785949935.315484346,479435381,1000064,479435381,0,479438581,18082,58000,1000064,31304,512000,0,0,647135668,623209101,479448598,22937,73700,1000064,53549,722700,4854,22009,234,31,0
1785949936.340469632,487544732,1000064,487544732,0,487547993,18084,58000,1000064,31304,512000,0,0,647138650,623209685,487557832,22938,73700,1000064,53549,722700,4853,22009,234,31,0
1785949937.362151874,492053927,1000064,492053927,0,492053927,18086,58000,1000064,31304,512000,0,0,647141673,623211331,492053927,22939,73700,1000064,53549,722700,4852,22009,234,31,0
1785949938.387003471,492053927,1000064,492053927,0,492053927,18086,58000,1000064,31304,512000,0,0,647144746,623214358,492053927,22939,73700,1000064,53549,722700,4852,22009,234,31,0
1785949939.412041008,492053927,1000064,492053927,0,492053927,18086,58000,1000064,31304,512000,0,0,647147821,623217427,492053927,22939,73700,1000064,53549,722700,4852,22009,234,31,0
1785949940.437529655,492053927,1000064,492053927,0,492053927,18086,58000,1000064,31304,512000,0,0,647150896,623220498,492053927,22939,73700,1000064,53549,722700,4852,22009,234,31,0
1785949941.463898106,492053927,1000064,492053927,0,492053927,18086,58000,1000064,31304,512000,0,0,647153974,623223569,492053927,22939,73700,1000064,53549,722700,4852,22009,234,31,0
1785949942.489187658,492053927,1000064,492053927,0,492053927,18086,58000,1000064,31304,512000,0,0,647157050,623226641,492053927,22939,73700,1000064,53549,722700,4852,22009,234,31,0
1785949943.513104270,492053927,1000064,492053927,0,492053927,18086,58000,1000064,31304,512000,0,0,647160123,623229584,492053927,22939,73700,1000064,53549,722700,4852,22009,234,31,0
1785949944.538522882,492053927,1000064,492053927,0,492053927,18086,58000,1000064,31304,512000,0,0,647163198,623232652,492053927,22939,73700,1000064,53549,722700,4852,22009,234,31,0
1785949945.563941566,492053927,1000064,492053927,0,492053927,18086,58000,1000064,31304,512000,0,0,647166274,623235722,492053927,22939,73700,1000064,53549,722700,4852,22009,234,31,0
1785949946.591291957,492053927,1000064,492053927,0,492053927,18086,58000,1000064,31304,512000,0,0,647169354,623238776,492053927,22939,73700,1000064,53549,722700,4852,22009,234,31,0
1785949947.615025151,492053927,1000064,492053927,0,492053927,18086,58000,1000064,31304,512000,0,0,647172427,623241843,492053927,22939,73700,1000064,53549,722700,4852,22009,234,31,0
1785949948.640594632,492053927,1000064,492053927,0,492053927,18086,58000,1000064,31304,512000,0,0,647175502,623244906,492053927,22939,73700,1000064,53549,722700,4852,22009,234,31,0
1785949949.665833337,492053927,1000064,492053927,0,492053927,18086,58000,1000064,31304,512000,0,0,647178576,623247848,492053927,22939,73700,1000064,53549,722700,4852,22009,234,31,0
1785949950.691267957,492053927,1000064,492053927,0,492053927,18086,58000,1000064,31304,512000,0,0,647181651,623250919,492053927,22939,73700,1000064,53549,722700,4852,22009,234,31,0
1785949951.717526223,492053927,1000064,492053927,0,492053927,18086,58000,1000064,31304,512000,0,0,647184729,623253991,492053927,22939,73700,1000064,53549,722700,4852,22009,234,31,0
1785949952.739760995,492053927,1000064,492053927,0,492053927,18086,58000,1000064,31304,512000,0,0,647187796,623257054,492053927,22939,73700,1000064,53549,722700,4852,22009,234,31,0
1785949953.762279522,492053927,1000064,492053927,0,492053927,18086,58000,1000064,31304,512000,0,0,647190864,623260117,492053927,22939,73700,1000064,53549,722700,4852,22009,234,31,0
1785949954.787003699,492053927,1000064,492053927,0,492053927,18086,58000,1000064,31304,512000,0,0,647193937,623263143,492053927,22939,73700,1000064,53549,722700,4852,22009,234,31,0
1785949955.812204431,492053927,1000064,492053927,0,492053927,18086,58000,1000064,31304,512000,0,0,647197009,623266130,492053927,22939,73700,1000064,53549,722700,4852,22009,234,31,0
1785949956.838023442,492053927,1000064,492053927,0,492053927,18086,58000,1000064,31304,512000,0,0,647200084,623269177,492053927,22939,73700,1000064,53549,722700,4852,22009,234,31,0
1785949957.859808873,492053927,1000064,492053927,0,492053927,18086,58000,1000064,31304,512000,0,0,647203151,623272238,492053927,22939,73700,1000064,53549,722700,4852,22009,234,31,0
1785949958.886479702,492053927,1000064,492053927,0,492053927,18086,58000,1000064,31304,512000,0,0,647206230,623275312,492053927,22939,73700,1000064,53549,722700,4852,22009,234,31,0
1785949959.912181091,492053927,1000064,492053927,0,492053927,18086,58000,1000064,31304,512000,0,0,647209306,623278383,492053927,22939,73700,1000064,53549,722700,4852,22009,234,31,0
1785949960.934283517,492053927,1000064,492053927,0,492053927,18086,58000,1000064,31304,512000,0,0,647212379,623281360,492053927,22939,73700,1000064,53549,722700,4852,22009,234,31,0
1785949961.959895972,492053927,1000064,492053927,0,492053927,18086,58000,1000064,31304,512000,0,0,647215447,623284388,492053927,22939,73700,1000064,53549,722700,4852,22009,234,31,0
1785949962.985696709,492053927,1000064,492053927,0,492053927,18086,58000,1000064,31304,512000,0,0,647218524,623287459,492053927,22939,73700,1000064,53549,722700,4852,22009,234,31,0
1785949964.011290297,492053927,1000064,492053927,0,492053927,18086,58000,1000064,31304,512000,0,0,647221600,623290531,492053927,22939,73700,1000064,53549,722700,4852,22009,234,31,0
1785949965.037014861,492053927,1000064,492053927,0,492053927,18086,58000,1000064,31304,512000,0,0,647224677,623293602,492053927,22939,73700,1000064,53549,722700,4852,22009,234,31,0
1785949966.062858227,492053927,1000064,492053927,0,492053927,18086,58000,1000064,31304,512000,0,0,647227753,623296674,492053927,22939,73700,1000064,53549,722700,4852,22009,234,31,0
1785949967.086096140,492053927,1000064,492053927,0,492053927,18086,58000,1000064,31304,512000,0,0,647230820,623299557,492053927,22939,73700,1000064,53549,722700,4852,22009,234,31,0
1785949968.111746999,492053927,1000064,492053927,0,492053927,18086,58000,1000064,31304,512000,0,0,647233897,623302590,492053927,22939,73700,1000064,53549,722700,4852,22009,234,31,0
1785949969.136641253,492053927,1000064,492053927,0,492053927,18086,58000,1000064,31304,512000,0,0,647236976,623305662,492053927,22939,73700,1000064,53549,722700,4852,22009,234,31,0
1785949970.163610846,492053927,1000064,492053927,0,492053927,18086,58000,1000064,31304,512000,0,0,647240051,623308733,492053927,22939,73700,1000064,53549,722700,4852,22009,234,31,0
1785949971.191127731,492053927,1000064,492053927,0,492053927,18086,58000,1000064,31304,512000,0,0,647243134,623311812,492053927,22939,73700,1000064,53549,722700,4852,22009,234,31,0
1785949972.217443318,492053927,1000064,492053927,0,492053927,18086,58000,1000064,31304,512000,0,0,647246213,623314885,492053927,22939,73700,1000064,53549,722700,4852,22009,234,31,0
1785949973.241604181,492053927,1000064,492053927,0,492053927,18086,58000,1000064,31304,512000,0,0,647249283,623317822,492053927,22939,73700,1000064,53549,722700,4852,22009,234,31,0
1785949974.268439187,492053927,1000064,492053927,0,492053927,18086,58000,1000064,31304,512000,0,0,647252364,623320897,492053927,22939,73700,1000064,53549,722700,4852,22009,234,31,0
1785949975.292443788,492053927,1000064,492053927,0,492053927,18086,58000,1000064,31304,512000,0,0,647255435,623323964,492053927,22939,73700,1000064,53549,722700,4852,22009,234,31,0
1785949976.316804798,492053927,1000064,492053927,0,492053927,18086,58000,1000064,31304,512000,0,0,647258508,623327033,492053927,22939,73700,1000064,53549,722700,4852,22009,234,31,0
1785949977.342041245,492053927,1000064,492053927,0,492053927,18086,58000,1000064,31304,512000,0,0,647261583,623330084,492053927,22939,73700,1000064,53549,722700,4852,22009,234,31,0
1785949978.365583314,492053927,1000064,492053927,0,492053927,18086,58000,1000064,31304,512000,0,0,647264656,623333138,492053927,22939,73700,1000064,53549,722700,4852,22009,234,31,0
1785949979.391199325,492053927,1000064,492053927,0,492053927,18086,58000,1000064,31304,512000,0,0,647267728,623336081,492053927,22939,73700,1000064,53549,722700,4852,22009,234,31,0
1785949980.417137520,492053927,1000064,492053927,0,492053927,18086,58000,1000064,31304,512000,0,0,647270804,623339152,492053927,22939,73700,1000064,53549,722700,4852,22009,234,31,0
1785949981.443608736,492053927,1000064,492053927,0,492053927,18086,58000,1000064,31304,512000,0,0,647273883,623342226,492053927,22939,73700,1000064,53549,722700,4852,22009,234,31,0
1785949982.469422756,492053927,1000064,492053927,0,492053927,18086,58000,1000064,31304,512000,0,0,647276962,623345300,492053927,22939,73700,1000064,53549,722700,4852,22009,234,31,0
1785949983.495210921,492053927,1000064,492053927,0,492053927,18086,58000,1000064,31304,512000,0,0,647280039,623348371,492053927,22939,73700,1000064,53549,722700,4852,22009,234,31,0
1785949984.518426370,492053927,1000064,492053927,0,492053927,18086,58000,1000064,31304,512000,0,0,647283106,623351390,492053927,22939,73700,1000064,53549,722700,4852,22009,234,31,0
1785949985.544312641,492053927,1000064,492053927,0,492053927,18086,58000,1000064,31304,512000,0,0,647286183,623354380,492053927,22939,73700,1000064,53549,722700,4852,22009,234,31,0
1785949986.569274195,492053927,1000064,492053927,0,492053927,18086,58000,1000064,31304,512000,0,0,647289258,623357451,492053927,22939,73700,1000064,53549,722700,4852,22009,234,31,0
1785949987.595406385,492053927,1000064,492053927,0,492053927,18086,58000,1000064,31304,512000,0,0,647292332,623360512,492053927,22939,73700,1000064,53549,722700,4852,22009,234,31,0
1785949988.621503775,492053927,1000064,492053927,0,492053927,18086,58000,1000064,31304,512000,0,0,647295410,623363574,492053927,22939,73700,1000064,53549,722700,4852,22009,234,31,0
1785949989.647738270,492053927,1000064,492053927,0,492053927,18086,58000,1000064,31304,512000,0,0,647298489,623366647,492053927,22939,73700,1000064,53549,722700,4852,22009,234,31,0
1785949990.671016352,492053927,1000064,492053927,0,492053927,18086,58000,1000064,31304,512000,0,0,647301560,623369610,492053927,22939,73700,1000064,53549,722700,4852,22009,234,31,0
1785949991.695894614,492053927,1000064,492053927,0,492053927,18086,58000,1000064,31304,512000,0,0,647304630,623372640,492053927,22939,73700,1000064,53549,722700,4852,22009,234,31,0
1785949992.720898175,492053927,1000064,492053927,0,492053927,18086,58000,1000064,31304,512000,0,0,647307706,623375710,492053927,22939,73700,1000064,53549,722700,4852,22009,234,31,0
1785949993.747512213,492053927,1000064,492053927,0,492053927,18086,58000,1000064,31304,512000,0,0,647310786,623378785,492053927,22939,73700,1000064,53549,722700,4852,22009,234,31,0
1785949994.770883385,492053927,1000064,492053927,0,492053927,18086,58000,1000064,31304,512000,0,0,647313856,623381851,492053927,22939,73700,1000064,53549,722700,4852,22009,234,31,0
1785949995.794415291,492053927,1000064,492053927,0,492053927,18086,58000,1000064,31304,512000,0,0,647316925,623384918,492053927,22939,73700,1000064,53549,722700,4852,22009,234,31,0
1785949996.815892935,492053927,1000064,492053927,0,492053927,18086,58000,1000064,31304,512000,0,0,647319986,623387838,492053927,22939,73700,1000064,53549,722700,4852,22009,234,31,0
1785949997.841994276,492053927,1000064,492053927,0,492053927,18086,58000,1000064,31304,512000,0,0,647323065,623390905,492053927,22939,73700,1000064,53549,722700,4852,22009,234,31,0
1785949998.867397681,492053927,1000064,492053927,0,492053927,18086,58000,1000064,31304,512000,0,0,647326139,623393958,492053927,22939,73700,1000064,53549,722700,4852,22009,234,31,0
1785949999.893546113,492053927,1000064,492053927,0,492053927,18086,58000,1000064,31304,512000,0,0,647329218,623397032,492053927,22939,73700,1000064,53549,722700,4852,22009,234,31,0
1785950000.919330870,492053927,1000064,492053927,0,492053927,18086,58000,1000064,31304,512000,0,0,647332294,623400104,492053927,22939,73700,1000064,53549,722700,4852,22009,234,31,0
1785950001.944063311,492053927,1000064,492053927,0,492053927,18086,58000,1000064,31304,512000,0,0,647335369,623403161,492053927,22939,73700,1000064,53549,722700,4852,22009,234,31,0
1785950002.969816833,492053927,1000064,492053927,0,492053927,18086,58000,1000064,31304,512000,0,0,647338446,623406112,492053927,22939,73700,1000064,53549,722700,4852,22009,234,31,0
1785950003.995377437,492053927,1000064,492053927,0,492053927,18086,58000,1000064,31304,512000,0,0,647341522,623409183,492053927,22939,73700,1000064,53549,722700,4852,22009,234,31,0
1785950005.021142367,492053927,1000064,492053927,0,492053927,18086,58000,1000064,31304,512000,0,0,647344598,623412255,492053927,22939,73700,1000064,53549,722700,4852,22009,234,31,0
1785950006.046930964,492053927,1000064,492053927,0,492053927,18086,58000,1000064,31304,512000,0,0,647347677,623415328,492053927,22939,73700,1000064,53549,722700,4852,22009,234,31,0
1785950007.071865721,492053927,1000064,492053927,0,492053927,18086,58000,1000064,31304,512000,0,0,647350750,623418396,492053927,22939,73700,1000064,53549,722700,4852,22009,234,31,0
1785950008.093940157,492053927,1000064,492053927,0,492053927,18086,58000,1000064,31304,512000,0,0,647353821,623421402,492053927,22939,73700,1000064,53549,722700,4852,22009,234,31,0
1785950009.118611140,492053927,1000064,492053927,0,492053927,18086,58000,1000064,31304,512000,0,0,647356888,623424372,492053927,22939,73700,1000064,53549,722700,4852,22009,234,31,0
1785950010.145021851,492053927,1000064,492053927,0,492053927,18086,58000,1000064,31304,512000,0,0,647359967,623427447,492053927,22939,73700,1000064,53549,722700,4852,22009,234,31,0
1785950011.171278147,492053927,1000064,492053927,0,492053927,18086,58000,1000064,31304,512000,0,0,647363046,623430521,492053927,22939,73700,1000064,53549,722700,4852,22009,234,31,0
1785950012.197583720,492053927,1000064,492053927,0,492053927,18086,58000,1000064,31304,512000,0,0,647366124,623433595,492053927,22939,73700,1000064,53549,722700,4852,22009,234,31,0
1785950013.223223477,492053927,1000064,492053927,0,492053927,18086,58000,1000064,31304,512000,0,0,647369200,623436666,492053927,22939,73700,1000064,53549,722700,4852,22009,234,31,0
1785950014.248300471,492053927,1000064,492053927,0,492053927,18086,58000,1000064,31304,512000,0,0,647372275,623439636,492053927,22939,73700,1000064,53549,722700,4852,22009,234,31,0
1785950015.273854532,492053927,1000064,492053927,0,492053927,18086,58000,1000064,31304,512000,0,0,647375349,623442651,492053927,22939,73700,1000064,53549,722700,4852,22009,234,31,0
1785950016.299500351,492053927,1000064,492053927,0,492053927,18086,58000,1000064,31304,512000,0,0,647378426,623445720,492053927,22939,73700,1000064,53549,722700,4852,22009,234,31,0
1785950017.325738780,492053927,1000064,492053927,0,492053927,18086,58000,1000064,31304,512000,0,0,647381504,623448793,492053927,22939,73700,1000064,53549,722700,4852,22009,234,31,0
1785950018.351248164,492053927,1000064,492053927,0,492053927,18086,58000,1000064,31304,512000,0,0,647384579,623451861,492053927,22939,73700,1000064,53549,722700,4852,22009,234,31,0
1785950019.375847535,492053927,1000064,492053927,0,492053927,18086,58000,1000064,31304,512000,0,0,647387654,623454912,492053927,22939,73700,1000064,53549,722700,4852,22009,234,31,0
1785950020.401955670,492053927,1000064,492053927,0,492053927,18086,58000,1000064,31304,512000,0,0,647390728,623457846,492053927,22939,73700,1000064,53549,722700,4852,22009,234,31,0
1785950021.427777656,492053927,1000064,492053927,0,492053927,18086,58000,1000064,31304,512000,0,0,647393806,623460917,492053927,22939,73700,1000064,53549,722700,4852,22009,234,31,0
1785950022.453734265,492053927,1000064,492053927,0,492053927,18086,58000,1000064,31304,512000,0,0,647396882,623463989,492053927,22939,73700,1000064,53549,722700,4852,22009,234,31,0
1785950023.477923413,492053927,1000064,492053927,0,492053927,18086,58000,1000064,31304,512000,0,0,647399961,623467063,492053927,22939,73700,1000064,53549,722700,4852,22009,234,31,0
1785950024.503591850,492053927,1000064,492053927,0,492053927,18086,58000,1000064,31304,512000,0,0,647403033,623470130,492053927,22939,73700,1000064,53549,722700,4852,22009,234,31,0
1785950025.529005326,492053927,1000064,492053927,0,492053927,18086,58000,1000064,31304,512000,0,0,647406107,623473173,492053927,22939,73700,1000064,53549,722700,4852,22009,234,31,0
1785950026.554505322,492053927,1000064,492053927,0,492053927,18086,58000,1000064,31304,512000,0,0,647409181,623476137,492053927,22939,73700,1000064,53549,722700,4852,22009,234,31,0
1785950027.581402645,492053927,1000064,492053927,0,492053927,18086,58000,1000064,31304,512000,0,0,647412263,623479213,492053927,22939,73700,1000064,53549,722700,4852,22009,234,31,0
1785950028.607544766,492053927,1000064,492053927,0,492053927,18086,58000,1000064,31304,512000,0,0,647415339,623482282,492053927,22939,73700,1000064,53549,722700,4852,22009,234,31,0
1785950029.634166387,492053927,1000064,492053927,0,492053927,18086,58000,1000064,31304,512000,0,0,647418419,623485283,492053927,22939,73700,1000064,53549,722700,4852,22009,234,31,0
1785950030.659930599,492053927,1000064,492053927,0,492053927,18086,58000,1000064,31304,512000,0,0,647421497,623488356,492053927,22939,73700,1000064,53549,722700,4852,22009,234,31,0
1785950031.684753294,492053927,1000064,492053927,0,492053927,18086,58000,1000064,31304,512000,0,0,647424567,623491362,492053927,22939,73700,1000064,53549,722700,4852,22009,234,31,0
1785950032.710111472,492053927,1000064,492053927,0,492053927,18086,58000,1000064,31304,512000,0,0,647427645,623494361,492053927,22939,73700,1000064,53549,722700,4852,22009,234,31,0
1785950033.736751933,492053927,1000064,492053927,0,492053927,18086,58000,1000064,31304,512000,0,0,647430722,623497433,492053927,22939,73700,1000064,53549,722700,4852,22009,234,31,0
1785950034.761734716,492053927,1000064,492053927,0,492053927,18086,58000,1000064,31304,512000,0,0,647433797,623500503,492053927,22939,73700,1000064,53549,722700,4852,22009,234,31,0
1785950035.787490571,492053927,1000064,492053927,0,492053927,18086,58000,1000064,31304,512000,0,0,647436873,623503575,492053927,22939,73700,1000064,53549,722700,4852,22009,234,31,0
1785950036.813882043,492053927,1000064,492053927,0,492053927,18086,58000,1000064,31304,512000,0,0,647439952,623506649,492053927,22939,73700,1000064,53549,722700,4852,22009,234,31,0
1785950037.836890197,492053927,1000064,492053927,0,492053927,18086,58000,1000064,31304,512000,0,0,647443022,623509612,492053927,22939,73700,1000064,53549,722700,4852,22009,234,31,0
1785950038.860410711,492053927,1000064,492053927,0,492053927,18086,58000,1000064,31304,512000,0,0,647446089,623512641,492053927,22939,73700,1000064,53549,722700,4852,22009,234,31,0
1785950039.886595201,492053927,1000064,492053927,0,492053927,18086,58000,1000064,31304,512000,0,0,647449166,623515690,492053927,22939,73700,1000064,53549,722700,4852,22009,234,31,0
1785950040.912389478,492053927,1000064,492053927,0,492053927,18086,58000,1000064,31304,512000,0,0,647452244,623518762,492053927,22939,73700,1000064,53549,722700,4852,22009,234,31,0
1785950041.938446218,492053927,1000064,492053927,0,492053927,18086,58000,1000064,31304,512000,0,0,647455321,623521834,492053927,22939,73700,1000064,53549,722700,4852,22009,234,31,0
1785950042.964498963,492053927,1000064,492053927,0,492053927,18086,58000,1000064,31304,512000,0,0,647458399,623524908,492053927,22939,73700,1000064,53549,722700,4852,22009,234,31,0
1785950043.990426771,492053927,1000064,492053927,0,492053927,18086,58000,1000064,31304,512000,0,0,647461472,623527850,492053927,22939,73700,1000064,53549,722700,4852,22009,234,31,0
1785950045.016476111,492053927,1000064,492053927,0,492053927,18086,58000,1000064,31304,512000,0,0,647464551,623530924,492053927,22939,73700,1000064,53549,722700,4852,22009,234,31,0
1785950046.041952294,492053927,1000064,492053927,0,492053927,18086,58000,1000064,31304,512000,0,0,647467627,623533995,492053927,22939,73700,1000064,53549,722700,4852,22009,234,31,0
1785950047.067755867,492053927,1000064,492053927,0,492053927,18086,58000,1000064,31304,512000,0,0,647470704,623537067,492053927,22939,73700,1000064,53549,722700,4852,22009,234,31,0
1785950048.091158799,492053927,1000064,492053927,0,492053927,18086,58000,1000064,31304,512000,0,0,647473780,623540138,492053927,22939,73700,1000064,53549,722700,4852,22009,234,31,0
1785950049.117091739,492053927,1000064,492053927,0,492053927,18086,58000,1000064,31304,512000,0,0,647476851,623543182,492053927,22939,73700,1000064,53549,722700,4852,22009,234,31,0
1785950050.144582865,492053927,1000064,492053927,0,492053927,18086,58000,1000064,31304,512000,0,0,647479930,623546131,492053927,22939,73700,1000064,53549,722700,4852,22009,234,31,0
1785950051.166526980,492053927,1000064,492053927,0,492053927,18086,58000,1000064,31304,512000,0,0,647483002,623549198,492053927,22939,73700,1000064,53549,722700,4852,22009,234,31,0
1785950052.187686701,492053927,1000064,492053927,0,492053927,18086,58000,1000064,31304,512000,0,0,647486063,623552254,492053927,22939,73700,1000064,53549,722700,4852,22009,234,31,0
1785950053.213487192,492053927,1000064,492053927,0,492053927,18086,58000,1000064,31304,512000,0,0,647489135,623555322,492053927,22939,73700,1000064,53549,722700,4852,22009,234,31,0
1785950054.239437459,492053927,1000064,492053927,0,492053927,18086,58000,1000064,31304,512000,0,0,647492214,623558396,492053927,22939,73700,1000064,53549,722700,4852,22009,234,31,0
1785950055.263386946,492053927,1000064,492053927,0,492053927,18086,58000,1000064,31304,512000,0,0,647495286,623561395,492053927,22939,73700,1000064,53549,722700,4852,22009,234,31,0
1785950056.290310925,492053927,1000064,492053927,0,492053927,18086,58000,1000064,31304,512000,0,0,647498364,623564402,492053927,22939,73700,1000064,53549,722700,4852,22009,234,31,0
1785950057.316012762,492053927,1000064,492053927,0,492053927,18086,58000,1000064,31304,512000,0,0,647501441,623567473,492053927,22939,73700,1000064,53549,722700,4852,22009,234,31,0
1785950058.339875729,492053927,1000064,492053927,0,492053927,18086,58000,1000064,31304,512000,0,0,647504510,623570540,492053927,22939,73700,1000064,53549,722700,4852,22009,234,31,0
1785950059.365390048,492053927,1000064,492053927,0,492053927,18086,58000,1000064,31304,512000,0,0,647507585,623573611,492053927,22939,73700,1000064,53549,722700,4852,22009,234,31,0
1785950060.390513578,492053927,1000064,492053927,0,492053927,18086,58000,1000064,31304,512000,0,0,647510662,623576662,492053927,22939,73700,1000064,53549,722700,4852,22009,234,31,0
1785950061.416505653,492053927,1000064,492053927,0,492053927,18086,58000,1000064,31304,512000,0,0,647513739,623579632,492053927,22939,73700,1000064,53549,722700,4852,22009,234,31,0
1785950062.440524565,492053927,1000064,492053927,0,492053927,18086,58000,1000064,31304,512000,0,0,647516812,623582673,492053927,22939,73700,1000064,53549,722700,4852,22009,234,31,0
1785950063.465455781,492053927,1000064,492053927,0,492053927,18086,58000,1000064,31304,512000,0,0,647519886,623585743,492053927,22939,73700,1000064,53549,722700,4852,22009,234,31,0
1785950064.492063851,492053927,1000064,492053927,0,492053927,18086,58000,1000064,31304,512000,0,0,647522966,623588817,492053927,22939,73700,1000064,53549,722700,4852,22009,234,31,0
1785950065.518363839,492053927,1000064,492053927,0,492053927,18086,58000,1000064,31304,512000,0,0,647526044,623591890,492053927,22939,73700,1000064,53549,722700,4852,22009,234,31,0
1785950066.541529632,492053927,1000064,492053927,0,492053927,18086,58000,1000064,31304,512000,0,0,647529120,623594957,492053927,22939,73700,1000064,53549,722700,4852,22009,234,31,0
1785950067.564029515,492053927,1000064,492053927,0,492053927,18086,58000,1000064,31304,512000,0,0,647532182,623597884,492053927,22939,73700,1000064,53549,722700,4852,22009,234,31,0
1785950068.584706159,492053927,1000064,492053927,0,492053927,18086,58000,1000064,31304,512000,0,0,647535251,623600949,492053927,22939,73700,1000064,53549,722700,4852,22009,234,31,0
1785950069.609161913,492053927,1000064,492053927,0,492053927,18086,58000,1000064,31304,512000,0,0,647538316,623604010,492053927,22939,73700,1000064,53549,722700,4852,22009,234,31,0
1785950070.635158507,492053927,1000064,492053927,0,492053927,18086,58000,1000064,31304,512000,0,0,647541392,623607057,492053927,22939,73700,1000064,53549,722700,4852,22009,234,31,0
1785950071.661632037,492053927,1000064,492053927,0,492053927,18086,58000,1000064,31304,512000,0,0,647544473,623610132,492053927,22939,73700,1000064,53549,722700,4852,22009,234,31,0
1785950072.685339283,492053927,1000064,492053927,0,492053927,18086,58000,1000064,31304,512000,0,0,647547544,623613156,492053927,22939,73700,1000064,53549,722700,4852,22009,234,31,0
1785950073.711178185,492053927,1000064,492053927,0,492053927,18086,58000,1000064,31304,512000,0,0,647550621,623616141,492053927,22939,73700,1000064,53549,722700,4852,22009,234,31,0
1785950074.735073019,492053927,1000064,492053927,0,492053927,18086,58000,1000064,31304,512000,0,0,647553691,623619207,492053927,22939,73700,1000064,53549,722700,4852,22009,234,31,0
1785950075.761064573,492053927,1000064,492053927,0,492053927,18086,58000,1000064,31304,512000,0,0,647556769,623622281,492053927,22939,73700,1000064,53549,722700,4852,22009,234,31,0
1785950076.786498426,492053927,1000064,492053927,0,492053927,18086,58000,1000064,31304,512000,0,0,647559845,623625351,492053927,22939,73700,1000064,53549,722700,4852,22009,234,31,0
1785950077.808380292,492053927,1000064,492053927,0,492053927,18086,58000,1000064,31304,512000,0,0,647562913,623628415,492053927,22939,73700,1000064,53549,722700,4852,22009,234,31,0
1785950078.831491916,492053927,1000064,492053927,0,492053927,18086,58000,1000064,31304,512000,0,0,647565978,623631397,492053927,22939,73700,1000064,53549,722700,4852,22009,234,31,0
1785950079.858509569,492053927,1000064,492053927,0,492053927,18086,58000,1000064,31304,512000,0,0,647569060,623634420,492053927,22939,73700,1000064,53549,722700,4852,22009,234,31,0
1785950080.883825088,492053927,1000064,492053927,0,492053927,18086,58000,1000064,31304,512000,0,0,647572135,623637467,492053927,22939,73700,1000064,53549,722700,4852,22009,234,31,0
1785950081.909369692,492053927,1000064,492053927,0,492053927,18086,58000,1000064,31304,512000,0,0,647575211,623640538,492053927,22939,73700,1000064,53549,722700,4852,22009,234,31,0
1785950082.933940565,492053927,1000064,492053927,0,492053927,18086,58000,1000064,31304,512000,0,0,647578284,623643607,492053927,22939,73700,1000064,53549,722700,4852,22009,234,31,0
1785950083.959357946,492053927,1000064,492053927,0,492053927,18086,58000,1000064,31304,512000,0,0,647581359,623646677,492053927,22939,73700,1000064,53549,722700,4852,22009,234,31,0
1785950084.982620092,492053927,1000064,492053927,0,492053927,18086,58000,1000064,31304,512000,0,0,647584427,623649622,492053927,22939,73700,1000064,53549,722700,4852,22009,234,31,0
1785950086.010080532,492053927,1000064,492053927,0,492053927,18086,58000,1000064,31304,512000,0,0,647587510,623652681,492053927,22939,73700,1000064,53549,722700,4852,22009,234,31,0
1785950087.033740530,492053927,1000064,492053927,0,492053927,18086,58000,1000064,31304,512000,0,0,647590581,623655748,492053927,22939,73700,1000064,53549,722700,4852,22009,234,31,0
1785950088.059201363,492053927,1000064,492053927,0,492053927,18086,58000,1000064,31304,512000,0,0,647593656,623658819,492053927,22939,73700,1000064,53549,722700,4852,22009,234,31,0
1785950089.084472480,492053927,1000064,492053927,0,492053927,18086,58000,1000064,31304,512000,0,0,647596731,623661889,492053927,22939,73700,1000064,53549,722700,4852,22009,234,31,0
1785950090.108606774,492053927,1000064,492053927,0,492053927,18086,58000,1000064,31304,512000,0,0,647599804,623664953,492053927,22939,73700,1000064,53549,722700,4852,22009,234,31,0
1785950091.132894617,492053927,1000064,492053927,0,492053927,18086,58000,1000064,31304,512000,0,0,647602873,623667840,492053927,22939,73700,1000064,53549,722700,4852,22009,234,31,0
1785950092.157950369,492053927,1000064,492053927,0,492053927,18086,58000,1000064,31304,512000,0,0,647605946,623670886,492053927,22939,73700,1000064,53549,722700,4852,22009,234,31,0
1785950093.183252628,492053927,1000064,492053927,0,492053927,18086,58000,1000064,31304,512000,0,0,647609025,623673957,492053927,22939,73700,1000064,53549,722700,4852,22009,234,31,0
1785950094.209617707,492053927,1000064,492053927,0,492053927,18086,58000,1000064,31304,512000,0,0,647612102,623677031,492053927,22939,73700,1000064,53549,722700,4852,22009,234,31,0
1785950095.231813155,492053927,1000064,492053927,0,492053927,18086,58000,1000064,31304,512000,0,0,647615168,623680093,492053927,22939,73700,1000064,53549,722700,4852,22009,234,31,0
1785950096.251735893,492053927,1000064,492053927,0,492053927,18086,58000,1000064,31304,512000,0,0,647618231,623683147,492053927,22939,73700,1000064,53549,722700,4852,22009,234,31,0
1785950097.273236619,492053927,1000064,492053927,0,492053927,18086,58000,1000064,31304,512000,0,0,647621289,623686072,492053927,22939,73700,1000064,53549,722700,4852,22009,234,31,0
1785950098.299357985,492053927,1000064,492053927,0,492053927,18086,58000,1000064,31304,512000,0,0,647624366,623689146,492053927,22939,73700,1000064,53549,722700,4852,22009,234,31,0
1785950099.322876197,492053927,1000064,492053927,0,492053927,18086,58000,1000064,31304,512000,0,0,647627439,623692215,492053927,22939,73700,1000064,53549,722700,4852,22009,234,31,0
1785950100.347550678,492053927,1000064,492053927,0,492053927,18086,58000,1000064,31304,512000,0,0,647630510,623695281,492053927,22939,73700,1000064,53549,722700,4852,22009,234,31,0
1785950101.373532698,492053927,1000064,492053927,0,492053927,18086,58000,1000064,31304,512000,0,0,647633587,623698329,492053927,22939,73700,1000064,53549,722700,4852,22009,234,31,0
1785950102.393707808,492053927,1000064,492053927,0,492053927,18086,58000,1000064,31304,512000,0,0,647636651,623701347,492053927,22939,73700,1000064,53549,722700,4852,22009,234,31,0
1785950103.417176940,492053927,1000064,492053927,0,492053927,18086,58000,1000064,31304,512000,0,0,647639715,623704294,492053927,22939,73700,1000064,53549,722700,4852,22009,234,31,0
1785950104.442633492,492053927,1000064,492053927,0,492053927,18086,58000,1000064,31304,512000,0,0,647642790,623707361,492053927,22939,73700,1000064,53549,722700,4852,22009,234,31,0
1785950105.467236780,492053927,1000064,492053927,0,492053927,18086,58000,1000064,31304,512000,0,0,647645864,623710429,492053927,22939,73700,1000064,53549,722700,4852,22009,234,31,0
1785950106.493728644,492053927,1000064,492053927,0,492053927,18086,58000,1000064,31304,512000,0,0,647648942,623713502,492053927,22939,73700,1000064,53549,722700,4852,22009,234,31,0
1785950107.518704638,492053927,1000064,492053927,0,492053927,18086,58000,1000064,31304,512000,0,0,647652017,623716569,492053927,22939,73700,1000064,53549,722700,4852,22009,234,31,0
1785950108.545807734,492053927,1000064,492053927,0,492053927,18086,58000,1000064,31304,512000,0,0,647655098,623719562,492053927,22939,73700,1000064,53549,722700,4852,22009,234,31,0
1785950109.571531030,492053927,1000064,492053927,0,492053927,18086,58000,1000064,31304,512000,0,0,647658176,623722582,492053927,22939,73700,1000064,53549,722700,4852,22009,234,31,0
1785950110.597965000,492053927,1000064,492053927,0,492053927,18086,58000,1000064,31304,512000,0,0,647661254,623725656,492053927,22939,73700,1000064,53549,722700,4852,22009,234,31,0
1785950111.624830754,492053927,1000064,492053927,0,492053927,18086,58000,1000064,31304,512000,0,0,647664334,623728707,492053927,22939,73700,1000064,53549,722700,4852,22009,234,31,0
1785950112.650885219,492053927,1000064,492053927,0,492053927,18086,58000,1000064,31304,512000,0,0,647667413,623731781,492053927,22939,73700,1000064,53549,722700,4852,22009,234,31,0
1785950113.676209819,492053927,1000064,492053927,0,492053927,18086,58000,1000064,31304,512000,0,0,647670490,623734853,492053927,22939,73700,1000064,53549,722700,4852,22009,234,31,0
1785950114.698463464,492053927,1000064,492053927,0,492053927,18086,58000,1000064,31304,512000,0,0,647673551,623737795,492053927,22939,73700,1000064,53549,722700,4852,22009,234,31,0
1785950115.725035534,492053927,1000064,492053927,0,492053927,18086,58000,1000064,31304,512000,0,0,647676631,623740848,492053927,22939,73700,1000064,53549,722700,4852,22009,234,31,0
1785950116.751605154,492053927,1000064,492053927,0,492053927,18086,58000,1000064,31304,512000,0,0,647679709,623743922,492053927,22939,73700,1000064,53549,722700,4852,22009,234,31,0
1785950117.777568868,492053927,1000064,492053927,0,492053927,18086,58000,1000064,31304,512000,0,0,647682786,623746994,492053927,22939,73700,1000064,53549,722700,4852,22009,234,31,0
1785950118.803282774,492053927,1000064,492053927,0,492053927,18086,58000,1000064,31304,512000,0,0,647685864,623750067,492053927,22939,73700,1000064,53549,722700,4852,22009,234,31,0
1785950119.827076685,492053927,1000064,492053927,0,492053927,18086,58000,1000064,31304,512000,0,0,647688935,623753128,492053927,22939,73700,1000064,53549,722700,4852,22009,234,31,0
1785950120.850773465,492053927,1000064,492053927,0,492053927,18086,58000,1000064,31304,512000,0,0,647692003,623756059,492053927,22939,73700,1000064,53549,722700,4852,22009,234,31,0
1785950121.874504046,492053927,1000064,492053927,0,492053927,18086,58000,1000064,31304,512000,0,0,647695074,623759101,492053927,22939,73700,1000064,53549,722700,4852,22009,234,31,0
1785950122.899640918,492053927,1000064,492053927,0,492053927,18086,58000,1000064,31304,512000,0,0,647698149,623762172,492053927,22939,73700,1000064,53549,722700,4852,22009,234,31,0
1785950123.924556380,492053927,1000064,492053927,0,492053927,18086,58000,1000064,31304,512000,0,0,647701225,623765243,492053927,22939,73700,1000064,53549,722700,4852,22009,234,31,0
1785950124.949520836,492053927,1000064,492053927,0,492053927,18086,58000,1000064,31304,512000,0,0,647704298,623768312,492053927,22939,73700,1000064,53549,722700,4852,22009,234,31,0
1785950125.974082216,492053927,1000064,492053927,0,492053927,18086,58000,1000064,31304,512000,0,0,647707372,623771338,492053927,22939,73700,1000064,53549,722700,4852,22009,234,31,0
1785950127.000142705,492053927,1000064,492053927,0,492053927,18086,58000,1000064,31304,512000,0,0,647710449,623774317,492053927,22939,73700,1000064,53549,722700,4852,22009,234,31,0
1785950128.025912365,492053927,1000064,492053927,0,492053927,18086,58000,1000064,31304,512000,0,0,647713525,623777389,492053927,22939,73700,1000064,53549,722700,4852,22009,234,31,0
1785950129.051641337,492053927,1000064,492053927,0,492053927,18086,58000,1000064,31304,512000,0,0,647716601,623780460,492053927,22939,73700,1000064,53549,722700,4852,22009,234,31,0
1785950130.077548899,492053927,1000064,492053927,0,492053927,18086,58000,1000064,31304,512000,0,0,647719679,623783533,492053927,22939,73700,1000064,53549,722700,4852,22009,234,31,0
1785950131.104326951,492053927,1000064,492053927,0,492053927,18086,58000,1000064,31304,512000,0,0,647722757,623786607,492053927,22939,73700,1000064,53549,722700,4852,22009,234,31,0
1785950132.129226079,492053927,1000064,492053927,0,492053927,18086,58000,1000064,31304,512000,0,0,647725831,623789583,492053927,22939,73700,1000064,53549,722700,4852,22009,234,31,0
1785950133.155378823,492053927,1000064,492053927,0,492053927,18086,58000,1000064,31304,512000,0,0,647728909,623792600,492053927,22939,73700,1000064,53549,722700,4852,22009,234,31,0
1785950134.181361810,492053927,1000064,492053927,0,492053927,18086,58000,1000064,31304,512000,0,0,647731984,623795672,492053927,22939,73700,1000064,53549,722700,4852,22009,234,31,0
1785950135.206637399,492053927,1000064,492053927,0,492053927,18086,58000,1000064,31304,512000,0,0,647735060,623798743,492053927,22939,73700,1000064,53549,722700,4852,22009,234,31,0
1785950136.227143784,492053927,1000064,492053927,0,492053927,18086,58000,1000064,31304,512000,0,0,647738122,623801801,492053927,22939,73700,1000064,53549,722700,4852,22009,234,31,0
1785950137.249541151,492053927,1000064,492053927,0,492053927,18086,58000,1000064,31304,512000,0,0,647741190,623804862,492053927,22939,73700,1000064,53549,722700,4852,22009,234,31,0
1785950138.274551410,492053927,1000064,492053927,0,492053927,18086,58000,1000064,31304,512000,0,0,647744264,623807816,492053927,22939,73700,1000064,53549,722700,4852,22009,234,31,0
1785950139.300170725,492053927,1000064,492053927,0,492053927,18086,58000,1000064,31304,512000,0,0,647747340,623810866,492053927,22939,73700,1000064,53549,722700,4852,22009,234,31,0
1785950140.326315581,492053927,1000064,492053927,0,492053927,18086,58000,1000064,31304,512000,0,0,647750419,623813939,492053927,22939,73700,1000064,53549,722700,4852,22009,234,31,0
1785950141.351618419,492053927,1000064,492053927,0,492053927,18086,58000,1000064,31304,512000,0,0,647753495,623817011,492053927,22939,73700,1000064,53549,722700,4852,22009,234,31,0
1785950142.369334970,492053927,1000064,492053927,0,492053927,18086,58000,1000064,31304,512000,0,0,647756552,623820041,492053927,22939,73700,1000064,53549,722700,4852,22009,234,31,0
1785950143.390237810,492053927,1000064,492053927,0,492053927,18086,58000,1000064,31304,512000,0,0,647759611,623823094,492053927,22939,73700,1000064,53549,722700,4852,22009,234,31,0
1785950144.414011070,492053927,1000064,492053927,0,492053927,18086,58000,1000064,31304,512000,0,0,647762675,623826018,492053927,22939,73700,1000064,53549,722700,4852,22009,234,31,0
1785950145.441073273,492053927,1000064,492053927,0,492053927,18086,58000,1000064,31304,512000,0,0,647765755,623829093,492053927,22939,73700,1000064,53549,722700,4852,22009,234,31,0
1785950146.466925948,492053927,1000064,492053927,0,492053927,18086,58000,1000064,31304,512000,0,0,647768833,623832166,492053927,22939,73700,1000064,53549,722700,4852,22009,234,31,0
1785950147.491892331,492053927,1000064,492053927,0,492053927,18086,58000,1000064,31304,512000,0,0,647771907,623835235,492053927,22939,73700,1000064,53549,722700,4852,22009,234,31,0
1785950148.517233639,492053927,1000064,492053927,0,492053927,18086,58000,1000064,31304,512000,0,0,647774982,623838306,492053927,22939,73700,1000064,53549,722700,4852,22009,234,31,0
1785950149.542168392,492053927,1000064,492053927,0,492053927,18086,58000,1000064,31304,512000,0,0,647778057,623841336,492053927,22939,73700,1000064,53549,722700,4852,22009,234,31,0
1785950150.568280292,492053927,1000064,492053927,0,492053927,18086,58000,1000064,31304,512000,0,0,647781133,623844313,492053927,22939,73700,1000064,53549,722700,4852,22009,234,31,0
1785950151.594439795,492053927,1000064,492053927,0,492053927,18086,58000,1000064,31304,512000,0,0,647784212,623847387,492053927,22939,73700,1000064,53549,722700,4852,22009,234,31,0
1785950152.613546884,492053927,1000064,492053927,0,492053927,18086,58000,1000064,31304,512000,0,0,647787272,623850429,492053927,22939,73700,1000064,53549,722700,4852,22009,234,31,0
1785950153.636336369,492053927,1000064,492053927,0,492053927,18086,58000,1000064,31304,512000,0,0,647790335,623853451,492053927,22939,73700,1000064,53549,722700,4852,22009,234,31,0
1785950154.662156042,492053927,1000064,492053927,0,492053927,18086,58000,1000064,31304,512000,0,0,647793413,623856523,492053927,22939,73700,1000064,53549,722700,4852,22009,234,31,0
1785950155.688534483,492053927,1000064,492053927,0,492053927,18086,58000,1000064,31304,512000,0,0,647796491,623859522,492053927,22939,73700,1000064,53549,722700,4852,22009,234,31,0
1785950156.714424022,492053927,1000064,492053927,0,492053927,18086,58000,1000064,31304,512000,0,0,647799566,623862529,492053927,22939,73700,1000064,53549,722700,4852,22009,234,31,0
1785950157.740451577,492053927,1000064,492053927,0,492053927,18086,58000,1000064,31304,512000,0,0,647802644,623865602,492053927,22939,73700,1000064,53549,722700,4852,22009,234,31,0
1785950158.767396740,492053927,1000064,492053927,0,492053927,18086,58000,1000064,31304,512000,0,0,647805722,623868675,492053927,22939,73700,1000064,53549,722700,4852,22009,234,31,0
1785950159.792290545,492053927,1000064,492053927,0,492053927,18086,58000,1000064,31304,512000,0,0,647808799,623871747,492053927,22939,73700,1000064,53549,722700,4852,22009,234,31,0
1785950160.812105353,492053927,1000064,492053927,0,492053927,18086,58000,1000064,31304,512000,0,0,647811863,623874807,492053927,22939,73700,1000064,53549,722700,4852,22009,234,31,0
1785950161.832033160,492053927,1000064,492053927,0,492053927,18086,58000,1000064,31304,512000,0,0,647814918,623877753,492053927,22939,73700,1000064,53549,722700,4852,22009,234,31,0
1785950162.856906676,492053927,1000064,492053927,0,492053927,18086,58000,1000064,31304,512000,0,0,647817990,623880789,492053927,22939,73700,1000064,53549,722700,4852,22009,234,31,0
1785950163.881039116,492053927,1000064,492053927,0,492053927,18086,58000,1000064,31304,512000,0,0,647821064,623883836,492053927,22939,73700,1000064,53549,722700,4852,22009,234,31,0
1785950164.906632800,492053927,1000064,492053927,0,492053927,18086,58000,1000064,31304,512000,0,0,647824137,623886903,492053927,22939,73700,1000064,53549,722700,4852,22009,234,31,0
1785950165.931932451,492053927,1000064,492053927,0,492053927,18086,58000,1000064,31304,512000,0,0,647827211,623889973,492053927,22939,73700,1000064,53549,722700,4852,22009,234,31,0
1785950166.958952115,492053927,1000064,492053927,0,492053927,18086,58000,1000064,31304,512000,0,0,647830299,623893052,492053927,22939,73700,1000064,53549,722700,4852,22009,234,31,0
1785950167.979721567,492053927,1000064,492053927,0,492053927,18086,58000,1000064,31304,512000,0,0,647833351,623895967,492053927,22939,73700,1000064,53549,722700,4852,22009,234,31,0
1785950169.005978121,492053927,1000064,492053927,0,492053927,18086,58000,1000064,31304,512000,0,0,647836428,623899038,492053927,22939,73700,1000064,53549,722700,4852,22009,234,31,0
1785950170.031359413,492053927,1000064,492053927,0,492053927,18086,58000,1000064,31304,512000,0,0,647839505,623902110,492053927,22939,73700,1000064,53549,722700,4852,22009,234,31,0
1785950171.056643139,492053927,1000064,492053927,0,492053927,18086,58000,1000064,31304,512000,0,0,647842583,623905181,492053927,22939,73700,1000064,53549,722700,4852,22009,234,31,0
1785950172.081922760,492053927,1000064,492053927,0,492053927,18086,58000,1000064,31304,512000,0,0,647845656,623908250,492053927,22939,73700,1000064,53549,722700,4852,22009,234,31,0
1785950173.101768238,492053927,1000064,492053927,0,492053927,18086,58000,1000064,31304,512000,0,0,647848718,623911276,492053927,22939,73700,1000064,53549,722700,4852,22009,234,31,0
1785950174.123218103,492053927,1000064,492053927,0,492053927,18086,58000,1000064,31304,512000,0,0,647851779,623914212,492053927,22939,73700,1000064,53549,722700,4852,22009,234,31,0
1785950175.149579608,492053927,1000064,492053927,0,492053927,18086,58000,1000064,31304,512000,0,0,647854855,623917284,492053927,22939,73700,1000064,53549,722700,4852,22009,234,31,0
1785950176.172449863,492053927,1000064,492053927,0,492053927,18086,58000,1000064,31304,512000,0,0,647857927,623920352,492053927,22939,73700,1000064,53549,722700,4852,22009,234,31,0
1785950177.197163509,492053927,1000064,492053927,0,492053927,18086,58000,1000064,31304,512000,0,0,647860999,623923418,492053927,22939,73700,1000064,53549,722700,4852,22009,234,31,0
1785950178.222339717,492053927,1000064,492053927,0,492053927,18086,58000,1000064,31304,512000,0,0,647864073,623926488,492053927,22939,73700,1000064,53549,722700,4852,22009,234,31,0
1785950179.247137997,492053927,1000064,492053927,0,492053927,18086,58000,1000064,31304,512000,0,0,647867148,623929485,492053927,22939,73700,1000064,53549,722700,4852,22009,234,31,0
1785950180.272816880,492053927,1000064,492053927,0,492053927,18086,58000,1000064,31304,512000,0,0,647870226,623932494,492053927,22939,73700,1000064,53549,722700,4852,22009,234,31,0
1785950181.298554511,492053927,1000064,492053927,0,492053927,18086,58000,1000064,31304,512000,0,0,647873306,623935566,492053927,22939,73700,1000064,53549,722700,4852,22009,234,31,0
1785950182.324326256,492053927,1000064,492053927,0,492053927,18086,58000,1000064,31304,512000,0,0,647876382,623938637,492053927,22939,73700,1000064,53549,722700,4852,22009,234,31,0
1785950183.348449645,492053927,1000064,492053927,0,492053927,18086,58000,1000064,31304,512000,0,0,647879454,623941705,492053927,22939,73700,1000064,53549,722700,4852,22009,234,31,0
1785950184.372322920,492053927,1000064,492053927,0,492053927,18086,58000,1000064,31304,512000,0,0,647882525,623944748,492053927,22939,73700,1000064,53549,722700,4852,22009,234,31,0
1785950185.397318371,492053927,1000064,492053927,0,492053927,18086,58000,1000064,31304,512000,0,0,647885596,623947713,492053927,22939,73700,1000064,53549,722700,4852,22009,234,31,0
1785950186.422840120,492053927,1000064,492053927,0,492053927,18086,58000,1000064,31304,512000,0,0,647888673,623950755,492053927,22939,73700,1000064,53549,722700,4852,22009,234,31,0
1785950187.448475200,492053927,1000064,492053927,0,492053927,18086,58000,1000064,31304,512000,0,0,647891750,623953827,492053927,22939,73700,1000064,53549,722700,4852,22009,234,31,0
1785950188.472379454,492053927,1000064,492053927,0,492053927,18086,58000,1000064,31304,512000,0,0,647894820,623956894,492053927,22939,73700,1000064,53549,722700,4852,22009,234,31,0
1785950189.497976440,492053927,1000064,492053927,0,492053927,18086,58000,1000064,31304,512000,0,0,647897896,623959964,492053927,22939,73700,1000064,53549,722700,4852,22009,234,31,0
1785950190.519570517,492053927,1000064,492053927,0,492053927,18086,58000,1000064,31304,512000,0,0,647900967,623963027,492053927,22939,73700,1000064,53549,722700,4852,22009,234,31,0
1785950191.544770897,492053927,1000064,492053927,0,492053927,18086,58000,1000064,31304,512000,0,0,647904034,623965966,492053927,22939,73700,1000064,53549,722700,4852,22009,234,31,0
1785950192.570270656,492053927,1000064,492053927,0,492053927,18086,58000,1000064,31304,512000,0,0,647907109,623969037,492053927,22939,73700,1000064,53549,722700,4852,22009,234,31,0
1785950193.596140411,492053927,1000064,492053927,0,492053927,18086,58000,1000064,31304,512000,0,0,647910186,623972109,492053927,22939,73700,1000064,53549,722700,4852,22009,234,31,0
1785950194.622338819,492053927,1000064,492053927,0,492053927,18086,58000,1000064,31304,512000,0,0,647913264,623975159,492053927,22939,73700,1000064,53549,722700,4852,22009,234,31,0
1785950195.650137548,492053927,1000064,492053927,0,492053927,18086,58000,1000064,31304,512000,0,0,647916349,623978238,492053927,22939,73700,1000064,53549,722700,4852,22009,234,31,0
1785950196.672758310,492053927,1000064,492053927,0,492053927,18086,58000,1000064,31304,512000,0,0,647919419,623981258,492053927,22939,73700,1000064,53549,722700,4852,22009,234,31,0
1785950197.697942909,492053927,1000064,492053927,0,492053927,18086,58000,1000064,31304,512000,0,0,647922492,623984236,492053927,22939,73700,1000064,53549,722700,4852,22009,234,31,0
1785950198.723497914,492053927,1000064,492053927,0,492053927,18086,58000,1000064,31304,512000,0,0,647925568,623987307,492053927,22939,73700,1000064,53549,722700,4852,22009,234,31,0
1785950199.749264466,492053927,1000064,492053927,0,492053927,18086,58000,1000064,31304,512000,0,0,647928644,623990377,492053927,22939,73700,1000064,53549,722700,4852,22009,234,31,0
1785950200.775581225,492053927,1000064,492053927,0,492053927,18086,58000,1000064,31304,512000,0,0,647931723,623993450,492053927,22939,73700,1000064,53549,722700,4852,22009,234,31,0
1785950201.801881050,492053927,1000064,492053927,0,492053927,18086,58000,1000064,31304,512000,0,0,647934802,623996523,492053927,22939,73700,1000064,53549,722700,4852,22009,234,31,0
1785950202.822128462,492053927,1000064,492053927,0,492053927,18086,58000,1000064,31304,512000,0,0,647937867,623999508,492053927,22939,73700,1000064,53549,722700,4852,22009,234,31,0
1785950203.846004681,492053927,1000064,492053927,0,492053927,18086,58000,1000064,31304,512000,0,0,647940937,624002521,492053927,22939,73700,1000064,53549,722700,4852,22009,234,31,0
1785950204.871704085,492053927,1000064,492053927,0,492053927,18086,58000,1000064,31304,512000,0,0,647944014,624005569,492053927,22939,73700,1000064,53549,722700,4852,22009,234,31,0
1785950205.897299763,492053927,1000064,492053927,0,492053927,18086,58000,1000064,31304,512000,0,0,647947090,624008641,492053927,22939,73700,1000064,53549,722700,4852,22009,234,31,0
1785950206.923232399,492053927,1000064,492053927,0,492053927,18086,58000,1000064,31304,512000,0,0,647950167,624011713,492053927,22939,73700,1000064,53549,722700,4852,22009,234,31,0
1785950207.948847028,492053927,1000064,492053927,0,492053927,18086,58000,1000064,31304,512000,0,0,647953244,624014785,492053927,22939,73700,1000064,53549,722700,4852,22009,234,31,0
1785950208.971473542,492053927,1000064,492053927,0,492053927,18086,58000,1000064,31304,512000,0,0,647956313,624017732,492053927,22939,73700,1000064,53549,722700,4852,22009,234,31,0
1785950209.997092307,492053927,1000064,492053927,0,492053927,18086,58000,1000064,31304,512000,0,0,647959387,624020792,492053927,22939,73700,1000064,53549,722700,4852,22009,234,31,0
1785950211.023607037,492053927,1000064,492053927,0,492053927,18086,58000,1000064,31304,512000,0,0,647962466,624023867,492053927,22939,73700,1000064,53549,722700,4852,22009,234,31,0
1785950212.050035547,492053927,1000064,492053927,0,492053927,18086,58000,1000064,31304,512000,0,0,647965545,624026941,492053927,22939,73700,1000064,53549,722700,4852,22009,234,31,0
1785950213.074787093,492053927,1000064,492053927,0,492053927,18086,58000,1000064,31304,512000,0,0,647968621,624030011,492053927,22939,73700,1000064,53549,722700,4852,22009,234,31,0
1785950214.099317097,492053927,1000064,492053927,0,492053927,18086,58000,1000064,31304,512000,0,0,647971693,624033070,492053927,22939,73700,1000064,53549,722700,4852,22009,234,31,0
1785950215.124182934,492053927,1000064,492053927,0,492053927,18086,58000,1000064,31304,512000,0,0,647974770,624035955,492053927,22939,73700,1000064,53549,722700,4852,22009,234,31,0
1785950216.150139271,492053927,1000064,492053927,0,492053927,18086,58000,1000064,31304,512000,0,0,647977845,624039000,492053927,22939,73700,1000064,53549,722700,4852,22009,234,31,0
1785950217.176251247,492053927,1000064,492053927,0,492053927,18086,58000,1000064,31304,512000,0,0,647980923,624042072,492053927,22939,73700,1000064,53549,722700,4852,22009,234,31,0
1785950218.202466019,492053927,1000064,492053927,0,492053927,18086,58000,1000064,31304,512000,0,0,647984001,624045145,492053927,22939,73700,1000064,53549,722700,4852,22009,234,31,0
1785950219.229089157,492053927,1000064,492053927,0,492053927,18086,58000,1000064,31304,512000,0,0,647987080,624048220,492053927,22939,73700,1000064,53549,722700,4852,22009,234,31,0
1785950220.251955275,492053927,1000064,492053927,0,492053927,18086,58000,1000064,31304,512000,0,0,647990148,624051282,492053927,22939,73700,1000064,53549,722700,4852,22009,234,31,0
1785950221.276381886,492053927,1000064,492053927,0,492053927,18086,58000,1000064,31304,512000,0,0,647993221,624054211,492053927,22939,73700,1000064,53549,722700,4852,22009,234,31,0
1785950222.302440015,492053927,1000064,492053927,0,492053927,18086,58000,1000064,31304,512000,0,0,647996300,624057284,492053927,22939,73700,1000064,53549,722700,4852,22009,234,31,0
1785950223.328947530,492053927,1000064,492053927,0,492053927,18086,58000,1000064,31304,512000,0,0,647999378,624060358,492053927,22939,73700,1000064,53549,722700,4852,22009,234,31,0
1785950224.354768082,492053927,1000064,492053927,0,492053927,18086,58000,1000064,31304,512000,0,0,648002456,624063430,492053927,22939,73700,1000064,53549,722700,4852,22009,234,31,0
1785950225.378330839,492053927,1000064,492053927,0,492053927,18086,58000,1000064,31304,512000,0,0,648005526,624066473,492053927,22939,73700,1000064,53549,722700,4852,22009,234,31,0
1785950226.404319486,492053927,1000064,492053927,0,492053927,18086,58000,1000064,31304,512000,0,0,648008602,624069509,492053927,22939,73700,1000064,53549,722700,4852,22009,234,31,0
1785950227.430535825,492053927,1000064,492053927,0,492053927,18086,58000,1000064,31304,512000,0,0,648011682,624072487,492053927,22939,73700,1000064,53549,722700,4852,22009,234,31,0
1785950228.452125112,492053927,1000064,492053927,0,492053927,18086,58000,1000064,31304,512000,0,0,648014750,624075551,492053927,22939,73700,1000064,53549,722700,4852,22009,234,31,0
1785950229.476336594,492053927,1000064,492053927,0,492053927,18086,58000,1000064,31304,512000,0,0,648017819,624078615,492053927,22939,73700,1000064,53549,722700,4852,22009,234,31,0
1785950230.501967215,492053927,1000064,492053927,0,492053927,18086,58000,1000064,31304,512000,0,0,648020893,624081686,492053927,22939,73700,1000064,53549,722700,4852,22009,234,31,0
1785950231.529602865,492053927,1000064,492053927,0,492053927,18086,58000,1000064,31304,512000,0,0,648023978,624084763,492053927,22939,73700,1000064,53549,722700,4852,22009,234,31,0
1785950232.555039966,492053927,1000064,492053927,0,492053927,18086,58000,1000064,31304,512000,0,0,648027054,624087761,492053927,22939,73700,1000064,53549,722700,4852,22009,234,31,0
1785950233.581982147,492053927,1000064,492053927,0,492053927,18086,58000,1000064,31304,512000,0,0,648030134,624090762,492053927,22939,73700,1000064,53549,722700,4852,22009,234,31,0
1785950234.606273991,492053927,1000064,492053927,0,492053927,18086,58000,1000064,31304,512000,0,0,648033206,624093830,492053927,22939,73700,1000064,53549,722700,4852,22009,234,31,0
1785950235.631523542,492053927,1000064,492053927,0,492053927,18086,58000,1000064,31304,512000,0,0,648036279,624096876,492053927,22939,73700,1000064,53549,722700,4852,22009,234,31,0
1785950236.657409388,492053927,1000064,492053927,0,492053927,18086,58000,1000064,31304,512000,0,0,648039356,624099948,492053927,22939,73700,1000064,53549,722700,4852,22009,234,31,0
1785950237.683452703,492053927,1000064,492053927,0,492053927,18086,58000,1000064,31304,512000,0,0,648042435,624103022,492053927,22939,73700,1000064,53549,722700,4852,22009,234,31,0
1785950238.707848674,492053927,1000064,492053927,0,492053927,18086,58000,1000064,31304,512000,0,0,648045507,624105991,492053927,22939,73700,1000064,53549,722700,4852,22009,234,31,0
1785950239.733312959,492053927,1000064,492053927,0,492053927,18086,58000,1000064,31304,512000,0,0,648048578,624109023,492053927,22939,73700,1000064,53549,722700,4852,22009,234,31,0
1785950240.758994040,492053927,1000064,492053927,0,492053927,18086,58000,1000064,31304,512000,0,0,648051656,624112095,492053927,22939,73700,1000064,53549,722700,4852,22009,234,31,0
1785950241.785747400,492053927,1000064,492053927,0,492053927,18086,58000,1000064,31304,512000,0,0,648054733,624115168,492053927,22939,73700,1000064,53549,722700,4852,22009,234,31,0
1785950242.811016143,492053927,1000064,492053927,0,492053927,18086,58000,1000064,31304,512000,0,0,648057811,624118236,492053927,22939,73700,1000064,53549,722700,4852,22009,234,31,0
