ts,cmd_get,cmd_set,get_hits,get_misses,rcount,ravg,rp99,wcount,wavg,wp99,badcrc,err5,cpu_total,cpu_idle,re2ec,re2ea,re2ep99,we2ec,we2ea,we2ep99,radmit,wadmit,wret,waitenq,yields,srvc,srva,srvp50,srvp99,quec,quea,bkc,bka,rxfer,rcrypto,rsync,wxfer,wcrypto,wsync,rp50,wp50
1785998974.742598383,0,641852935,0,0,0,0,0,641848787,13921,39600,0,0,793530787,750181484,0,0,0,641848787,14606,40500,0,585,99,0,0,641861879,3679019,3276700,18446744073709551616,641861880,717164,641859136,2960815,0,0,0,8697,821,3896,0,12300
1785998975.773385165,0,641852935,0,0,0,0,0,641848787,13921,39600,0,0,793533878,750184520,0,0,0,641848787,14606,40500,0,585,99,0,0,641861881,3679019,3276700,18446744073709551616,641861882,717164,641859136,2960815,0,0,0,8697,821,3896,0,12300
1785998976.806815004,0,641852935,0,0,0,0,0,641848787,13921,39600,0,0,793536977,750187613,0,0,0,641848787,14606,40500,0,585,99,0,0,641861883,3679019,3276700,18446744073709551616,641861884,717164,641859136,2960815,0,0,0,8697,821,3896,0,12300
1785998977.838333041,0,641852935,0,0,0,0,0,641848787,13921,39600,0,0,793540073,750190700,0,0,0,641848787,14606,40500,0,585,99,0,0,641861885,3679019,3276700,18446744073709551616,641861886,717164,641859136,2960815,0,0,0,8697,821,3896,0,12300
1785998978.871856007,0,641852935,0,0,0,0,0,641848787,13921,39600,0,0,793543173,750193794,0,0,0,641848787,14606,40500,0,585,99,0,0,641861887,3679019,3276700,18446744073709551616,641861888,717164,641859136,2960815,0,0,0,8697,821,3896,0,12300
1785998979.904647179,0,641852935,0,0,0,0,0,641848787,13921,39600,0,0,793546269,750196886,0,0,0,641848787,14606,40500,0,585,99,0,0,641861889,3679019,3276700,18446744073709551616,641861890,717164,641859136,2960815,0,0,0,8697,821,3896,0,12300
1785998980.935978286,0,641852935,0,0,0,0,0,641848787,13921,39600,0,0,793549363,750199843,0,0,0,641848787,14606,40500,0,585,99,0,0,641861891,3679019,3276700,18446744073709551616,641861892,717164,641859136,2960815,0,0,0,8697,821,3896,0,12300
1785998981.967297248,0,641852935,0,0,0,0,0,641848787,13921,39600,0,0,793552457,750202912,0,0,0,641848787,14606,40500,0,585,99,0,0,641861893,3679019,3276700,18446744073709551616,641861894,717164,641859136,2960815,0,0,0,8697,821,3896,0,12300
1785998982.998452969,0,641852935,0,0,0,0,0,641848787,13921,39600,0,0,793555549,750205990,0,0,0,641848787,14606,40500,0,585,99,0,0,641861895,3679019,3276700,18446744073709551616,641861896,717164,641859136,2960815,0,0,0,8697,821,3896,0,12300
1785998984.030948072,0,641852935,0,0,0,0,0,641848787,13921,39600,0,0,793558646,750209082,0,0,0,641848787,14606,40500,0,585,99,0,0,641861897,3679019,3276700,18446744073709551616,641861898,717164,641859136,2960815,0,0,0,8697,821,3896,0,12300
1785998985.063314676,0,641852935,0,0,0,0,0,641848787,13921,39600,0,0,793561741,750212172,0,0,0,641848787,14606,40500,0,585,99,0,0,641861899,3679019,3276700,18446744073709551616,641861900,717164,641859136,2960815,0,0,0,8697,821,3896,0,12300
1785998986.093897769,0,641852935,0,0,0,0,0,641848787,13921,39600,0,0,793564837,750215247,0,0,0,641848787,14606,40500,0,585,99,0,0,641861901,3679019,3276700,18446744073709551616,641861902,717164,641859136,2960815,0,0,0,8697,821,3896,0,12300
1785998987.122191672,0,641852935,0,0,0,0,0,641848787,13921,39600,0,0,793567918,750218203,0,0,0,641848787,14606,40500,0,585,99,0,0,641861903,3679019,3276700,18446744073709551616,641861904,717164,641859136,2960815,0,0,0,8697,821,3896,0,12300
1785998988.155295380,0,641852935,0,0,0,0,0,641848787,13921,39600,0,0,793571015,750221270,0,0,0,641848787,14606,40500,0,585,99,0,0,641861905,3679019,3276700,18446744073709551616,641861906,717164,641859136,2960815,0,0,0,8697,821,3896,0,12300
1785998989.188927166,0,641852935,0,0,0,0,0,641848787,13921,39600,0,0,793574118,750224364,0,0,0,641848787,14606,40500,0,585,99,0,0,641861907,3679019,3276700,18446744073709551616,641861908,717164,641859136,2960815,0,0,0,8697,821,3896,0,12300
1785998990.221292425,0,641852935,0,0,0,0,0,641848787,13921,39600,0,0,793577215,750227456,0,0,0,641848787,14606,40500,0,585,99,0,0,641861909,3679019,3276700,18446744073709551616,641861910,717164,641859136,2960815,0,0,0,8697,821,3896,0,12300
1785998991.252408358,0,641852935,0,0,0,0,0,641848787,13921,39600,0,0,793580307,750230544,0,0,0,641848787,14606,40500,0,585,99,0,0,641861911,3679019,3276700,18446744073709551616,641861912,717164,641859136,2960815,0,0,0,8697,821,3896,0,12300
1785998992.282130302,0,641852935,0,0,0,0,0,641848787,13921,39600,0,0,793583393,750233554,0,0,0,641848787,14606,40500,0,585,99,0,0,641861913,3679020,3276700,18446744073709551616,641861914,717164,641859136,2960815,0,0,0,8697,821,3896,0,12300
1785998993.315018236,0,641852935,0,0,0,0,0,641848787,13921,39600,0,0,793586491,750236560,0,0,0,641848787,14606,40500,0,585,99,0,0,641861915,3679020,3276700,18446744073709551616,641861916,717164,641859136,2960815,0,0,0,8697,821,3896,0,12300
1785998994.347337129,0,641852935,0,0,0,0,0,641848787,13921,39600,0,0,793589586,750239650,0,0,0,641848787,14606,40500,0,585,99,0,0,641861917,3679020,3276700,18446744073709551616,641861918,717164,641859136,2960815,0,0,0,8697,821,3896,0,12300
1785998995.379308136,0,641852935,0,0,0,0,0,641848787,13921,39600,0,0,793592683,750242742,0,0,0,641848787,14606,40500,0,585,99,0,0,641861919,3679020,3276700,18446744073709551616,641861920,717164,641859136,2960815,0,0,0,8697,821,3896,0,12300
1785998996.410154460,0,641852935,0,0,0,0,0,641848787,13921,39600,0,0,793595775,750245829,0,0,0,641848787,14606,40500,0,585,99,0,0,641861921,3679020,3276700,18446744073709551616,641861922,717164,641859136,2960815,0,0,0,8697,821,3896,0,12300
1785998997.443340375,0,641852935,0,0,0,0,0,641848787,13921,39600,0,0,793598873,750248921,0,0,0,641848787,14606,40500,0,585,99,0,0,641861923,3679020,3276700,18446744073709551616,641861924,717164,641859136,2960815,0,0,0,8697,821,3896,0,12300
1785998998.473113047,0,641852935,0,0,0,0,0,641848787,13921,39600,0,0,793601963,750251903,0,0,0,641848787,14606,40500,0,585,99,0,0,641861925,3679020,3276700,18446744073709551616,641861926,717164,641859136,2960815,0,0,0,8697,821,3896,0,12300
1785998999.501621211,0,641852935,0,0,0,0,0,641848787,13921,39600,0,0,793605052,750254953,0,0,0,641848787,14606,40500,0,585,99,0,0,641861927,3679020,3276700,18446744073709551616,641861928,717164,641859136,2960815,0,0,0,8697,821,3896,0,12300
1785999000.530584799,0,641852935,0,0,0,0,0,641848787,13921,39600,0,0,793608133,750258030,0,0,0,641848787,14606,40500,0,585,99,0,0,641861929,3679020,3276700,18446744073709551616,641861930,717164,641859136,2960815,0,0,0,8697,821,3896,0,12300
1785999001.561113556,0,641852935,0,0,0,0,0,641848787,13921,39600,0,0,793611228,750261119,0,0,0,641848787,14606,40500,0,585,99,0,0,641861931,3679020,3276700,18446744073709551616,641861932,717164,641859136,2960815,0,0,0,8697,821,3896,0,12300
1785999002.591183194,0,641852935,0,0,0,0,0,641848787,13921,39600,0,0,793614314,750264179,0,0,0,641848787,14606,40500,0,585,99,0,0,641861933,3679020,3276700,18446744073709551616,641861934,717164,641859136,2960815,0,0,0,8697,821,3896,0,12300
1785999003.620438085,0,641852935,0,0,0,0,0,641848787,13921,39600,0,0,793617405,750267256,0,0,0,641848787,14606,40500,0,585,99,0,0,641861935,3679020,3276700,18446744073709551616,641861936,717164,641859136,2960815,0,0,0,8697,821,3896,0,12300
1785999004.652208101,0,641852935,0,0,0,0,0,641848787,13921,39600,0,0,793620497,750270219,0,0,0,641848787,14606,40500,0,585,99,0,0,641861937,3679020,3276700,18446744073709551616,641861938,717164,641859136,2960815,0,0,0,8697,821,3896,0,12300
1785999005.684231043,0,641852935,0,0,0,0,0,641848787,13921,39600,0,0,793623590,750273308,0,0,0,641848787,14606,40500,0,585,99,0,0,641861939,3679020,3276700,18446744073709551616,641861940,717164,641859136,2960815,0,0,0,8697,821,3896,0,12300
1785999006.716724228,0,641852935,0,0,0,0,0,641848787,13921,39600,0,0,793626689,750276400,0,0,0,641848787,14606,40500,0,585,99,0,0,641861941,3679020,3276700,18446744073709551616,641861942,717164,641859136,2960815,0,0,0,8697,821,3896,0,12300
1785999007.749573523,0,641852935,0,0,0,0,0,641848787,13921,39600,0,0,793629787,750279492,0,0,0,641848787,14606,40500,0,585,99,0,0,641861943,3679020,3276700,18446744073709551616,641861944,717164,641859136,2960815,0,0,0,8697,821,3896,0,12300
1785999008.783061419,0,641852935,0,0,0,0,0,641848787,13921,39600,0,0,793632886,750282586,0,0,0,641848787,14606,40500,0,585,99,0,0,641861945,3679020,3276700,18446744073709551616,641861946,717164,641859136,2960815,0,0,0,8697,821,3896,0,12300
1785999009.812519386,0,641852935,0,0,0,0,0,641848787,13921,39600,0,0,793635974,750285617,0,0,0,641848787,14606,40500,0,585,99,0,0,641861947,3679020,3276700,18446744073709551616,641861948,717164,641859136,2960815,0,0,0,8697,821,3896,0,12300
1785999010.845978606,0,641852935,0,0,0,0,0,641848787,13921,39600,0,0,793639075,750288626,0,0,0,641848787,14606,40500,0,585,99,0,0,641861949,3679020,3276700,18446744073709551616,641861950,717164,641859136,2960815,0,0,0,8697,821,3896,0,12300
1785999011.878427184,0,641852935,0,0,0,0,0,641848787,13921,39600,0,0,793642173,750291719,0,0,0,641848787,14606,40500,0,585,99,0,0,641861951,3679020,3276700,18446744073709551616,641861952,717164,641859136,2960815,0,0,0,8697,821,3896,0,12300
1785999012.910110629,0,641852935,0,0,0,0,0,641848787,13921,39600,0,0,793645268,750294788,0,0,0,641848787,14606,40500,0,585,99,0,0,641861953,3679020,3276700,18446744073709551616,641861954,717164,641859136,2960815,0,0,0,8697,821,3896,0,12300
1785999013.942623900,0,641852935,0,0,0,0,0,641848787,13921,39600,0,0,793648365,750297876,0,0,0,641848787,14606,40500,0,585,99,0,0,641861955,3679020,3276700,18446744073709551616,641861956,717164,641859136,2960815,0,0,0,8697,821,3896,0,12300
1785999014.976945406,0,641852935,0,0,0,0,0,641848787,13921,39600,0,0,793651467,750300972,0,0,0,641848787,14606,40500,0,585,99,0,0,641861957,3679020,3276700,18446744073709551616,641861958,717164,641859136,2960815,0,0,0,8697,821,3896,0,12300
1785999016.008183303,0,641852935,0,0,0,0,0,641848787,13921,39600,0,0,793654561,750303966,0,0,0,641848787,14606,40500,0,585,99,0,0,641861959,3679020,3276700,18446744073709551616,641861960,717164,641859136,2960815,0,0,0,8697,821,3896,0,12300
1785999017.038609184,0,641852935,0,0,0,0,0,641848787,13921,39600,0,0,793657648,750307009,0,0,0,641848787,14606,40500,0,585,99,0,0,641861961,3679020,3276700,18446744073709551616,641861962,717164,641859136,2960815,0,0,0,8697,821,3896,0,12300
1785999018.071170671,0,641852935,0,0,0,0,0,641848787,13921,39600,0,0,793660747,750310101,0,0,0,641848787,14606,40500,0,585,99,0,0,641861963,3679020,3276700,18446744073709551616,641861964,717164,641859136,2960815,0,0,0,8697,821,3896,0,12300
1785999019.102848369,0,641852935,0,0,0,0,0,641848787,13921,39600,0,0,793663841,750313191,0,0,0,641848787,14606,40500,0,585,99,0,0,641861965,3679020,3276700,18446744073709551616,641861966,717164,641859136,2960815,0,0,0,8697,821,3896,0,12300
1785999020.135451705,0,641852935,0,0,0,0,0,641848787,13921,39600,0,0,793666938,750316282,0,0,0,641848787,14606,40500,0,585,99,0,0,641861967,3679020,3276700,18446744073709551616,641861968,717164,641859136,2960815,0,0,0,8697,821,3896,0,12300
1785999021.168076959,0,641852935,0,0,0,0,0,641848787,13921,39600,0,0,793670035,750319373,0,0,0,641848787,14606,40500,0,585,99,0,0,641861969,3679020,3276700,18446744073709551616,641861970,717164,641859136,2960815,0,0,0,8697,821,3896,0,12300
1785999022.198702778,0,641852935,0,0,0,0,0,641848787,13921,39600,0,0,793673127,750322328,0,0,0,641848787,14606,40500,0,585,99,0,0,641861971,3679020,3276700,18446744073709551616,641861972,717164,641859136,2960815,0,0,0,8697,821,3896,0,12300
1785999023.229643091,0,641852935,0,0,0,0,0,641848787,13921,39600,0,0,793676221,750325393,0,0,0,641848787,14606,40500,0,585,99,0,0,641861973,3679020,3276700,18446744073709551616,641861974,717165,641859136,2960815,0,0,0,8697,821,3896,0,12300
1785999024.263289857,0,641852935,0,0,0,0,0,641848787,13921,39600,0,0,793679319,750328486,0,0,0,641848787,14606,40500,0,585,99,0,0,641861975,3679020,3276700,18446744073709551616,641861976,717165,641859136,2960815,0,0,0,8697,821,3896,0,12300
1785999025.296135245,0,641852935,0,0,0,0,0,641848787,13921,39600,0,0,793682417,750331577,0,0,0,641848787,14606,40500,0,585,99,0,0,641861977,3679020,3276700,18446744073709551616,641861978,717165,641859136,2960815,0,0,0,8697,821,3896,0,12300
1785999026.329075927,0,641852935,0,0,0,0,0,641848787,13921,39600,0,0,793685516,750334670,0,0,0,641848787,14606,40500,0,585,99,0,0,641861979,3679020,3276700,18446744073709551616,641861980,717165,641859136,2960815,0,0,0,8697,821,3896,0,12300
1785999027.361638228,0,641852935,0,0,0,0,0,641848787,13921,39600,0,0,793688613,750337733,0,0,0,641848787,14606,40500,0,585,99,0,0,641861981,3679020,3276700,18446744073709551616,641861982,717165,641859136,2960815,0,0,0,8697,821,3896,0,12300
1785999028.394993048,0,641852935,0,0,0,0,0,641848787,13921,39600,0,0,793691707,750340724,0,0,0,641848787,14606,40500,0,585,99,0,0,641861983,3679020,3276700,18446744073709551616,641861984,717165,641859136,2960815,0,0,0,8697,821,3896,0,12300
1785999029.427953170,0,641852935,0,0,0,0,0,641848787,13921,39600,0,0,793694807,750343816,0,0,0,641848787,14606,40500,0,585,99,0,0,641861985,3679020,3276700,18446744073709551616,641861986,717165,641859136,2960815,0,0,0,8697,821,3896,0,12300
1785999030.457155349,0,641852935,0,0,0,0,0,641848787,13921,39600,0,0,793697899,750346902,0,0,0,641848787,14606,40500,0,585,99,0,0,641861987,3679020,3276700,18446744073709551616,641861988,717165,641859136,2960815,0,0,0,8697,821,3896,0,12300
1785999031.485422490,0,641852935,0,0,0,0,0,641848787,13921,39600,0,0,793700981,750349980,0,0,0,641848787,14606,40500,0,585,99,0,0,641861989,3679020,3276700,18446744073709551616,641861990,717165,641859136,2960815,0,0,0,8697,821,3896,0,12300
1785999032.517625587,0,641852935,0,0,0,0,0,641848787,13921,39600,0,0,793704075,750353069,0,0,0,641848787,14606,40500,0,585,99,0,0,641861991,3679020,3276700,18446744073709551616,641861992,717165,641859136,2960815,0,0,0,8697,821,3896,0,12300
1785999033.550541689,0,641852935,0,0,0,0,0,641848787,13921,39600,0,0,793707174,750356041,0,0,0,641848787,14606,40500,0,585,99,0,0,641861993,3679020,3276700,18446744073709551616,641861994,717165,641859136,2960815,0,0,0,8697,821,3896,0,12300
1785999034.580626866,0,641852935,0,0,0,0,0,641848787,13921,39600,0,0,793710263,750359005,0,0,0,641848787,14606,40500,0,585,99,0,0,641861995,3679020,3276700,18446744073709551616,641861996,717165,641859136,2960815,0,0,0,8697,821,3896,0,12300
1785999035.613338526,0,641852935,0,0,0,0,0,641848787,13921,39600,0,0,793713360,750362096,0,0,0,641848787,14606,40500,0,585,99,0,0,641861997,3679020,3276700,18446744073709551616,641861998,717165,641859136,2960815,0,0,0,8697,821,3896,0,12300
1785999036.645527696,0,641852935,0,0,0,0,0,641848787,13921,39600,0,0,793716456,750365188,0,0,0,641848787,14606,40500,0,585,99,0,0,641861999,3679020,3276700,18446744073709551616,641862000,717165,641859136,2960815,0,0,0,8697,821,3896,0,12300
1785999037.677649551,0,641852935,0,0,0,0,0,641848787,13921,39600,0,0,793719554,750368278,0,0,0,641848787,14606,40500,0,585,99,0,0,641862001,3679020,3276700,18446744073709551616,641862002,717165,641859136,2960815,0,0,0,8697,821,3896,0,12300
1785999038.709280676,0,641852935,0,0,0,0,0,641848787,13921,39600,0,0,793722647,750371367,0,0,0,641848787,14606,40500,0,585,99,0,0,641862003,3679020,3276700,18446744073709551616,641862004,717165,641859136,2960815,0,0,0,8697,821,3896,0,12300
1785999039.738744948,0,641852935,0,0,0,0,0,641848787,13921,39600,0,0,793725735,750374360,0,0,0,641848787,14606,40500,0,585,99,0,0,641862005,3679020,3276700,18446744073709551616,641862006,717165,641859136,2960815,0,0,0,8697,821,3896,0,12300
1785999040.768241052,0,641852935,0,0,0,0,0,641848787,13921,39600,0,0,793728821,750377400,0,0,0,641848787,14606,40500,0,585,99,0,0,641862007,3679020,3276700,18446744073709551616,641862008,717165,641859136,2960815,0,0,0,8697,821,3896,0,12300
1785999041.800838309,0,641852935,0,0,0,0,0,641848787,13921,39600,0,0,793731918,750380490,0,0,0,641848787,14606,40500,0,585,99,0,0,641862009,3679020,3276700,18446744073709551616,641862010,717165,641859136,2960815,0,0,0,8697,821,3896,0,12300
1785999042.835723371,0,641852935,0,0,0,0,0,641848787,13921,39600,0,0,793735024,750383590,0,0,0,641848787,14606,40500,0,585,99,0,0,641862011,3679020,3276700,18446744073709551616,641862012,717165,641859136,2960815,0,0,0,8697,821,3896,0,12300
1785999043.867811511,0,641852935,0,0,0,0,0,641848787,13921,39600,0,0,793738120,750386677,0,0,0,641848787,14606,40500,0,585,99,0,0,641862013,3679020,3276700,18446744073709551616,641862014,717165,641859136,2960815,0,0,0,8697,821,3896,0,12300
1785999044.900043270,0,641852935,0,0,0,0,0,641848787,13921,39600,0,0,793741214,750389746,0,0,0,641848787,14606,40500,0,585,99,0,0,641862015,3679020,3276700,18446744073709551616,641862016,717165,641859136,2960815,0,0,0,8697,821,3896,0,12300
1785999045.929086990,0,641852935,0,0,0,0,0,641848787,13921,39600,0,0,793744306,750392696,0,0,0,641848787,14606,40500,0,585,99,0,0,641862017,3679020,3276700,18446744073709551616,641862018,717165,641859136,2960815,0,0,0,8697,821,3896,0,12300
1785999046.959368842,0,641852935,0,0,0,0,0,641848787,13921,39600,0,0,793747393,750395778,0,0,0,641848787,14606,40500,0,585,99,0,0,641862019,3679020,3276700,18446744073709551616,641862020,717165,641859136,2960815,0,0,0,8697,821,3896,0,12300
1785999047.992720862,0,641852935,0,0,0,0,0,641848787,13921,39600,0,0,793750492,750398871,0,0,0,641848787,14606,40500,0,585,99,0,0,641862021,3679020,3276700,18446744073709551616,641862022,717165,641859136,2960815,0,0,0,8697,821,3896,0,12300
1785999049.023360314,0,641852935,0,0,0,0,0,641848787,13921,39600,0,0,793753585,750401959,0,0,0,641848787,14606,40500,0,585,99,0,0,641862023,3679020,3276700,18446744073709551616,641862024,717165,641859136,2960815,0,0,0,8697,821,3896,0,12300
1785999050.053384427,0,641852935,0,0,0,0,0,641848787,13921,39600,0,0,793756673,750405041,0,0,0,641848787,14606,40500,0,585,99,0,0,641862025,3679020,3276700,18446744073709551616,641862026,717165,641859136,2960815,0,0,0,8697,821,3896,0,12300
1785999051.085830457,0,641852935,0,0,0,0,0,641848787,13921,39600,0,0,793759767,750408119,0,0,0,641848787,14606,40500,0,585,99,0,0,641862027,3679020,3276700,18446744073709551616,641862028,717165,641859136,2960815,0,0,0,8697,821,3896,0,12300
1785999052.120506056,0,641852935,0,0,0,0,0,641848787,13921,39600,0,0,793762876,750411102,0,0,0,641848787,14606,40500,0,585,99,0,0,641862029,3679020,3276700,18446744073709551616,641862030,717165,641859136,2960815,0,0,0,8697,821,3896,0,12300
1785999053.152946421,0,641852935,0,0,0,0,0,641848787,13921,39600,0,0,793765972,750414193,0,0,0,641848787,14606,40500,0,585,99,0,0,641862031,3679020,3276700,18446744073709551616,641862032,717165,641859136,2960815,0,0,0,8697,821,3896,0,12300
1785999054.185128164,0,641852935,0,0,0,0,0,641848787,13921,39600,0,0,793769067,750417282,0,0,0,641848787,14606,40500,0,585,99,0,0,641862033,3679020,3276700,18446744073709551616,641862034,717165,641859136,2960815,0,0,0,8697,821,3896,0,12300
1785999055.217240407,0,641852935,0,0,0,0,0,641848787,13921,39600,0,0,793772163,750420351,0,0,0,641848787,14606,40500,0,585,99,0,0,641862035,3679020,3276700,18446744073709551616,641862036,717165,641859136,2960815,0,0,0,8697,821,3896,0,12300
1785999056.250010847,0,641852935,0,0,0,0,0,641848787,13921,39600,0,0,793775262,750423444,0,0,0,641848787,14606,40500,0,585,99,0,0,641862037,3679020,3276700,18446744073709551616,641862038,717165,641859136,2960815,0,0,0,8697,821,3896,0,12300
1785999057.282350466,0,641852935,0,0,0,0,0,641848787,13921,39600,0,0,793778358,750426471,0,0,0,641848787,14606,40500,0,585,99,0,0,641862039,3679020,3276700,18446744073709551616,641862040,717165,641859136,2960815,0,0,0,8697,821,3896,0,12300
1785999058.317645779,0,641852935,0,0,0,0,0,641848787,13921,39600,0,0,793781462,750429498,0,0,0,641848787,14606,40500,0,585,99,0,0,641862041,3679020,3276700,18446744073709551616,641862042,717165,641859136,2960815,0,0,0,8697,821,3896,0,12300
1785999059.351534228,0,641852935,0,0,0,0,0,641848787,13921,39600,0,0,793784562,750432593,0,0,0,641848787,14606,40500,0,585,99,0,0,641862043,3679020,3276700,18446744073709551616,641862044,717165,641859136,2960815,0,0,0,8697,821,3896,0,12300
1785999060.384545694,0,641852935,0,0,0,0,0,641848787,13921,39600,0,0,793787661,750435687,0,0,0,641848787,14606,40500,0,585,99,0,0,641862045,3679020,3276700,18446744073709551616,641862046,717165,641859136,2960815,0,0,0,8697,821,3896,0,12300
1785999061.415208150,0,641852935,0,0,0,0,0,641848787,13921,39600,0,0,793790754,750438773,0,0,0,641848787,14606,40500,0,585,99,0,0,641862047,3679020,3276700,18446744073709551616,641862048,717165,641859136,2960815,0,0,0,8697,821,3896,0,12300
1785999062.446797499,0,641852935,0,0,0,0,0,641848787,13921,39600,0,0,793793848,750441862,0,0,0,641848787,14606,40500,0,585,99,0,0,641862049,3679020,3276700,18446744073709551616,641862050,717165,641859136,2960815,0,0,0,8697,821,3896,0,12300
1785999063.479882514,0,641852935,0,0,0,0,0,641848787,13921,39600,0,0,793796944,750444842,0,0,0,641848787,14606,40500,0,585,99,0,0,641862051,3679020,3276700,18446744073709551616,641862052,717165,641859136,2960815,0,0,0,8697,821,3896,0,12300
1785999064.513087733,0,641852935,0,0,0,0,0,641848787,13921,39600,0,0,793800043,750447910,0,0,0,641848787,14606,40500,0,585,99,0,0,641862053,3679020,3276700,18446744073709551616,641862054,717165,641859136,2960815,0,0,0,8697,821,3896,0,12300
1785999065.545240045,0,641852935,0,0,0,0,0,641848787,13921,39600,0,0,793803136,750450981,0,0,0,641848787,14606,40500,0,585,99,0,0,641862055,3679020,3276700,18446744073709551616,641862056,717165,641859136,2960815,0,0,0,8697,821,3896,0,12300
1785999066.578076697,0,641852935,0,0,0,0,0,641848787,13921,39600,0,0,793806235,750454074,0,0,0,641848787,14606,40500,0,585,99,0,0,641862057,3679020,3276700,18446744073709551616,641862058,717165,641859136,2960815,0,0,0,8697,821,3896,0,12300
1785999067.611132861,0,641852935,0,0,0,0,0,641848787,13921,39600,0,0,793809333,750457167,0,0,0,641848787,14606,40500,0,585,99,0,0,641862059,3679020,3276700,18446744073709551616,641862060,717165,641859136,2960815,0,0,0,8697,821,3896,0,12300
1785999068.640122360,0,641852935,0,0,0,0,0,641848787,13921,39600,0,0,793812426,750460246,0,0,0,641848787,14606,40500,0,585,99,0,0,641862061,3679020,3276700,18446744073709551616,641862062,717165,641859136,2960815,0,0,0,8697,821,3896,0,12300
1785999069.675388713,0,641852935,0,0,0,0,0,641848787,13921,39600,0,0,793815523,750463212,0,0,0,641848787,14606,40500,0,585,99,0,0,641862063,3679020,3276700,18446744073709551616,641862064,717165,641859136,2960815,0,0,0,8697,821,3896,0,12300
1785999070.707299632,0,641852935,0,0,0,0,0,641848787,13921,39600,0,0,793818619,750466303,0,0,0,641848787,14606,40500,0,585,99,0,0,641862065,3679020,3276700,18446744073709551616,641862066,717165,641859136,2960815,0,0,0,8697,821,3896,0,12300
1785999071.739591137,0,641852935,0,0,0,0,0,641848787,13921,39600,0,0,793821714,750469393,0,0,0,641848787,14606,40500,0,585,99,0,0,641862067,3679020,3276700,18446744073709551616,641862068,717165,641859136,2960815,0,0,0,8697,821,3896,0,12300
1785999072.772596685,0,641852935,0,0,0,0,0,641848787,13921,39600,0,0,793824813,750472485,0,0,0,641848787,14606,40500,0,585,99,0,0,641862069,3679020,3276700,18446744073709551616,641862070,717165,641859136,2960815,0,0,0,8697,821,3896,0,12300
1785999073.805924149,0,641852935,0,0,0,0,0,641848787,13921,39600,0,0,793827911,750475578,0,0,0,641848787,14606,40500,0,585,99,0,0,641862071,3679020,3276700,18446744073709551616,641862072,717165,641859136,2960815,0,0,0,8697,821,3896,0,12300
1785999074.836031648,0,641852935,0,0,0,0,0,641848787,13921,39600,0,0,793831000,750478614,0,0,0,641848787,14606,40500,0,585,99,0,0,641862073,3679020,3276700,18446744073709551616,641862074,717165,641859136,2960815,0,0,0,8697,821,3896,0,12300
1785999075.862811500,0,641852935,0,0,0,0,0,641848787,13921,39600,0,0,793834081,750481588,0,0,0,641848787,14606,40500,0,585,99,0,0,641862075,3679020,3276700,18446744073709551616,641862076,717165,641859136,2960815,0,0,0,8697,821,3896,0,12300
1785999076.897240255,0,641852935,0,0,0,0,0,641848787,13921,39600,0,0,793837183,750484685,0,0,0,641848787,14606,40500,0,585,99,0,0,641862077,3679020,3276700,18446744073709551616,641862078,717165,641859136,2960815,0,0,0,8697,821,3896,0,12300
1785999077.929465667,0,641852935,0,0,0,0,0,641848787,13921,39600,0,0,793840278,750487774,0,0,0,641848787,14606,40500,0,585,99,0,0,641862079,3679020,3276700,18446744073709551616,641862080,717165,641859136,2960815,0,0,0,8697,821,3896,0,12300
1785999078.961084411,0,641852935,0,0,0,0,0,641848787,13921,39600,0,0,793843373,750490864,0,0,0,641848787,14606,40500,0,585,99,0,0,641862081,3679020,3276700,18446744073709551616,641862082,717165,641859136,2960815,0,0,0,8697,821,3896,0,12300
1785999079.992917237,0,641852935,0,0,0,0,0,641848787,13921,39600,0,0,793846469,750493953,0,0,0,641848787,14606,40500,0,585,99,0,0,641862083,3679020,3276700,18446744073709551616,641862084,717165,641859136,2960815,0,0,0,8697,821,3896,0,12300
1785999081.025547476,0,641852935,0,0,0,0,0,641848787,13921,39600,0,0,793849564,750496954,0,0,0,641848787,14606,40500,0,585,99,0,0,641862085,3679020,3276700,18446744073709551616,641862086,717165,641859136,2960815,0,0,0,8697,821,3896,0,12300
1785999082.059717366,0,641852935,0,0,0,0,0,641848787,13921,39600,0,0,793852669,750500019,0,0,0,641848787,14606,40500,0,585,99,0,0,641862087,3679020,3276700,18446744073709551616,641862088,717165,641859136,2960815,0,0,0,8697,821,3896,0,12300
1785999083.089680474,0,641852935,0,0,0,0,0,641848787,13921,39600,0,0,793855761,750503108,0,0,0,641848787,14606,40500,0,585,99,0,0,641862089,3679020,3276700,18446744073709551616,641862090,717165,641859136,2960815,0,0,0,8697,821,3896,0,12300
1785999084.120297430,0,641852935,0,0,0,0,0,641848787,13921,39600,0,0,793858853,750506194,0,0,0,641848787,14606,40500,0,585,99,0,0,641862091,3679020,3276700,18446744073709551616,641862092,717165,641859136,2960815,0,0,0,8697,821,3896,0,12300
1785999085.152399153,0,641852935,0,0,0,0,0,641848787,13921,39600,0,0,793861944,750509275,0,0,0,641848787,14606,40500,0,585,99,0,0,641862093,3679020,3276700,18446744073709551616,641862094,717165,641859136,2960815,0,0,0,8697,821,3896,0,12300
1785999086.180314952,0,641852935,0,0,0,0,0,641848787,13921,39600,0,0,793865035,750512336,0,0,0,641848787,14606,40500,0,585,99,0,0,641862095,3679020,3276700,18446744073709551616,641862096,717165,641859136,2960815,0,0,0,8697,821,3896,0,12300
1785999087.208633919,0,641852935,0,0,0,0,0,641848787,13921,39600,0,0,793868111,750515284,0,0,0,641848787,14606,40500,0,585,99,0,0,641862097,3679020,3276700,18446744073709551616,641862098,717165,641859136,2960815,0,0,0,8697,821,3896,0,12300
1785999088.240150885,0,641852935,0,0,0,0,0,641848787,13921,39600,0,0,793871207,750518373,0,0,0,641848787,14606,40500,0,585,99,0,0,641862099,3679020,3276700,18446744073709551616,641862100,717165,641859136,2960815,0,0,0,8697,821,3896,0,12300
1785999089.272625349,0,641852935,0,0,0,0,0,641848787,13921,39600,0,0,793874303,750521463,0,0,0,641848787,14606,40500,0,585,99,0,0,641862101,3679020,3276700,18446744073709551616,641862102,717165,641859136,2960815,0,0,0,8697,821,3896,0,12300
1785999090.305841781,0,641852935,0,0,0,0,0,641848787,13921,39600,0,0,793877401,750524556,0,0,0,641848787,14606,40500,0,585,99,0,0,641862103,3679020,3276700,18446744073709551616,641862104,717165,641859136,2960815,0,0,0,8697,821,3896,0,12300
1785999091.339454869,0,641852935,0,0,0,0,0,641848787,13921,39600,0,0,793880502,750527651,0,0,0,641848787,14606,40500,0,585,99,0,0,641862105,3679020,3276700,18446744073709551616,641862106,717165,641859136,2960815,0,0,0,8697,821,3896,0,12300
1785999092.369346599,0,641852935,0,0,0,0,0,641848787,13921,39600,0,0,793883595,750530699,0,0,0,641848787,14606,40500,0,585,99,0,0,641862107,3679020,3276700,18446744073709551616,641862108,717165,641859136,2960815,0,0,0,8697,821,3896,0,12300
1785999093.401762699,0,641852935,0,0,0,0,0,641848787,13921,39600,0,0,793886690,750533705,0,0,0,641848787,14606,40500,0,585,99,0,0,641862109,3679020,3276700,18446744073709551616,641862110,717165,641859136,2960815,0,0,0,8697,821,3896,0,12300
1785999094.434110939,0,641852935,0,0,0,0,0,641848787,13921,39600,0,0,793889784,750536795,0,0,0,641848787,14606,40500,0,585,99,0,0,641862111,3679020,3276700,18446744073709551616,641862112,717165,641859136,2960815,0,0,0,8697,821,3896,0,12300
1785999095.467211220,0,641852935,0,0,0,0,0,641848787,13921,39600,0,0,793892885,750539883,0,0,0,641848787,14606,40500,0,585,99,0,0,641862113,3679020,3276700,18446744073709551616,641862114,717165,641859136,2960815,0,0,0,8697,821,3896,0,12300
1785999096.500609621,0,641852935,0,0,0,0,0,641848787,13921,39600,0,0,793895985,750542933,0,0,0,641848787,14606,40500,0,585,99,0,0,641862115,3679020,3276700,18446744073709551616,641862116,717165,641859136,2960815,0,0,0,8697,821,3896,0,12300
1785999097.533380765,0,641852935,0,0,0,0,0,641848787,13921,39600,0,0,793899081,750546024,0,0,0,641848787,14606,40500,0,585,99,0,0,641862117,3679020,3276700,18446744073709551616,641862118,717165,641859136,2960815,0,0,0,8697,821,3896,0,12300
1785999098.563852183,0,641852935,0,0,0,0,0,641848787,13921,39600,0,0,793902172,750549014,0,0,0,641848787,14606,40500,0,585,99,0,0,641862119,3679020,3276700,18446744073709551616,641862120,717165,641859136,2960815,0,0,0,8697,821,3896,0,12300
1785999099.595798425,0,641852935,0,0,0,0,0,641848787,13921,39600,0,0,793905264,750552064,0,0,0,641848787,14606,40500,0,585,99,0,0,641862121,3679020,3276700,18446744073709551616,641862122,717165,641859136,2960815,0,0,0,8697,821,3896,0,12300
1785999100.629186241,0,641852935,0,0,0,0,0,641848787,13921,39600,0,0,793908364,750555158,0,0,0,641848787,14606,40500,0,585,99,0,0,641862123,3679020,3276700,18446744073709551616,641862124,717165,641859136,2960815,0,0,0,8697,821,3896,0,12300
1785999101.661460639,0,641852935,0,0,0,0,0,641848787,13921,39600,0,0,793911459,750558249,0,0,0,641848787,14606,40500,0,585,99,0,0,641862125,3679020,3276700,18446744073709551616,641862126,717165,641859136,2960815,0,0,0,8697,821,3896,0,12300
1785999102.690596476,0,641852935,0,0,0,0,0,641848787,13921,39600,0,0,793914552,750561336,0,0,0,641848787,14606,40500,0,585,99,0,0,641862127,3679020,3276700,18446744073709551616,641862128,717165,641859136,2960815,0,0,0,8697,821,3896,0,12300
1785999103.721777502,0,641852935,0,0,0,0,0,641848787,13921,39600,0,0,793917641,750564421,0,0,0,641848787,14606,40500,0,585,99,0,0,641862129,3679020,3276700,18446744073709551616,641862130,717165,641859136,2960815,0,0,0,8697,821,3896,0,12300
1785999104.753481334,0,641852935,0,0,0,0,0,641848787,13921,39600,0,0,793920732,750567370,0,0,0,641848787,14606,40500,0,585,99,0,0,641862131,3679020,3276700,18446744073709551616,641862132,717165,641859136,2960815,0,0,0,8697,821,3896,0,12300
1785999105.784557508,0,641852935,0,0,0,0,0,641848787,13921,39600,0,0,793923826,750570458,0,0,0,641848787,14606,40500,0,585,99,0,0,641862133,3679020,3276700,18446744073709551616,641862134,717165,641859136,2960815,0,0,0,8697,821,3896,0,12300
1785999106.814289479,0,641852935,0,0,0,0,0,641848787,13921,39600,0,0,793926916,750573520,0,0,0,641848787,14606,40500,0,585,99,0,0,641862135,3679020,3276700,18446744073709551616,641862136,717165,641859136,2960815,0,0,0,8697,821,3896,0,12300
1785999107.846048633,0,641852935,0,0,0,0,0,641848787,13921,39600,0,0,793930010,750576609,0,0,0,641848787,14606,40500,0,585,99,0,0,641862137,3679020,3276700,18446744073709551616,641862138,717165,641859136,2960815,0,0,0,8697,821,3896,0,12300
1785999108.879370583,0,641852935,0,0,0,0,0,641848787,13921,39600,0,0,793933109,750579703,0,0,0,641848787,14606,40500,0,585,99,0,0,641862139,3679020,3276700,18446744073709551616,641862140,717165,641859136,2960815,0,0,0,8697,821,3896,0,12300
1785999109.911635542,0,641852935,0,0,0,0,0,641848787,13921,39600,0,0,793936203,750582759,0,0,0,641848787,14606,40500,0,585,99,0,0,641862141,3679020,3276700,18446744073709551616,641862142,717165,641859136,2960815,0,0,0,8697,821,3896,0,12300
1785999110.945183693,0,641852935,0,0,0,0,0,641848787,13921,39600,0,0,793939303,750585747,0,0,0,641848787,14606,40500,0,585,99,0,0,641862143,3679020,3276700,18446744073709551616,641862144,717165,641859136,2960815,0,0,0,8697,821,3896,0,12300
1785999111.977749732,0,641852935,0,0,0,0,0,641848787,13921,39600,0,0,793942403,750588840,0,0,0,641848787,14606,40500,0,585,99,0,0,641862145,3679020,3276700,18446744073709551616,641862146,717165,641859136,2960815,0,0,0,8697,821,3896,0,12300
1785999113.009733178,0,641852935,0,0,0,0,0,641848787,13921,39600,0,0,793945498,750591928,0,0,0,641848787,14606,40500,0,585,99,0,0,641862147,3679020,3276700,18446744073709551616,641862148,717165,641859136,2960815,0,0,0,8697,821,3896,0,12300
1785999114.043115003,0,641852935,0,0,0,0,0,641848787,13921,39600,0,0,793948598,750595021,0,0,0,641848787,14606,40500,0,585,99,0,0,641862149,3679020,3276700,18446744073709551616,641862150,717165,641859136,2960815,0,0,0,8697,821,3896,0,12300
1785999120.141735612,0,0,0,0,0,0,0,0,0,0,0,0,793966863,750612814,0,0,0,0,0,0,0,0,0,0,0,0,0,0,0,0,0,0,0,0,0,0,0,0,0,0,0
1785999121.169692839,0,0,0,0,0,0,0,0,0,0,0,0,793969947,750615891,0,0,0,0,0,0,0,0,0,0,0,2,5767167,3276700,18446744073709551616,2,2835669,0,0,0,0,0,0,0,0,0,0
1785999122.200121917,0,0,0,0,0,0,0,0,0,0,0,0,793973033,750618871,0,0,0,0,0,0,0,0,0,0,0,4,4079403,2437000,18446744073709551616,4,1987661,0,0,0,0,0,0,0,0,0,0
1785999123.232061096,0,0,0,0,0,0,0,0,0,0,0,0,793976130,750621933,0,0,0,0,0,0,0,0,0,0,0,6,3892612,3276700,18446744073709551616,6,1900872,0,0,0,0,0,0,0,0,0,0
1785999124.262842868,0,0,0,0,0,0,0,0,0,0,0,0,793979221,750625020,0,0,0,0,0,0,0,0,0,0,0,8,3806185,3276700,18446744073709551616,8,1854724,0,0,0,0,0,0,0,0,0,0
1785999125.294835429,0,0,0,0,0,0,0,0,0,0,0,0,793982318,750628110,0,0,0,0,0,0,0,0,0,0,0,10,3764450,3276700,18446744073709551616,10,1832610,0,0,0,0,0,0,0,0,0,0
1785999126.325208792,0,0,0,0,0,0,0,0,0,0,0,0,793985408,750631195,0,0,0,0,0,0,0,0,0,0,0,12,3754634,3276700,18446744073709551616,12,1825698,0,0,0,0,0,0,0,0,0,0
1785999127.352248570,0,0,0,0,0,0,0,0,0,0,0,0,793988488,750634244,0,0,0,0,0,0,0,0,0,0,0,14,3723461,3276700,18446744073709551616,14,1810461,0,0,0,0,0,0,0,0,0,0
1785999128.376315040,0,0,0,0,0,0,0,0,0,0,0,0,793991561,750637148,0,0,0,0,0,0,0,0,0,0,0,16,3438163,3276700,18446744073709551616,16,1671225,0,0,0,0,0,0,0,0,0,0
1785999129.407514633,0,0,0,0,0,0,0,0,0,0,0,0,793994652,750640205,0,0,0,0,0,0,0,0,0,0,0,20,3114751,3276700,18446744073709551616,20,1508691,0,0,0,0,0,0,0,0,0,0
1785999130.433146397,0,0,0,0,0,0,0,0,0,0,0,0,793997728,750643252,0,0,0,0,0,0,0,0,0,0,0,24,2903064,3276700,18446744073709551616,24,1400267,0,0,0,0,0,0,0,0,0,0
1785999131.474829871,0,8325,0,0,0,0,0,8537,402758,1369000,0,0,794000847,750646121,0,0,0,8846,422235,1832800,0,15367,15600,0,0,8669,4858014,3001300,18446744073709551616,8898,1593336,9127,3092281,0,0,0,164926,144429,5917,0,203500
1785999132.491816522,0,1000064,0,0,0,0,0,1000064,34260,470400,0,0,794003637,750647104,0,0,0,1000064,53858,737400,0,19220,377,0,0,1000092,410391,262100,1831200,1000092,80417,1000064,328713,0,0,0,27747,1986,3171,0,13400
1785999133.530573492,0,0,0,0,0,0,0,0,0,0,0,0,794006747,750650156,0,0,0,0,0,0,0,0,0,0,0,2,13099316,3276700,18446744073709551616,2,6523993,0,0,0,0,0,0,0,0,0,0
1785999134.562173409,0,0,0,0,0,0,0,0,0,0,0,0,794009840,750653147,0,0,0,0,0,0,0,0,0,0,0,6,8125914,3276700,18446744073709551616,6,4018286,0,0,0,0,0,0,0,0,0,0
1785999135.595282915,0,0,0,0,0,0,0,0,0,0,0,0,794012940,750656215,0,0,0,0,0,0,0,0,0,0,0,10,5979706,3276700,18446744073709551616,10,2941498,0,0,0,0,0,0,0,0,0,0
1785999136.627584026,0,0,0,0,0,0,0,0,0,0,0,0,794016036,750659303,0,0,0,0,0,0,0,0,0,0,0,14,5868562,3276700,18446744073709551616,14,2883678,0,0,0,0,0,0,0,0,0,0
1785999137.660415569,0,0,0,0,0,0,0,0,0,0,0,0,794019133,750662324,0,0,0,0,0,0,0,0,0,0,0,18,5757327,3276700,18446744073709551616,18,2829742,0,0,0,0,0,0,0,0,0,0
1785999138.687708175,0,0,0,0,0,0,0,0,0,0,0,0,794022219,750665403,0,0,0,0,0,0,0,0,0,0,0,20,5782433,3276700,18446744073709551616,20,2841182,0,0,0,0,0,0,0,0,0,0
1785999139.712603478,0,0,0,0,0,0,0,0,0,0,0,0,794025292,750668376,0,0,0,0,0,0,0,0,0,0,0,22,5580583,3276700,18446744073709551616,22,2741697,0,0,0,0,0,0,0,0,0,0
1785999140.744934467,0,0,0,0,0,0,0,0,0,0,0,0,794028384,750671426,0,0,0,0,0,0,0,0,0,0,0,24,5530556,3276700,18446744073709551616,24,2716725,0,0,0,0,0,0,0,0,0,0
1785999141.777649806,0,0,0,0,0,0,0,0,0,0,0,0,794031481,750674518,0,0,0,0,0,0,0,0,0,0,0,26,5511703,3276700,18446744073709551616,26,2706678,0,0,0,0,0,0,0,0,0,0
1785999142.807755502,0,0,0,0,0,0,0,0,0,0,0,0,794034573,750677605,0,0,0,0,0,0,0,0,0,0,0,28,5495060,3276700,18446744073709551616,28,2699024,0,0,0,0,0,0,0,0,0,0
1785999143.838852696,0,0,0,0,0,0,0,0,0,0,0,0,794037664,750680689,0,0,0,0,0,0,0,0,0,0,0,30,5473580,3276700,18446744073709551616,30,2688244,0,0,0,0,0,0,0,0,0,0
1785999144.872215896,0,0,0,0,0,0,0,0,0,0,0,0,794040764,750683783,0,0,0,0,0,0,0,0,0,0,0,32,5458691,3276700,18446744073709551616,32,2681455,0,0,0,0,0,0,0,0,0,0
1785999145.905430735,0,0,0,0,0,0,0,0,0,0,0,0,794043861,750686740,0,0,0,0,0,0,0,0,0,0,0,34,5459112,3276700,18446744073709551616,34,2680512,0,0,0,0,0,0,0,0,0,0
1785999146.938836271,0,0,0,0,0,0,0,0,0,0,0,0,794046963,750689834,0,0,0,0,0,0,0,0,0,0,0,36,5454628,3276700,18446744073709551616,36,2677623,0,0,0,0,0,0,0,0,0,0
1785999147.972276053,0,0,0,0,0,0,0,0,0,0,0,0,794050063,750692905,0,0,0,0,0,0,0,0,0,0,0,38,5459941,3276700,18446744073709551616,38,2680672,0,0,0,0,0,0,0,0,0,0
1785999149.005281776,0,0,0,0,0,0,0,0,0,0,0,0,794053160,750695998,0,0,0,0,0,0,0,0,0,0,0,40,5451645,3276700,18446744073709551616,40,2676332,0,0,0,0,0,0,0,0,0,0
1785999150.039033551,0,0,0,0,0,0,0,0,0,0,0,0,794056259,750699091,0,0,0,0,0,0,0,0,0,0,0,42,5450665,3276700,18446744073709551616,42,2675624,0,0,0,0,0,0,0,0,0,0
1785999151.071144166,0,0,0,0,0,0,0,0,0,0,0,0,794059356,750702153,0,0,0,0,0,0,0,0,0,0,0,44,5456880,3276700,18446744073709551616,44,2678462,0,0,0,0,0,0,0,0,0,0
1785999152.101333782,0,0,0,0,0,0,0,0,0,0,0,0,794062448,750705137,0,0,0,0,0,0,0,0,0,0,0,46,5465115,3276700,18446744073709551616,46,2682516,0,0,0,0,0,0,0,0,0,0
1785999153.133943991,0,0,0,0,0,0,0,0,0,0,0,0,794065543,750708224,0,0,0,0,0,0,0,0,0,0,0,48,5452813,3276700,18446744073709551616,48,2675947,0,0,0,0,0,0,0,0,0,0
1785999154.166869306,0,0,0,0,0,0,0,0,0,0,0,0,794068640,750711317,0,0,0,0,0,0,0,0,0,0,0,50,5459177,3276700,18446744073709551616,50,2678196,0,0,0,0,0,0,0,0,0,0
1785999155.195099291,0,0,0,0,0,0,0,0,0,0,0,0,794071724,750714397,0,0,0,0,0,0,0,0,0,0,0,52,5459490,3276700,18446744073709551616,52,2678263,0,0,0,0,0,0,0,0,0,0
1785999156.223559422,0,0,0,0,0,0,0,0,0,0,0,0,794074810,750717477,0,0,0,0,0,0,0,0,0,0,0,55,5290688,3276700,18446744073709551616,55,2594076,0,0,0,0,0,0,0,0,0,0
1785999157.255210054,0,0,0,0,0,0,0,0,0,0,0,0,794077903,750720475,0,0,0,0,0,0,0,0,0,0,0,59,5183562,3276700,18446744073709551616,59,2498772,0,0,0,0,0,0,0,0,0,0
1785999158.288991594,0,0,0,0,0,0,0,0,0,0,0,0,794081003,750723437,0,0,0,0,0,0,0,0,0,0,0,62,5117282,3276700,18446744073709551616,62,2468268,0,0,0,0,0,0,0,0,0,0
1785999159.322406356,0,0,0,0,0,0,0,0,0,0,0,0,794084101,750726530,0,0,0,0,0,0,0,0,0,0,0,64,5115427,3276700,18446744073709551616,64,2468012,0,0,0,0,0,0,0,0,0,0
1785999160.354507459,0,0,0,0,0,0,0,0,0,0,0,0,794087199,750729622,0,0,0,0,0,0,0,0,0,0,0,66,5131456,3276700,18446744073709551616,66,2476959,0,0,0,0,0,0,0,0,0,0
1785999161.387520433,0,0,0,0,0,0,0,0,0,0,0,0,794090297,750732714,0,0,0,0,0,0,0,0,0,0,0,68,5136651,3276700,18446744073709551616,68,2480784,0,0,0,0,0,0,0,0,0,0
1785999162.420266541,0,0,0,0,0,0,0,0,0,0,0,0,794093396,750735806,0,0,0,0,0,0,0,0,0,0,0,70,5145610,3276700,18446744073709551616,70,2486123,0,0,0,0,0,0,0,0,0,0
1785999163.452991118,0,0,0,0,0,0,0,0,0,0,0,0,794096492,750738830,0,0,0,0,0,0,0,0,0,0,0,72,5147377,3276700,18446744073709551616,72,2487519,0,0,0,0,0,0,0,0,0,0
1785999164.482298670,0,0,0,0,0,0,0,0,0,0,0,0,794099577,750741847,0,0,0,0,0,0,0,0,0,0,0,74,5161948,3276700,18446744073709551616,74,2495130,0,0,0,0,0,0,0,0,0,0
1785999165.516396224,0,0,0,0,0,0,0,0,0,0,0,0,794102681,750744942,0,0,0,0,0,0,0,0,0,0,0,76,5164872,3276700,18446744073709551616,76,2497466,0,0,0,0,0,0,0,0,0,0
1785999166.546724743,0,0,0,0,0,0,0,0,0,0,0,0,794105773,750748032,0,0,0,0,0,0,0,0,0,0,0,78,5158700,3276700,18446744073709551616,78,2495208,0,0,0,0,0,0,0,0,0,0
1785999167.573229340,0,0,0,0,0,0,0,0,0,0,0,0,794108850,750751103,0,0,0,0,0,0,0,0,0,0,0,80,5161516,3276700,18446744073709551616,80,2497669,0,0,0,0,0,0,0,0,0,0
1785999168.604089234,3,0,3,0,3,99440,100800,0,0,0,0,0,794111940,750754166,3,114954,120100,0,0,0,15513,0,0,0,0,85,4989001,3276700,18446744073709551616,85,2412032,3,178456,13050,15233,41163,0,0,0,99800,0
1785999169.636318403,3,0,3,0,3,99440,100800,0,0,0,0,0,794115037,750757142,3,114954,120100,0,0,0,15513,0,0,0,0,89,4844147,3276700,18446744073709551616,89,2341931,3,178456,13050,15233,41163,0,0,0,99800,0
1785999170.668958802,3,0,3,0,3,99440,100800,0,0,0,0,0,794118133,750760209,3,114954,120100,0,0,0,15513,0,0,0,0,93,4816459,3276700,18446744073709551616,93,2302812,3,178456,13050,15233,41163,0,0,0,99800,0
1785999171.701712492,3,0,3,0,3,99440,100800,0,0,0,0,0,794121231,750763301,3,114954,120100,0,0,0,15513,0,0,0,0,97,4726680,3276700,18446744073709551616,97,2260530,3,178456,13050,15233,41163,0,0,0,99800,0
1785999172.734846086,3,0,3,0,3,99440,100800,0,0,0,0,0,794124330,750766393,3,114954,120100,0,0,0,15513,0,0,0,0,101,4695980,3276700,18446744073709551616,101,2222958,3,178456,13050,15233,41163,0,0,0,99800,0
1785999173.765833272,3,0,3,0,3,99440,100800,0,0,0,0,0,794127427,750769484,3,114954,120100,0,0,0,15513,0,0,0,0,105,4617787,3276700,18446744073709551616,105,2187073,3,178456,13050,15233,41163,0,0,0,99800,0
1785999174.791854069,3,0,3,0,3,99440,100800,0,0,0,0,0,794130506,750772553,3,114954,120100,0,0,0,15513,0,0,0,0,109,4593810,3276700,18446744073709551616,109,2155054,3,178456,13050,15233,41163,0,0,0,99800,0
1785999175.819869572,5467489,0,5467489,0,5469452,53450,133900,0,0,0,0,0,794133584,750773035,5477858,58676,174800,0,0,0,5249,0,0,0,0,5480841,1193772,956700,18446744073709551616,5487265,305711,5490556,887120,32541,472,18667,0,0,0,49300,0
1785999176.867950768,7019561,0,7019561,0,7013703,49965,101500,0,0,0,0,0,794136730,750773044,7022545,54577,120900,0,0,0,4627,0,0,0,0,7032044,1025803,909800,2580600,7038725,250566,7043610,774832,30005,456,17783,0,0,0,48900,0
1785999177.901304704,14174927,0,14174927,0,14168718,49867,101700,0,0,0,0,0,794139831,750773047,14178497,54464,121100,0,0,0,4604,0,0,0,0,14188487,1017437,904900,2554000,14195557,246721,14198446,770122,29875,454,17718,0,0,0,48700,0
1785999178.933690391,21254143,0,21254143,0,21247377,49993,102000,0,0,0,0,0,794142928,750773053,21255977,54613,121900,0,0,0,4624,0,0,0,0,21265704,1020143,907900,2558700,21271320,246353,21276261,773256,29935,454,17735,0,0,0,48700,0
1785999179.971470972,28449174,0,28449174,0,28442569,49930,101800,0,0,0,0,0,794146039,750773053,28452036,54533,121300,0,0,0,4606,0,0,0,0,28462657,1017015,906600,2522700,28468189,244552,28472901,771869,29886,454,17709,0,0,0,48700,0
1785999181.007058777,35477800,0,35477800,0,35470912,50071,102100,0,0,0,0,0,794149148,750773068,35478869,54702,121900,0,0,0,4630,0,0,0,0,35488885,1019293,908000,2518700,35492690,244010,35496510,774694,29966,454,17753,0,0,0,48700,0
1785999182.039952643,42339052,0,42339052,0,42332517,50316,102400,0,0,0,0,0,794152245,750773070,42341533,54988,123300,0,0,0,4674,0,0,0,0,42350898,1023564,910900,2524100,42357687,244224,42362921,778792,30115,456,17833,0,0,0,48900,0
1785999183.079786081,49500711,0,49500711,0,49493993,50260,102100,0,0,0,0,0,794155359,750773070,49501910,54927,122900,0,0,0,4668,0,0,0,0,49510591,1021147,909500,2496200,49513599,243142,49517797,777427,30074,455,17809,0,0,0,49000,0
1785999184.114287774,56583072,0,56583072,0,56576274,50249,101900,0,0,0,0,0,794158471,750773080,56585113,54920,122600,0,0,0,4673,0,0,0,0,56595224,1020402,908500,2482400,56599818,242770,56604249,777040,30073,456,17798,0,0,0,49100,0
1785999185.151401718,63693440,0,63693440,0,63687068,50233,101800,0,0,0,0,0,794161582,750773080,63695702,54906,122500,0,0,0,4674,0,0,0,0,63706097,1019347,907900,2470300,63709442,242271,63714967,776484,30063,456,17790,0,0,0,49100,0
1785999186.183784227,70780971,0,70780971,0,70774435,50216,101600,0,0,0,0,0,794164680,750773080,70782783,54889,122200,0,0,0,4673,0,0,0,0,70794044,1018531,908200,2459500,70799939,241766,70803029,776181,30052,456,17782,0,0,0,49200,0
1785999187.211511595,77721481,0,77721481,0,77714935,50271,101600,0,0,0,0,0,794167765,750773080,77723680,54954,122500,0,0,0,4684,0,0,0,0,77733539,1019693,909000,2457700,77737359,241669,77743177,777448,30085,456,17802,0,0,0,49300,0
1785999188.242234629,84636933,0,84636933,0,84630223,50333,101900,0,0,0,0,0,794170856,750773088,84637996,55030,123000,0,0,0,4698,0,0,0,0,84647452,1020558,908600,2467900,84651701,241613,84656152,778361,30125,456,17818,0,0,0,49200,0
1785999189.272742533,91708259,0,91708259,0,91701603,50314,101900,0,0,0,0,0,794173944,750773090,91710737,55011,123100,0,0,0,4698,0,0,0,0,91721653,1019352,907700,2463000,91727042,241242,91731650,777520,30115,456,17812,0,0,0,49200,0
1785999190.301760194,98834593,0,98834593,0,98827975,50273,101900,0,0,0,0,0,794177033,750773090,98836123,54965,123000,0,0,0,4692,0,0,0,0,98846212,1017886,906800,2455000,98851582,240860,98856710,776437,30087,456,17799,0,0,0,49100,0
1785999191.329963475,105957682,0,105957682,0,105951091,50238,101900,0,0,0,0,0,794180118,750773090,105959406,54923,122900,0,0,0,4685,0,0,0,0,105969204,1016579,906100,2447000,105973977,240463,105978410,775547,30064,455,17787,0,0,0,49000,0
1785999192.360998046,113092308,0,113092308,0,113085504,50207,102000,0,0,0,0,0,794183207,750773090,113093792,54887,122800,0,0,0,4680,0,0,0,0,113103901,1015531,905700,2436400,113109152,240056,113112211,774886,30044,455,17777,0,0,0,49000,0
1785999193.395418208,120031904,0,120031904,0,120025269,50260,102100,0,0,0,0,0,794186311,750773097,120032701,54947,123100,0,0,0,4687,0,0,0,0,120042310,1016223,905800,2442600,120046431,240094,120049564,775540,30079,455,17793,0,0,0,49000,0
1785999194.425427216,126993191,0,126993191,0,126986492,50288,102200,0,0,0,0,0,794189402,750773099,126994661,54979,123400,0,0,0,4691,0,0,0,0,127004789,1016276,905600,2441900,127009424,240014,127014708,775680,30096,455,17804,0,0,0,49000,0
1785999195.456249245,134072022,0,134072022,0,134065450,50276,102200,0,0,0,0,0,794192495,750773099,134073911,54965,123300,0,0,0,4689,0,0,0,0,134084214,1015591,905300,2434900,134089018,239759,134093847,775249,30086,455,17801,0,0,0,49100,0
1785999196.485118888,141134158,0,141134159,0,141127478,50265,102200,0,0,0,0,0,794195581,750773099,141136709,54955,123400,0,0,0,4690,0,0,0,0,141147212,1015298,904800,2431000,141151400,239554,141156172,775158,30078,455,17799,0,0,0,49100,0
1785999197.519448865,148224633,0,148224633,0,148218102,50255,102100,0,0,0,0,0,794198684,750773099,148226937,54943,123300,0,0,0,4688,0,0,0,0,148237357,1014986,904400,2427400,148243588,239402,148247417,774997,30070,455,17797,0,0,0,49200,0
1785999198.555952044,155303892,0,155303892,0,155297297,50253,102100,0,0,0,0,0,794201794,750773102,155306673,54941,123300,0,0,0,4688,0,0,0,0,155316425,1014793,904100,2423800,155321650,239266,155326767,774944,30068,455,17796,0,0,0,49200,0
1785999199.589227804,162092234,0,162092234,0,162085343,50333,102300,0,0,0,0,0,794204897,750773104,162092521,55033,123800,0,0,0,4699,0,0,0,0,162103027,1016380,904800,2431800,162106722,239539,162110227,776251,30119,455,17822,0,0,0,49200,0
1785999200.619319669,169095678,0,169095678,0,169089243,50336,102400,0,0,0,0,0,794207986,750773107,169097658,55036,123900,0,0,0,4700,0,0,0,0,169107469,1016423,905100,2432000,169112703,239488,169118631,776345,30121,455,17823,0,0,0,49200,0
1785999201.650992510,176259817,0,176259817,0,176253057,50303,102400,0,0,0,0,0,794211082,750773107,176261861,54999,123800,0,0,0,4696,0,0,0,0,176271218,1015391,904600,2426800,176277088,239180,176281409,775628,30100,455,17813,0,0,0,49200,0
1785999202.683082067,183383997,0,183383997,0,183377307,50280,102500,0,0,0,0,0,794214178,750773113,183386188,54974,123700,0,0,0,4694,0,0,0,0,183397142,1014657,904400,2422100,183402194,238926,183406749,775144,30086,455,17806,0,0,0,49200,0
1785999203.712423965,190531090,0,190531092,0,190524429,50251,102400,0,0,0,0,0,794217264,750773113,190533148,54942,123600,0,0,0,4690,0,0,0,0,190543758,1013803,904000,2416300,190549740,238664,190553523,774551,30067,454,17796,0,0,0,49200,0
1785999204.742987699,197680829,0,197680829,0,197674112,50226,102400,0,0,0,0,0,794220356,750773115,197682715,54913,123500,0,0,0,4687,0,0,0,0,197693045,1012913,903700,2413100,197699108,238410,197701843,773913,30052,454,17788,0,0,0,49200,0
1785999205.776864253,204469160,0,204469160,0,204462004,50279,102500,0,0,0,0,0,794223449,750773119,204470173,54974,123800,0,0,0,4694,0,0,0,0,204479351,1014011,904500,2420400,204482752,238575,204487710,774855,30086,454,17805,0,0,0,49300,0
1785999206.809966730,211579803,0,211579804,0,211573175,50266,102400,0,0,0,0,0,794226548,750773119,211581767,54960,123700,0,0,0,4694,0,0,0,0,211591520,1013504,904300,2416100,211598003,238381,211602582,774534,30078,454,17801,0,0,0,49300,0
1785999207.846388038,218780652,0,218780652,0,218773920,50243,102400,0,0,0,0,0,794229666,750773119,218782553,54935,123600,0,0,0,4691,0,0,0,0,218791792,1012756,904200,2411800,218796992,238203,218800990,773966,30064,454,17793,0,0,0,49300,0
1785999208.882399041,225923987,0,225923987,0,225917396,50229,102300,0,0,0,0,0,794232774,750773119,225926235,54920,123500,0,0,0,4691,0,0,0,0,225936577,1012366,904200,2408400,225942304,238069,225945709,773710,30056,453,17788,0,0,0,49300,0
1785999209.917502968,233010465,0,233010465,0,233003773,50224,102300,0,0,0,0,0,794235876,750773134,233013052,54916,123400,0,0,0,4691,0,0,0,0,233022656,1011959,903900,2407400,233029240,237931,233034545,773441,30052,453,17787,0,0,0,49300,0
1785999210.949936900,240049050,0,240049050,0,240042241,50228,102200,0,0,0,0,0,794238977,750773138,240050800,54921,123400,0,0,0,4692,0,0,0,0,240060828,1011861,903800,2405200,240065583,237843,240071363,773431,30054,453,17789,0,0,0,49300,0
1785999211.980772257,246796547,0,246796549,0,246789919,50279,102300,0,0,0,0,0,794242069,750773157,246798610,54979,123600,0,0,0,4700,0,0,0,0,246808537,1013038,904200,2414400,246814382,238024,246818944,774427,30088,454,17804,0,0,0,49300,0
1785999213.015164753,253995311,0,253995311,0,253988712,50254,102200,0,0,0,0,0,794245175,750773157,253997861,54951,123500,0,0,0,4697,0,0,0,0,254008480,1012333,903400,2413100,254012998,237884,254018231,773861,30073,453,17796,0,0,0,49300,0
1785999214.047797541,261188083,0,261188083,0,261181418,50230,102200,0,0,0,0,0,794248273,750773157,261190412,54924,123400,0,0,0,4693,0,0,0,0,261201035,1011753,902700,2410700,261205685,237732,261210778,773436,30058,453,17788,0,0,0,49300,0
1785999215.082957082,268380637,0,268380638,0,268373804,50210,102100,0,0,0,0,0,794251372,750773160,268382544,54900,123200,0,0,0,4690,0,0,0,0,268392366,1011175,902000,2409200,268398603,237591,268402839,772996,30045,453,17781,0,0,0,49300,0
1785999216.115642553,275606727,0,275606727,0,275600105,50187,102100,0,0,0,0,0,794254476,750773161,275608581,54874,123100,0,0,0,4686,0,0,0,0,275618086,1010448,901200,2408000,275624906,237406,275627460,772456,30031,453,17773,0,0,0,49300,0
1785999217.154903572,282763534,0,282763534,0,282756424,50183,102100,0,0,0,0,0,794257591,750773168,282764640,54867,123100,0,0,0,4684,0,0,0,0,282774362,1009975,900400,2409500,282779115,237327,282782428,772061,30028,453,17772,0,0,0,49300,0
1785999218.180582197,289429071,0,289429071,0,289422542,50238,102100,0,0,0,0,0,794260668,750773170,289430860,54930,123100,0,0,0,4691,0,0,0,0,289440487,1010930,900400,2416700,289445136,237508,289450131,772837,30064,453,17789,0,0,0,49300,0
1785999219.212605493,296555494,0,296555494,0,296548800,50227,102100,0,0,0,0,0,794263765,750773171,296557558,54917,123100,0,0,0,4690,0,0,0,0,296567697,1010516,899900,2414000,296572885,237373,296576652,772553,30057,453,17785,0,0,0,49300,0
1785999220.242270933,303669483,0,303669483,0,303662617,50215,102100,0,0,0,0,0,794266854,750773171,303671558,54904,123000,0,0,0,4688,0,0,0,0,303683120,1010070,899200,2412300,303687366,237250,303692153,772232,30050,453,17781,0,0,0,49300,0
1785999221.267469063,310810870,0,310810870,0,310804106,50197,102000,0,0,0,0,0,794269929,750773171,310811502,54883,122900,0,0,0,4686,0,0,0,0,310819971,1009575,898700,2408700,310823746,237110,310827722,771879,30038,453,17774,0,0,0,49300,0
1785999222.307045176,317996101,0,317996101,0,318006735,50178,102000,0,0,0,0,0,794273048,750773173,318015193,54863,122800,0,0,0,4684,0,0,0,0,318035052,1009146,898300,2406100,318049513,236991,318054659,771559,30029,453,17769,0,0,0,49200,0
1785999223.336323713,325152709,0,325152709,0,325146224,50167,101900,0,0,0,0,0,794276136,750773178,325154104,54850,122800,0,0,0,4683,0,0,0,0,325164787,1008714,897900,2403000,325168171,236873,325173026,771254,30020,453,17764,0,0,0,49200,0
1785999224.371546529,331972770,0,331972770,0,331966327,50201,102000,0,0,0,0,0,794279241,750773181,331973855,54889,122900,0,0,0,4688,0,0,0,0,331983201,1009404,897900,2406100,331987898,236989,331992086,771828,30041,453,17775,0,0,0,49200,0
1785999225.401359733,339125485,0,339125485,0,339118874,50190,101900,0,0,0,0,0,794282331,750773181,339128259,54877,122800,0,0,0,4686,0,0,0,0,339137992,1009036,897500,2402500,339143931,236901,339147473,771547,30035,453,17772,0,0,0,49200,0
1785999226.433850505,346275674,0,346275674,0,346269006,50180,101900,0,0,0,0,0,794285430,750773181,346277801,54865,122800,0,0,0,4684,0,0,0,0,346288376,1008645,896900,2398800,346293797,236796,346297139,771261,30028,453,17769,0,0,0,49200,0
1785999227.465080438,353405208,0,353405208,0,353398397,50169,101800,0,0,0,0,0,794288513,750773181,353405760,54853,122700,0,0,0,4683,0,0,0,0,353414534,1008345,896500,2395600,353418047,236712,353421865,771047,30021,452,17765,0,0,0,49200,0
1785999228.494830893,360541001,0,360541002,0,360534587,50159,101800,0,0,0,0,0,794291613,750773181,360543503,54841,122600,0,0,0,4682,0,0,0,0,360554116,1007941,896000,2392000,360558880,236607,360563371,770747,30015,452,17762,0,0,0,49200,0
1785999229.528022624,367654687,0,367654687,0,367648102,50154,101800,0,0,0,0,0,794294708,750773183,367656986,54836,122600,0,0,0,4681,0,0,0,0,367666733,1007792,895800,2389500,367672622,236556,367678024,770649,30012,452,17760,0,0,0,49200,0
1785999230.557060235,374410461,0,374410461,0,374403817,50187,101900,0,0,0,0,0,794297798,750773195,374412113,54875,122800,0,0,0,4687,0,0,0,0,374423310,1008443,896000,2394300,374428250,236673,374432789,771181,30033,453,17770,0,0,0,49200,0
1785999231.586888865,381527200,0,381527200,0,381520407,50178,101800,0,0,0,0,0,794300883,750773195,381528481,54864,122700,0,0,0,4685,0,0,0,0,381538817,1008184,895700,2390800,381542824,236567,381547175,771028,30027,453,17768,0,0,0,49200,0
1785999232.615845699,388649127,0,388649127,0,388642626,50170,101800,0,0,0,0,0,794303976,750773195,388650917,54854,122700,0,0,0,4684,0,0,0,0,388661564,1007852,895300,2388000,388665341,236479,388670649,770787,30022,452,17765,0,0,0,49200,0
1785999233.651341255,395812120,0,395812120,0,395805558,50160,101800,0,0,0,0,0,794307079,750773195,395814381,54843,122700,0,0,0,4682,0,0,0,0,395824882,1007490,895000,2385100,395830883,236380,395834788,770522,30015,452,17762,0,0,0,49200,0
1785999234.681807868,402951183,0,402951183,0,402944658,50152,101800,0,0,0,0,0,794310174,750773198,402953589,54834,122600,0,0,0,4681,0,0,0,0,402963982,1007156,894600,2382200,402969390,236275,402973629,770294,30010,452,17760,0,0,0,49200,0
1785999235.710804489,409935500,0,409935500,0,409928869,50159,101800,0,0,0,0,0,794313260,750773198,409936615,54840,122600,0,0,0,4680,0,0,0,0,409946907,1007211,894600,2381500,409951325,236263,409955543,770362,30014,452,17762,0,0,0,49200,0
1785999236.748060022,416831882,0,416831882,0,416825412,50176,101900,0,0,0,0,0,794316359,750773203,416834077,54859,122700,0,0,0,4683,0,0,0,0,416844816,1007591,894600,2382900,416850487,236319,416854296,770685,30025,453,17767,0,0,0,49200,0
1785999237.777976707,423971338,0,423971338,0,423964564,50170,101900,0,0,0,0,0,794319462,750773203,423974208,54852,122700,0,0,0,4681,0,0,0,0,423985005,1007468,894400,2380700,423990756,236262,423995504,770619,30022,453,17765,0,0,0,49300,0
1785999238.813157792,431141491,0,431141491,0,431134903,50161,101800,0,0,0,0,0,794322567,750773203,431143692,54841,122600,0,0,0,4678,0,0,0,0,431154748,1007207,894100,2377900,431160222,236181,431163888,770438,30016,453,17762,0,0,0,49300,0
1785999239.846963516,438304229,0,438304230,0,438298318,50153,101800,0,0,0,0,0,794325660,750773203,438306748,54830,122600,0,0,0,4676,0,0,0,0,438317700,1006919,893900,2375100,438322468,236102,438326838,770228,30010,452,17759,0,0,0,49300,0
1785999240.881720419,445448074,0,445448074,0,445441356,50150,101800,0,0,0,0,0,794328773,750773203,445450400,54826,122600,0,0,0,4675,0,0,0,0,445459726,1006843,893800,2373600,445466085,236041,445470886,770218,30009,452,17758,0,0,0,49300,0
1785999241.915932747,452453325,0,452453326,0,452449976,50158,101900,0,0,0,0,0,794331876,750773212,452461366,54835,122600,0,0,0,4676,0,0,0,0,452471125,1007089,893800,2374000,452475844,236076,452480638,770428,30014,453,17761,0,0,0,49300,0
1785999242.946186679,459444980,0,459444980,0,459438560,50165,101900,0,0,0,0,0,794334965,750773214,459447800,54842,122700,0,0,0,4676,0,0,0,0,459458772,1007286,893900,2374700,459463602,236088,459470014,770611,30018,453,17762,0,0,0,49300,0
1785999243.980181696,466633632,0,466633632,0,466626848,50155,101900,0,0,0,0,0,794338067,750773214,466635926,54830,122600,0,0,0,4674,0,0,0,0,466646858,1006997,893700,2372100,466652233,236005,466656292,770403,30012,453,17759,0,0,0,49200,0
1785999245.017032319,473825686,0,473825686,0,473819109,50146,101900,0,0,0,0,0,794341178,750773214,473828837,54819,122600,0,0,0,4672,0,0,0,0,473839748,1006684,893600,2369800,473845612,235926,473851006,770172,30007,452,17755,0,0,0,49200,0
1785999246.049601781,481027064,0,481027064,0,481020424,50138,101900,0,0,0,0,0,794344274,750773220,481029252,54808,122600,0,0,0,4670,0,0,0,0,481040311,1006331,893300,2367700,481044552,235833,481048802,769909,30001,452,17752,0,0,0,49200,0
1785999247.084715783,488204310,0,488204310,0,488197784,50129,102000,0,0,0,0,0,794347376,750773220,488206467,54798,122500,0,0,0,4668,0,0,0,0,488216656,1006015,893000,2365100,488222367,235765,488227686,769663,29996,452,17749,0,0,0,49200,0
1785999248.118558330,495138846,0,495138846,0,495132191,50145,102000,0,0,0,0,0,794350481,750773227,495140628,54816,122600,0,0,0,4670,0,0,0,0,495151128,1006261,893100,2365700,495155986,235818,495159469,769857,30007,452,17754,0,0,0,49200,0
1785999249.149861940,502041244,0,502041244,0,502034796,50160,102000,0,0,0,0,0,794353579,750773237,502044011,54832,122700,0,0,0,4671,0,0,0,0,502053915,1006553,893300,2365300,502060158,235860,502064126,770107,30016,453,17759,0,0,0,49200,0
1785999250.181131451,509151361,0,509151361,0,509144975,50158,102000,0,0,0,0,0,794356672,750773241,509153620,54828,122600,0,0,0,4669,0,0,0,0,509163342,1006454,893200,2363200,509169411,235822,509173626,770046,30014,453,17760,0,0,0,49200,0
1785999251.213976157,516220738,0,516220738,0,516214100,50161,102000,0,0,0,0,0,794359771,750773241,516222683,54831,122600,0,0,0,4669,0,0,0,0,516233526,1006501,893300,2361600,516237254,235818,516242053,770097,30015,453,17761,0,0,0,49200,0
1785999252.245119733,523338664,0,523338664,0,523332343,50158,102000,0,0,0,0,0,794362865,750773241,523340495,54826,122600,0,0,0,4667,0,0,0,0,523351024,1006391,893300,2359700,523355183,235791,523358937,770013,30013,453,17761,0,0,0,49200,0
1785999253.273970461,530413184,0,530413184,0,530406452,50157,101900,0,0,0,0,0,794365950,750773241,530414293,54824,122600,0,0,0,4666,0,0,0,0,530425440,1006388,893400,2357900,530428911,235778,530433925,770024,30011,452,17761,0,0,0,49200,0
1785999254.300459849,537183231,0,537183231,0,537176379,50180,101900,0,0,0,0,0,794369033,750773252,537184273,54850,122600,0,0,0,4669,0,0,0,0,537194986,1006913,893800,2360100,537199250,235888,537203047,770438,30026,453,17769,0,0,0,49200,0
1785999255.330123371,544272990,0,544272990,0,544266283,50179,101900,0,0,0,0,0,794372118,750773252,544273365,54848,122600,0,0,0,4668,0,0,0,0,544282123,1006853,893700,2359100,544286774,235871,544291141,770396,30025,453,17768,0,0,0,49300,0
1785999256.363697432,551423687,0,551423687,0,551417079,50173,101900,0,0,0,0,0,794375220,750773252,551426613,54840,122600,0,0,0,4667,0,0,0,0,551437883,1006648,893600,2357600,551442527,235839,551448249,770221,30021,453,17767,0,0,0,49300,0
1785999257.393077573,558556489,0,558556489,0,558549789,50168,101900,0,0,0,0,0,794378309,750773252,558558502,54834,122500,0,0,0,4665,0,0,0,0,558569571,1006552,893600,2356500,558573922,235811,558578468,770153,30018,453,17765,0,0,0,49300,0
1785999258.424568864,565725579,0,565725579,0,565718881,50161,101800,0,0,0,0,0,794381400,750773252,565727693,54825,122500,0,0,0,4664,0,0,0,0,565738124,1006353,893500,2355000,565743779,235766,565748038,770002,30014,453,17763,0,0,0,49300,0
1785999259.455518884,572895470,0,572895471,0,572888842,50154,101800,0,0,0,0,0,794384493,750773253,572897443,54818,122400,0,0,0,4663,0,0,0,0,572907543,1006131,893400,2353500,572913075,235729,572916311,769817,30009,452,17761,0,0,0,49300,0
1785999260.484175986,579658398,0,579658398,0,579651710,50176,101800,0,0,0,0,0,794387579,750773260,579660229,54843,122500,0,0,0,4666,0,0,0,0,579670954,1006559,893700,2355800,579676711,235847,579679159,770126,30023,453,17768,0,0,0,49300,0
1785999261.514870818,586717486,0,586717486,0,586710999,50178,101800,0,0,0,0,0,794390674,750773264,586719840,54844,122500,0,0,0,4666,0,0,0,0,586730595,1006505,893800,2354300,586735713,235840,586741192,770077,30024,453,17769,0,0,0,49300,0
1785999262.545209168,593834305,0,593834305,0,593827384,50176,101800,0,0,0,0,0,794393766,750773264,593836109,54841,122400,0,0,0,4665,0,0,0,0,593846928,1006360,893800,2351600,593851161,235812,593856575,769960,30022,453,17769,0,0,0,49300,0
1785999263.574320618,600861897,0,600861897,0,600855266,50177,101700,0,0,0,0,0,794396853,750773267,600864095,54844,122400,0,0,0,4666,0,0,0,0,600875083,1006408,894000,2349700,600878875,235829,600884073,769993,30023,453,17769,0,0,0,49300,0
1785999264.606794735,607966327,0,607966327,0,607960225,50175,101700,0,0,0,0,0,794399951,750773267,607969374,54842,122400,0,0,0,4666,0,0,0,0,607980395,1006387,894000,2347500,607986168,235828,607990338,769972,30021,453,17768,0,0,0,49300,0
1785999265.641064779,615091895,0,615091895,0,615085186,50174,101600,0,0,0,0,0,794403054,750773269,615093637,54840,122400,0,0,0,4665,0,0,0,0,615104340,1006283,894000,2345700,615108616,235826,615112338,769870,30020,453,17768,0,0,0,49300,0
1785999266.673008916,621899831,0,621899831,0,621893174,50193,101700,0,0,0,0,0,794406149,750773277,621902088,54862,122500,0,0,0,4668,0,0,0,0,621913404,1006669,894200,2347300,621918441,235921,621921737,770161,30032,453,17775,0,0,0,49300,0
1785999267.705539063,629033585,0,629033585,0,629027196,50189,101600,0,0,0,0,0,794409245,750773277,629036323,54857,122400,0,0,0,4667,0,0,0,0,629047655,1006520,894100,2346100,629053489,235912,629057684,770021,30029,453,17773,0,0,0,49300,0
1785999268.741065338,636188400,0,636188400,0,636182034,50186,101600,0,0,0,0,0,794412349,750773284,636191213,54854,122400,0,0,0,4667,0,0,0,0,636200872,1006416,894100,2344800,636206361,235916,636212201,769913,30026,453,17773,0,0,0,49300,0
1785999269.773751735,643345690,0,643345691,0,643339098,50182,101600,0,0,0,0,0,794415450,750773284,643347592,54849,122400,0,0,0,4666,0,0,0,0,643357636,1006296,894100,2343200,643363328,235904,643368226,769806,30023,453,17771,0,0,0,49300,0
1785999270.812380308,650539221,0,650539221,0,650532648,50177,101600,0,0,0,0,0,794418563,750773284,650541721,54844,122400,0,0,0,4666,0,0,0,0,650553019,1006203,894200,2341300,650556459,235880,650563109,769737,30020,453,17770,0,0,0,49300,0
1785999271.848584847,657539989,0,657539989,0,657532895,50185,101600,0,0,0,0,0,794421672,750773289,657540159,54852,122400,0,0,0,4666,0,0,0,0,657549493,1006355,894300,2341100,657552198,235921,657555896,769848,30025,453,17773,0,0,0,49300,0
1785999272.881553984,664486886,0,664486886,0,664480103,50193,101600,0,0,0,0,0,794424770,750773292,664489459,54862,122500,0,0,0,4668,0,0,0,0,664499246,1006576,894400,2342300,664505444,235980,664509990,770010,30030,453,17776,0,0,0,49300,0
1785999273.911535841,671686925,0,671686925,0,671680341,50184,101600,0,0,0,0,0,794427861,750773292,671689515,54852,122500,0,0,0,4667,0,0,0,0,671698917,1006348,894200,2341300,671705964,235939,671710314,769824,30024,453,17773,0,0,0,49300,0
1785999274.945901117,678899400,0,678899400,0,678892675,50175,101600,0,0,0,0,0,794430962,750773298,678901462,54843,122500,0,0,0,4667,0,0,0,0,678911848,1006133,894000,2340400,678917672,235906,678921998,769641,30019,453,17770,0,0,0,49300,0
1785999275.979388577,686115828,0,686115828,0,686109355,50167,101600,0,0,0,0,0,794434065,750773298,686118737,54833,122400,0,0,0,4666,0,0,0,0,686130539,1005899,893800,2339900,686136454,235859,686140910,769454,30014,453,17766,0,0,0,49300,0
1785999277.011039475,693323164,0,693323164,0,693316737,50158,101600,0,0,0,0,0,794437161,750773298,693325708,54824,122400,0,0,0,4665,0,0,0,0,693336325,1005698,893700,2339400,693341419,235810,693345713,769303,30009,453,17763,0,0,0,49300,0
1785999278.044133939,700319425,0,700319425,0,700312620,50164,101600,0,0,0,0,0,794440259,750773300,700321909,54831,122400,0,0,0,4666,0,0,0,0,700332468,1005748,893500,2340200,700338621,235834,700343963,769328,30015,453,17764,0,0,0,49300,0
1785999279.075124259,707060480,0,707060480,0,707053854,50183,101700,0,0,0,0,0,794443353,750773307,707062537,54853,122500,0,0,0,4669,0,0,0,0,707072081,1006178,893700,2343100,707078848,235922,707082937,769671,30027,453,17769,0,0,0,49300,0
1785999280.105963305,714177498,0,714177498,0,714171288,50179,101700,0,0,0,0,0,794446445,750773307,714180344,54849,122500,0,0,0,4669,0,0,0,0,714191649,1006079,893800,2342600,714195889,235889,714200489,769604,30025,453,17767,0,0,0,49300,0
1785999281.136596954,721274419,0,721274419,0,721267937,50177,101700,0,0,0,0,0,794449535,750773311,721275786,54846,122500,0,0,0,4669,0,0,0,0,721287157,1005984,893800,2342100,721290968,235867,721295475,769532,30024,453,17766,0,0,0,49300,0
1785999282.165914291,728279664,0,728279664,0,728272931,50178,101700,0,0,0,0,0,794452625,750773313,728281563,54849,122500,0,0,0,4670,0,0,0,0,728292209,1006034,893900,2342400,728296774,235865,728301599,769584,30025,453,17766,0,0,0,49300,0
1785999283.198347294,735531611,0,735531611,0,735524678,50168,101700,0,0,0,0,0,794455722,750773315,735533828,54838,122500,0,0,0,4670,0,0,0,0,735545498,1005777,893900,2341900,735548616,235793,735555418,769397,30019,453,17762,0,0,0,49300,0
1785999284.230858415,742654611,0,742654612,0,742648041,50165,101700,0,0,0,0,0,794458820,750773315,742657086,54836,122600,0,0,0,4670,0,0,0,0,742666825,1005705,894000,2342400,742672940,235766,742678044,769357,30017,453,17762,0,0,0,49200,0
1785999285.268069360,749690819,0,749690819,0,749684115,50171,101700,0,0,0,0,0,794461928,750773318,749692378,54842,122600,0,0,0,4671,0,0,0,0,749702445,1005752,893900,2343600,749707591,235782,749711184,769383,30020,453,17763,0,0,0,49200,0
1785999286.300972705,756918837,0,756918837,0,756912139,50164,101700,0,0,0,0,0,794465030,750773319,756920658,54834,122600,0,0,0,4669,0,0,0,0,756931654,1005506,893700,2342700,756937103,235747,756940585,769172,30016,453,17762,0,0,0,49200,0
1785999287.332342881,764079759,0,764079759,0,764072897,50159,101700,0,0,0,0,0,794468123,750773319,764081441,54828,122600,0,0,0,4668,0,0,0,0,764091919,1005319,893400,2342000,764097015,235715,764100194,769018,30012,453,17760,0,0,0,49200,0
1785999288.360714661,771245077,0,771245077,0,771238489,50154,101700,0,0,0,0,0,794471210,750773319,771246905,54822,122600,0,0,0,4667,0,0,0,0,771257994,1005169,893300,2341300,771260928,235680,771266516,768904,30009,453,17759,0,0,0,49200,0
1785999289.391378812,778385744,0,778385744,0,778379193,50151,101700,0,0,0,0,0,794474301,750773320,778388377,54818,122600,0,0,0,4667,0,0,0,0,778398045,1005021,893200,2340800,778403212,235654,778408474,768780,30007,453,17758,0,0,0,49200,0
1785999290.432542978,785375048,0,785375048,0,785368087,50157,101700,0,0,0,0,0,794477423,750773323,785406781,54826,122600,0,0,0,4667,0,0,0,0,785414279,1005136,893200,2341300,785419552,235689,785421313,768863,30012,453,17762,0,0,0,49200,0
1785999291.462822276,792427327,0,792427328,0,792420698,50162,101700,0,0,0,0,0,794480517,750773325,792429235,54830,122600,0,0,0,4668,0,0,0,0,792439068,1005234,893300,2341500,792444606,235708,792448605,768940,30013,453,17762,0,0,0,49200,0
1785999292.495264260,799536193,0,799536193,0,799529775,50162,101700,0,0,0,0,0,794483612,750773332,799538654,54829,122600,0,0,0,4667,0,0,0,0,799551044,1005166,893300,2340900,799554171,235704,799560364,768875,30013,453,17762,0,0,0,49200,0
1785999293.525522430,806716517,0,806716517,0,806709526,50157,101700,0,0,0,0,0,794486698,750773332,806717636,54824,122600,0,0,0,4666,0,0,0,0,806727380,1005015,893300,2339900,806732686,235663,806735960,768767,30009,453,17761,0,0,0,49200,0
1785999294.559754714,813900255,0,813900255,0,813893578,50152,101700,0,0,0,0,0,794489807,750773332,813902499,54818,122600,0,0,0,4665,0,0,0,0,813911860,1004831,893200,2338700,813920076,235621,813922604,768626,30005,453,17759,0,0,0,49200,0
1785999295.592302242,821110546,0,821110546,0,821103799,50147,101700,0,0,0,0,0,794492903,750773335,821113292,54812,122600,0,0,0,4665,0,0,0,0,821124415,1004688,893200,2337800,821128964,235588,821133878,768515,30002,453,17758,0,0,0,49200,0
1785999296.628645708,828084441,0,828084441,0,828077851,50155,101800,0,0,0,0,0,794496010,750773336,828086490,54822,122700,0,0,0,4666,0,0,0,0,828096542,1004851,893300,2338800,828102105,235616,828105572,768650,30007,453,17760,0,0,0,49200,0
1785999297.660835303,835185540,0,835185540,0,835178867,50154,101800,0,0,0,0,0,794499110,750773337,835187751,54821,122700,0,0,0,4666,0,0,0,0,835198180,1004794,893300,2338500,835203078,235604,835207587,768604,30007,453,17760,0,0,0,49200,0
1785999298.689991941,842372320,0,842372320,0,842365734,50149,101700,0,0,0,0,0,794502198,750773340,842375046,54815,122700,0,0,0,4665,0,0,0,0,842386736,1004564,893100,2337400,842390644,235565,842396647,768413,30003,453,17759,0,0,0,49200,0
1785999299.724334920,849599551,0,849599551,0,849593014,50143,101700,0,0,0,0,0,794505298,750773342,849602959,54808,122600,0,0,0,4663,0,0,0,0,849615489,1004341,892900,2336400,849620885,235526,849625046,768230,29999,453,17757,0,0,0,49200,0
1785999300.756172584,856814145,0,856814145,0,856807339,50138,101700,0,0,0,0,0,794508395,750773342,856816860,54801,122600,0,0,0,4662,0,0,0,0,856827547,1004121,892800,2335500,856832347,235491,856836416,768044,29995,453,17756,0,0,0,49200,0
1785999301.789100615,864019160,0,864019160,0,864012476,50133,101700,0,0,0,0,0,794511490,750773342,864021389,54795,122500,0,0,0,4661,0,0,0,0,864033367,1003926,892600,2334700,864037633,235454,864041917,767887,29992,453,17754,0,0,0,49200,0
1785999302.823144873,870872453,0,870872453,0,870865488,50147,101700,0,0,0,0,0,794514594,750773359,870874274,54811,122600,0,0,0,4663,0,0,0,0,870884433,1004203,892700,2336600,870889446,235507,870893052,768110,30000,453,17759,0,0,0,49200,0
1785999303.857027500,878045591,0,878045591,0,878038900,50145,101700,0,0,0,0,0,794517697,750773360,878048082,54808,122600,0,0,0,4662,0,0,0,0,878058688,1004083,892500,2335900,878062783,235491,878067776,768006,29999,453,17759,0,0,0,49200,0
1785999304.887706682,885235006,0,885235006,0,885228117,50141,101600,0,0,0,0,0,794520790,750773360,885236508,54803,122500,0,0,0,4661,0,0,0,0,885246052,1003915,892400,2334900,885250977,235458,885255841,767872,29996,453,17758,0,0,0,49200,0
1785999305.919017305,892423121,0,892423121,0,892416586,50137,101600,0,0,0,0,0,794523881,750773360,892425819,54798,122500,0,0,0,4660,0,0,0,0,892436031,1003698,892100,2333900,892442652,235425,892446236,767689,29993,453,17757,0,0,0,49200,0
1785999306.954586749,899657596,0,899657596,0,899651045,50133,101600,0,0,0,0,0,794526990,750773360,899659819,54792,122400,0,0,0,4659,0,0,0,0,899670001,1003505,892000,2332800,899675845,235392,899680530,767529,29990,453,17756,0,0,0,49200,0
1785999307.991186791,906874121,0,906874121,0,906867640,50129,101600,0,0,0,0,0,794530099,750773360,906877201,54788,122400,0,0,0,4657,0,0,0,0,906888172,1003318,891900,2331800,906892932,235365,906898483,767369,29987,453,17755,0,0,0,49200,0
1785999309.028924592,913748692,0,913748692,0,913742508,50142,101600,0,0,0,0,0,794533211,750773380,913751891,54802,122400,0,0,0,4659,0,0,0,0,913762892,1003503,891900,2332900,913768685,235427,913774141,767491,29995,453,17760,0,0,0,49200,0
1785999310.061795923,920965271,0,920965271,0,920958731,50139,101500,0,0,0,0,0,794536312,750773380,920966893,54798,122400,0,0,0,4658,0,0,0,0,920977330,1003339,891800,2332100,920982702,235408,920986005,767347,29993,453,17759,0,0,0,49200,0
1785999311.091725142,928121514,0,928121514,0,928115006,50136,101500,0,0,0,0,0,794539403,750773388,928123852,54794,122400,0,0,0,4657,0,0,0,0,928134451,1003246,891700,2331700,928140000,235397,928143468,767264,29991,453,17758,0,0,0,49200,0
1785999312.119229345,935273015,0,935273015,0,935266687,50133,101500,0,0,0,0,0,794542484,750773388,935276003,54791,122300,0,0,0,4656,0,0,0,0,935286839,1003120,891700,2331200,935291687,235391,935296902,767145,29989,453,17758,0,0,0,49200,0
1785999313.149361602,942373325,0,942373325,0,942366636,50134,101500,0,0,0,0,0,794545573,750773389,942375455,54791,122300,0,0,0,4656,0,0,0,0,942386865,1003101,891700,2331100,942390808,235395,942395831,767121,29988,453,17758,0,0,0,49200,0
1785999314.178906110,949384279,0,949384279,0,949377875,50137,101500,0,0,0,0,0,794548662,750773399,949386509,54795,122300,0,0,0,4657,0,0,0,0,949397973,1003141,891700,2331300,949401840,235416,949406950,767143,29990,453,17759,0,0,0,49200,0
1785999315.210919413,956278418,0,956278418,0,956271795,50146,101500,0,0,0,0,0,794551756,750773414,956280761,54805,122400,0,0,0,4658,0,0,0,0,956291161,1003274,891700,2332300,956297246,235458,956302213,767232,29996,453,17763,0,0,0,49200,0
1785999316.241077295,963459894,0,963459894,0,963453390,50143,101400,0,0,0,0,0,794554849,750773414,963461651,54801,122300,0,0,0,4657,0,0,0,0,963472291,1003187,891600,2332000,963475860,235460,963480860,767143,29994,453,17761,0,0,0,49200,0
1785999317.273389411,970647068,0,970647068,0,970640372,50139,101400,0,0,0,0,0,794557942,750773414,970648526,54796,122300,0,0,0,4657,0,0,0,0,970659429,1003089,891500,2331500,970662621,235456,970667662,767048,29991,453,17760,0,0,0,49200,0
1785999318.302575118,977836630,0,977836630,0,977830067,50135,101400,0,0,0,0,0,794561031,750773415,977838836,54792,122300,0,0,0,4656,0,0,0,0,977849253,1003010,891400,2330800,977855154,235446,977859617,766980,29988,453,17759,0,0,0,49200,0
1785999319.332743410,985016151,0,985016151,0,985009540,50131,101400,0,0,0,0,0,794564125,750773418,985018398,54787,122200,0,0,0,4655,0,0,0,0,985029298,1002948,891300,2330300,985033428,235434,985039046,766930,29986,453,17758,0,0,0,49200,0
1785999320.363483904,992056952,0,992056952,0,992050343,50134,101400,0,0,0,0,0,794567214,750773427,992058425,54790,122200,0,0,0,4655,0,0,0,0,992069026,1003021,891200,2330500,992072606,235452,992075945,766985,29987,453,17759,0,0,0,49200,0
1785999321.396389988,999073702,0,999073702,0,999067107,50139,101400,0,0,0,0,0,794570310,750773428,999075204,54795,122300,0,0,0,4656,0,0,0,0,999085124,1003123,891200,2330700,999090314,235475,999094615,767065,29990,453,17760,0,0,0,49200,0
1785999322.425105116,1006246579,0,1006246579,0,1006239736,50135,101400,0,0,0,0,0,794573401,750773428,1006246864,54791,122200,0,0,0,4655,0,0,0,0,1006255994,1003033,891200,2330100,1006259814,235464,1006263436,766986,29987,453,17759,0,0,0,49200,0
1785999323.464951668,1013414367,0,1013414367,0,1013407695,50134,101300,0,0,0,0,0,794576520,750773435,1013416771,54790,122200,0,0,0,4655,0,0,0,0,1013428264,1003008,891200,2329900,1013433173,235474,1013437062,766949,29987,453,17759,0,0,0,49200,0
1785999324.495114242,1020602067,0,1020602067,0,1020595531,50130,101300,0,0,0,0,0,794579611,750773435,1020604721,54785,122200,0,0,0,4655,0,0,0,0,1020615213,1002896,891100,2329300,1020621305,235462,1020625972,766852,29984,453,17758,0,0,0,49200,0
1785999325.523112299,1027777157,0,1027777157,0,1027770634,50125,101300,0,0,0,0,0,794582694,750773435,1027779549,54781,122200,0,0,0,4654,0,0,0,0,1027789999,1002820,891000,2328600,1027795281,235452,1027800273,766784,29981,453,17757,0,0,0,49200,0
1785999326.553264621,1034723478,0,1034723478,0,1034716763,50131,101300,0,0,0,0,0,794585784,750773436,1034725181,54788,122200,0,0,0,4655,0,0,0,0,1034735493,1002950,891100,2329200,1034739936,235492,1034744070,766874,29985,453,17759,0,0,0,49200,0
1785999327.586975274,1041820055,0,1041820055,0,1041813155,50132,101300,0,0,0,0,0,794588886,750773440,1041821797,54789,122200,0,0,0,4656,0,0,0,0,1041831551,1002964,891100,2329100,1041837303,235505,1041841910,766875,29985,453,17759,0,0,0,49200,0
1785999328.616130353,1048989159,0,1048989160,0,1048982153,50129,101300,0,0,0,0,0,794591972,750773440,1048989206,54785,122200,0,0,0,4655,0,0,0,0,1048997678,1002855,891100,2328300,1049002371,235488,1049004528,766784,29983,453,17758,0,0,0,49200,0
1785999329.648062281,1056160881,0,1056160881,0,1056154393,50127,101300,0,0,0,0,0,794595067,750773440,1056163389,54782,122100,0,0,0,4655,0,0,0,0,1056173302,1002737,891100,2327600,1056179789,235470,1056183605,766683,29981,453,17758,0,0,0,49200,0
1785999330.685000131,1063351756,0,1063351757,0,1063345358,50124,101200,0,0,0,0,0,794598174,750773441,1063354500,54779,122100,0,0,0,4654,0,0,0,0,1063366363,1002615,891000,2326800,1063372038,235442,1063376367,766589,29979,453,17757,0,0,0,49200,0
1785999331.717763821,1070573828,0,1070573828,0,1070567128,50120,101200,0,0,0,0,0,794601276,750773441,1070575840,54775,122100,0,0,0,4654,0,0,0,0,1070586277,1002496,891000,2326200,1070591020,235421,1070595120,766492,29976,453,17756,0,0,0,49200,0
1785999332.750527882,1077487459,0,1077487459,0,1077480648,50128,101200,0,0,0,0,0,794604377,750773446,1077488274,54784,122200,0,0,0,4655,0,0,0,0,1077497971,1002672,891100,2327100,1077502921,235467,1077506433,766623,29981,453,17758,0,0,0,49200,0
1785999333.780389220,1084573095,0,1084573095,0,1084566460,50128,101200,0,0,0,0,0,794607463,750773460,1084574778,54785,122200,0,0,0,4655,0,0,0,0,1084584916,1002692,891100,2327100,1084590006,235476,1084593874,766632,29981,453,17759,0,0,0,49200,0
1785999334.814481568,1091806916,0,1091806916,0,1091800346,50124,101200,0,0,0,0,0,794610565,750773460,1091809688,54779,122200,0,0,0,4655,0,0,0,0,1091820897,1002581,891000,2326800,1091826008,235457,1091830976,766541,29978,453,17757,0,0,0,49200,0
1785999335.848588630,1099057421,0,1099057421,0,1099050781,50119,101200,0,0,0,0,0,794613672,750773460,1099059370,54774,122200,0,0,0,4654,0,0,0,0,1099070287,1002445,890900,2326300,1099075659,235435,1099079547,766426,29975,453,17756,0,0,0,49200,0
1785999336.879558027,1106255931,0,1106255931,0,1106249192,50115,101200,0,0,0,0,0,794616760,750773466,1106257905,54769,122100,0,0,0,4653,0,0,0,0,1106268797,1002297,890800,2326300,1106273247,235416,1106277988,766298,29972,453,17755,0,0,0,49200,0
1785999337.913891502,1113459273,0,1113459273,0,1113452547,50112,101200,0,0,0,0,0,794619865,750773468,1113461596,54766,122100,0,0,0,4653,0,0,0,0,1113472745,1002186,890700,2326100,1113477678,235395,1113480877,766207,29970,453,17754,0,0,0,49200,0
1785999338.942874421,1120262090,0,1120262090,0,1120255199,50123,101200,0,0,0,0,0,794622951,750773469,1120263193,54778,122200,0,0,0,4654,0,0,0,0,1120273834,1002391,890800,2327700,1120277952,235434,1120281080,766374,29977,453,17757,0,0,0,49200,0
1785999339.977521621,1127315170,0,1127315170,0,1127308392,50125,101200,0,0,0,0,0,794626054,750773470,1127317141,54781,122200,0,0,0,4655,0,0,0,0,1127327583,1002422,890800,2328000,1127332467,235446,1127336624,766393,29979,453,17758,0,0,0,49200,0
1785999341.013755182,1134534213,0,1134534213,0,1134527424,50122,101200,0,0,0,0,0,794629162,750773473,1134535974,54777,122200,0,0,0,4654,0,0,0,0,1134546415,1002345,890800,2327700,1134552782,235434,1134555536,766328,29977,453,17757,0,0,0,49200,0
1785999342.040913990,1141707002,0,1141707002,0,1141700363,50117,101200,0,0,0,0,0,794632246,750773473,1141708868,54772,122100,0,0,0,4653,0,0,0,0,1141718791,1002254,890700,2327300,1141725024,235418,1141727965,766253,29974,453,17756,0,0,0,49200,0
1785999343.072863478,1148936446,0,1148936446,0,1148929787,50112,101200,0,0,0,0,0,794635343,750773473,1148938704,54766,122100,0,0,0,4653,0,0,0,0,1148949791,1002125,890600,2326700,1148954426,235386,1148958239,766156,29971,453,17754,0,0,0,49200,0
1785999344.100958834,1156059759,0,1156059759,0,1156053129,50111,101200,0,0,0,0,0,794638423,750773478,1156062269,54763,122100,0,0,0,4652,0,0,0,0,1156072323,1002049,890600,2326400,1156077701,235370,1156082144,766097,29970,453,17753,0,0,0,49200,0
1785999345.131383237,1162985124,0,1162985125,0,1162978129,50118,101200,0,0,0,0,0,794641518,750773484,1162985280,54771,122100,0,0,0,4653,0,0,0,0,1162994486,1002178,890600,2327200,1162998089,235401,1163000132,766194,29974,453,17755,0,0,0,49200,0
1785999346.159968221,1170217793,0,1170217793,0,1170211026,50112,101200,0,0,0,0,0,794644603,750773484,1170219932,54764,122100,0,0,0,4651,0,0,0,0,1170230347,1002000,890400,2326600,1170234262,235364,1170239716,766053,29970,453,17754,0,0,0,49200,0
1785999347.190259007,1177473269,0,1177473269,0,1177466586,50105,101200,0,0,0,0,0,794647693,750773484,1177475190,54757,122000,0,0,0,4650,0,0,0,0,1177485411,1001849,890300,2326100,1177490386,235327,1177495352,765939,29967,453,17752,0,0,0,49200,0
1785999348.218357105,1184716168,0,1184716168,0,1184709442,50099,101200,0,0,0,0,0,794650777,750773484,1184717699,54749,122000,0,0,0,4649,0,0,0,0,1184729024,1001653,890100,2325400,1184733016,235294,1184736584,765776,29963,453,17749,0,0,0,49200,0
1785999349.247306502,1191983443,0,1191983443,0,1191976861,50092,101200,0,0,0,0,0,794653863,750773484,1191985724,54742,122000,0,0,0,4648,0,0,0,0,1191996926,1001448,889900,2324900,1192001733,235250,1192006773,765615,29958,453,17747,0,0,0,49200,0
1785999350.277258194,1199213689,0,1199213689,0,1199207052,50087,101200,0,0,0,0,0,794656953,750773484,1199215830,54736,122000,0,0,0,4648,0,0,0,0,1199226006,1001295,889700,2324300,1199231294,235210,1199234480,765503,29955,453,17746,0,0,0,49200,0
1785999351.307992743,1206077450,0,1206077450,0,1206071284,50096,101200,0,0,0,0,0,794660043,750773494,1206080552,54745,122000,0,0,0,4649,0,0,0,0,1206092025,1001452,889800,2325300,1206096203,235239,1206102313,765630,29960,453,17749,0,0,0,49200,0
1785999352.340949998,1213276325,0,1213276327,0,1213269717,50092,101200,0,0,0,0,0,794663146,750773494,1213278827,54741,122000,0,0,0,4648,0,0,0,0,1213290397,1001325,889700,2324900,1213294423,235212,1213299058,765531,29958,453,17748,0,0,0,49200,0
1785999353.371222798,1220492657,0,1220492657,0,1220486037,50089,101200,0,0,0,0,0,794666235,750773494,1220494713,54737,122000,0,0,0,4647,0,0,0,0,1220506069,1001207,889600,2324700,1220511613,235189,1220514708,765435,29956,453,17747,0,0,0,49200,0
1785999354.402467177,1227623771,0,1227623771,0,1227617343,50088,101200,0,0,0,0,0,794669327,750773499,1227625862,54736,122000,0,0,0,4647,0,0,0,0,1227636133,1001191,889700,2324800,1227641333,235181,1227644212,765428,29955,453,17747,0,0,0,49200,0
1785999355.426069161,1231527282,0,1231527282,0,1231518820,50086,101200,0,0,0,0,0,794672398,750774909,1231518819,54734,122000,0,0,0,4647,0,0,0,0,1231525476,1001143,889600,2324700,1231525476,235170,1231525127,765390,29953,453,17746,0,0,0,49200,0
1785999356.449898307,1231527282,0,1231527282,0,1231518820,50086,101200,0,0,0,0,0,794675467,750777926,1231518819,54734,122000,0,0,0,4647,0,0,0,0,1231525480,1001143,889600,2324700,1231525480,235170,1231525127,765390,29953,453,17746,0,0,0,49200,0
1785999357.480248413,1231527282,0,1231527282,0,1231518820,50086,101200,0,0,0,0,0,794678555,750780927,1231518819,54734,122000,0,0,0,4647,0,0,0,0,1231525483,1001143,889600,2324700,1231525483,235170,1231525127,765390,29953,453,17746,0,0,0,49200,0
1785999358.512378324,1231527282,0,1231527282,0,1231518820,50086,101200,0,0,0,0,0,794681649,750784017,1231518819,54734,122000,0,0,0,4647,0,0,0,0,1231525485,1001143,889600,2324700,1231525485,235170,1231525127,765390,29953,453,17746,0,0,0,49200,0
1785999359.544749683,1231527282,0,1231527282,0,1231518820,50086,101200,0,0,0,0,0,794684746,750787108,1231518819,54734,122000,0,0,0,4647,0,0,0,0,1231525487,1001143,889600,2324700,1231525487,235170,1231525127,765390,29953,453,17746,0,0,0,49200,0
1785999360.577114162,1231527282,0,1231527282,0,1231518820,50086,101200,0,0,0,0,0,794687843,750790199,1231518819,54734,122000,0,0,0,4647,0,0,0,0,1231525489,1001143,889600,2324700,1231525489,235170,1231525127,765390,29953,453,17746,0,0,0,49200,0
1785999361.609372516,1231527282,0,1231527282,0,1231518820,50086,101200,0,0,0,0,0,794690938,750793288,1231518819,54734,122000,0,0,0,4647,0,0,0,0,1231525491,1001143,889600,2324700,1231525491,235170,1231525127,765390,29953,453,17746,0,0,0,49200,0
1785999362.640038089,1231527282,0,1231527282,0,1231518820,50086,101200,0,0,0,0,0,794694028,750796280,1231518819,54734,122000,0,0,0,4647,0,0,0,0,1231525493,1001143,889600,2324700,1231525493,235170,1231525127,765390,29953,453,17746,0,0,0,49200,0
1785999363.672321733,1231527282,0,1231527282,0,1231518820,50086,101200,0,0,0,0,0,794697123,750799331,1231518819,54734,122000,0,0,0,4647,0,0,0,0,1231525495,1001143,889600,2324700,1231525495,235170,1231525127,765390,29953,453,17746,0,0,0,49200,0
1785999364.705444478,1231527282,0,1231527282,0,1231518820,50086,101200,0,0,0,0,0,794700220,750802399,1231518819,54734,122000,0,0,0,4647,0,0,0,0,1231525497,1001143,889600,2324700,1231525497,235170,1231525127,765390,29953,453,17746,0,0,0,49200,0
1785999365.738403568,1231527282,0,1231527282,0,1231518820,50086,101200,0,0,0,0,0,794703319,750805492,1231518819,54734,122000,0,0,0,4647,0,0,0,0,1231525499,1001143,889600,2324700,1231525499,235170,1231525127,765390,29953,453,17746,0,0,0,49200,0
1785999366.771151844,1231527282,0,1231527282,0,1231518820,50086,101200,0,0,0,0,0,794706417,750808585,1231518819,54734,122000,0,0,0,4647,0,0,0,0,1231525501,1001143,889600,2324700,1231525501,235170,1231525127,765390,29953,453,17746,0,0,0,49200,0
1785999367.800990046,1231527282,0,1231527282,0,1231518820,50086,101200,0,0,0,0,0,794709508,750811671,1231518819,54734,122000,0,0,0,4647,0,0,0,0,1231525503,1001143,889600,2324700,1231525503,235170,1231525127,765390,29953,453,17746,0,0,0,49200,0
1785999368.831819457,1231527282,0,1231527282,0,1231518820,50086,101200,0,0,0,0,0,794712600,750814624,1231518819,54734,122000,0,0,0,4647,0,0,0,0,1231525505,1001143,889600,2324700,1231525505,235170,1231525127,765390,29953,453,17746,0,0,0,49200,0
1785999369.865506138,1231527282,0,1231527282,0,1231518820,50086,101200,0,0,0,0,0,794715698,750817716,1231518819,54734,122000,0,0,0,4647,0,0,0,0,1231525507,1001143,889600,2324700,1231525507,235170,1231525127,765390,29953,453,17746,0,0,0,49200,0
1785999370.897043783,1231527282,0,1231527282,0,1231518820,50086,101200,0,0,0,0,0,794718792,750820805,1231518819,54734,122000,0,0,0,4647,0,0,0,0,1231525509,1001143,889600,2324700,1231525509,235170,1231525127,765390,29953,453,17746,0,0,0,49200,0
1785999371.929491266,1231527282,0,1231527282,0,1231518820,50086,101200,0,0,0,0,0,794721889,750823895,1231518819,54734,122000,0,0,0,4647,0,0,0,0,1231525511,1001143,889600,2324700,1231525511,235170,1231525127,765390,29953,453,17746,0,0,0,49200,0
1785999372.961829296,1231527282,0,1231527282,0,1231518820,50086,101200,0,0,0,0,0,794724987,750826987,1231518819,54734,122000,0,0,0,4647,0,0,0,0,1231525513,1001143,889600,2324700,1231525513,235170,1231525127,765390,29953,453,17746,0,0,0,49200,0
1785999373.993413468,1231527282,0,1231527282,0,1231518820,50086,101200,0,0,0,0,0,794728080,750830055,1231518819,54734,122000,0,0,0,4647,0,0,0,0,1231525515,1001143,889600,2324700,1231525515,235170,1231525127,765390,29953,453,17746,0,0,0,49200,0
1785999375.023531561,1231527282,0,1231527282,0,1231518820,50086,101200,0,0,0,0,0,794731170,750833000,1231518819,54734,122000,0,0,0,4647,0,0,0,0,1231525517,1001143,889600,2324700,1231525517,235170,1231525127,765390,29953,453,17746,0,0,0,49200,0
1785999376.056985111,1231527282,0,1231527282,0,1231518820,50086,101200,0,0,0,0,0,794734266,750836092,1231518819,54734,122000,0,0,0,4647,0,0,0,0,1231525519,1001143,889600,2324700,1231525519,235170,1231525127,765390,29953,453,17746,0,0,0,49200,0
1785999377.089442838,1231527282,0,1231527282,0,1231518820,50086,101200,0,0,0,0,0,794737365,750839185,1231518819,54734,122000,0,0,0,4647,0,0,0,0,1231525522,1001143,889600,2324700,1231525522,235170,1231525127,765390,29953,453,17746,0,0,0,49200,0
1785999378.123249642,1231527282,0,1231527282,0,1231518820,50086,101200,0,0,0,0,0,794740464,750842278,1231518819,54734,122000,0,0,0,4647,0,0,0,0,1231525526,1001143,889600,2324700,1231525526,235170,1231525127,765390,29953,453,17746,0,0,0,49200,0
1785999379.163306685,1231713324,20740,1231713324,0,1231706366,50089,101200,21312,55704,146700,0,0,794743587,750845179,1231713294,54741,122200,22091,56211,149000,4651,920,634,0,0,1231744963,1001614,889700,2327100,1231746766,235295,1231750986,765738,29953,453,17749,49602,1668,6683,49200,47600
1785999380.211922181,5529067,614335,5529067,0,5524365,34889,96900,614222,27372,60800,0,0,794746732,750845182,5531477,51530,162800,614990,28195,61800,16692,481,342,0,0,6153562,1182705,1069800,2968400,6157995,299894,6161678,882240,14424,523,17875,23106,788,3131,31600,26300
1785999381.241465923,11041043,1226783,11041043,0,11036020,35165,98300,1226531,27608,61300,1,0,794749821,750845190,11041676,51998,166300,1227159,28438,62400,16852,485,345,0,0,12274462,1183825,1068400,3005000,12277939,298935,12280984,884193,14477,525,17989,23257,797,3146,31700,26300
1785999382.275939102,16718827,1857634,16718827,0,16714222,34969,96900,1857519,27490,61100,1,0,794752928,750845190,16721166,51688,163600,1858364,28311,62200,16736,482,337,0,0,18587578,1169069,1059500,2916400,18591316,294582,18596634,873808,14353,523,17920,23168,792,3121,31700,26400
1785999383.313440016,22451680,2494631,22451680,0,22446771,34846,96400,2494442,27424,61000,1,0,794756038,750845190,22453448,51497,162000,2495187,28236,62100,16662,480,332,0,0,24956401,1160137,1052800,2867900,24959798,291705,24964110,867764,14265,522,17875,23110,788,3106,31700,26300
1785999384.347770235,28172258,3130242,28172258,0,28167262,34769,96100,3130101,27381,61000,1,0,794759142,750845190,28174411,51373,161000,3130888,28190,62000,16613,478,330,0,0,31312950,1153344,1048100,2827200,31317674,289594,31321582,863046,14212,521,17849,23072,787,3099,31600,26300
1785999385.378140864,33816560,3757386,33816560,0,33811695,34761,96100,3757215,27385,61000,2,0,794762232,750845190,33818725,51363,160800,3758025,28192,62100,16610,478,328,0,0,37584384,1151563,1046000,2815500,37587931,288644,37592978,862211,14201,521,17848,23069,786,3103,31600,26300
1785999386.414674363,39298294,4366473,39298294,0,39293434,34885,96500,4366258,27480,61200,4,0,794765344,750845206,39299838,51566,162200,4366983,28289,62300,16688,479,328,0,0,43673415,1154935,1045700,2837500,43678242,289011,43682490,865232,14255,523,17907,23151,787,3113,31700,26400
1785999387.446486577,44978560,4997613,44978560,0,44973880,34848,96500,4997509,27455,61300,4,0,794768437,750845210,44981151,51508,162100,4998285,28262,62300,16666,478,328,0,0,49986912,1151840,1042000,2830200,49991002,288001,49995813,863139,14236,522,17890,23127,786,3110,31600,26300
1785999388.476714907,50713188,5634798,50713188,0,50708497,34780,96200,5634651,27405,61200,4,0,794771530,750845211,50715230,51401,161600,5635403,28210,62300,16624,476,327,0,0,56357075,1147894,1038700,2807400,56361858,286750,56366450,860473,14203,521,17856,23084,785,3103,31600,26300
1785999389.508276450,56450026,6272223,56450026,0,56445178,34728,96100,6272106,27365,61200,4,0,794774623,750845211,56452334,51317,161100,6272880,28169,62200,16593,475,327,0,0,62733642,1144399,1035500,2784600,62736667,285608,62742182,858103,14180,521,17830,23050,784,3098,31600,26300
1785999390.543192407,62210756,6912304,62210756,0,62205815,34681,95900,6912151,27331,61100,4,0,794777727,750845211,62212869,51246,160800,6912920,28133,62200,16569,474,326,0,0,69132009,1141561,1032900,2762800,69138051,284634,69142378,856247,14158,520,17806,23020,783,3093,31600,26300
1785999391.575104940,67949938,7549991,67949938,0,67945283,34643,95800,7549868,27305,61100,4,0,794780824,750845211,67952359,51189,160400,7550671,28106,62200,16549,474,326,0,0,75511033,1139532,1031100,2746100,75515716,283944,75519558,854901,14140,520,17787,22996,783,3090,31600,26300
1785999392.611047771,73486973,8165212,73486973,0,73482071,34705,96000,8165068,27349,61200,4,0,794783931,750845212,73488925,51285,161200,8165802,28151,62300,16582,475,326,0,0,81661855,1140934,1031300,2749900,81666992,284168,81671431,856088,14169,521,17814,23033,784,3095,31600,26300
1785999393.643971955,79180676,8797845,79180676,0,79175780,34692,96000,8797655,27339,61200,5,0,794787029,750845213,79182509,51263,161200,8798410,28141,62300,16574,474,326,0,0,87988244,1139500,1029800,2739500,87992914,283644,87996538,855168,14164,520,17806,23023,784,3095,31600,26300
1785999394.678682740,84921994,9435773,84921994,0,84917166,34660,95900,9435629,27317,61200,5,0,794790130,750845216,84923867,51215,160900,9436376,28119,62300,16557,474,327,0,0,94366787,1137606,1028300,2723600,94372682,283047,94375973,853871,14149,520,17791,23004,783,3092,31600,26300
1785999395.710779075,90653510,10072612,90653510,0,90648571,34640,95800,10072466,27303,61200,5,0,794793226,750845217,90656029,51185,160800,10073301,28104,62200,16547,473,327,0,0,100736685,1135875,1026800,2709800,100741402,282528,100745356,852654,14139,520,17782,22991,783,3090,31600,26400
1785999396.750824889,96402712,10711406,96402712,0,96397731,34614,95700,10711228,27286,61100,5,0,794796339,750845222,96404557,51149,160600,10711980,28087,62200,16536,473,327,0,0,107123624,1134564,1026000,2698000,107127894,282070,107132248,851809,14126,519,17771,22977,782,3088,31600,26400
1785999397.789341130,102125283,11347251,102125283,0,102120528,34608,95600,11348561,27284,61100,5,0,794799462,750845228,102148183,51139,160500,11350144,28084,62200,16532,472,327,0,0,113506583,1133981,1025600,2693200,113509008,281853,113512928,851442,14125,519,17773,22975,782,3089,31600,26400
1785999398.815349945,107590866,11954540,107590866,0,107585840,34668,95900,11954295,27321,61200,5,0,794802541,750845234,107591625,51231,161400,11954942,28122,62300,16564,473,327,0,0,119553709,1135633,1026300,2702100,119555707,282112,119558717,852828,14154,520,17792,23001,784,3096,31600,26400
1785999399.846230472,113351731,12594628,113351731,0,113346782,34637,95900,12594469,27300,61200,5,0,794805635,750845234,113353865,51184,161200,12595239,28101,62300,16549,472,327,0,0,125956106,1134026,1025300,2692400,125961323,281589,125964559,851753,14138,519,17780,22984,783,3093,31600,26400
1785999400.875810348,119098646,13233180,119098646,0,119093992,34611,95800,13233043,27283,61200,5,0,794808723,750845234,119101106,51146,161000,13233833,28083,62300,16536,472,327,0,0,132342424,1132674,1024400,2684600,132345752,281175,132351975,850818,14126,519,17768,22969,783,3091,31600,26400
1785999401.909209948,124834817,13870533,124834817,0,124830084,34592,95800,13870419,27269,61200,5,0,794811820,750845234,124837145,51118,160900,13871167,28069,62300,16527,472,327,0,0,138716288,1131750,1023900,2678000,138720254,280856,138723609,850205,14116,519,17759,22958,782,3089,31600,26300
1785999402.937764800,130579759,14508852,130579759,0,130575002,34572,95800,14508722,27256,61200,5,0,794814909,750845235,130582200,51088,160700,14509500,28056,62300,16517,471,326,0,0,145098786,1130823,1023400,2672900,145102003,280564,145107883,849575,14107,519,17750,22947,782,3087,31600,26300
1785999403.969925864,136292587,15143622,136292587,0,136287796,34560,95700,15143446,27248,61200,5,0,794817995,750845237,136294509,51068,160600,15144248,28047,62300,16509,471,326,0,0,151445628,1130010,1022800,2670100,151451790,280342,151454854,848987,14099,519,17745,22941,782,3085,31600,26300
1785999404.998208441,141675636,15741736,141675637,0,141670608,34624,95800,15741537,27291,61200,6,0,794821090,750845258,141677072,51165,161000,15742252,28091,62300,16542,472,327,0,0,157426453,1131878,1022800,2689900,157429813,280740,157434269,850458,14130,519,17773,22978,782,3089,31600,26300
1785999406.031874296,147329247,16369917,147329247,0,147324287,34629,95900,16369768,27297,61200,6,0,794824193,750845259,147331521,51172,161100,16370542,28097,62300,16544,472,326,0,0,163709589,1131696,1022500,2688700,163714067,280666,163717433,850340,14131,519,17777,22983,782,3091,31600,26300
1785999407.065102266,153088146,17009794,153088146,0,153083252,34615,95900,17009608,27290,61200,6,0,794827291,750845259,153089920,51150,160900,17010375,28090,62300,16536,472,326,0,0,170107457,1130884,1021700,2682000,170110393,280441,170115503,849759,14121,519,17773,22978,782,3089,31500,26300
1785999408.097346522,158825038,17647227,158825038,0,158820116,34604,95800,17647049,27283,61200,6,0,794830387,750845267,158826784,51132,160700,17647796,28082,62300,16529,472,326,0,0,176480232,1130206,1021300,2678300,176486186,280249,176488753,849277,14113,519,17770,22972,782,3088,31500,26200
1785999409.129680033,164559841,18284421,164559841,0,164554956,34595,95800,18284247,27279,61200,6,0,794833486,750845273,164561533,51117,160600,18284955,28077,62300,16522,471,325,0,0,182852586,1129851,1021100,2675000,182857651,280099,182861278,849068,14107,519,17767,22968,782,3087,31500,26200
1785999410.159536209,170266364,18918483,170266364,0,170261454,34588,95800,18918309,27274,61200,6,0,794836572,750845273,170268070,51104,160500,18919070,28073,62300,16517,471,325,0,0,189194072,1129413,1020700,2670100,189198967,279927,189204043,848807,14103,519,17765,22965,782,3086,31500,26200
1785999411.190901701,175715504,19523940,175715504,0,175710660,34625,95900,19523752,27302,61300,6,0,794839667,750845290,175717447,51165,161000,19524536,28100,62400,16540,472,325,0,0,195248782,1130777,1021100,2678400,195253487,280166,195256797,849923,14121,520,17781,22988,782,3090,31500,26200
1785999412.223202357,181409083,20156563,181409083,0,181404432,34621,95900,20156407,27299,61300,6,0,794842764,750845290,181411130,51158,160900,20157171,28097,62400,16538,472,325,0,0,201575934,1130431,1020900,2672500,201580316,280040,201584374,849705,14117,520,17779,22986,782,3089,31500,26300
1785999413.255342424,187118634,20790958,187118634,0,187113815,34614,95900,20790803,27295,61200,6,0,794845858,750845290,187120754,51148,160800,20791567,28093,62300,16534,472,324,0,0,207918092,1129910,1020600,2667100,207924526,279882,207928757,849347,14112,520,17778,22984,782,3088,31500,26300
1785999414.290166080,192758593,21417614,192758593,0,192753670,34618,95900,21417433,27297,61200,6,0,794848964,750845296,192760647,51153,160800,21418224,28095,62300,16536,472,324,0,0,214186195,1129937,1020500,2664800,214190649,279814,214194923,849441,14114,520,17779,22986,782,3087,31500,26300
1785999415.321005078,198504274,22056019,198504275,0,198499307,34609,95800,22055844,27293,61200,6,0,794852054,750845296,198506178,51140,160800,22056612,28091,62300,16531,472,324,0,0,220569862,1129486,1020300,2659300,220575021,279649,220577492,849151,14108,520,17777,22983,782,3086,31500,26300
1785999416.354113634,204150440,22683374,204150440,0,204145329,34618,95900,22683172,27299,61200,6,0,794855157,750845298,204152104,51152,160900,22683945,28097,62300,16534,472,324,0,0,226842778,1129570,1020300,2657200,226848369,279611,226850743,849273,14111,520,17781,22988,782,3087,31500,26300
1785999417.386221058,209658703,23295410,209658703,0,209653730,34642,96000,23295157,27316,61200,8,0,794858251,750845310,209659383,51189,161200,23295803,28114,62300,16546,472,324,0,0,232961160,1130326,1020500,2660200,232964925,279716,232968622,849926,14122,520,17792,23001,782,3090,31500,26400
1785999418.417905659,215350847,23927867,215350847,0,215345899,34638,95900,23927702,27314,61200,8,0,794861344,750845316,215352681,51182,161100,23928430,28112,62300,16544,472,324,0,0,239288647,1129902,1020200,2655400,239292582,279610,239296339,849606,14119,520,17792,23000,782,3089,31600,26400
1785999419.454427230,221040196,24560013,221040196,0,221035570,34638,95900,24559889,27313,61200,8,0,794864453,750845327,221042482,51181,161100,24560671,28111,62300,16544,473,323,0,0,245611188,1129836,1020100,2653000,245614223,279534,245619383,849616,14119,520,17792,23000,782,3088,31600,26400
1785999420.484777322,226736333,25192924,226736333,0,226731491,34633,95900,25192742,27310,61200,8,0,794867546,750845333,226737985,51173,161000,25193506,28107,62300,16541,473,323,0,0,251938379,1129530,1020000,2649100,251943596,279436,251947294,849408,14116,520,17790,22998,782,3087,31600,26400
1785999421.523855843,232510755,25834522,232510755,0,232505798,34625,95900,25834339,27306,61200,8,0,794870665,750845333,232512737,51160,160900,25835128,28103,62300,16536,473,323,0,0,258355354,1129043,1019600,2644200,258359913,279314,258363278,849043,14111,520,17787,22994,782,3087,31600,26400
1785999422.557893642,238144610,26460511,238144610,0,238140806,34632,95900,26460488,27311,61200,8,0,794873764,750845343,238147776,51170,160900,26461246,28109,62300,16539,473,323,0,0,264616160,1128974,1019300,2643500,264621565,279295,264624783,848994,14113,520,17791,22999,782,3088,31600,26400
1785999423.587974976,243695413,27077270,243695413,0,243690569,34645,95900,27077097,27320,61200,8,0,794876855,750845361,243697371,51190,161100,27077865,28118,62300,16546,473,323,0,0,270781935,1129242,1019300,2645000,270788156,279315,270791935,849243,14119,520,17798,23007,782,3088,31600,26400
1785999424.621868771,249457940,27717546,249457940,0,249452997,34637,95900,27717354,27317,61200,8,0,794879955,750845361,249459634,51177,160900,27718140,28114,62300,16540,473,323,0,0,277185307,1128640,1018900,2639800,277189675,279156,277193041,848800,14114,520,17795,23004,782,3088,31500,26400
1785999425.658280767,255215538,28357284,255215538,0,255210798,34630,95900,28357156,27313,61200,8,0,794883067,750845361,255217940,51165,160800,28357960,28110,62200,16536,473,323,0,0,283583786,1128095,1018600,2635600,283588292,279008,283592933,848401,14109,520,17793,23001,782,3087,31500,26400
1785999426.688377268,260904279,28989357,260904279,0,260899161,34629,95900,28989115,27312,61100,8,0,794886156,750845368,260905013,51163,160700,28989790,28109,62200,16534,473,322,0,0,289900983,1127795,1018300,2633200,289905227,278922,289907282,848188,14108,520,17793,23000,782,3087,31500,26500
1785999427.719004607,266628565,29625391,266628565,0,266623599,34623,95800,29625194,27309,61100,8,0,794889249,750845368,266630124,51153,160600,29625939,28106,62200,16530,473,322,0,0,296263181,1127408,1018200,2629100,296268335,278811,296271089,847914,14104,520,17792,22999,782,3086,31500,26500
1785999428.763773537,272164961,30240549,272164961,0,272160116,34638,95900,30240369,27320,61100,9,0,794892348,750845375,272166705,51175,160800,30241101,28117,62200,16537,473,322,0,0,302413632,1127820,1018300,2630600,302418930,278860,302422064,848280,14111,520,17799,23007,782,3088,31500,26500
1785999429.793033407,277841286,30871254,277841286,0,277836569,34644,95900,30871086,27325,61100,9,0,794895470,750845385,277843078,51185,160800,30871829,28122,62200,16540,473,322,0,0,308722356,1127924,1018300,2629600,308726710,278854,308730336,848386,14113,520,17802,23011,782,3089,31600,26500
1785999430.826244948,283542595,31504727,283542595,0,283537739,34641,95900,31504566,27324,61100,9,0,794898571,750845389,283544948,51180,160800,31505356,28120,62200,16539,473,322,0,0,315057564,1127730,1018200,2626200,315062150,278775,315065648,848271,14111,520,17801,23010,782,3088,31600,26500
1785999431.856630690,289227461,32136385,289227462,0,289222762,34638,95900,32136244,27322,61100,9,0,794901662,750845398,289229655,51176,160700,32136987,28119,62200,16538,473,322,0,0,321374291,1127531,1018000,2622800,321376699,278706,321382182,848143,14109,520,17801,23009,782,3088,31600,26500
1785999432.887959409,294919894,32768873,294919894,0,294915165,34636,95800,32768732,27321,61100,9,0,794904754,750845398,294922236,51172,160700,32769536,28118,62200,16536,473,322,0,0,327700279,1127306,1017900,2619600,327703654,278639,327706834,847982,14107,520,17800,23008,782,3087,31600,26500
1785999433.919193006,300599905,33399981,300599905,0,300595066,34633,95800,33399787,27320,61100,9,0,794907848,750845405,300601364,51168,160600,33400520,28117,62200,16535,473,322,0,0,334009694,1127133,1017800,2617400,334013102,278589,334017011,847859,14105,520,17799,23008,782,3087,31600,26500
1785999434.948336770,306072206,34008018,306072206,0,306067170,34652,95900,34007803,27335,61200,9,0,794910933,750845420,306073573,51198,160800,34008532,28133,62300,16546,473,322,0,0,340089295,1127659,1017900,2620600,340093276,278722,340096777,848256,14113,521,17809,23020,783,3089,31600,26500
1785999435.979998623,311743023,34638115,311743023,0,311738153,34652,95900,34637933,27336,61200,9,0,794914029,750845420,311745063,51197,160800,34638676,28133,62300,16545,473,322,0,0,346391234,1127518,1017800,2618500,346395170,278664,346397129,848169,14112,521,17809,23021,783,3089,31600,26500
1785999437.013893528,317411866,35267982,317411866,0,317407024,34653,95900,35267812,27337,61200,9,0,794917132,750845421,317414038,51198,160800,35268616,28135,62300,16545,473,323,0,0,352689351,1127457,1017800,2616900,352695017,278626,352698112,848150,14111,521,17811,23022,783,3089,31600,26500
1785999438.040518056,323083451,35898158,323083451,0,323078552,34651,95900,35897944,27336,61200,9,0,794920209,750845421,323084295,51193,160800,35898567,28134,62300,16542,473,323,0,0,358989162,1127338,1017700,2614500,358991959,278575,358995894,848080,14109,521,17811,23021,783,3089,31600,26500
1785999439.073847326,328775450,36530605,328775450,0,328770576,34648,95900,36530427,27335,61200,9,0,794923311,750845421,328777441,51189,160800,36531200,28133,62300,16541,473,323,0,0,365315922,1127257,1017700,2612000,365320434,278540,365324007,848033,14107,520,17811,23021,783,3089,31600,26500
1785999440.103083255,334419921,37157767,334419921,0,334415206,34650,95900,37157639,27336,61200,9,0,794926394,750845427,334422414,51190,160800,37158398,28134,62300,16541,473,323,0,0,371588277,1127283,1017700,2610100,371592734,278533,371597338,848069,14106,520,17813,23022,783,3089,31600,26500
1785999441.132980227,339856486,37761829,339856486,0,339851467,34669,96000,37761606,27349,61200,9,0,794929481,750845440,339857216,51220,161000,37762240,28148,62300,16551,473,323,0,0,377625420,1127891,1017900,2613200,377628576,278653,377632340,848556,14116,520,17822,23031,783,3091,31600,26500
1785999442.164202530,345582827,38398084,345582827,0,345577963,34664,96000,38397912,27346,61200,9,0,794932580,750845440,345584878,51212,161000,38398725,28144,62300,16548,473,323,0,0,383991188,1127610,1017700,2610900,383995464,278568,384000220,848359,14113,520,17820,23029,783,3091,31600,26500
1785999443.194047336,351310455,39034498,351310455,0,351305726,34658,96000,39034362,27343,61200,9,0,794935670,750845440,351313004,51202,160900,39035151,28141,62300,16544,473,323,0,0,390356092,1127241,1017300,2608800,390360421,278485,390363985,848072,14110,520,17818,23026,783,3090,31600,26500
1785999444.223864113,357027839,39669760,357027840,0,357023138,34653,96000,39669609,27339,61200,9,0,794938761,750845440,357029729,51193,160800,39670356,28138,62300,16541,473,324,0,0,396707445,1127034,1017100,2607000,396711514,278437,396715984,847914,14107,520,17816,23023,783,3090,31600,26500
1785999445.257831518,362725753,40302861,362725753,0,362720921,34650,96000,40302647,27337,61200,9,0,794941855,750845440,362727055,51189,160700,40303399,28136,62300,16539,473,324,0,0,403039237,1126938,1017100,2605500,403042694,278410,403045826,847849,14106,520,17814,23021,783,3090,31600,26500
1785999446.293622563,368399064,40933224,368399064,0,368393937,34652,96000,40933060,27339,61200,9,0,794944969,750845443,368400555,51193,160800,40933781,28137,62300,16541,473,324,0,0,409341686,1127014,1017100,2605400,409345329,278424,409348780,847910,14107,520,17815,23022,783,3090,31600,26500
1785999447.326720397,373899389,41544372,373899389,0,373894786,34666,96100,41544250,27348,61200,9,0,794948067,750845448,373901815,51214,161000,41545017,28147,62300,16548,473,324,0,0,415454300,1127477,1017200,2607600,415458017,278546,415463195,848249,14114,520,17821,23029,783,3092,31600,26500
1785999448.359228979,379613131,42179242,379613131,0,379608347,34662,96100,42179094,27345,61200,10,0,794951163,750845451,379615273,51208,160900,42179844,28144,62300,16546,473,324,0,0,421801363,1127326,1017200,2606100,421806933,278518,421810154,848125,14112,520,17819,23027,783,3092,31600,26500
1785999449.386983918,385321174,42813460,385321174,0,385316146,34657,96000,42813209,27342,61200,10,0,794954244,750845451,385321906,51199,160800,42813887,28140,62300,16543,473,324,0,0,428140623,1127150,1017100,2604300,428145447,278478,428149213,847992,14109,520,17817,23024,783,3091,31600,26500
1785999450.417736407,391033122,43448119,391033122,0,391028555,34652,96000,43448018,27339,61200,10,0,794957338,750845451,391035684,51193,160800,43448761,28137,62300,16540,473,323,0,0,434491967,1126984,1017000,2602700,434494597,278425,434500581,847880,14107,520,17815,23022,783,3091,31600,26500
1785999451.453572306,396784717,44087192,396784717,0,396779827,34647,96000,44087029,27336,61200,10,0,794960446,750845457,396786612,51185,160800,44087762,28135,62300,16537,473,324,0,0,440882468,1126760,1016900,2601200,440886437,278366,440891818,847711,14104,520,17813,23020,783,3091,31600,26500
1785999452.488542858,402398441,44710936,402398442,0,402393845,34653,96000,44710817,27340,61200,10,0,794963546,750845477,402400933,51193,160800,44711605,28138,62300,16540,473,323,0,0,447120285,1126900,1016900,2602600,447125422,278391,447128108,847825,14106,520,17817,23023,783,3091,31600,26500
1785999453.518618496,407980405,45331153,407980405,0,407975531,34660,96100,45331017,27346,61200,11,0,794966641,750845490,407982992,51204,160900,45331848,28144,62300,16543,473,324,0,0,453322989,1127080,1017000,2603900,453326871,278426,453332400,847972,14109,520,17820,23028,783,3092,31600,26500
1785999454.548594966,413721115,45969005,413721115,0,413716383,34655,96100,45968873,27343,61200,11,0,794969728,750845490,413723767,51195,160800,45969682,28141,62300,16540,473,324,0,0,459702188,1126736,1016800,2602800,459705175,278347,459708940,847707,14105,520,17818,23025,783,3092,31500,26400
1785999455.582827925,419462886,46606988,419462886,0,419458023,34650,96100,46606832,27341,61200,11,0,794972833,750845500,419465254,51188,160800,46607638,28139,62300,16537,473,324,0,0,466080805,1126526,1016600,2601700,466085609,278286,466088954,847558,14102,520,17817,23024,783,3091,31500,26400
1785999456.615000894,425210661,47245622,425210661,0,425205688,34645,96100,47245468,27338,61200,11,0,794975927,750845500,425212752,51179,160700,47246280,28136,62300,16534,473,324,0,0,472466562,1126254,1016500,2600100,472471557,278221,472475752,847352,14099,520,17815,23021,783,3091,31500,26400
1785999457.646045803,430906084,47878447,430906084,0,430901178,34643,96100,47878280,27337,61200,11,0,794979020,750845507,430907790,51176,160700,47879004,28136,62300,16533,473,324,0,0,478794185,1126083,1016300,2599200,478798689,278190,478802831,847211,14098,520,17814,23021,783,3091,31500,26400
1785999458.676233927,436450709,48494518,436450709,0,436445883,34652,96100,48494343,27344,61200,12,0,794982109,750845518,436452472,51189,160700,48495102,28143,62400,16536,473,324,0,0,484955185,1126273,1016300,2600500,484958815,278228,484963717,847364,14102,520,17819,23026,783,3092,31500,26400
1785999459.706306007,442100008,49122225,442100008,0,442095166,34653,96100,49122028,27345,61200,12,0,794985205,750845519,442102265,51190,160800,49122858,28144,62400,16536,473,324,0,0,491233651,1126259,1016300,2600000,491237849,278203,491240509,847374,14102,520,17820,23026,783,3092,31500,26400
1785999460.735572051,447820612,49757842,447820612,0,447816031,34650,96100,49757711,27343,61200,12,0,794988287,750845519,447822771,51184,160700,49758425,28141,62300,16534,473,324,0,0,497588014,1126066,1016200,2598400,497592492,278147,497596320,847239,14100,520,17819,23025,783,3092,31500,26400
1785999461.764026216,453533264,50392580,453533264,0,453528384,34645,96100,50392393,27341,61200,12,0,794991371,750845519,453535314,51177,160700,50393171,28139,62300,16531,473,324,0,0,503936408,1125844,1016100,2596700,503939248,278082,503943099,847080,14097,520,17817,23023,783,3091,31500,26400
1785999462.793641036,459222458,51024716,459222458,0,459217670,34643,96100,51024554,27339,61200,12,0,794994464,750845520,459224441,51174,160600,51025316,28137,62300,16530,473,324,0,0,510256420,1125685,1016000,2595100,510261287,278035,510265701,846969,14096,520,17816,23021,783,3091,31500,26400
1785999463.826091762,464898734,51655415,464898734,0,464893890,34642,96100,51655224,27338,61200,12,0,794997557,750845525,464900589,51173,160600,51656010,28136,62300,16530,473,324,0,0,516563363,1125710,1016100,2593900,516568640,278001,516572085,847029,14096,520,17816,23021,783,3091,31500,26400
1785999464.857866084,470325781,52258412,470325781,0,470320760,34657,96100,52258206,27347,61200,13,0,795000655,750845530,470327207,51196,160800,52258938,28146,62300,16538,473,324,0,0,522593226,1126277,1016300,2596400,522596280,278099,522601261,847498,14103,520,17822,23029,783,3092,31500,26400
1785999465.892081902,475861229,52873467,475861229,0,475856460,34665,96100,52873312,27352,61300,13,0,795003748,750845543,475863272,51208,160800,52874071,28151,62400,16542,473,324,0,0,528743943,1126521,1016400,2597900,528749267,278140,528752839,847700,14108,521,17825,23033,783,3093,31500,26400
1785999466.926175909,481520530,53502277,481520530,0,481515642,34667,96100,53502088,27353,61200,13,0,795006860,750845551,481522155,51210,160900,53502838,28151,62300,16543,473,324,0,0,535031258,1126614,1016500,2597000,535036550,278127,535039827,847807,14109,521,17825,23033,783,3092,31500,26400
1785999467.958869975,487190502,54132277,487190502,0,487185692,34667,96100,54132031,27353,61200,13,0,795009959,750845555,487191324,51211,160900,54132673,28152,62300,16543,473,324,0,0,541330262,1126662,1016500,2595900,541333099,278108,541335825,847871,14109,521,17825,23033,783,3092,31500,26400
1785999468.987968689,492873953,54763766,492873953,0,492869206,34665,96100,54763617,27351,61200,13,0,795013045,750845555,492876059,51208,160900,54764385,28150,62300,16542,473,324,0,0,547647998,1126560,1016500,2594100,547652531,278061,547655293,847817,14107,521,17825,23033,783,3092,31500,26500
1785999470.018059341,498564304,55396029,498564304,0,498559647,34663,96100,55395866,27350,61200,13,0,795016134,750845555,498566535,51205,160800,55396689,28149,62300,16541,473,324,0,0,553971562,1126435,1016400,2592500,553974903,278001,553979680,847753,14106,521,17825,23032,783,3092,31500,26500
1785999471.044899658,504027375,56003041,504027375,0,504022514,34673,96100,56002807,27357,61200,13,0,795019215,750845560,504028512,51221,161000,56003518,28156,62300,16547,473,324,0,0,560039012,1126804,1016500,2593800,560043999,278057,560045660,848066,14111,521,17830,23038,783,3092,31500,26500
1785999472.075733960,509640115,56626675,509640115,0,509635213,34676,96100,56626499,27358,61200,14,0,795022308,750845562,509641795,51224,161000,56627264,28158,62400,16548,473,324,0,0,566276222,1126813,1016500,2593300,566281442,278047,566285392,848084,14112,521,17831,23038,783,3093,31500,26500
1785999473.107421203,515337412,57259709,515337412,0,515332596,34673,96100,57259551,27356,61200,14,0,795025395,750845564,515339498,51220,161000,57260335,28155,62400,16547,473,324,0,0,572607310,1126686,1016500,2592400,572611748,277996,572615674,848008,14111,521,17829,23036,783,3093,31500,26500
1785999474.137520545,521048377,57894262,521048377,0,521043674,34669,96100,57894103,27354,61300,14,0,795028493,750845566,521050634,51215,161000,57894874,28152,62400,16546,473,324,0,0,578951960,1126577,1016400,2591200,578956739,277957,578961639,847940,14110,521,17827,23034,783,3092,31500,26500
1785999475.168324004,526792778,58532528,526792778,0,526787961,34664,96100,58532358,27350,61300,14,0,795031583,750845566,526794797,51208,161000,58533146,28149,62400,16543,473,324,0,0,585335279,1126346,1016300,2589700,585340184,277897,585344546,847768,14108,520,17824,23031,783,3092,31500,26500
1785999476.201812264,532564103,59173786,532564103,0,532559402,34658,96100,59173621,27346,61300,14,0,795034685,750845566,532566363,51198,161000,59174450,28144,62400,16540,473,324,0,0,591748601,1126054,1016100,2588300,591753625,277831,591756673,847541,14105,520,17821,23027,783,3092,31500,26500
1785999477.243888673,538107913,59789763,538107913,0,538103000,34666,96100,59789550,27352,61300,14,0,795037807,750845570,538110774,51211,161000,59791996,28151,62400,16546,473,324,0,0,597923989,1126245,1016200,2589400,597927944,277877,597932276,847687,14109,521,17826,23033,783,3093,31500,26500
1785999478.274817174,543721341,60413479,543721341,0,543716581,34670,96100,60413339,27355,61300,14,0,795040904,750845597,543723518,51218,161100,60414097,28153,62400,16547,473,324,0,0,604144866,1126358,1016100,2589800,604149163,277884,604153700,847793,14111,520,17827,23034,783,3093,31500,26500
1785999479.305136833,549414268,61046027,549414268,0,549409371,34668,96100,61045851,27353,61300,14,0,795043992,750845597,549415963,51214,161100,61046575,28152,62400,16546,473,324,0,0,610469545,1126203,1016000,2588600,610474077,277835,610479151,847687,14109,520,17826,23033,783,3093,31500,26500
1785999480.344167716,555183195,61687019,555183195,0,555178512,34664,96100,61686860,27351,61300,14,0,795047109,750845598,555185551,51208,161000,61687633,28150,62400,16544,473,324,0,0,616880523,1125984,1015800,2587200,616885410,277781,616888639,847520,14107,520,17825,23031,783,3093,31500,26500
1785999481.377092999,560922184,62324678,560922184,0,560917741,34661,96100,62324587,27349,61300,14,0,795050208,750845598,560925024,51203,161000,62325398,28147,62400,16541,473,324,0,0,623257770,1125770,1015700,2585800,623263020,277731,623266634,847357,14105,520,17823,23029,783,3093,31500,26500
1785999482.407920083,566626045,62958444,566626045,0,566621101,34658,96100,62958278,27347,61300,14,0,795053300,750845600,566628083,51199,160900,62959037,28146,62400,16540,473,324,0,0,629594531,1125622,1015500,2584700,629598363,277698,629602522,847242,14104,520,17823,23028,783,3092,31500,26500
1785999483.442317166,572132943,63570327,572132944,0,572128407,34667,96100,63570213,27354,61300,14,0,795056401,750845608,572135397,51213,161100,63571001,28152,62400,16545,473,324,0,0,635713832,1125926,1015600,2586300,635717992,277749,635723349,847495,14108,520,17827,23033,783,3093,31500,26500
1785999484.476699439,577883143,64209236,577883143,0,577878500,34664,96100,64209129,27351,61300,14,0,795059503,750845608,577885742,51207,161000,64209905,28150,62400,16543,473,324,0,0,642102594,1125701,1015400,2585300,642106358,277698,642111173,847321,14106,520,17825,23031,783,3093,31500,26500
1785999485.509946950,583646708,64849635,583646709,0,583642062,34659,96100,64849498,27348,61300,14,0,795062604,750845608,583648969,51200,161000,64850268,28146,62400,16540,473,324,0,0,648506670,1125455,1015200,2584300,648511711,277643,648515844,847129,14104,520,17823,23029,783,3093,31500,26500
1785999486.543484487,589398440,65488712,589398441,0,589393648,34655,96100,65488603,27346,61300,14,0,795065705,750845614,589401142,51194,160900,65489427,28144,62400,16538,473,324,0,0,654898346,1125201,1015000,2583200,654902664,277597,654906441,846921,14102,520,17822,23026,783,3092,31500,26500
1785999487.575038069,595131306,66125699,595131306,0,595126596,34652,96100,66125527,27343,61300,14,0,795068801,750845614,595132705,51188,160900,66126183,28141,62400,16536,473,324,0,0,661265080,1125002,1014900,2582200,661269580,277552,661272308,846769,14100,520,17820,23024,783,3092,31500,26500
1785999488.610076431,600760046,66751114,600760046,0,600754993,34655,96100,66750870,27345,61300,14,0,795071905,750845623,600760900,51193,160900,66751903,28144,62400,16537,473,324,0,0,667522542,1125037,1014900,2582400,667526072,277567,667528278,846793,14102,520,17821,23026,783,3093,31500,26500
1785999489.644060062,606305728,67367303,606305728,0,606300861,34661,96100,67367157,27349,61300,14,0,795074998,750845628,606307547,51201,161000,67367869,28148,62400,16540,473,324,0,0,673683161,1125196,1014900,2583200,673686095,277597,673689485,846917,14105,520,17823,23029,783,3093,31500,26500
1785999490.671944792,612017372,68001920,612017372,0,612012738,34658,96100,68001751,27348,61300,14,0,795078090,750845637,612019294,51197,161000,68002509,28146,62400,16538,473,324,0,0,680028585,1125024,1014800,2582400,680034571,277570,680038312,846774,14104,520,17822,23028,783,3093,31500,26500
1785999491.703439130,617760833,68640098,617760834,0,617756127,34654,96100,68639951,27345,61300,14,0,795081183,750845637,617763242,51190,160900,68640735,28143,62400,16536,473,324,0,0,686412213,1124836,1014700,2581300,686415736,277536,686420301,846619,14102,520,17821,23026,783,3093,31500,26500
1785999492.732152557,623478051,69275332,623478051,0,623473114,34651,96100,69275151,27343,61300,14,0,795084269,750845637,623480132,51185,160900,69275932,28141,62400,16534,472,324,0,0,692763721,1124641,1014600,2580200,692767714,277496,692770957,846463,14100,520,17820,23024,783,3093,31500,26500
1785999493.760696500,629203619,69911507,629203619,0,629199272,34647,96100,69911401,27340,61300,14,0,795087353,750845638,629205954,51179,160900,69912151,28138,62400,16532,472,324,0,0,699125434,1124460,1014600,2579200,699129718,277454,699132780,846325,14098,520,17818,23021,783,3092,31500,26500
1785999494.789258992,634785471,70531715,634785471,0,634780432,34651,96100,70531570,27343,61300,14,0,795090443,750845648,634787310,51185,160900,70532238,28141,62400,16533,472,324,0,0,705326107,1124505,1014600,2579500,705331015,277471,705333287,846354,14100,520,17820,23023,783,3093,31500,26500
1785999495.822349641,640362260,71151356,640362261,0,640357657,34655,96100,71151247,27346,61300,17,0,795093539,750845657,640364769,51191,161000,71151986,28144,62400,16535,472,324,0,0,711524033,1124635,1014600,2579900,711527921,277495,711531752,846459,14102,520,17822,23026,783,3094,31500,26500
1785999496.849364133,646024142,71780459,646024142,0,646019492,34655,96100,71780296,27346,61300,17,0,795096619,750845663,646026228,51190,161000,71781084,28144,62400,16535,472,324,0,0,717815692,1124547,1014600,2578900,717820372,277470,717823186,846395,14101,520,17822,23026,783,3094,31500,26500
1785999497.882557469,651699735,72411085,651699735,0,651695196,34654,96100,72410917,27346,61300,17,0,795099718,750845663,651701772,51189,161000,72411694,28144,62400,16535,472,324,0,0,724121106,1124480,1014600,2577900,724125690,277445,724127962,846353,14100,520,17823,23026,783,3093,31500,26500
1785999498.913438026,657334642,73037182,657334643,0,657329816,34656,96100,73037020,27346,61300,17,0,795102812,750845666,657336423,51191,161000,73037739,28145,62400,16535,472,324,0,0,730382584,1124470,1014600,2577400,730385300,277441,730389505,846348,14101,520,17823,23026,783,3093,31500,26500
1785999499.941702448,663007005,73667443,663007005,0,663002171,34654,96100,73667208,27346,61300,17,0,795105896,750845670,663007734,51189,160900,73667851,28144,62400,16534,472,324,0,0,736682152,1124383,1014600,2576600,736685350,277430,736687822,846272,14100,520,17823,23026,783,3093,31500,26500
1785999500.972023507,668512942,74279215,668512942,0,668508163,34661,96100,74279071,27351,61300,17,0,795108987,750845679,668515279,51199,161000,74279838,28149,62400,16538,473,324,0,0,742802815,1124553,1014600,2577500,742807070,277471,742809779,846401,14104,520,17826,23029,783,3094,31500,26500
1785999502.006218290,674144801,74904979,674144801,0,674139914,34663,96100,74904801,27351,61300,17,0,795112089,750845685,674146703,51202,161000,74905576,28150,62400,16539,473,324,0,0,749060007,1124619,1014700,2577800,749065272,277482,749068048,846455,14105,520,17826,23030,783,3095,31500,26500
1785999503.036952683,679861151,75540125,679861151,0,679856393,34660,96100,75539955,27350,61300,17,0,795115178,750845685,679863105,51198,161000,75540728,28148,62400,16537,473,324,0,0,755411559,1124515,1014600,2577100,755415560,277451,755419863,846382,14104,520,17825,23028,783,3094,31500,26500
1785999504.070001509,685607221,76178573,685607221,0,685602640,34657,96100,76178433,27348,61300,17,0,795118279,750845685,685609415,51193,160900,76179181,28146,62400,16535,473,324,0,0,761795713,1124333,1014500,2576300,761799704,277416,761805518,846235,14102,520,17823,23026,783,3094,31500,26500
1785999505.099859649,691332648,76814736,691332648,0,691327736,34654,96100,76814513,27346,61300,17,0,795121368,750845685,691333457,51188,160900,76815160,28144,62400,16534,472,324,0,0,768155942,1124187,1014300,2575700,768158604,277390,768160909,846116,14100,520,17822,23025,783,3094,31500,26500
1785999506.134980528,697072656,77452513,697072656,0,697068103,34651,96100,77452389,27344,61300,17,0,795124473,750845685,697074687,51183,160800,77453139,28142,62400,16532,472,324,0,0,774535294,1123998,1014100,2574900,774539951,277352,774544207,845965,14099,520,17821,23023,783,3094,31500,26500
1785999507.167312603,702531880,78059094,702531880,0,702527114,34660,96100,78058930,27350,61300,19,0,795127569,750845697,702533504,51198,160900,78059618,28149,62400,16537,473,325,0,0,780600404,1124317,1014300,2576700,780604634,277430,780608503,846206,14104,520,17825,23028,783,3095,31500,26500
1785999508.199071008,708246964,78694103,708246964,0,708242165,34658,96100,78693951,27348,61300,19,0,795130664,750845698,708249191,51194,160900,78694770,28147,62400,16536,473,325,0,0,786951073,1124174,1014100,2576100,786956708,277404,786961699,846089,14103,520,17823,23027,783,3094,31500,26500
1785999509.233940153,713949271,79327692,713949271,0,713944439,34657,96100,79327544,27348,61300,19,0,795133768,750845707,713951762,51193,160900,79328343,28147,62400,16536,473,325,0,0,793287921,1124104,1014000,2576000,793292554,277390,793295563,846032,14103,520,17823,23026,783,3094,31500,26500
1785999510.269871543,719681193,79964573,719681193,0,719676521,34655,96100,79964439,27346,61300,19,0,795136867,750845707,719683789,51189,160800,79965262,28145,62400,16534,473,325,0,0,799657456,1123962,1013900,2575400,799660887,277360,799665121,845920,14101,520,17822,23025,783,3094,31500,26500
1785999511.302961571,725414674,80601632,725414674,0,725410094,34653,96100,80601505,27344,61300,19,0,795139977,750845714,725416932,51186,160800,80602287,28144,62400,16533,473,325,0,0,806026913,1123831,1013700,2574900,806032123,277335,806035183,845814,14100,520,17821,23023,783,3094,31500,26500
1785999512.331809304,731123135,81235903,731123135,0,731118312,34651,96100,81235716,27344,61300,19,0,795143062,750845722,731124797,51183,160700,81236456,28143,62400,16532,472,325,0,0,812368262,1123690,1013600,2574800,812372794,277318,812376578,845691,14100,520,17820,23022,783,3094,31500,26500
1785999513.367357943,736642041,81849119,736642041,0,736637240,34658,96100,81848932,27348,61300,20,0,795146166,750845726,736643736,51193,160800,81849674,28148,62400,16535,473,325,0,0,818500804,1123896,1013600,2576100,818504738,277367,818508627,845848,14102,520,17823,23026,783,3095,31500,26500
1785999514.400700794,742379795,82486642,742379795,0,742375282,34655,96100,82486499,27347,61300,20,0,795149266,750845726,742382515,51189,160800,82487391,28146,62400,16534,473,325,0,0,824879049,1123775,1013500,2575500,824882818,277342,824885895,845750,14101,520,17822,23025,783,3094,31500,26500
1785999515.431903035,748112070,83123558,748112071,0,748107531,34653,96100,83123407,27345,61300,20,0,795152362,750845726,748114363,51185,160800,83124207,28145,62400,16532,472,325,0,0,831245702,1123641,1013400,2574900,831251111,277313,831254437,845647,14100,520,17821,23024,783,3094,31500,26500
1785999516.464950524,753835949,83759547,753835950,0,753831289,34650,96100,83759416,27344,61300,20,0,795155456,750845726,753838557,51182,160700,83760228,28143,62400,16531,472,325,0,0,837606575,1123508,1013300,2574200,837611138,277283,837614424,845545,14099,520,17820,23023,783,3094,31500,26500
1785999517.499509114,759596399,84399601,759596399,0,759591921,34648,96100,84399486,27342,61300,20,0,795158561,750845726,759599182,51178,160700,84400298,28142,62400,16529,472,325,0,0,844007131,1123380,1013300,2573500,844012290,277251,844014638,845448,14097,520,17819,23021,783,3094,31500,26500
1785999518.532742185,765229051,85025446,765229051,0,765224314,34650,96100,85025352,27344,61300,20,0,795161660,750845737,765231967,51181,160700,85026166,28143,62400,16530,472,325,0,0,850265284,1123398,1013200,2573800,850271557,277266,850276202,845453,14098,520,17821,23023,783,3094,31500,26500
1785999519.563641666,770735207,85637243,770735207,0,770730732,34657,96100,85637106,27349,61300,20,0,795164753,750845743,770737608,51191,160800,85637866,28148,62400,16533,473,325,0,0,856381808,1123626,1013300,2574900,856387903,277318,856391603,845628,14101,520,17824,23026,783,3095,31500,26500
1785999520.590965852,776410497,86267825,776410497,0,776405688,34655,96100,86267640,27348,61300,20,0,795167834,750845743,776412445,51188,160700,86268426,28147,62400,16533,473,325,0,0,862689030,1123512,1013300,2574200,862692666,277297,862696251,845534,14100,520,17823,23026,783,3095,31500,26500
1785999521.619033806,782100383,86900043,782100383,0,782095747,34654,96100,86899889,27348,61300,20,0,795170916,750845743,782102266,51186,160700,86900600,28147,62400,16531,472,325,0,0,869011161,1123425,1013300,2573300,869014378,277274,869017564,845470,14100,520,17823,23026,783,3095,31500,26500
1785999522.646808120,787770086,87530009,787770086,0,787765460,34654,96100,87529865,27347,61300,20,0,795174004,750845744,787772559,51185,160700,87530645,28146,62400,16531,472,325,0,0,875310741,1123381,1013300,2572500,875314648,277258,875318071,845443,14099,520,17823,23025,783,3095,31500,26500
1785999523.679303832,793480563,88164504,793480563,0,793475984,34653,96100,88164365,27347,61300,20,0,795177101,750845744,793482542,51183,160700,88165118,28146,62400,16530,472,325,0,0,881655291,1123265,1013200,2571600,881660796,277234,881663837,845351,14098,520,17823,23025,783,3094,31600,26500
1785999524.717708721,799058256,88784246,799058256,0,799053896,34657,96100,88784167,27351,61300,20,0,795180214,750845752,799060707,51190,160700,88785163,28150,62400,16532,473,325,0,0,887868417,1123345,1013200,2572000,887873940,277265,887877003,845400,14100,520,17826,23028,783,3095,31600,26500
1785999525.747703702,804570182,89396688,804570182,0,804565596,34663,96100,89396502,27355,61300,20,0,795183308,750845760,804571676,51198,160700,89397186,28154,62400,16535,473,325,0,0,893975352,1123483,1013300,2572600,893979992,277293,893986078,845510,14103,520,17828,23031,783,3096,31600,26500
1785999526.776262559,810254899,90028322,810254899,0,810250186,34661,96100,90028116,27353,61300,20,0,795186391,750845760,810256790,51196,160700,90028875,28153,62400,16534,473,325,0,0,900293736,1123382,1013200,2571900,900298264,277263,900301405,845437,14102,520,17827,23030,783,3096,31600,26500
1785999527.804131312,815924946,90658330,815924946,0,815920450,34659,96100,90658182,27353,61300,20,0,795189476,750845762,815927053,51194,160700,90658950,28152,62400,16534,473,325,0,0,906593944,1123287,1013100,2571300,906597819,277238,906601034,845369,14101,520,17826,23029,783,3096,31600,26500
1785999528.837281090,821608497,91289825,821608497,0,821603839,34658,96100,91289703,27352,61300,20,0,795192573,750845762,821610777,51193,160700,91290467,28151,62400,16533,473,325,0,0,912909216,1123263,1013200,2570700,912912731,277230,912916966,845352,14101,520,17825,23028,783,3095,31600,26500
1785999529.866209375,827257879,91917534,827257879,0,827253604,34658,96100,91917403,27352,61300,20,0,795195661,750845770,827260020,51192,160700,91918158,28151,62400,16533,473,325,0,0,919185750,1123229,1013100,2570600,919190577,277220,919194158,845329,14101,520,17825,23029,783,3096,31600,26500
1785999530.898176892,832794377,92532705,832794377,0,832789646,34663,96100,92532540,27355,61300,21,0,795198757,750845779,832796465,51199,160700,92533351,28154,62400,16536,473,325,0,0,925338736,1123377,1013100,2571300,925342138,277249,925344994,845447,14104,520,17828,23031,783,3096,31600,26500
1785999531.929673024,838381027,93153445,838381027,0,838376342,34666,96100,93153294,27357,61300,21,0,795201852,750845800,838383665,51204,160700,93154123,28157,62400,16537,473,325,0,0,931545873,1123473,1013200,2572100,931550124,277277,931555072,845515,14105,520,17829,23033,783,3097,31600,26500
1785999532.958891608,844124025,93791562,844124026,0,844119398,34663,96100,93791434,27355,61300,21,0,795204939,750845800,844126743,51199,160700,93792233,28154,62400,16536,473,325,0,0,937926773,1123350,1013200,2571600,937930900,277250,937934519,845420,14103,520,17828,23031,783,3096,31600,26500
1785999533.991390025,849869145,94429899,849869145,0,849864546,34660,96100,94429753,27353,61300,21,0,795208035,750845805,849871479,51195,160700,94430564,28152,62400,16534,473,325,0,0,944308997,1123272,1013200,2571200,944314881,277230,944317784,845361,14102,520,17826,23029,783,3096,31600,26500
1785999535.023829185,855614975,95068327,855614975,0,855610286,34657,96100,95068160,27351,61200,21,0,795211129,750845805,855616863,51190,160700,95068906,28150,62400,16533,473,325,0,0,950693447,1123164,1013100,2570700,950696915,277212,950701219,845272,14101,520,17825,23027,783,3096,31600,26500
1785999536.061064114,861378191,95708683,861378191,0,861373491,34655,96100,95708494,27349,61200,21,0,795214244,750845807,861380049,51187,160700,95709248,28148,62300,16531,473,325,0,0,957097031,1123070,1013100,2570300,957101668,277199,957104605,845191,14100,520,17824,23026,783,3096,31600,26500
1785999537.096993062,866876350,96319590,866876350,0,866871496,34660,96100,96319391,27353,61200,22,0,795217349,750845822,866877773,51196,160700,96320147,28152,62400,16535,473,325,0,0,963205370,1123281,1013300,2571600,963209651,277252,963212217,845349,14103,520,17826,23028,783,3097,31600,26500
1785999538.129045225,872503467,96944821,872503467,0,872498809,34662,96100,96944648,27354,61200,22,0,795220445,750845826,872505008,51198,160800,96945372,28153,62400,16536,473,325,0,0,969457771,1123311,1013300,2571900,969461517,277273,969466701,845358,14104,520,17826,23029,783,3097,31600,26500
1785999539.164751944,878257053,97584108,878257053,0,878252407,34660,96100,97583919,27352,61300,22,0,795223554,750845826,878258954,51195,160700,97584706,28151,62400,16534,473,325,0,0,975851179,1123201,1013300,2571700,975855458,277252,975859273,845268,14103,520,17825,23027,783,3097,31600,26500
1785999540.198682187,883958135,98217565,883958136,0,883953328,34659,96100,98217382,27352,61300,22,0,795226654,750845836,883960064,51193,160700,98218171,28151,62400,16534,473,325,0,0,982185196,1123139,1013300,2571900,982190352,277242,982194606,845217,14103,520,17825,23027,783,3097,31600,26500
1785999541.233909218,889708837,98856535,889708837,0,889704109,34657,96100,98856350,27351,61300,22,0,795229762,750845842,889710550,51190,160700,98857160,28149,62400,16532,472,325,0,0,988576745,1123036,1013200,2571900,988579621,277224,988583771,845131,14102,520,17824,23026,783,3097,31600,26500
1785999542.265444461,895387171,99487462,895387172,0,895382017,34657,96100,99487137,27351,61300,22,0,795232855,750845846,895387371,51190,160700,99487817,28150,62400,16532,472,325,0,0,994881918,1122993,1013200,2571800,994885813,277217,994889432,845096,14102,520,17824,23026,783,3097,31600,26500
1785999543.299132254,900867382,100096371,900867382,0,900862554,34663,96100,100096218,27355,61300,23,0,795235959,750845859,900869647,51200,160800,100097008,28154,62400,16536,473,325,0,0,1000974068,1123225,1013300,2573100,1000978486,277268,1000981845,845277,14105,520,17827,23030,784,3098,31600,26500
1785999544.328457973,906531531,100725725,906531531,0,906526731,34663,96100,100725523,27355,61300,23,0,795239045,750845862,906533341,51199,160800,100726308,28154,62400,16535,473,325,0,0,1007267728,1123199,1013300,2572900,1007270556,277271,1007275933,845248,14105,520,17827,23029,784,3098,31600,26500
1785999545.359076522,912242107,101360227,912242107,0,912237289,34661,96100,101360055,27354,61300,23,0,795242133,750845862,912243888,51196,160700,101360811,28153,62400,16534,473,325,0,0,1013612174,1123147,1013300,2572400,1013616363,277265,1013620255,845201,14104,520,17826,23028,784,3098,31600,26500
1785999546.392703547,917963448,101995939,917963449,0,917958810,34660,96100,101995795,27354,61300,23,0,795245237,750845865,917965735,51194,160700,101996588,28152,62400,16533,473,325,0,0,1019970839,1123072,1013300,2572000,1019974869,277256,1019978267,845134,14103,520,17826,23028,784,3098,31600,26500
1785999547.421766756,923656448,102628491,923656448,0,923651580,34659,96100,102628267,27353,61300,23,0,795248322,750845865,923657288,51192,160700,102628903,28152,62400,16533,472,325,0,0,1026292171,1123015,1013200,2571600,1026296125,277242,1026299089,845093,14102,520,17825,23027,784,3098,31600,26500
1785999548.457063139,929268129,103252004,929268129,0,929263693,34662,96100,103251853,27355,61300,23,0,795251431,750845866,929270265,51196,160700,103252657,28154,62400,16533,473,325,0,0,1032530310,1123073,1013300,2571900,1032535874,277257,1032539400,845135,14104,520,17826,23029,784,3098,31600,26500
1785999549.488817809,934713040,103857001,934713040,0,934708397,34669,96100,103856849,27359,61300,23,0,795254526,750845875,934715178,51207,160800,103857620,28158,62400,16537,473,325,0,0,1038580401,1123313,1013400,2573300,1038585877,277309,1038588353,845323,14108,520,17830,23033,784,3098,31600,26500
1785999550.521141394,940376878,104486320,940376878,0,940372067,34669,96200,104486156,27360,61300,23,0,795257622,750845879,940379265,51207,160800,104486975,28159,62400,16537,473,325,0,0,1044874236,1123299,1013400,2573400,1044879346,277311,1044882264,845309,14107,520,17830,23033,784,3098,31600,26500
1785999551.549897746,946075115,105119454,946075115,0,946070561,34668,96200,105119316,27359,61300,23,0,795260708,750845879,946077593,51205,160800,105120105,28158,62400,16536,473,324,0,0,1051204989,1123235,1013400,2573200,1051210191,277301,1051213609,845254,14107,520,17830,23032,784,3098,31600,26500
1785999552.577550083,951769523,105752160,951769523,0,951765070,34667,96200,105752023,27358,61300,23,0,795263792,750845879,951771850,51202,160700,105752828,28157,62400,16535,473,324,0,0,1057533192,1123150,1013400,2573000,1057537302,277288,1057540856,845181,14106,520,17829,23032,784,3098,31600,26500
1785999553.607941762,957453486,106383714,957453486,0,957448824,34666,96200,106383589,27357,61300,23,0,795266876,750845885,957455716,51201,160700,106384347,28156,62400,16534,473,325,0,0,1063847636,1123086,1013300,2572800,1063852375,277275,1063855611,845129,14105,520,17829,23031,784,3098,31600,26500
1785999554.642013975,963089546,107009950,963089546,0,963085022,34667,96200,107009772,27359,61300,23,0,795269977,750845889,963091244,51202,160700,107010465,28158,62400,16535,473,325,0,0,1070109680,1123122,1013400,2573300,1070112319,277290,1070116416,845152,14105,520,17829,23032,784,3098,31600,26500
1785999555.670258915,968689401,107632156,968689401,0,968684870,34668,96200,107631992,27359,61300,23,0,795273066,750845893,968691376,51205,160800,107632725,28158,62400,16536,473,325,0,0,1076330316,1123210,1013400,2574000,1076336632,277307,1076339751,845222,14106,520,17830,23033,784,3098,31600,26500
1785999556.698826440,974431315,108270150,974431315,0,974426627,34665,96200,108269987,27357,61300,23,0,795276153,750845893,974433423,51200,160700,108270761,28156,62400,16534,473,325,0,0,1082711538,1123090,1013300,2573500,1082715982,277285,1082720448,845125,14105,520,17828,23031,784,3098,31600,26500
1785999557.729312165,980146470,108905166,980146470,0,980141879,34663,96200,108905019,27356,61300,23,0,795279246,750845893,980148636,51197,160700,108905766,28155,62400,16533,473,325,0,0,1089061747,1122997,1013300,2572900,1089066133,277269,1089069443,845047,14104,520,17827,23030,784,3098,31600,26500
1785999558.762049049,985864563,109540506,985864563,0,985859894,34661,96200,109540345,27355,61300,23,0,795282341,750845893,985866652,51194,160700,109541115,28154,62400,16532,473,325,0,0,1095415105,1122936,1013300,2572400,1095419961,277255,1095423443,845001,14103,520,17827,23029,784,3098,31600,26500
1785999559.790616837,987744359,109749367,987744359,0,987738222,34661,96100,109748648,27354,61300,23,0,795285426,750847985,987738002,51194,160700,109748648,28153,62400,16532,472,325,0,0,1097491607,1122926,1013300,2572300,1097491608,277250,1097491253,844995,14102,520,17826,23028,784,3098,31600,26500
1785999560.817169343,987744359,109749367,987744359,0,987738222,34661,96100,109748648,27354,61300,23,0,795288500,750850943,987738002,51194,160700,109748648,28153,62400,16532,472,325,0,0,1097491611,1122926,1013300,2572300,1097491612,277250,1097491253,844995,14102,520,17826,23028,784,3098,31600,26500
1785999561.847260531,987744359,109749367,987744359,0,987738222,34661,96100,109748648,27354,61300,23,0,795291591,750853987,987738002,51194,160700,109748648,28153,62400,16532,472,325,0,0,1097491614,1122926,1013300,2572300,1097491615,277250,1097491253,844995,14102,520,17826,23028,784,3098,31600,26500
1785999562.879458240,987744359,109749367,987744359,0,987738222,34661,96100,109748648,27354,61300,23,0,795294689,750857078,987738002,51194,160700,109748648,28153,62400,16532,472,325,0,0,1097491616,1122926,1013300,2572300,1097491617,277250,1097491253,844995,14102,520,17826,23028,784,3098,31600,26500
1785999563.912575981,987744359,109749367,987744359,0,987738222,34661,96100,109748648,27354,61300,23,0,795297784,750860170,987738002,51194,160700,109748648,28153,62400,16532,472,325,0,0,1097491618,1122926,1013300,2572300,1097491619,277250,1097491253,844995,14102,520,17826,23028,784,3098,31600,26500
1785999564.945534025,987744359,109749367,987744359,0,987738222,34661,96100,109748648,27354,61300,23,0,795300884,750863263,987738002,51194,160700,109748648,28153,62400,16532,472,325,0,0,1097491620,1122926,1013300,2572300,1097491621,277250,1097491253,844995,14102,520,17826,23028,784,3098,31600,26500
1785999565.977757978,987744359,109749367,987744359,0,987738222,34661,96100,109748648,27354,61300,23,0,795303981,750866347,987738002,51194,160700,109748648,28153,62400,16532,472,325,0,0,1097491622,1122926,1013300,2572300,1097491623,277250,1097491253,844995,14102,520,17826,23028,784,3098,31600,26500
1785999567.009556343,987744359,109749367,987744359,0,987738222,34661,96100,109748648,27354,61300,23,0,795307072,750869323,987738002,51194,160700,109748648,28153,62400,16532,472,325,0,0,1097491624,1122926,1013300,2572300,1097491625,277250,1097491253,844995,14102,520,17826,23028,784,3098,31600,26500
1785999568.043284416,987744359,109749367,987744359,0,987738222,34661,96100,109748648,27354,61300,23,0,795310174,750872405,987738002,51194,160700,109748648,28153,62400,16532,472,325,0,0,1097491626,1122926,1013300,2572300,1097491627,277250,1097491253,844995,14102,520,17826,23028,784,3098,31600,26500
1785999569.076076384,987744359,109749367,987744359,0,987738222,34661,96100,109748648,27354,61300,23,0,795313272,750875498,987738002,51194,160700,109748648,28153,62400,16532,472,325,0,0,1097491628,1122926,1013300,2572300,1097491629,277250,1097491253,844995,14102,520,17826,23028,784,3098,31600,26500
1785999570.110869156,987744359,109749367,987744359,0,987738222,34661,96100,109748648,27354,61300,23,0,795316375,750878595,987738002,51194,160700,109748648,28153,62400,16532,472,325,0,0,1097491630,1122926,1013300,2572300,1097491631,277250,1097491253,844995,14102,520,17826,23028,784,3098,31600,26500
1785999571.144259215,987744359,109749367,987744359,0,987738222,34661,96100,109748648,27354,61300,23,0,795319473,750881665,987738002,51194,160700,109748648,28153,62400,16532,472,325,0,0,1097491632,1122926,1013300,2572300,1097491633,277250,1097491253,844995,14102,520,17826,23028,784,3098,31600,26500
1785999572.176982453,987744359,109749367,987744359,0,987738222,34661,96100,109748648,27354,61300,23,0,795322570,750884720,987738002,51194,160700,109748648,28153,62400,16532,472,325,0,0,1097491634,1122926,1013300,2572300,1097491635,277250,1097491253,844995,14102,520,17826,23028,784,3098,31600,26500
1785999573.210262879,987744359,109749367,987744359,0,987738222,34661,96100,109748648,27354,61300,23,0,795325669,750887716,987738002,51194,160700,109748648,28153,62400,16532,472,325,0,0,1097491636,1122926,1013300,2572300,1097491637,277250,1097491253,844995,14102,520,17826,23028,784,3098,31600,26500
1785999574.242305549,987744359,109749367,987744359,0,987738222,34661,96100,109748648,27354,61300,23,0,795328761,750890804,987738002,51194,160700,109748648,28153,62400,16532,472,325,0,0,1097491638,1122926,1013300,2572300,1097491639,277250,1097491253,844995,14102,520,17826,23028,784,3098,31600,26500
1785999575.275410342,987744359,109749367,987744359,0,987738222,34661,96100,109748648,27354,61300,23,0,795331862,750893899,987738002,51194,160700,109748648,28153,62400,16532,472,325,0,0,1097491640,1122926,1013300,2572300,1097491641,277250,1097491253,844995,14102,520,17826,23028,784,3098,31600,26500
1785999576.307061529,987744359,109749367,987744359,0,987738222,34661,96100,109748648,27354,61300,23,0,795334955,750896988,987738002,51194,160700,109748648,28153,62400,16532,472,325,0,0,1097491642,1122926,1013300,2572300,1097491643,277250,1097491253,844995,14102,520,17826,23028,784,3098,31600,26500
1785999577.338587628,987744359,109749367,987744359,0,987738222,34661,96100,109748648,27354,61300,23,0,795338053,750900079,987738002,51194,160700,109748648,28153,62400,16532,472,325,0,0,1097491644,1122926,1013300,2572300,1097491645,277250,1097491253,844995,14102,520,17826,23028,784,3098,31600,26500
1785999578.371714638,987744359,109749367,987744359,0,987738222,34661,96100,109748648,27354,61300,23,0,795341149,750903088,987738002,51194,160700,109748648,28153,62400,16532,472,325,0,0,1097491646,1122926,1013300,2572300,1097491647,277250,1097491253,844995,14102,520,17826,23028,784,3098,31600,26500
1785999579.406774461,987744359,109749367,987744359,0,987738222,34661,96100,109748648,27354,61300,23,0,795344249,750906129,987738002,51194,160700,109748648,28153,62400,16532,472,325,0,0,1097491648,1122926,1013300,2572300,1097491649,277251,1097491253,844995,14102,520,17826,23028,784,3098,31600,26500
1785999580.439199502,987744359,109749367,987744359,0,987738222,34661,96100,109748648,27354,61300,23,0,795347348,750909221,987738002,51194,160700,109748648,28153,62400,16532,472,325,0,0,1097491650,1122926,1013300,2572300,1097491651,277251,1097491253,844995,14102,520,17826,23028,784,3098,31600,26500
1785999581.472804661,987744359,109749367,987744359,0,987738222,34661,96100,109748648,27354,61300,23,0,795350447,750912291,987738002,51194,160700,109748648,28153,62400,16532,472,325,0,0,1097491653,1122926,1013300,2572300,1097491654,277251,1097491253,844995,14102,520,17826,23028,784,3098,31600,26500
1785999582.505106863,987744359,109749367,987744359,0,987738222,34661,96100,109748648,27354,61300,23,0,795353544,750915382,987738002,51194,160700,109748648,28153,62400,16532,472,325,0,0,1097491657,1122926,1013300,2572300,1097491658,277251,1097491253,844995,14102,520,17826,23028,784,3098,31600,26500
1785999583.555576707,987744359,110798478,987744359,0,987738222,34661,96100,110800984,27240,61300,23,0,795356693,750917551,987738002,51194,160700,110805177,28038,62400,16532,474,323,0,0,1098540501,1125675,1013900,2590600,1098541863,277739,1098543603,847261,14102,520,17826,22901,785,3110,31600,26400
1785999584.631154073,0,3574780,0,0,0,0,0,3572477,14267,40900,0,0,795359921,750917563,0,0,0,3576049,14964,41800,0,595,102,0,0,3577748,3786478,3276700,18446744073709551616,3581209,734684,3582848,3050107,0,0,0,8940,823,7105,0,12400
1785999585.682219784,0,7289690,0,0,0,0,0,7287804,14176,40600,0,0,795363072,750917565,0,0,0,7291996,14861,41500,0,585,100,0,0,7293558,3749503,3276700,18446744073709551616,7296191,728876,7297370,3019468,0,0,0,8853,822,5528,0,12500
1785999586.728941326,0,11010128,0,0,0,0,0,11007932,14129,40400,0,0,795366208,750917566,0,0,0,11012003,14809,41300,0,579,100,0,0,11012780,3730806,3276700,18446744073709551616,11014467,725757,11017150,3004074,0,0,0,8808,821,5011,0,12500
1785999587.772177280,0,14721192,0,0,0,0,0,14719326,14106,40300,0,0,795369337,750917567,0,0,0,14723617,14783,41200,0,576,100,0,0,14725727,3720444,3276700,18446744073709551616,14728784,724149,14730680,2995294,0,0,0,8787,820,4757,0,12500
1785999588.822032658,0,18449724,0,0,0,0,0,18447811,14091,40200,0,0,795372482,750917568,0,0,0,18451806,14766,41100,0,574,99,0,0,18452567,3714285,3276700,18446744073709551616,18457069,723242,18458385,2990090,0,0,0,8773,820,4604,0,12500
1785999589.874231584,0,22134080,0,0,0,0,0,22131950,14108,40200,0,0,795375638,750917590,0,0,0,22136024,14783,41100,0,574,100,0,0,22147508,3721134,3276700,18446744073709551616,22148476,724186,22150965,2995962,0,0,0,8789,821,4508,0,12500
1785999590.922929988,0,25716020,0,0,0,0,0,25714022,14160,40300,0,0,795378781,750917608,0,0,0,25718296,14840,41200,0,579,100,0,0,25721050,3740896,3276700,18446744073709551616,25723387,727584,25725280,3012250,0,0,0,8830,822,4442,0,12500
1785999591.970904106,0,29416258,0,0,0,0,0,29414376,14152,40300,0,0,795381921,750917611,0,0,0,29418835,14831,41200,0,578,100,0,0,29420830,3737621,3276700,18446744073709551616,29421626,727088,29424321,3009518,0,0,0,8823,822,4386,0,12500
1785999593.015385263,0,33134965,0,0,0,0,0,33133366,14138,40200,0,0,795385053,750917612,0,0,0,33137572,14816,41100,0,576,100,0,0,33139287,3731929,3276700,18446744073709551616,33143355,726116,33144350,3004764,0,0,0,8811,822,4343,0,12500
1785999594.062902488,0,36860500,0,0,0,0,0,36858650,14128,40200,0,0,795388193,750917613,0,0,0,36862670,14804,41100,0,575,100,0,0,36862541,3727997,3276700,18446744073709551616,36866511,725410,36869976,3001591,0,0,0,8802,821,4308,0,12500
1785999595.107972842,0,40576352,0,0,0,0,0,40574612,14120,40200,0,0,795391326,750917614,0,0,0,40578645,14795,41100,0,575,100,0,0,40581151,3724822,3276700,18446744073709551616,40584116,724867,40585663,2998960,0,0,0,8795,821,4280,0,12500
1785999596.156987375,0,44270862,0,0,0,0,0,44268929,14123,40200,0,0,795394472,750917628,0,0,0,44272825,14798,41100,0,574,100,0,0,44275665,3724882,3276700,18446744073709551616,44278216,724953,44280560,2998887,0,0,0,8796,821,4259,0,12500
1785999597.203837774,0,47901540,0,0,0,0,0,47899736,14136,40300,0,0,795397609,750917647,0,0,0,47904091,14813,41100,0,575,100,0,0,47906940,3730115,3276700,18446744073709551616,47909236,725702,47911927,3003363,0,0,0,8808,821,4242,0,12500
1785999598.254264840,0,51642256,0,0,0,0,0,51640208,14127,40200,0,0,795400758,750917648,0,0,0,51644728,14804,41100,0,575,100,0,0,51647546,3727074,3276700,18446744073709551616,51650768,725203,51652106,3000830,0,0,0,8801,821,4223,0,12500
1785999599.302692246,0,55374751,0,0,0,0,0,55372799,14119,40200,0,0,795403901,750917649,0,0,0,55377001,14795,41100,0,574,100,0,0,55378556,3723997,3276700,18446744073709551616,55380990,724714,55383698,2998236,0,0,0,8795,821,4207,0,12500
1785999600.351881196,0,59104546,0,0,0,0,0,59102418,14114,40200,0,0,795407045,750917650,0,0,0,59106703,14789,41100,0,574,100,0,0,59107935,3721986,3276700,18446744073709551616,59110885,724426,59113557,2996557,0,0,0,8791,820,4194,0,12500
1785999601.395930304,0,62745064,0,0,0,0,0,62743190,14120,40300,0,0,795410181,750917665,0,0,0,62747361,14797,41200,0,575,100,0,0,62748851,3724571,3276700,18446744073709551616,62751051,724831,62752390,2998706,0,0,0,8796,820,4183,0,12500
1785999602.443954429,0,66353762,0,0,0,0,0,66351703,14135,40300,0,0,795413324,750917711,0,0,0,66355738,14813,41200,0,577,100,0,0,66356731,3730080,3276700,18446744073709551616,66360270,725773,66362418,3003339,0,0,0,8808,821,4175,0,12500
1785999603.502370550,0,70064301,0,0,0,0,0,70062489,14137,40300,0,0,795416497,750917721,0,0,0,70066630,14816,41200,0,577,100,0,0,70069794,3730941,3276700,18446744073709551616,70072103,725915,70073340,3004023,0,0,0,8811,821,4166,0,12500
1785999604.554243643,0,73787927,0,0,0,0,0,73786319,14133,40300,0,0,795419649,750917722,0,0,0,73790439,14812,41200,0,577,100,0,0,73793108,3730157,3276700,18446744073709551616,73795462,725728,73796842,3003402,0,0,0,8808,821,4158,0,12500
1785999605.599480467,0,77493978,0,0,0,0,0,77492066,14129,40300,0,0,795422780,750917723,0,0,0,77496286,14808,41200,0,577,100,0,0,77499096,3729091,3276700,18446744073709551616,77500893,725500,77502212,3002554,0,0,0,8805,821,4150,0,12500
1785999606.651498731,0,81225913,0,0,0,0,0,81224087,14126,40300,0,0,795425935,750917724,0,0,0,81228565,14805,41200,0,577,100,0,0,81229995,3728230,3276700,18446744073709551616,81232099,725318,81233076,3001901,0,0,0,8803,821,4143,0,12500
1785999607.701853188,0,84935532,0,0,0,0,0,84933627,14124,40300,0,0,795429080,750917725,0,0,0,84937783,14803,41200,0,577,100,0,0,84938713,3727956,3276700,18446744073709551616,84941219,725208,84946736,3001732,0,0,0,8801,820,4136,0,12500
1785999608.747943076,0,88534864,0,0,0,0,0,88533055,14136,40300,0,0,795432219,750917753,0,0,0,88537000,14815,41200,0,578,100,0,0,88540887,3732150,3276700,18446744073709551616,88542938,725960,88544661,3005171,0,0,0,8810,821,4133,0,12500
1785999609.791725113,0,92239103,0,0,0,0,0,92236829,14132,40300,0,0,795435346,750917754,0,0,0,92240359,14811,41200,0,577,100,0,0,92242471,3730899,3276700,18446744073709551616,92243354,725760,92244990,3004109,0,0,0,8807,821,4127,0,12500
1785999610.837334291,0,95949485,0,0,0,0,0,95948070,14129,40300,0,0,795438478,750917756,0,0,0,95952242,14808,41200,0,577,100,0,0,95954675,3729780,3276700,18446744073709551616,95956308,725569,95958535,3003185,0,0,0,8805,821,4122,0,12500
1785999611.883942270,0,99629529,0,0,0,0,0,99627667,14130,40300,0,0,795441618,750917772,0,0,0,99631874,14809,41200,0,577,100,0,0,99633023,3730514,3276700,18446744073709551616,99636289,725632,99638300,3003857,0,0,0,8806,820,4118,0,12500
1785999612.926445179,0,103331367,0,0,0,0,0,103329081,14128,40300,0,0,795444741,750917779,0,0,0,103332857,14806,41200,0,577,100,0,0,103335081,3729563,3276700,18446744073709551616,103337439,725472,103337740,3003063,0,0,0,8803,820,4114,0,12500
1785999613.971852829,0,106974529,0,0,0,0,0,106973242,14131,40300,0,0,795447874,750917802,0,0,0,106977325,14810,41200,0,577,100,0,0,106979415,3730729,3276700,18446744073709551616,106981375,725664,106987473,3004068,0,0,0,8807,821,4111,0,12500
1785999615.016785688,0,110617853,0,0,0,0,0,110615934,14136,40300,0,0,795451006,750917816,0,0,0,110620313,14815,41200,0,577,100,0,0,110623438,3732166,3276700,18446744073709551616,110625075,725879,110626681,3005259,0,0,0,8810,820,4108,0,12500
1785999616.062182774,0,114331253,0,0,0,0,0,114329401,14133,40300,0,0,795454139,750917825,0,0,0,114333539,14812,41100,0,577,100,0,0,114336458,3731160,3276700,18446744073709551616,114338263,725686,114339205,3004455,0,0,0,8807,820,4105,0,12500
1785999617.109831370,0,118041790,0,0,0,0,0,118040096,14130,40300,0,0,795457277,750917826,0,0,0,118044579,14809,41100,0,577,100,0,0,118045903,3730434,3276700,18446744073709551616,118047231,725529,118050720,3003885,0,0,0,8805,820,4101,0,12500
1785999618.153180294,0,121751604,0,0,0,0,0,121749696,14127,40200,0,0,795460406,750917829,0,0,0,121753681,14806,41100,0,577,100,0,0,121755619,3729590,3276700,18446744073709551616,121758078,725370,121761088,3003190,0,0,0,8803,820,4098,0,12500
1785999619.202058939,0,125475465,0,0,0,0,0,125473584,14125,40200,0,0,795463550,750917830,0,0,0,125477540,14803,41100,0,577,100,0,0,125479674,3728870,3276700,18446744073709551616,125483286,725245,125484041,3002608,0,0,0,8801,820,4095,0,12500
1785999620.250247158,0,129077001,0,0,0,0,0,129075092,14132,40200,0,0,795466687,750917858,0,0,0,129079320,14810,41100,0,577,100,0,0,129079754,3731436,3276700,18446744073709551616,129083982,725649,129086102,3004761,0,0,0,8806,820,4094,0,12500
1785999621.294581335,0,132789850,0,0,0,0,0,132787762,14130,40200,0,0,795469826,750917861,0,0,0,132791950,14809,41100,0,577,100,0,0,132791923,3730858,3276700,18446744073709551616,132795158,725534,132798817,3004286,0,0,0,8805,820,4091,0,12500
1785999622.341817837,0,136473127,0,0,0,0,0,136470924,14131,40200,0,0,795472965,750917888,0,0,0,136475193,14809,41100,0,577,100,0,0,136477435,3731038,3276700,18446744073709551616,136479203,725577,136481674,3004421,0,0,0,8805,820,4089,0,12500
1785999623.384187657,0,140173614,0,0,0,0,0,140171672,14129,40200,0,0,795476091,750917895,0,0,0,140175741,14807,41100,0,577,100,0,0,140177219,3730247,3276700,18446744073709551616,140180500,725463,140181814,3003756,0,0,0,8804,820,4087,0,12500
1785999624.431027778,0,143889223,0,0,0,0,0,143887298,14127,40200,0,0,795479228,750917896,0,0,0,143891474,14805,41100,0,577,100,0,0,143893087,3729361,3276700,18446744073709551616,143896316,725312,143898495,3003032,0,0,0,8802,820,4085,0,12500
1785999625.476496682,0,147581553,0,0,0,0,0,147580003,14127,40200,0,0,795482363,750917902,0,0,0,147584459,14805,41100,0,577,100,0,0,147586344,3729146,3276700,18446744073709551616,147588625,725264,147590411,3002867,0,0,0,8802,820,4083,0,12500
1785999626.527842136,0,151188470,0,0,0,0,0,151186530,14133,40200,0,0,795485505,750917918,0,0,0,151190685,14812,41100,0,577,100,0,0,151193172,3731382,3276700,18446744073709551616,151196142,725667,151199090,3004683,0,0,0,8806,820,4082,0,12500
1785999627.579857987,0,154916825,0,0,0,0,0,154914892,14132,40200,0,0,795488662,750917922,0,0,0,154919217,14810,41100,0,577,100,0,0,154921348,3730960,3276700,18446744073709551616,154922589,725605,154923786,3004332,0,0,0,8805,820,4081,0,12500
1785999628.619934080,0,158618307,0,0,0,0,0,158615921,14130,40200,0,0,795491785,750917927,0,0,0,158619406,14809,41100,0,577,100,0,0,158621166,3730299,3276700,18446744073709551616,158622734,725502,158624494,3003771,0,0,0,8804,820,4079,0,12500
1785999629.674320662,0,162359777,0,0,0,0,0,162357781,14128,40200,0,0,795494946,750917928,0,0,0,162362319,14807,41100,0,577,100,0,0,162365546,3729616,3276700,18446744073709551616,162367746,725386,162370250,3003194,0,0,0,8802,820,4077,0,12500
1785999630.721500148,0,166077117,0,0,0,0,0,166075200,14127,40200,0,0,795498088,750917929,0,0,0,166079436,14805,41100,0,576,100,0,0,166080968,3728957,3276700,18446744073709551616,166086216,725282,166087924,3002645,0,0,0,8801,820,4076,0,12500
1785999631.765726111,0,169719409,0,0,0,0,0,169717320,14129,40200,0,0,795501218,750917934,0,0,0,169721177,14808,41100,0,577,100,0,0,169722305,3729649,3276700,18446744073709551616,169724847,725415,169726982,3003231,0,0,0,8803,820,4075,0,12500
1785999632.809507179,0,173345380,0,0,0,0,0,173343394,14133,40200,0,0,795504345,750917948,0,0,0,173347708,14811,41100,0,577,100,0,0,173347737,3731139,3276700,18446744073709551616,173352214,725631,173354644,3004472,0,0,0,8805,820,4074,0,12500
1785999633.859580752,0,177072032,0,0,0,0,0,177070330,14131,40200,0,0,795507496,750917950,0,0,0,177074455,14809,41100,0,577,100,0,0,177077000,3730480,3276700,18446744073709551616,177078305,725524,177081702,3003924,0,0,0,8804,820,4072,0,12500
1785999634.904600431,0,180784138,0,0,0,0,0,180782058,14129,40200,0,0,795510625,750917951,0,0,0,180786087,14808,41100,0,577,100,0,0,180788073,3729875,3276700,18446744073709551616,180791023,725430,180792411,3003419,0,0,0,8803,820,4071,0,12500
1785999635.952778470,0,184502876,0,0,0,0,0,184500775,14128,40200,0,0,795513769,750917955,0,0,0,184504777,14806,41100,0,577,100,0,0,184507380,3729260,3276700,18446744073709551616,184510001,725330,184512959,3002905,0,0,0,8802,820,4070,0,12500
1785999636.999371383,0,188215727,0,0,0,0,0,188213660,14127,40200,0,0,795516908,750917962,0,0,0,188217783,14805,41100,0,577,100,0,0,188218078,3728693,3276700,18446744073709551616,188223278,725249,188224322,3002421,0,0,0,8800,820,4068,0,12500
1785999638.043977434,0,191822951,0,0,0,0,0,191820890,14131,40200,0,0,795520038,750917975,0,0,0,191825272,14809,41100,0,577,100,0,0,191825989,3730211,3276700,18446744073709551616,191831159,725513,191833884,3003679,0,0,0,8804,820,4068,0,12500
1785999639.093981837,0,195526729,0,0,0,0,0,195524766,14131,40200,0,0,795523186,750917983,0,0,0,195528943,14809,41100,0,577,100,0,0,195530059,3730054,3276700,18446744073709551616,195535216,725489,195537563,3003541,0,0,0,8803,820,4067,0,12500
1785999640.137133407,0,199226049,0,0,0,0,0,199223991,14129,40200,0,0,795526312,750917984,0,0,0,199228479,14808,41100,0,577,100,0,0,199230773,3729551,3276700,18446744073709551616,199233938,725406,199235921,3003109,0,0,0,8802,820,4066,0,12500
1785999641.183495377,0,202938988,0,0,0,0,0,202936739,14128,40200,0,0,795529451,750917985,0,0,0,202940441,14806,41100,0,577,100,0,0,202941704,3729044,3276700,18446744073709551616,202942751,725320,202943990,3002705,0,0,0,8801,820,4065,0,12500
1785999642.231864440,0,206659307,0,0,0,0,0,206657210,14127,40200,0,0,795532593,750917986,0,0,0,206661575,14805,41100,0,577,100,0,0,206663174,3728554,3276700,18446744073709551616,206665520,725238,206668763,3002298,0,0,0,8800,820,4064,0,12500
1785999643.275001722,0,210313858,0,0,0,0,0,210311776,14128,40200,0,0,795535718,750917995,0,0,0,210316000,14806,41100,0,577,100,0,0,210317506,3728990,3276700,18446744073709551616,210320387,725305,210322703,3002663,0,0,0,8801,820,4063,0,12500
1785999644.323638268,0,213931906,0,0,0,0,0,213930035,14132,40200,0,0,795538861,750918019,0,0,0,213934179,14811,41100,0,577,100,0,0,213935897,3730471,3276700,18446744073709551616,213937758,725550,213940102,3003893,0,0,0,8804,820,4063,0,12500
1785999645.372398120,0,217654671,0,0,0,0,0,217652816,14131,40200,0,0,795542003,750918020,0,0,0,217656976,14809,41100,0,577,100,0,0,217659816,3729897,3276700,18446744073709551616,217663314,725457,217663234,3003417,0,0,0,8803,820,4062,0,12500
1785999646.417152001,0,221354630,0,0,0,0,0,221352723,14129,40200,0,0,795545126,750918021,0,0,0,221356888,14808,41100,0,577,100,0,0,221359110,3729422,3276700,18446744073709551616,221360883,725373,221365227,3003027,0,0,0,8802,820,4061,0,12500
1785999647.460517290,0,225071903,0,0,0,0,0,225070075,14128,40200,0,0,795548261,750918023,0,0,0,225074352,14806,41100,0,577,100,0,0,225076066,3728921,3276700,18446744073709551616,225078858,725288,225080309,3002611,0,0,0,8801,820,4060,0,12500
1785999648.504375829,0,228763392,0,0,0,0,0,228761369,14127,40200,0,0,795551389,750918025,0,0,0,228765522,14805,41100,0,577,100,0,0,228767908,3728630,3276700,18446744073709551616,228769917,725229,228770790,3002374,0,0,0,8800,820,4059,0,12500
1785999649.552152880,0,232396756,0,0,0,0,0,232394670,14129,40200,0,0,795554533,750918043,0,0,0,232398775,14808,41100,0,577,100,0,0,232401888,3729566,3276700,18446744073709551616,232402797,725374,232405688,3003163,0,0,0,8802,820,4058,0,12500
1785999650.599477123,0,236053673,0,0,0,0,0,236052058,14132,40200,0,0,795557673,750918064,0,0,0,236056547,14810,41100,0,577,100,0,0,236057487,3730302,3276700,18446744073709551616,236060511,725527,236064765,3003760,0,0,0,8804,820,4058,0,12500
1785999651.648406957,0,239770572,0,0,0,0,0,239768848,14130,40200,0,0,795560816,750918065,0,0,0,239773236,14809,41100,0,577,100,0,0,239775890,3729911,3276700,18446744073709551616,239779857,725455,239782301,3003422,0,0,0,8803,820,4057,0,12500
1785999652.694967776,0,243459663,0,0,0,0,0,243457217,14130,40200,0,0,795563952,750918070,0,0,0,243461002,14809,41100,0,577,100,0,0,243460430,3729854,3276700,18446744073709551616,243465675,725442,243467761,3003392,0,0,0,8803,820,4056,0,12500
1785999653.741631540,0,247102645,0,0,0,0,0,247100817,14131,40200,0,0,795567090,750918078,0,0,0,247104916,14811,41100,0,578,100,0,0,247107299,3730520,3276700,18446744073709551616,247111790,725530,247114343,3003963,0,0,0,8804,820,4055,0,12500
1785999654.786880012,0,250825861,0,0,0,0,0,250823847,14130,40200,0,0,795570226,750918079,0,0,0,250827887,14809,41100,0,577,100,0,0,250829894,3729923,3276700,18446744073709551616,250832743,725434,250835196,3003470,0,0,0,8803,820,4054,0,12500
1785999655.832514173,0,254443423,0,0,0,0,0,254441456,14133,40200,0,0,795573361,750918093,0,0,0,254445449,14812,41100,0,578,100,0,0,254447859,3731002,3276700,18446744073709551616,254450029,725606,254452459,3004377,0,0,0,8805,820,4054,0,12500
1785999656.879368096,0,258129660,0,0,0,0,0,258127857,14133,40200,0,0,795576496,750918103,0,0,0,258132134,14812,41100,0,578,100,0,0,258133707,3730954,3276700,18446744073709551616,258136940,725605,258138730,3004324,0,0,0,8805,820,4053,0,12500
1785999657.920436808,0,261822952,0,0,0,0,0,261821177,14131,40200,0,0,795579616,750918104,0,0,0,261825411,14811,41100,0,578,100,0,0,261828135,3730555,3276700,18446744073709551616,261828247,725541,261829573,3003989,0,0,0,8804,820,4053,0,12500
1785999658.969072346,0,265542778,0,0,0,0,0,265540778,14130,40200,0,0,795582762,750918105,0,0,0,265544943,14810,41100,0,578,100,0,0,265546390,3730074,3276700,18446744073709551616,265548154,725467,265550743,3003581,0,0,0,8803,820,4052,0,12500
1785999660.014562345,0,269255996,0,0,0,0,0,269254026,14129,40200,0,0,795585893,750918106,0,0,0,269258367,14808,41100,0,578,100,0,0,269261264,3729621,3276700,18446744073709551616,269263477,725393,269265295,3003203,0,0,0,8802,820,4051,0,12500
1785999661.066204488,0,272956360,0,0,0,0,0,272954352,14129,40200,0,0,795589048,750918116,0,0,0,272958569,14809,41100,0,578,100,0,0,272959463,3729723,3276700,18446744073709551616,272962785,725409,272965468,3003293,0,0,0,8803,820,4050,0,12500
1785999662.109779996,0,276560037,0,0,0,0,0,276558129,14132,40200,0,0,795592176,750918138,0,0,0,276562197,14812,41100,0,578,100,0,0,276563970,3730812,3276700,18446744073709551616,276568502,725595,276570431,3004190,0,0,0,8805,820,4050,0,12500
1785999663.157142498,0,280265306,0,0,0,0,0,280263466,14131,40200,0,0,795595316,750918142,0,0,0,280267476,14811,41100,0,578,100,0,0,280270414,3730545,3276700,18446744073709551616,280271926,725536,280274125,3003989,0,0,0,8804,820,4049,0,12500
1785999664.202866973,0,283946549,0,0,0,0,0,283944117,14131,40200,0,0,795598444,750918145,0,0,0,283948025,14811,41100,0,578,100,0,0,283951269,3730562,3276700,18446744073709551616,283951709,725521,283953201,3004016,0,0,0,8804,820,4049,0,12500
1785999665.247600592,0,287662510,0,0,0,0,0,287660438,14130,40200,0,0,795601584,750918146,0,0,0,287664539,14810,41100,0,578,100,0,0,287667826,3730095,3276700,18446744073709551616,287669264,725444,287671352,3003622,0,0,0,8803,820,4048,0,12500
1785999666.292234762,0,291381271,0,0,0,0,0,291379198,14128,40200,0,0,795604716,750918147,0,0,0,291383379,14808,41100,0,578,100,0,0,291385600,3729586,3276700,18446744073709551616,291388889,725355,291392452,3003205,0,0,0,8802,820,4047,0,12500
1785999667.338423396,0,295021136,0,0,0,0,0,295019055,14130,40200,0,0,795607849,750918160,0,0,0,295022997,14810,41100,0,578,100,0,0,295023378,3730061,3276700,18446744073709551616,295026619,725437,295030314,3003612,0,0,0,8804,820,4047,0,12500
1785999668.385582759,0,298683117,0,0,0,0,0,298681162,14131,40200,0,0,795610989,750918183,0,0,0,298685404,14811,41100,0,578,100,0,0,298687638,3730511,3276700,18446744073709551616,298691133,725492,298691969,3003992,0,0,0,8805,820,4047,0,12500
1785999669.431708871,0,302394654,0,0,0,0,0,302392496,14130,40200,0,0,795614121,750918187,0,0,0,302396459,14810,41100,0,578,100,0,0,302398431,3730121,3276700,18446744073709551616,302401365,725421,302404129,3003669,0,0,0,8804,820,4046,0,12500
1785999670.480332322,0,306121515,0,0,0,0,0,306119539,14129,40200,0,0,795617268,750918194,0,0,0,306124186,14809,41100,0,578,100,0,0,306125710,3729742,3276700,18446744073709551616,306128603,725360,306130888,3003355,0,0,0,8803,820,4045,0,12500
1785999671.526622843,0,309826513,0,0,0,0,0,309824532,14128,40200,0,0,795620406,750918203,0,0,0,309828737,14808,41100,0,578,100,0,0,309830615,3729455,3276700,18446744073709551616,309833450,725303,309835863,3003131,0,0,0,8802,820,4045,0,12500
1785999672.571930671,0,313537612,0,0,0,0,0,313535694,14127,40200,0,0,795623537,750918206,0,0,0,313539756,14807,41100,0,578,100,0,0,313541576,3729158,3276700,18446744073709551616,313542434,725247,313544313,3002889,0,0,0,8801,820,4044,0,12500
1785999673.617531689,0,317128368,0,0,0,0,0,317126245,14130,40200,0,0,795626671,750918228,0,0,0,317129893,14810,41100,0,578,100,0,0,317132123,3730114,3276700,18446744073709551616,317132998,725405,317135605,3003684,0,0,0,8804,820,4044,0,12500
1785999674.660810613,0,320818487,0,0,0,0,0,320816608,14130,40200,0,0,795629798,750918233,0,0,0,320820777,14810,41100,0,578,100,0,0,320821923,3730084,3276700,18446744073709551616,320825688,725400,320826744,3003655,0,0,0,8804,820,4044,0,12500
1785999675.706944423,0,324541424,0,0,0,0,0,324539539,14129,40200,0,0,795632934,750918234,0,0,0,324543795,14808,41100,0,578,100,0,0,324546855,3729569,3276700,18446744073709551616,324548536,725317,324550718,3003226,0,0,0,8803,820,4043,0,12500
1785999676.751434256,0,328265340,0,0,0,0,0,328263371,14127,40200,0,0,795636067,750918235,0,0,0,328267466,14807,41100,0,578,100,0,0,328270731,3729084,3276700,18446744073709551616,328272973,725233,328273686,3002821,0,0,0,8802,820,4042,0,12500
1785999677.793396748,0,331975127,0,0,0,0,0,331973196,14126,40200,0,0,795639194,750918236,0,0,0,331977441,14805,41100,0,578,100,0,0,331980498,3728654,3276700,18446744073709551616,331982010,725156,331985029,3002474,0,0,0,8801,820,4042,0,12500
1785999678.834539339,0,335635191,0,0,0,0,0,335633037,14126,40200,0,0,795642315,750918239,0,0,0,335636893,14806,41100,0,578,100,0,0,335638661,3728773,3276700,18446744073709551616,335643252,725167,335643329,3002579,0,0,0,8801,820,4041,0,12500
1785999679.883963221,0,339257170,0,0,0,0,0,339255245,14128,40200,0,0,795645454,750918259,0,0,0,339259325,14808,41100,0,578,100,0,0,339261159,3729636,3276700,18446744073709551616,339263981,725300,339267085,3003307,0,0,0,8803,820,4042,0,12500
1785999680.931136556,0,342977729,0,0,0,0,0,342975801,14128,40200,0,0,795648600,750918260,0,0,0,342979919,14807,41100,0,578,100,0,0,342982317,3729318,3276700,18446744073709551616,342983393,725251,342984978,3003042,0,0,0,8802,820,4041,0,12500
1785999681.976544702,0,346688899,0,0,0,0,0,346686787,14127,40200,0,0,795651732,750918261,0,0,0,346690433,14806,41100,0,578,100,0,0,346691060,3729020,3276700,18446744073709551616,346692496,725203,346697007,3002792,0,0,0,8802,820,4041,0,12500
1785999683.025426823,0,350408330,0,0,0,0,0,350406355,14126,40200,0,0,795654877,750918262,0,0,0,350410545,14805,41100,0,578,100,0,0,350413716,3728720,3276700,18446744073709551616,350415820,725151,350419003,3002545,0,0,0,8801,820,4040,0,12500
1785999684.071132008,0,354119487,0,0,0,0,0,354117349,14125,40200,0,0,795658013,750918263,0,0,0,354121529,14805,41100,0,578,100,0,0,354122363,3728405,3276700,18446744073709551616,354126153,725101,354129329,3002279,0,0,0,8800,820,4040,0,12500
1785999685.120620911,0,357753767,0,0,0,0,0,357751770,14127,40200,0,0,795661160,750918275,0,0,0,357756158,14807,41100,0,578,100,0,0,357759830,3729102,3276700,18446744073709551616,357760703,725215,357763527,3002864,0,0,0,8802,820,4040,0,12500
1785999686.166031986,0,361418194,0,0,0,0,0,361416370,14128,40200,0,0,795664292,750918291,0,0,0,361420444,14807,41100,0,578,100,0,0,361422724,3729331,3276700,18446744073709551616,361425075,725256,361428455,3003051,0,0,0,8802,820,4040,0,12500
1785999687.209952975,0,365132990,0,0,0,0,0,365130581,14127,40200,0,0,795667421,750918292,0,0,0,365134470,14806,41100,0,578,100,0,0,365136065,3729002,3276700,18446744073709551616,365139805,725193,365141128,3002781,0,0,0,8802,820,4039,0,12500
1785999688.254987156,0,368845345,0,0,0,0,0,368843476,14126,40200,0,0,795670553,750918293,0,0,0,368847732,14805,41100,0,578,100,0,0,368847409,3728646,3276700,18446744073709551616,368850996,725131,368855680,3002488,0,0,0,8801,820,4039,0,12500
1785999689.301004123,0,372564780,0,0,0,0,0,372562821,14125,40200,0,0,795673689,750918294,0,0,0,372567047,14804,41100,0,578,100,0,0,372568984,3728323,3276700,18446744073709551616,372573405,725070,372574916,3002224,0,0,0,8800,820,4038,0,12500
1785999690.348719078,0,376285640,0,0,0,0,0,376283886,14124,40200,0,0,795676831,750918297,0,0,0,376288053,14803,41100,0,578,100,0,0,376288441,3728004,3276700,18446744073709551616,376292354,725015,376296410,3001963,0,0,0,8800,820,4038,0,12500
1785999691.404263165,0,379916039,0,0,0,0,0,379913867,14127,40200,0,0,795679989,750918325,0,0,0,379917670,14806,41100,0,578,100,0,0,379921649,3728907,3276700,18446744073709551616,379922349,725166,379924990,3002716,0,0,0,8801,820,4038,0,12500
1785999692.459439362,0,383644207,0,0,0,0,0,383642480,14126,40200,0,0,795683146,750918329,0,0,0,383646811,14805,41100,0,578,100,0,0,383650679,3728741,3276700,18446744073709551616,383651197,725140,383652257,3002575,0,0,0,8801,820,4038,0,12500
1785999693.506419398,0,387373994,0,0,0,0,0,387372274,14125,40200,0,0,795686288,750918330,0,0,0,387376391,14804,41100,0,578,100,0,0,387378420,3728425,3276700,18446744073709551616,387381498,725083,387382988,3002321,0,0,0,8800,820,4037,0,12500
1785999694.553758123,0,391086622,0,0,0,0,0,391084337,14125,40200,0,0,795689435,750918337,0,0,0,391088246,14804,41100,0,578,100,0,0,391090345,3728241,3276700,18446744073709551616,391092315,725056,391095374,3002164,0,0,0,8800,820,4037,0,12500
1785999695.601343148,0,394794377,0,0,0,0,0,394792355,14124,40200,0,0,795692575,750918344,0,0,0,394796471,14804,41100,0,578,100,0,0,394799290,3728065,3276700,18446744073709551616,394804140,725025,394804692,3002017,0,0,0,8800,820,4037,0,12500
1785999696.651677802,0,398484910,0,0,0,0,0,398483204,14125,40200,0,0,795695725,750918350,0,0,0,398487578,14804,41100,0,578,100,0,0,398488866,3728175,3276700,18446744073709551616,398492100,725045,398493757,3002108,0,0,0,8800,820,4036,0,12500
1785999697.700889762,0,402132991,0,0,0,0,0,402130960,14126,40200,0,0,795698868,750918365,0,0,0,402135020,14805,41100,0,578,100,0,0,402139571,3728659,3276700,18446744073709551616,402140534,725116,402141956,3002520,0,0,0,8801,820,4036,0,12500
1785999698.743215947,0,405839002,0,0,0,0,0,405836689,14125,40200,0,0,795701993,750918367,0,0,0,405840276,14804,41100,0,578,100,0,0,405841799,3728382,3276700,18446744073709551616,405845243,725060,405848330,3002297,0,0,0,8800,820,4036,0,12500
1785999699.789377320,0,409555249,0,0,0,0,0,409553254,14124,40200,0,0,795705128,750918368,0,0,0,409557472,14804,41100,0,578,100,0,0,409560042,3728075,3276700,18446744073709551616,409562324,725009,409564638,3002038,0,0,0,8800,820,4036,0,12500
1785999700.838737124,0,413285231,0,0,0,0,0,413283412,14124,40200,0,0,795708276,750918369,0,0,0,413287751,14803,41100,0,578,100,0,0,413290658,3727740,3276700,18446744073709551616,413293306,724957,413295876,3001762,0,0,0,8799,820,4035,0,12500
1785999701.887495697,0,417007048,0,0,0,0,0,417005088,14123,40200,0,0,795711418,750918369,0,0,0,417009531,14802,41100,0,577,100,0,0,417011413,3727479,3276700,18446744073709551616,417014315,724912,417016366,3001548,0,0,0,8798,820,4035,0,12500
1785999702.927004718,0,420600318,0,0,0,0,0,420598234,14125,40200,0,0,795714535,750918389,0,0,0,420602374,14804,41100,0,578,100,0,0,420604380,3728143,3276700,18446744073709551616,420607550,725029,420607732,3002090,0,0,0,8800,820,4035,0,12500
1785999703.968914533,0,424275466,0,0,0,0,0,424273572,14125,40200,0,0,795717660,750918392,0,0,0,424277782,14804,41100,0,578,100,0,0,424278980,3728110,3276700,18446744073709551616,424280765,725025,424282666,3002059,0,0,0,8800,820,4035,0,12500
1785999705.016025205,0,427952586,0,0,0,0,0,427950982,14125,40200,0,0,795720800,750918405,0,0,0,427955180,14804,41100,0,578,100,0,0,427957626,3728138,3276700,18446744073709551616,427958809,725030,427961463,3002086,0,0,0,8800,820,4035,0,12500
1785999706.063517932,0,431681219,0,0,0,0,0,431679438,14124,40200,0,0,795723940,750918406,0,0,0,431683673,14803,41100,0,578,100,0,0,431683675,3727844,3276700,18446744073709551616,431687231,724980,431692761,3001841,0,0,0,8799,820,4034,0,12500
1785999707.108389215,0,435402627,0,0,0,0,0,435401177,14123,40200,0,0,795727069,750918407,0,0,0,435405490,14802,41100,0,578,100,0,0,435408084,3727543,3276700,18446744073709551616,435410025,724932,435411112,3001586,0,0,0,8799,820,4034,0,12500
1785999708.154968932,0,439090573,0,0,0,0,0,439088519,14123,40200,0,0,795730210,750918417,0,0,0,439092723,14802,41100,0,578,100,0,0,439093789,3727520,3276700,18446744073709551616,439096251,724924,439099275,3001575,0,0,0,8799,820,4034,0,12500
1785999709.197497341,0,442675710,0,0,0,0,0,442673750,14125,40200,0,0,795733336,750918441,0,0,0,442677765,14805,41100,0,578,100,0,0,442680811,3728328,3276700,18446744073709551616,442681427,725063,442683401,3002243,0,0,0,8800,820,4034,0,12500
1785999710.241339432,0,446373435,0,0,0,0,0,446371447,14125,40200,0,0,795736465,750918450,0,0,0,446375642,14804,41100,0,578,100,0,0,446376922,3728173,3276700,18446744073709551616,446378824,725031,446381855,3002119,0,0,0,8800,820,4033,0,12500
1785999711.288924451,0,450089999,0,0,0,0,0,450088231,14124,40200,0,0,795739599,750918452,0,0,0,450092434,14803,41100,0,578,100,0,0,450094255,3727869,3276700,18446744073709551616,450096032,724976,450097104,3001869,0,0,0,8799,820,4033,0,12500
1785999712.334639154,0,453814792,0,0,0,0,0,453813033,14123,40200,0,0,795742739,750918452,0,0,0,453817093,14803,41100,0,578,100,0,0,453820251,3727579,3276700,18446744073709551616,453821136,724928,453820890,3001625,0,0,0,8799,820,4033,0,12500
1785999713.380978366,0,457528073,0,0,0,0,0,457526106,14123,40200,0,0,795745876,750918453,0,0,0,457530504,14802,41100,0,578,100,0,0,457533826,3727361,3276700,18446744073709551616,457536628,724883,457537114,3001453,0,0,0,8798,820,4032,0,12500
1785999714.424532859,0,461176963,0,0,0,0,0,461174854,14123,40200,0,0,795749002,750918456,0,0,0,461178533,14803,41100,0,578,100,0,0,461182401,3727602,3276700,18446744073709551616,461183333,724916,461184687,3001660,0,0,0,8799,820,4032,0,12500
1785999715.472697612,0,464740078,0,0,0,0,0,464738109,14126,40200,0,0,795752146,750918468,0,0,0,464742104,14806,41100,0,578,100,0,0,464744900,3728664,3276700,18446744073709551616,464747994,725100,464750631,3002538,0,0,0,8801,820,4032,0,12500
1785999716.520099841,0,468458662,0,0,0,0,0,468456981,14126,40200,0,0,795755284,750918470,0,0,0,468461404,14805,41100,0,578,100,0,0,468464517,3728413,3276700,18446744073709551616,468467233,725060,468468756,3002327,0,0,0,8801,820,4032,0,12500
1785999717.565126546,0,472167593,0,0,0,0,0,472165541,14125,40200,0,0,795758416,750918471,0,0,0,472169595,14805,41100,0,578,100,0,0,472170900,3728230,3276700,18446744073709551616,472174121,725029,472174971,3002176,0,0,0,8800,820,4032,0,12500
1785999718.607419639,0,475865009,0,0,0,0,0,475862708,14125,40200,0,0,795761538,750918472,0,0,0,475866342,14804,41100,0,578,100,0,0,475868594,3728057,3276700,18446744073709551616,475868743,725000,475871843,3002035,0,0,0,8800,820,4032,0,12500
1785999719.656506650,0,479586968,0,0,0,0,0,479585063,14124,40200,0,0,795764684,750918473,0,0,0,479589503,14804,41100,0,578,100,0,0,479593275,3727823,3276700,18446744073709551616,479594173,724962,479596063,3001835,0,0,0,8799,820,4032,0,12500
1785999720.702844545,0,483254757,0,0,0,0,0,483252457,14125,40200,0,0,795767823,750918485,0,0,0,483256342,14804,41100,0,578,100,0,0,483259903,3727997,3276700,18446744073709551616,483263834,724994,483264182,3001984,0,0,0,8800,820,4031,0,12500
1785999721.750328792,0,486891597,0,0,0,0,0,486889735,14126,40200,0,0,795770961,750918508,0,0,0,486893935,14805,41100,0,578,100,0,0,486896782,3728382,3276700,18446744073709551616,486900717,725059,486902216,3002300,0,0,0,8801,820,4031,0,12500
1785999722.803304272,0,490627349,0,0,0,0,0,490624891,14125,40200,0,0,795774117,750918509,0,0,0,490628702,14805,41100,0,578,100,0,0,490631342,3728196,3276700,18446744073709551616,490634441,725032,490634726,3002139,0,0,0,8800,820,4031,0,12500
1785999723.847442299,0,494331686,0,0,0,0,0,494329646,14125,40200,0,0,795777248,750918510,0,0,0,494333979,14804,41100,0,578,100,0,0,494332703,3727949,3276700,18446744073709551616,494334999,724996,494338239,3001930,0,0,0,8800,820,4031,0,12500
1785999724.892927678,0,498032301,0,0,0,0,0,498030423,14125,40200,0,0,795780383,750918511,0,0,0,498034425,14804,41100,0,578,100,0,0,498036087,3727822,3276700,18446744073709551616,498039388,724974,498040116,3001825,0,0,0,8800,820,4031,0,12500
1785999725.941782887,0,501714457,0,0,0,0,0,501712599,14125,40200,0,0,795783518,750918527,0,0,0,501716894,14804,41100,0,578,100,0,0,501720063,3727854,3276700,18446744073709551616,501722083,724987,501724962,3001843,0,0,0,8800,820,4031,0,12500
1785999726.997821186,0,505369079,0,0,0,0,0,505367134,14127,40200,0,0,795786693,750918546,0,0,0,505371445,14806,41100,0,578,100,0,0,505372469,3728445,3276700,18446744073709551616,505374147,725088,505377076,3002333,0,0,0,8801,820,4031,0,12500
1785999728.042235040,0,509054535,0,0,0,0,0,509052494,14127,40200,0,0,795789822,750918548,0,0,0,509057019,14806,41100,0,578,100,0,0,509059688,3728385,3276700,18446744073709551616,509061575,725082,509064029,3002278,0,0,0,8801,820,4031,0,12500
1785999729.090424953,0,512778430,0,0,0,0,0,512776417,14126,40200,0,0,795792963,750918549,0,0,0,512780576,14805,41100,0,578,100,0,0,512783096,3728156,3276700,18446744073709551616,512785793,725046,512788388,3002086,0,0,0,8800,820,4031,0,12500
1785999730.136904819,0,516489975,0,0,0,0,0,516487859,14126,40200,0,0,795796102,750918550,0,0,0,516491887,14805,41100,0,578,100,0,0,516495296,3727941,3276700,18446744073709551616,516496819,725016,516498613,3001901,0,0,0,8800,820,4031,0,12500
1785999731.187427775,0,520212513,0,0,0,0,0,520210528,14125,40200,0,0,795799248,750918551,0,0,0,520214851,14805,41100,0,578,100,0,0,520216842,3727774,3276700,18446744073709551616,520219611,724988,520222938,3001760,0,0,0,8800,820,4030,0,12500
1785999732.237890521,0,523923855,0,0,0,0,0,523921801,14125,40200,0,0,795802396,750918555,0,0,0,523926050,14804,41100,0,578,100,0,0,523929840,3727697,3276700,18446744073709551616,523930386,724978,523932185,3001696,0,0,0,8800,820,4030,0,12500
1785999733.286332786,0,527537375,0,0,0,0,0,527535276,14127,40200,0,0,795805539,750918581,0,0,0,527539615,14806,41100,0,578,100,0,0,527540691,3728334,3276700,18446744073709551616,527543875,725078,527547357,3002232,0,0,0,8801,820,4030,0,12500
1785999734.332066356,0,531248700,0,0,0,0,0,531246690,14126,40200,0,0,795808674,750918589,0,0,0,531250699,14806,41100,0,578,100,0,0,531251970,3728129,3276700,18446744073709551616,531254082,725050,531256137,3002055,0,0,0,8801,820,4030,0,12500
1785999735.378381389,0,534966308,0,0,0,0,0,534964547,14126,40200,0,0,795811809,750918590,0,0,0,534968763,14805,41100,0,578,100,0,0,534972971,3727892,3276700,18446744073709551616,534974943,725014,534975016,3001853,0,0,0,8800,820,4030,0,12500
1785999736.423891354,0,538664126,0,0,0,0,0,538662378,14125,40200,0,0,795814946,750918597,0,0,0,538666409,14805,41100,0,578,100,0,0,538668201,3727783,3276700,18446744073709551616,538671587,724999,538674424,3001760,0,0,0,8800,820,4030,0,12500
1785999737.470347031,0,542386870,0,0,0,0,0,542385128,14125,40200,0,0,795818082,750918598,0,0,0,542389412,14804,41100,0,577,100,0,0,542393343,3727532,3276700,18446744073709551616,542394607,724958,542396093,3001549,0,0,0,8799,820,4030,0,12500
1785999738.521598076,0,546054039,0,0,0,0,0,546052071,14126,40200,0,0,795821236,750918613,0,0,0,546055905,14805,41100,0,578,100,0,0,546058833,3727809,3276700,18446744073709551616,546060329,725009,546063303,3001782,0,0,0,8800,820,4030,0,12500
1785999739.559711282,0,549671570,0,0,0,0,0,549669570,14126,40200,0,0,795824346,750918625,0,0,0,549673622,14806,41100,0,578,100,0,0,549675709,3728103,3276700,18446744073709551616,549678335,725057,549681488,3002021,0,0,0,8800,820,4030,0,12500
1785999740.599054186,0,553368726,0,0,0,0,0,553366658,14126,40200,0,0,795827460,750918626,0,0,0,553370808,14805,41100,0,578,100,0,0,553374228,3727828,3276700,18446744073709551616,553376185,725015,553377786,3001789,0,0,0,8800,820,4030,0,12500
1785999741.640467357,0,557069265,0,0,0,0,0,557066856,14125,40200,0,0,795830580,750918627,0,0,0,557070667,14804,41100,0,578,100,0,0,557072534,3727620,3276700,18446744073709551616,557073100,724982,557075264,3001617,0,0,0,8799,820,4029,0,12500
1785999742.691008980,0,560799176,0,0,0,0,0,560797294,14125,40200,0,0,795833730,750918628,0,0,0,560801540,14804,41100,0,577,100,0,0,560803335,3727426,3276700,18446744073709551616,560805602,724950,560807827,3001453,0,0,0,8799,820,4029,0,12500
1785999743.737730971,0,564507696,0,0,0,0,0,564505880,14124,40200,0,0,795836869,750918629,0,0,0,564510070,14803,41100,0,577,100,0,0,564511376,3727188,3276700,18446744073709551616,564515579,724914,564517041,3001250,0,0,0,8799,820,4029,0,12500
1785999744.780471657,0,568115583,0,0,0,0,0,568113513,14126,40200,0,0,795839994,750918647,0,0,0,568117636,14805,41100,0,577,100,0,0,568118713,3727673,3276700,18446744073709551616,568121451,724993,568124214,3001657,0,0,0,8800,820,4029,0,12500
1785999745.824180808,0,571812132,0,0,0,0,0,571809969,14125,40200,0,0,795843122,750918651,0,0,0,571814041,14805,41100,0,577,100,0,0,571817038,3727514,3276700,18446744073709551616,571818665,724976,571819614,3001515,0,0,0,8799,820,4029,0,12500
1785999746.872717045,0,575510149,0,0,0,0,0,575508114,14125,40200,0,0,795846266,750918661,0,0,0,575512103,14805,41100,0,577,100,0,0,575513924,3727508,3276700,18446744073709551616,575515125,724974,575517971,3001510,0,0,0,8799,820,4029,0,12500
1785999747.917343303,0,579228721,0,0,0,0,0,579226725,14125,40200,0,0,795849397,750918662,0,0,0,579231071,14804,41100,0,577,100,0,0,579235576,3727243,3276700,18446744073709551616,579237232,724934,579237584,3001283,0,0,0,8799,820,4029,0,12500
1785999748.962307631,0,582943863,0,0,0,0,0,582941781,14124,40200,0,0,795852528,750918663,0,0,0,582946037,14803,41100,0,577,100,0,0,582949628,3727023,3276700,18446744073709551616,582952286,724897,582954262,3001100,0,0,0,8798,820,4029,0,12500
1785999750.007177056,0,586635587,0,0,0,0,0,586633531,14124,40200,0,0,795855661,750918666,0,0,0,586637658,14803,41100,0,577,100,0,0,586638370,3726939,3276700,18446744073709551616,586641840,724884,586643551,3001035,0,0,0,8798,820,4029,0,12500
1785999751.053953775,0,590261554,0,0,0,0,0,590259259,14125,40200,0,0,795858796,750918679,0,0,0,590263212,14804,41100,0,577,100,0,0,590265970,3727375,3276700,18446744073709551616,590268177,724956,590269397,3001392,0,0,0,8799,820,4029,0,12500
1785999752.102220301,0,593988217,0,0,0,0,0,593986322,14125,40200,0,0,795861940,750918688,0,0,0,593990504,14804,41100,0,577,100,0,0,593991880,3727140,3276700,18446744073709551616,593994471,724923,593998196,3001195,0,0,0,8799,820,4029,0,12500
1785999753.145476308,0,597699181,0,0,0,0,0,597697126,14124,40200,0,0,795865067,750918691,0,0,0,597701231,14803,41100,0,577,100,0,0,597703145,3726905,3276700,18446744073709551616,597704667,724889,597705824,3000992,0,0,0,8798,820,4028,0,12500
1785999754.194044468,0,601430176,0,0,0,0,0,601428190,14124,40200,0,0,795868210,750918691,0,0,0,601432279,14803,41100,0,577,100,0,0,601435595,3726640,3276700,18446744073709551616,601437808,724854,601437918,3000763,0,0,0,8798,820,4028,0,12500
1785999755.242448283,0,605158634,0,0,0,0,0,605156762,14123,40200,0,0,795871352,750918698,0,0,0,605161108,14802,41100,0,577,100,0,0,605162731,3726414,3276700,18446744073709551616,605165191,724822,605167298,3000569,0,0,0,8797,820,4028,0,12500
1785999756.292043315,0,608762308,0,0,0,0,0,608760316,14125,40200,0,0,795874501,750918742,0,0,0,608763970,14804,41100,0,577,100,0,0,608768062,3727052,3276700,18446744073709551616,608768818,724925,608769511,3001105,0,0,0,8799,820,4028,0,12500
1785999757.342995637,0,612427905,0,0,0,0,0,612426187,14126,40200,0,0,795877653,750918760,0,0,0,612430384,14805,41100,0,577,100,0,0,612434051,3727293,3276700,18446744073709551616,612435736,724969,612436747,3001300,0,0,0,8799,820,4028,0,12500
1785999758.391014064,0,616152131,0,0,0,0,0,616150326,14125,40200,0,0,795880792,750918761,0,0,0,616154614,14804,41100,0,577,100,0,0,616156193,3727088,3276700,18446744073709551616,616158241,724938,616160895,3001125,0,0,0,8799,820,4028,0,12500
1785999759.440213807,0,619882291,0,0,0,0,0,619880401,14125,40200,0,0,795883937,750918762,0,0,0,619884649,14804,41100,0,577,100,0,0,619887355,3726884,3276700,18446744073709551616,619890352,724909,619891715,3000950,0,0,0,8798,820,4028,0,12500
1785999760.487341630,0,623591962,0,0,0,0,0,623590089,14124,40200,0,0,795887074,750918763,0,0,0,623594482,14803,41100,0,577,100,0,0,623596691,3726769,3276700,18446744073709551616,623599215,724890,623601165,3000859,0,0,0,8798,820,4028,0,12500
1785999761.541698745,0,627318679,0,0,0,0,0,627316583,14124,40200,0,0,795890237,750918778,0,0,0,627320497,14803,41100,0,577,100,0,0,627321945,3726688,3276700,18446744073709551616,627325049,724878,627327717,3000791,0,0,0,8798,820,4028,0,12500
1785999762.586843944,0,630910104,0,0,0,0,0,630908117,14126,40200,0,0,795893370,750918817,0,0,0,630912346,14805,41100,0,577,100,0,0,630913344,3727327,3276700,18446744073709551616,630917442,724980,630920845,3001322,0,0,0,8799,820,4028,0,12500
1785999763.607884155,0,633211467,0,0,0,0,0,633206324,14126,40200,0,0,795896435,750919951,0,0,0,633206324,14805,41100,0,577,100,0,0,633217334,3727231,3276700,18446744073709551616,633217334,724967,633216989,3001241,0,0,0,8799,820,4028,0,12500
1785999764.633939183,0,633211467,0,0,0,0,0,633206324,14126,40200,0,0,795899509,750923021,0,0,0,633206324,14805,41100,0,577,100,0,0,633217338,3727231,3276700,18446744073709551616,633217338,724967,633216989,3001241,0,0,0,8799,820,4028,0,12500
1785999765.663964942,0,633211467,0,0,0,0,0,633206324,14126,40200,0,0,795902596,750926103,0,0,0,633206324,14805,41100,0,577,100,0,0,633217341,3727231,3276700,18446744073709551616,633217341,724967,633216989,3001241,0,0,0,8799,820,4028,0,12500
1785999766.690781324,0,633211467,0,0,0,0,0,633206324,14126,40200,0,0,795905679,750929159,0,0,0,633206324,14805,41100,0,577,100,0,0,633217343,3727231,3276700,18446744073709551616,633217343,724967,633216989,3001241,0,0,0,8799,820,4028,0,12500
1785999767.718045844,0,633211467,0,0,0,0,0,633206324,14126,40200,0,0,795908758,750932200,0,0,0,633206324,14805,41100,0,577,100,0,0,633217345,3727231,3276700,18446744073709551616,633217345,724967,633216989,3001241,0,0,0,8799,820,4028,0,12500
1785999768.749250753,0,633211467,0,0,0,0,0,633206324,14126,40200,0,0,795911850,750935186,0,0,0,633206324,14805,41100,0,577,100,0,0,633217347,3727231,3276700,18446744073709551616,633217347,724967,633216989,3001241,0,0,0,8799,820,4028,0,12500
1785999769.781746925,0,633211467,0,0,0,0,0,633206324,14126,40200,0,0,795914947,750938277,0,0,0,633206324,14805,41100,0,577,100,0,0,633217349,3727231,3276700,18446744073709551616,633217349,724967,633216989,3001241,0,0,0,8799,820,4028,0,12500
1785999770.813933654,0,633211467,0,0,0,0,0,633206324,14126,40200,0,0,795918044,750941369,0,0,0,633206324,14805,41100,0,577,100,0,0,633217351,3727231,3276700,18446744073709551616,633217351,724967,633216989,3001241,0,0,0,8799,820,4028,0,12500
1785999771.848383285,0,633211467,0,0,0,0,0,633206324,14126,40200,0,0,795921144,750944464,0,0,0,633206324,14805,41100,0,577,100,0,0,633217353,3727231,3276700,18446744073709551616,633217353,724967,633216989,3001241,0,0,0,8799,820,4028,0,12500
1785999772.880857030,0,633211467,0,0,0,0,0,633206324,14126,40200,0,0,795924243,750947556,0,0,0,633206324,14805,41100,0,577,100,0,0,633217355,3727231,3276700,18446744073709551616,633217355,724967,633216989,3001241,0,0,0,8799,820,4028,0,12500
1785999773.913007885,0,633211467,0,0,0,0,0,633206324,14126,40200,0,0,795927338,750950563,0,0,0,633206324,14805,41100,0,577,100,0,0,633217357,3727231,3276700,18446744073709551616,633217357,724967,633216989,3001241,0,0,0,8799,820,4028,0,12500
1785999774.946327805,0,633211467,0,0,0,0,0,633206324,14126,40200,0,0,795930436,750953600,0,0,0,633206324,14805,41100,0,577,100,0,0,633217359,3727231,3276700,18446744073709551616,633217359,724967,633216989,3001241,0,0,0,8799,820,4028,0,12500
1785999775.979054566,0,633211467,0,0,0,0,0,633206324,14126,40200,0,0,795933532,750956691,0,0,0,633206324,14805,41100,0,577,100,0,0,633217361,3727231,3276700,18446744073709551616,633217361,724967,633216989,3001241,0,0,0,8799,820,4028,0,12500
1785999777.011367576,0,633211467,0,0,0,0,0,633206324,14126,40200,0,0,795936629,750959759,0,0,0,633206324,14805,41100,0,577,100,0,0,633217363,3727231,3276700,18446744073709551616,633217363,724967,633216989,3001241,0,0,0,8799,820,4028,0,12500
1785999778.042194860,0,633211467,0,0,0,0,0,633206324,14126,40200,0,0,795939721,750962816,0,0,0,633206324,14805,41100,0,577,100,0,0,633217365,3727231,3276700,18446744073709551616,633217365,724967,633216989,3001241,0,0,0,8799,820,4028,0,12500
1785999779.074742614,0,633211467,0,0,0,0,0,633206324,14126,40200,0,0,795942817,750965903,0,0,0,633206324,14805,41100,0,577,100,0,0,633217367,3727231,3276700,18446744073709551616,633217367,724967,633216989,3001241,0,0,0,8799,820,4028,0,12500
1785999780.107233310,0,633211467,0,0,0,0,0,633206324,14126,40200,0,0,795945914,750968884,0,0,0,633206324,14805,41100,0,577,100,0,0,633217369,3727231,3276700,18446744073709551616,633217369,724967,633216989,3001241,0,0,0,8799,820,4028,0,12500
1785999781.139937862,0,633211467,0,0,0,0,0,633206324,14126,40200,0,0,795949011,750971954,0,0,0,633206324,14805,41100,0,577,100,0,0,633217371,3727231,3276700,18446744073709551616,633217371,724967,633216989,3001241,0,0,0,8799,820,4028,0,12500
1785999782.173062245,0,633211467,0,0,0,0,0,633206324,14126,40200,0,0,795952111,750975047,0,0,0,633206324,14805,41100,0,577,100,0,0,633217373,3727231,3276700,18446744073709551616,633217373,724967,633216989,3001241,0,0,0,8799,820,4028,0,12500
1785999783.206203351,0,633211467,0,0,0,0,0,633206324,14126,40200,0,0,795955211,750978142,0,0,0,633206324,14805,41100,0,577,100,0,0,633217375,3727231,3276700,18446744073709551616,633217375,724967,633216989,3001241,0,0,0,8799,820,4028,0,12500
1785999784.238566412,0,633211467,0,0,0,0,0,633206324,14126,40200,0,0,795958308,750981233,0,0,0,633206324,14805,41100,0,577,100,0,0,633217377,3727231,3276700,18446744073709551616,633217377,724967,633216989,3001241,0,0,0,8799,820,4028,0,12500
1785999785.269988872,0,633211467,0,0,0,0,0,633206324,14126,40200,0,0,795961401,750984292,0,0,0,633206324,14805,41100,0,577,100,0,0,633217379,3727231,3276700,18446744073709551616,633217379,724967,633216989,3001241,0,0,0,8799,820,4028,0,12500
1785999786.299968897,0,633211467,0,0,0,0,0,633206324,14126,40200,0,0,795964488,750987266,0,0,0,633206324,14805,41100,0,577,100,0,0,633217381,3727231,3276700,18446744073709551616,633217381,724967,633216989,3001241,0,0,0,8799,820,4028,0,12500
1785999787.331498709,0,633211467,0,0,0,0,0,633206324,14126,40200,0,0,795967581,750990352,0,0,0,633206324,14805,41100,0,577,100,0,0,633217383,3727231,3276700,18446744073709551616,633217383,724967,633216989,3001241,0,0,0,8799,820,4028,0,12500
1785999788.365072213,0,633211467,0,0,0,0,0,633206324,14126,40200,0,0,795970679,750993423,0,0,0,633206324,14805,41100,0,577,100,0,0,633217385,3727231,3276700,18446744073709551616,633217385,724967,633216989,3001241,0,0,0,8799,820,4028,0,12500
1785999789.398358570,0,633211467,0,0,0,0,0,633206324,14126,40200,0,0,795973778,750996516,0,0,0,633206324,14805,41100,0,577,100,0,0,633217387,3727231,3276700,18446744073709551616,633217387,724967,633216989,3001241,0,0,0,8799,820,4028,0,12500
1785999790.430436260,0,633211467,0,0,0,0,0,633206324,14126,40200,0,0,795976874,750999606,0,0,0,633206324,14805,41100,0,577,100,0,0,633217389,3727231,3276700,18446744073709551616,633217389,724967,633216989,3001241,0,0,0,8799,820,4028,0,12500
1785999791.462898951,0,633211467,0,0,0,0,0,633206324,14126,40200,0,0,795979973,751002636,0,0,0,633206324,14805,41100,0,577,100,0,0,633217391,3727232,3276700,18446744073709551616,633217391,724967,633216989,3001241,0,0,0,8799,820,4028,0,12500
1785999792.490489967,0,633211467,0,0,0,0,0,633206324,14126,40200,0,0,795983054,751005636,0,0,0,633206324,14805,41100,0,577,100,0,0,633217393,3727232,3276700,18446744073709551616,633217393,724967,633216989,3001241,0,0,0,8799,820,4028,0,12500
1785999793.522033377,0,633211467,0,0,0,0,0,633206324,14126,40200,0,0,795986147,751008724,0,0,0,633206324,14805,41100,0,577,100,0,0,633217395,3727232,3276700,18446744073709551616,633217395,724967,633216989,3001241,0,0,0,8799,820,4028,0,12500
1785999794.554181008,0,633211467,0,0,0,0,0,633206324,14126,40200,0,0,795989244,751011815,0,0,0,633206324,14805,41100,0,577,100,0,0,633217397,3727232,3276700,18446744073709551616,633217397,724967,633216989,3001241,0,0,0,8799,820,4028,0,12500
1785999795.575821226,0,633211467,0,0,0,0,0,633206324,14126,40200,0,0,795992315,751014882,0,0,0,633206324,14805,41100,0,577,100,0,0,633217399,3727232,3276700,18446744073709551616,633217399,724967,633216989,3001241,0,0,0,8799,820,4028,0,12500
1785999796.603184508,0,633211467,0,0,0,0,0,633206324,14126,40200,0,0,795995387,751017951,0,0,0,633206324,14805,41100,0,577,100,0,0,633217401,3727232,3276700,18446744073709551616,633217401,724967,633216989,3001241,0,0,0,8799,820,4028,0,12500
1785999797.630141365,0,633211467,0,0,0,0,0,633206324,14126,40200,0,0,795998470,751020927,0,0,0,633206324,14805,41100,0,577,100,0,0,633217403,3727232,3276700,18446744073709551616,633217403,724967,633216989,3001241,0,0,0,8799,820,4028,0,12500
1785999798.659743443,0,633211467,0,0,0,0,0,633206324,14126,40200,0,0,796001560,751023961,0,0,0,633206324,14805,41100,0,577,100,0,0,633217405,3727232,3276700,18446744073709551616,633217405,724967,633216989,3001241,0,0,0,8799,820,4028,0,12500
1785999799.690881345,0,633211467,0,0,0,0,0,633206324,14126,40200,0,0,796004651,751027046,0,0,0,633206324,14805,41100,0,577,100,0,0,633217407,3727232,3276700,18446744073709551616,633217407,724967,633216989,3001241,0,0,0,8799,820,4028,0,12500
1785999800.723281753,0,633211467,0,0,0,0,0,633206324,14126,40200,0,0,796007747,751030133,0,0,0,633206324,14805,41100,0,577,100,0,0,633217409,3727232,3276700,18446744073709551616,633217409,724967,633216989,3001241,0,0,0,8799,820,4028,0,12500
1785999801.755552359,0,633211467,0,0,0,0,0,633206324,14126,40200,0,0,796010843,751033224,0,0,0,633206324,14805,41100,0,577,100,0,0,633217411,3727232,3276700,18446744073709551616,633217411,724967,633216989,3001241,0,0,0,8799,820,4028,0,12500
1785999802.786533590,0,633211467,0,0,0,0,0,633206324,14126,40200,0,0,796013936,751036298,0,0,0,633206324,14805,41100,0,577,100,0,0,633217413,3727232,3276700,18446744073709551616,633217413,724967,633216989,3001241,0,0,0,8799,820,4028,0,12500
1785999803.818446227,0,633211467,0,0,0,0,0,633206324,14126,40200,0,0,796017031,751039269,0,0,0,633206324,14805,41100,0,577,100,0,0,633217415,3727232,3276700,18446744073709551616,633217415,724967,633216989,3001241,0,0,0,8799,820,4028,0,12500
1785999804.852136094,0,633211467,0,0,0,0,0,633206324,14126,40200,0,0,796020131,751042354,0,0,0,633206324,14805,41100,0,577,100,0,0,633217417,3727232,3276700,18446744073709551616,633217417,724967,633216989,3001241,0,0,0,8799,820,4028,0,12500
1785999805.884164689,0,633211467,0,0,0,0,0,633206324,14126,40200,0,0,796023226,751045444,0,0,0,633206324,14805,41100,0,577,100,0,0,633217419,3727232,3276700,18446744073709551616,633217419,724967,633216989,3001241,0,0,0,8799,820,4028,0,12500
1785999806.916631282,0,633211467,0,0,0,0,0,633206324,14126,40200,0,0,796026323,751048536,0,0,0,633206324,14805,41100,0,577,100,0,0,633217421,3727232,3276700,18446744073709551616,633217421,724967,633216989,3001241,0,0,0,8799,820,4028,0,12500
1785999807.947932314,0,633211467,0,0,0,0,0,633206324,14126,40200,0,0,796029417,751051622,0,0,0,633206324,14805,41100,0,577,100,0,0,633217423,3727232,3276700,18446744073709551616,633217423,724967,633216989,3001241,0,0,0,8799,820,4028,0,12500
1785999808.979891676,0,633211467,0,0,0,0,0,633206324,14126,40200,0,0,796032516,751054653,0,0,0,633206324,14805,41100,0,577,100,0,0,633217425,3727232,3276700,18446744073709551616,633217425,724967,633216989,3001241,0,0,0,8799,820,4028,0,12500
1785999810.013741086,0,633211467,0,0,0,0,0,633206324,14126,40200,0,0,796035613,751057646,0,0,0,633206324,14805,41100,0,577,100,0,0,633217427,3727232,3276700,18446744073709551616,633217427,724968,633216989,3001241,0,0,0,8799,820,4028,0,12500
1785999811.046612302,0,633211467,0,0,0,0,0,633206324,14126,40200,0,0,796038712,751060739,0,0,0,633206324,14805,41100,0,577,100,0,0,633217429,3727232,3276700,18446744073709551616,633217429,724968,633216989,3001241,0,0,0,8799,820,4028,0,12500
1785999812.079279117,0,633211467,0,0,0,0,0,633206324,14126,40200,0,0,796041809,751063831,0,0,0,633206324,14805,41100,0,577,100,0,0,633217431,3727232,3276700,18446744073709551616,633217431,724968,633216989,3001241,0,0,0,8799,820,4028,0,12500
1785999813.112385042,0,633211467,0,0,0,0,0,633206324,14126,40200,0,0,796044908,751066923,0,0,0,633206324,14805,41100,0,577,100,0,0,633217433,3727232,3276700,18446744073709551616,633217433,724968,633216989,3001241,0,0,0,8799,820,4028,0,12500
1785999814.144774844,0,633211467,0,0,0,0,0,633206324,14126,40200,0,0,796048004,751070013,0,0,0,633206324,14805,41100,0,577,100,0,0,633217435,3727232,3276700,18446744073709551616,633217435,724968,633216989,3001241,0,0,0,8799,820,4028,0,12500
1785999815.176761621,0,633211467,0,0,0,0,0,633206324,14126,40200,0,0,796051103,751073023,0,0,0,633206324,14805,41100,0,577,100,0,0,633217437,3727232,3276700,18446744073709551616,633217437,724968,633216989,3001241,0,0,0,8799,820,4028,0,12500
1785999816.208236165,0,633211467,0,0,0,0,0,633206324,14126,40200,0,0,796054191,751076055,0,0,0,633206324,14805,41100,0,577,100,0,0,633217439,3727232,3276700,18446744073709551616,633217439,724968,633216989,3001241,0,0,0,8799,820,4028,0,12500
1785999817.240812256,0,633211467,0,0,0,0,0,633206324,14126,40200,0,0,796057289,751079146,0,0,0,633206324,14805,41100,0,577,100,0,0,633217441,3727232,3276700,18446744073709551616,633217441,724968,633216989,3001241,0,0,0,8799,820,4028,0,12500
1785999818.273572257,0,633211467,0,0,0,0,0,633206324,14126,40200,0,0,796060387,751082236,0,0,0,633206324,14805,41100,0,577,100,0,0,633217443,3727232,3276700,18446744073709551616,633217443,724968,633216989,3001241,0,0,0,8799,820,4028,0,12500
1785999819.304942592,0,633211467,0,0,0,0,0,633206324,14126,40200,0,0,796063481,751085303,0,0,0,633206324,14805,41100,0,577,100,0,0,633217445,3727232,3276700,18446744073709551616,633217445,724968,633216989,3001241,0,0,0,8799,820,4028,0,12500
1785999820.335390814,0,633211467,0,0,0,0,0,633206324,14126,40200,0,0,796066573,751088385,0,0,0,633206324,14805,41100,0,577,100,0,0,633217447,3727232,3276700,18446744073709551616,633217447,724968,633216989,3001241,0,0,0,8799,820,4028,0,12500
1785999821.368883177,0,633211467,0,0,0,0,0,633206324,14126,40200,0,0,796069675,751091347,0,0,0,633206324,14805,41100,0,577,100,0,0,633217449,3727232,3276700,18446744073709551616,633217449,724968,633216989,3001241,0,0,0,8799,820,4028,0,12500
1785999822.399547745,0,633211467,0,0,0,0,0,633206324,14126,40200,0,0,796072766,751094413,0,0,0,633206324,14805,41100,0,577,100,0,0,633217451,3727232,3276700,18446744073709551616,633217451,724968,633216989,3001241,0,0,0,8799,820,4028,0,12500
1785999823.433366428,0,633211467,0,0,0,0,0,633206324,14126,40200,0,0,796075867,751097508,0,0,0,633206324,14805,41100,0,577,100,0,0,633217453,3727232,3276700,18446744073709551616,633217453,724968,633216989,3001241,0,0,0,8799,820,4028,0,12500
1785999824.467728097,0,633211467,0,0,0,0,0,633206324,14126,40200,0,0,796078968,751100604,0,0,0,633206324,14805,41100,0,577,100,0,0,633217455,3727232,3276700,18446744073709551616,633217455,724968,633216989,3001241,0,0,0,8799,820,4028,0,12500
1785999825.500777279,0,633211467,0,0,0,0,0,633206324,14126,40200,0,0,796082068,751103698,0,0,0,633206324,14805,41100,0,577,100,0,0,633217457,3727232,3276700,18446744073709551616,633217457,724968,633216989,3001241,0,0,0,8799,820,4028,0,12500
1785999826.529076237,0,633211467,0,0,0,0,0,633206324,14126,40200,0,0,796085159,751106756,0,0,0,633206324,14805,41100,0,577,100,0,0,633217459,3727232,3276700,18446744073709551616,633217459,724968,633216989,3001241,0,0,0,8799,820,4028,0,12500
1785999827.557880126,0,633211467,0,0,0,0,0,633206324,14126,40200,0,0,796088235,751109722,0,0,0,633206324,14805,41100,0,577,100,0,0,633217461,3727232,3276700,18446744073709551616,633217461,724968,633216989,3001241,0,0,0,8799,820,4028,0,12500
1785999828.591053334,0,633211467,0,0,0,0,0,633206324,14126,40200,0,0,796091334,751112811,0,0,0,633206324,14805,41100,0,577,100,0,0,633217463,3727232,3276700,18446744073709551616,633217463,724968,633216989,3001241,0,0,0,8799,820,4028,0,12500
1785999829.620261796,0,633211467,0,0,0,0,0,633206324,14126,40200,0,0,796094422,751115875,0,0,0,633206324,14805,41100,0,577,100,0,0,633217465,3727232,3276700,18446744073709551616,633217465,724968,633216989,3001241,0,0,0,8799,820,4028,0,12500
1785999830.652518805,0,633211467,0,0,0,0,0,633206324,14126,40200,0,0,796097517,751118965,0,0,0,633206324,14805,41100,0,577,100,0,0,633217467,3727232,3276700,18446744073709551616,633217467,724968,633216989,3001241,0,0,0,8799,820,4028,0,12500
1785999831.682580286,0,633211467,0,0,0,0,0,633206324,14126,40200,0,0,796100608,751122051,0,0,0,633206324,14805,41100,0,577,100,0,0,633217469,3727232,3276700,18446744073709551616,633217469,724968,633216989,3001241,0,0,0,8799,820,4028,0,12500
1785999832.711997087,0,633211467,0,0,0,0,0,633206324,14126,40200,0,0,796103693,751125070,0,0,0,633206324,14805,41100,0,577,100,0,0,633217471,3727232,3276700,18446744073709551616,633217471,724968,633216989,3001241,0,0,0,8799,820,4028,0,12500
1785999833.745414125,0,633211467,0,0,0,0,0,633206324,14126,40200,0,0,796106792,751128088,0,0,0,633206324,14805,41100,0,577,100,0,0,633217473,3727232,3276700,18446744073709551616,633217473,724968,633216989,3001241,0,0,0,8799,820,4028,0,12500
1785999834.777731973,0,633211467,0,0,0,0,0,633206324,14126,40200,0,0,796109889,751131180,0,0,0,633206324,14805,41100,0,577,100,0,0,633217475,3727232,3276700,18446744073709551616,633217475,724968,633216989,3001241,0,0,0,8799,820,4028,0,12500
1785999835.810539717,0,633211467,0,0,0,0,0,633206324,14126,40200,0,0,796112987,751134272,0,0,0,633206324,14805,41100,0,577,100,0,0,633217477,3727232,3276700,18446744073709551616,633217477,724968,633216989,3001241,0,0,0,8799,820,4028,0,12500
1785999836.843085589,0,633211467,0,0,0,0,0,633206324,14126,40200,0,0,796116083,751137362,0,0,0,633206324,14805,41100,0,577,100,0,0,633217479,3727232,3276700,18446744073709551616,633217479,724968,633216989,3001241,0,0,0,8799,820,4028,0,12500
1785999837.875257080,0,633211467,0,0,0,0,0,633206324,14126,40200,0,0,796119187,751140458,0,0,0,633206324,14805,41100,0,577,100,0,0,633217481,3727232,3276700,18446744073709551616,633217481,724968,633216989,3001241,0,0,0,8799,820,4028,0,12500
1785999838.907538125,0,633211467,0,0,0,0,0,633206324,14126,40200,0,0,796122277,751143425,0,0,0,633206324,14805,41100,0,577,100,0,0,633217483,3727232,3276700,18446744073709551616,633217483,724968,633216989,3001241,0,0,0,8799,820,4028,0,12500
1785999839.940034215,0,633211467,0,0,0,0,0,633206324,14126,40200,0,0,796125373,751146447,0,0,0,633206324,14805,41100,0,577,100,0,0,633217485,3727232,3276700,18446744073709551616,633217485,724968,633216989,3001241,0,0,0,8799,820,4028,0,12500
1785999840.967859683,0,633211467,0,0,0,0,0,633206324,14126,40200,0,0,796128455,751149524,0,0,0,633206324,14805,41100,0,577,100,0,0,633217487,3727232,3276700,18446744073709551616,633217487,724968,633216989,3001241,0,0,0,8799,820,4028,0,12500
1785999842.001178869,0,633211467,0,0,0,0,0,633206324,14126,40200,0,0,796131554,751152618,0,0,0,633206324,14805,41100,0,577,100,0,0,633217489,3727232,3276700,18446744073709551616,633217489,724968,633216989,3001241,0,0,0,8799,820,4028,0,12500
1785999843.034154240,0,633211467,0,0,0,0,0,633206324,14126,40200,0,0,796134655,751155712,0,0,0,633206324,14805,41100,0,577,100,0,0,633217491,3727232,3276700,18446744073709551616,633217491,724968,633216989,3001241,0,0,0,8799,820,4028,0,12500
1785999844.066868600,0,633211467,0,0,0,0,0,633206324,14126,40200,0,0,796137751,751158802,0,0,0,633206324,14805,41100,0,577,100,0,0,633217493,3727232,3276700,18446744073709551616,633217493,724968,633216989,3001241,0,0,0,8799,820,4028,0,12500
1785999845.098565702,0,633211467,0,0,0,0,0,633206324,14126,40200,0,0,796140847,751161767,0,0,0,633206324,14805,41100,0,577,100,0,0,633217495,3727232,3276700,18446744073709551616,633217495,724968,633216989,3001241,0,0,0,8799,820,4028,0,12500
1785999846.131490601,0,633211467,0,0,0,0,0,633206324,14126,40200,0,0,796143943,751164849,0,0,0,633206324,14805,41100,0,577,100,0,0,633217497,3727232,3276700,18446744073709551616,633217497,724968,633216989,3001241,0,0,0,8799,820,4028,0,12500
1785999847.164185922,0,633211467,0,0,0,0,0,633206324,14126,40200,0,0,796147041,751167941,0,0,0,633206324,14805,41100,0,577,100,0,0,633217499,3727232,3276700,18446744073709551616,633217499,724968,633216989,3001241,0,0,0,8799,820,4028,0,12500
1785999848.196004449,0,633211467,0,0,0,0,0,633206324,14126,40200,0,0,796150135,751171031,0,0,0,633206324,14805,41100,0,577,100,0,0,633217501,3727232,3276700,18446744073709551616,633217501,724968,633216989,3001241,0,0,0,8799,820,4028,0,12500
1785999849.228445633,0,633211467,0,0,0,0,0,633206324,14126,40200,0,0,796153233,751174117,0,0,0,633206324,14805,41100,0,577,100,0,0,633217503,3727232,3276700,18446744073709551616,633217503,724968,633216989,3001241,0,0,0,8799,820,4028,0,12500
1785999850.256544669,0,633211467,0,0,0,0,0,633206324,14126,40200,0,0,796156316,751177150,0,0,0,633206324,14805,41100,0,577,100,0,0,633217505,3727232,3276700,18446744073709551616,633217505,724968,633216989,3001241,0,0,0,8799,820,4028,0,12500
1785999851.289457451,0,633211467,0,0,0,0,0,633206324,14126,40200,0,0,796159412,751180133,0,0,0,633206324,14805,41100,0,577,100,0,0,633217507,3727232,3276700,18446744073709551616,633217507,724968,633216989,3001241,0,0,0,8799,820,4028,0,12500
1785999852.322071715,0,633211467,0,0,0,0,0,633206324,14126,40200,0,0,796162508,751183224,0,0,0,633206324,14805,41100,0,577,100,0,0,633217509,3727232,3276700,18446744073709551616,633217509,724968,633216989,3001241,0,0,0,8799,820,4028,0,12500
1785999853.354772204,0,633211467,0,0,0,0,0,633206324,14126,40200,0,0,796165606,751186316,0,0,0,633206324,14805,41100,0,577,100,0,0,633217511,3727232,3276700,18446744073709551616,633217511,724968,633216989,3001241,0,0,0,8799,820,4028,0,12500
1785999854.388025203,0,633211467,0,0,0,0,0,633206324,14126,40200,0,0,796168704,751189409,0,0,0,633206324,14805,41100,0,577,100,0,0,633217513,3727232,3276700,18446744073709551616,633217513,724968,633216989,3001241,0,0,0,8799,820,4028,0,12500
1785999855.421239902,0,633211467,0,0,0,0,0,633206324,14126,40200,0,0,796171805,751192503,0,0,0,633206324,14805,41100,0,577,100,0,0,633217515,3727232,3276700,18446744073709551616,633217515,724968,633216989,3001241,0,0,0,8799,820,4028,0,12500
1785999856.452629011,0,633211467,0,0,0,0,0,633206324,14126,40200,0,0,796174900,751195518,0,0,0,633206324,14805,41100,0,577,100,0,0,633217517,3727232,3276700,18446744073709551616,633217517,724968,633216989,3001241,0,0,0,8799,820,4028,0,12500
1785999857.481330285,0,633211467,0,0,0,0,0,633206324,14126,40200,0,0,796177983,751198532,0,0,0,633206324,14805,41100,0,577,100,0,0,633217519,3727232,3276700,18446744073709551616,633217519,724968,633216989,3001241,0,0,0,8799,820,4028,0,12500
1785999858.515772187,0,633211467,0,0,0,0,0,633206324,14126,40200,0,0,796181086,751201630,0,0,0,633206324,14805,41100,0,577,100,0,0,633217521,3727232,3276700,18446744073709551616,633217521,724968,633216989,3001241,0,0,0,8799,820,4028,0,12500
1785999859.545269197,0,633211467,0,0,0,0,0,633206324,14126,40200,0,0,796184180,751204714,0,0,0,633206324,14805,41100,0,577,100,0,0,633217523,3727232,3276700,18446744073709551616,633217523,724968,633216989,3001241,0,0,0,8799,820,4028,0,12500
1785999860.571490861,0,633211467,0,0,0,0,0,633206324,14126,40200,0,0,796187254,751207765,0,0,0,633206324,14805,41100,0,577,100,0,0,633217525,3727232,3276700,18446744073709551616,633217525,724968,633216989,3001241,0,0,0,8799,820,4028,0,12500
1785999861.604974386,0,633211467,0,0,0,0,0,633206324,14126,40200,0,0,796190353,751210859,0,0,0,633206324,14805,41100,0,577,100,0,0,633217527,3727232,3276700,18446744073709551616,633217527,724968,633216989,3001241,0,0,0,8799,820,4028,0,12500
1785999862.638013124,0,633211467,0,0,0,0,0,633206324,14126,40200,0,0,796193452,751213834,0,0,0,633206324,14805,41100,0,577,100,0,0,633217529,3727232,3276700,18446744073709551616,633217529,724968,633216989,3001241,0,0,0,8799,820,4028,0,12500
1785999863.673522611,0,633211467,0,0,0,0,0,633206324,14126,40200,0,0,796196559,751216913,0,0,0,633206324,14805,41100,0,577,100,0,0,633217531,3727232,3276700,18446744073709551616,633217531,724968,633216989,3001241,0,0,0,8799,820,4028,0,12500
1785999864.704963823,0,633211467,0,0,0,0,0,633206324,14126,40200,0,0,796199651,751220001,0,0,0,633206324,14805,41100,0,577,100,0,0,633217533,3727232,3276700,18446744073709551616,633217533,724968,633216989,3001241,0,0,0,8799,820,4028,0,12500
1785999865.737364094,0,633211467,0,0,0,0,0,633206324,14126,40200,0,0,796202749,751223092,0,0,0,633206324,14805,41100,0,577,100,0,0,633217535,3727232,3276700,18446744073709551616,633217535,724968,633216989,3001241,0,0,0,8799,820,4028,0,12500
1785999866.770084568,0,633211467,0,0,0,0,0,633206324,14126,40200,0,0,796205845,751226184,0,0,0,633206324,14805,41100,0,577,100,0,0,633217537,3727232,3276700,18446744073709551616,633217537,724968,633216989,3001241,0,0,0,8799,820,4028,0,12500
1785999867.802579804,0,633211467,0,0,0,0,0,633206324,14126,40200,0,0,796208941,751229267,0,0,0,633206324,14805,41100,0,577,100,0,0,633217539,3727232,3276700,18446744073709551616,633217539,724968,633216989,3001241,0,0,0,8799,820,4028,0,12500
1785999868.835723433,0,633211467,0,0,0,0,0,633206324,14126,40200,0,0,796212040,751232229,0,0,0,633206324,14805,41100,0,577,100,0,0,633217541,3727232,3276700,18446744073709551616,633217541,724968,633216989,3001241,0,0,0,8799,820,4028,0,12500
1785999869.868241053,0,633211467,0,0,0,0,0,633206324,14126,40200,0,0,796215137,751235315,0,0,0,633206324,14805,41100,0,577,100,0,0,633217543,3727232,3276700,18446744073709551616,633217543,724968,633216989,3001241,0,0,0,8799,820,4028,0,12500
1785999870.901086787,0,633211467,0,0,0,0,0,633206324,14126,40200,0,0,796218235,751238390,0,0,0,633206324,14805,41100,0,577,100,0,0,633217545,3727232,3276700,18446744073709551616,633217545,724968,633216989,3001241,0,0,0,8799,820,4028,0,12500
1785999871.933523738,0,633211467,0,0,0,0,0,633206324,14126,40200,0,0,796221333,751241482,0,0,0,633206324,14805,41100,0,577,100,0,0,633217547,3727232,3276700,18446744073709551616,633217547,724968,633216989,3001241,0,0,0,8799,820,4028,0,12500
1785999872.966217554,0,633211467,0,0,0,0,0,633206324,14126,40200,0,0,796224430,751244572,0,0,0,633206324,14805,41100,0,577,100,0,0,633217549,3727232,3276700,18446744073709551616,633217549,724968,633216989,3001241,0,0,0,8799,820,4028,0,12500
1785999873.998267115,0,633211467,0,0,0,0,0,633206324,14126,40200,0,0,796227527,751247625,0,0,0,633206324,14805,41100,0,577,100,0,0,633217551,3727232,3276700,18446744073709551616,633217551,724968,633216989,3001241,0,0,0,8799,820,4028,0,12500
1785999875.033019503,0,633211467,0,0,0,0,0,633206324,14126,40200,0,0,796230629,751250626,0,0,0,633206324,14805,41100,0,577,100,0,0,633217553,3727232,3276700,18446744073709551616,633217553,724968,633216989,3001241,0,0,0,8799,820,4028,0,12500
1785999876.065974791,0,633211467,0,0,0,0,0,633206324,14126,40200,0,0,796233725,751253717,0,0,0,633206324,14805,41100,0,577,100,0,0,633217555,3727232,3276700,18446744073709551616,633217555,724968,633216989,3001241,0,0,0,8799,820,4028,0,12500
1785999877.101352683,0,633211467,0,0,0,0,0,633206324,14126,40200,0,0,796236832,751256818,0,0,0,633206324,14805,41100,0,577,100,0,0,633217557,3727232,3276700,18446744073709551616,633217557,724968,633216989,3001241,0,0,0,8799,820,4028,0,12500
1785999878.133577719,0,633211467,0,0,0,0,0,633206324,14126,40200,0,0,796239929,751259909,0,0,0,633206324,14805,41100,0,577,100,0,0,633217559,3727232,3276700,18446744073709551616,633217559,724968,633216989,3001241,0,0,0,8799,820,4028,0,12500
1785999879.166415464,0,633211467,0,0,0,0,0,633206324,14126,40200,0,0,796243027,751263001,0,0,0,633206324,14805,41100,0,577,100,0,0,633217561,3727232,3276700,18446744073709551616,633217561,724968,633216989,3001241,0,0,0,8799,820,4028,0,12500
1785999880.199324029,0,633211467,0,0,0,0,0,633206324,14126,40200,0,0,796246123,751265997,0,0,0,633206324,14805,41100,0,577,100,0,0,633217563,3727232,3276700,18446744073709551616,633217563,724968,633216989,3001241,0,0,0,8799,820,4028,0,12500
1785999881.233227984,0,633211467,0,0,0,0,0,633206324,14126,40200,0,0,796249225,751269031,0,0,0,633206324,14805,41100,0,577,100,0,0,633217565,3727232,3276700,18446744073709551616,633217565,724968,633216989,3001241,0,0,0,8799,820,4028,0,12500
1785999882.268614442,0,633211467,0,0,0,0,0,633206324,14126,40200,0,0,796252333,751272131,0,0,0,633206324,14805,41100,0,577,100,0,0,633217567,3727232,3276700,18446744073709551616,633217567,724968,633216989,3001241,0,0,0,8799,820,4028,0,12500
1785999883.302840034,0,633211467,0,0,0,0,0,633206324,14126,40200,0,0,796255433,751275226,0,0,0,633206324,14805,41100,0,577,100,0,0,633217569,3727232,3276700,18446744073709551616,633217569,724968,633216989,3001241,0,0,0,8799,820,4028,0,12500
1785999884.336414550,0,633211467,0,0,0,0,0,633206324,14126,40200,0,0,796258532,751278321,0,0,0,633206324,14805,41100,0,577,100,0,0,633217571,3727232,3276700,18446744073709551616,633217571,724968,633216989,3001241,0,0,0,8799,820,4028,0,12500
1785999885.365598666,0,633211467,0,0,0,0,0,633206324,14126,40200,0,0,796261623,751281401,0,0,0,633206324,14805,41100,0,577,100,0,0,633217573,3727232,3276700,18446744073709551616,633217573,724968,633216989,3001241,0,0,0,8799,820,4028,0,12500
1785999886.397951179,0,633211467,0,0,0,0,0,633206324,14126,40200,0,0,796264720,751284377,0,0,0,633206324,14805,41100,0,577,100,0,0,633217575,3727232,3276700,18446744073709551616,633217575,724968,633216989,3001241,0,0,0,8799,820,4028,0,12500
1785999887.431266027,0,633211467,0,0,0,0,0,633206324,14126,40200,0,0,796267822,751287456,0,0,0,633206324,14805,41100,0,577,100,0,0,633217577,3727232,3276700,18446744073709551616,633217577,724968,633216989,3001241,0,0,0,8799,820,4028,0,12500
1785999888.467215320,0,633211467,0,0,0,0,0,633206324,14126,40200,0,0,796270930,751290557,0,0,0,633206324,14805,41100,0,577,100,0,0,633217579,3727232,3276700,18446744073709551616,633217579,724968,633216989,3001241,0,0,0,8799,820,4028,0,12500
1785999889.500037168,0,633211467,0,0,0,0,0,633206324,14126,40200,0,0,796274027,751293649,0,0,0,633206324,14805,41100,0,577,100,0,0,633217581,3727232,3276700,18446744073709551616,633217581,724968,633216989,3001241,0,0,0,8799,820,4028,0,12500
1785999890.532622012,0,633211467,0,0,0,0,0,633206324,14126,40200,0,0,796277125,751296728,0,0,0,633206324,14805,41100,0,577,100,0,0,633217583,3727232,3276700,18446744073709551616,633217583,724968,633216989,3001241,0,0,0,8799,820,4028,0,12500
1785999891.561043386,0,633211467,0,0,0,0,0,633206324,14126,40200,0,0,796280215,751299774,0,0,0,633206324,14805,41100,0,577,100,0,0,633217585,3727232,3276700,18446744073709551616,633217585,724968,633216989,3001241,0,0,0,8799,820,4028,0,12500
1785999892.589079845,0,633211467,0,0,0,0,0,633206324,14126,40200,0,0,796283294,751302737,0,0,0,633206324,14805,41100,0,577,100,0,0,633217587,3727232,3276700,18446744073709551616,633217587,724968,633216989,3001241,0,0,0,8799,820,4028,0,12500
1785999893.626529563,0,633211467,0,0,0,0,0,633206324,14126,40200,0,0,796286407,751305843,0,0,0,633206324,14805,41100,0,577,100,0,0,633217589,3727232,3276700,18446744073709551616,633217589,724968,633216989,3001241,0,0,0,8799,820,4028,0,12500
1785999894.658148018,0,633211467,0,0,0,0,0,633206324,14126,40200,0,0,796289504,751308935,0,0,0,633206324,14805,41100,0,577,100,0,0,633217591,3727232,3276700,18446744073709551616,633217591,724968,633216989,3001241,0,0,0,8799,820,4028,0,12500
1785999895.688952073,0,633211467,0,0,0,0,0,633206324,14126,40200,0,0,796292591,751312018,0,0,0,633206324,14805,41100,0,577,100,0,0,633217593,3727232,3276700,18446744073709551616,633217593,724968,633216989,3001241,0,0,0,8799,820,4028,0,12500
1785999896.721434057,0,633211467,0,0,0,0,0,633206324,14126,40200,0,0,796295689,751315109,0,0,0,633206324,14805,41100,0,577,100,0,0,633217595,3727232,3276700,18446744073709551616,633217595,724968,633216989,3001241,0,0,0,8799,820,4028,0,12500
1785999897.750787004,0,633211467,0,0,0,0,0,633206324,14126,40200,0,0,796298781,751318122,0,0,0,633206324,14805,41100,0,577,100,0,0,633217597,3727232,3276700,18446744073709551616,633217597,724968,633216989,3001241,0,0,0,8799,820,4028,0,12500
1785999898.782981386,0,633211467,0,0,0,0,0,633206324,14126,40200,0,0,796301873,751321146,0,0,0,633206324,14805,41100,0,577,100,0,0,633217599,3727232,3276700,18446744073709551616,633217599,724968,633216989,3001241,0,0,0,8799,820,4028,0,12500
1785999899.815717683,0,633211467,0,0,0,0,0,633206324,14126,40200,0,0,796304971,751324238,0,0,0,633206324,14805,41100,0,577,100,0,0,633217601,3727232,3276700,18446744073709551616,633217601,724968,633216989,3001241,0,0,0,8799,820,4028,0,12500
1785999900.849751618,0,633211467,0,0,0,0,0,633206324,14126,40200,0,0,796308071,751327319,0,0,0,633206324,14805,41100,0,577,100,0,0,633217603,3727232,3276700,18446744073709551616,633217603,724968,633216989,3001241,0,0,0,8799,820,4028,0,12500
1785999901.882517188,0,633211467,0,0,0,0,0,633206324,14126,40200,0,0,796311168,751330369,0,0,0,633206324,14805,41100,0,577,100,0,0,633217605,3727232,3276700,18446744073709551616,633217605,724968,633216989,3001241,0,0,0,8799,820,4028,0,12500
1785999902.915897705,0,633211467,0,0,0,0,0,633206324,14126,40200,0,0,796314271,751333465,0,0,0,633206324,14805,41100,0,577,100,0,0,633217607,3727232,3276700,18446744073709551616,633217607,724968,633216989,3001241,0,0,0,8799,820,4028,0,12500
1785999903.942707479,0,633211467,0,0,0,0,0,633206324,14126,40200,0,0,796317352,751336426,0,0,0,633206324,14805,41100,0,577,100,0,0,633217609,3727232,3276700,18446744073709551616,633217609,724968,633216989,3001241,0,0,0,8799,820,4028,0,12500
1785999904.975702216,0,633211467,0,0,0,0,0,633206324,14126,40200,0,0,796320446,751339493,0,0,0,633206324,14805,41100,0,577,100,0,0,633217611,3727232,3276700,18446744073709551616,633217611,724968,633216989,3001241,0,0,0,8799,820,4028,0,12500
1785999906.008395092,0,633211467,0,0,0,0,0,633206324,14126,40200,0,0,796323543,751342585,0,0,0,633206324,14805,41100,0,577,100,0,0,633217613,3727232,3276700,18446744073709551616,633217613,724968,633216989,3001241,0,0,0,8799,820,4028,0,12500
1785999907.042268229,0,633211467,0,0,0,0,0,633206324,14126,40200,0,0,796326641,751345678,0,0,0,633206324,14805,41100,0,577,100,0,0,633217615,3727232,3276700,18446744073709551616,633217615,724968,633216989,3001241,0,0,0,8799,820,4028,0,12500
1785999908.073482506,0,633211467,0,0,0,0,0,633206324,14126,40200,0,0,796329736,751348767,0,0,0,633206324,14805,41100,0,577,100,0,0,633217617,3727232,3276700,18446744073709551616,633217617,724968,633216989,3001241,0,0,0,8799,820,4028,0,12500
1785999909.107394763,0,633211467,0,0,0,0,0,633206324,14126,40200,0,0,796332838,751351842,0,0,0,633206324,14805,41100,0,577,100,0,0,633217619,3727232,3276700,18446744073709551616,633217619,724968,633216989,3001241,0,0,0,8799,820,4028,0,12500
1785999910.140617757,0,633211467,0,0,0,0,0,633206324,14126,40200,0,0,796335935,751354819,0,0,0,633206324,14805,41100,0,577,100,0,0,633217621,3727232,3276700,18446744073709551616,633217621,724968,633216989,3001241,0,0,0,8799,820,4028,0,12500
1785999911.173042021,0,633211467,0,0,0,0,0,633206324,14126,40200,0,0,796339031,751357909,0,0,0,633206324,14805,41100,0,577,100,0,0,633217623,3727232,3276700,18446744073709551616,633217623,724968,633216989,3001241,0,0,0,8799,820,4028,0,12500
1785999912.206554275,0,633211467,0,0,0,0,0,633206324,14126,40200,0,0,796342134,751360982,0,0,0,633206324,14805,41100,0,577,100,0,0,633217625,3727232,3276700,18446744073709551616,633217625,724968,633216989,3001241,0,0,0,8799,820,4028,0,12500
1785999913.239861381,0,633211467,0,0,0,0,0,633206324,14126,40200,0,0,796345231,751364074,0,0,0,633206324,14805,41100,0,577,100,0,0,633217627,3727232,3276700,18446744073709551616,633217627,724968,633216989,3001241,0,0,0,8799,820,4028,0,12500
1785999914.271998966,0,633211467,0,0,0,0,0,633206324,14126,40200,0,0,796348328,751367165,0,0,0,633206324,14805,41100,0,577,100,0,0,633217629,3727232,3276700,18446744073709551616,633217629,724968,633216989,3001241,0,0,0,8799,820,4028,0,12500
1785999915.304011657,0,633211467,0,0,0,0,0,633206324,14126,40200,0,0,796351423,751370195,0,0,0,633206324,14805,41100,0,577,100,0,0,633217631,3727232,3276700,18446744073709551616,633217631,724968,633216989,3001241,0,0,0,8799,820,4028,0,12500
1785999916.337265940,0,633211467,0,0,0,0,0,633206324,14126,40200,0,0,796354522,751373211,0,0,0,633206324,14805,41100,0,577,100,0,0,633217633,3727232,3276700,18446744073709551616,633217633,724968,633216989,3001241,0,0,0,8799,820,4028,0,12500
1785999917.370186424,0,633211467,0,0,0,0,0,633206324,14126,40200,0,0,796357621,751376303,0,0,0,633206324,14805,41100,0,577,100,0,0,633217635,3727232,3276700,18446744073709551616,633217635,724968,633216989,3001241,0,0,0,8799,820,4028,0,12500
1785999918.403471863,0,633211467,0,0,0,0,0,633206324,14126,40200,0,0,796360720,751379397,0,0,0,633206324,14805,41100,0,577,100,0,0,633217637,3727232,3276700,18446744073709551616,633217637,724968,633216989,3001241,0,0,0,8799,820,4028,0,12500
1785999919.436604413,0,633211467,0,0,0,0,0,633206324,14126,40200,0,0,796363817,751382489,0,0,0,633206324,14805,41100,0,577,100,0,0,633217639,3727232,3276700,18446744073709551616,633217639,724968,633216989,3001241,0,0,0,8799,820,4028,0,12500
1785999920.468554646,0,633211467,0,0,0,0,0,633206324,14126,40200,0,0,796366914,751385580,0,0,0,633206324,14805,41100,0,577,100,0,0,633217641,3727232,3276700,18446744073709551616,633217641,724968,633216989,3001241,0,0,0,8799,820,4028,0,12500
1785999921.494358150,0,633211467,0,0,0,0,0,633206324,14126,40200,0,0,796369998,751388549,0,0,0,633206324,14805,41100,0,577,100,0,0,633217643,3727232,3276700,18446744073709551616,633217643,724968,633216989,3001241,0,0,0,8799,820,4028,0,12500
1785999922.523552633,0,633211467,0,0,0,0,0,633206324,14126,40200,0,0,796373077,751391574,0,0,0,633206324,14805,41100,0,577,100,0,0,633217645,3727232,3276700,18446744073709551616,633217645,724968,633216989,3001241,0,0,0,8799,820,4028,0,12500
1785999923.556535303,0,633211467,0,0,0,0,0,633206324,14126,40200,0,0,796376176,751394667,0,0,0,633206324,14805,41100,0,577,100,0,0,633217647,3727232,3276700,18446744073709551616,633217647,724968,633216989,3001241,0,0,0,8799,820,4028,0,12500
1785999924.590030422,0,633211467,0,0,0,0,0,633206324,14126,40200,0,0,796379275,751397760,0,0,0,633206324,14805,41100,0,577,100,0,0,633217649,3727232,3276700,18446744073709551616,633217649,724968,633216989,3001241,0,0,0,8799,820,4028,0,12500
1785999925.622391226,0,633211467,0,0,0,0,0,633206324,14126,40200,0,0,796382371,751400851,0,0,0,633206324,14805,41100,0,577,100,0,0,633217651,3727232,3276700,18446744073709551616,633217651,724968,633216989,3001241,0,0,0,8799,820,4028,0,12500
1785999926.655055294,0,633211467,0,0,0,0,0,633206324,14126,40200,0,0,796385468,751403938,0,0,0,633206324,14805,41100,0,577,100,0,0,633217653,3727232,3276700,18446744073709551616,633217653,724968,633216989,3001241,0,0,0,8799,820,4028,0,12500
1785999927.687541461,0,633211467,0,0,0,0,0,633206324,14126,40200,0,0,796388567,751406902,0,0,0,633206324,14805,41100,0,577,100,0,0,633217655,3727232,3276700,18446744073709551616,633217655,724968,633216989,3001241,0,0,0,8799,820,4028,0,12500
1785999928.715927655,0,633211467,0,0,0,0,0,633206324,14126,40200,0,0,796391656,751409974,0,0,0,633206324,14805,41100,0,577,100,0,0,633217657,3727232,3276700,18446744073709551616,633217657,724968,633216989,3001241,0,0,0,8799,820,4028,0,12500
1785999929.747832460,0,633211467,0,0,0,0,0,633206324,14126,40200,0,0,796394748,751413061,0,0,0,633206324,14805,41100,0,577,100,0,0,633217659,3727232,3276700,18446744073709551616,633217659,724968,633216989,3001241,0,0,0,8799,820,4028,0,12500
1785999930.778750573,0,633211467,0,0,0,0,0,633206324,14126,40200,0,0,796397841,751416149,0,0,0,633206324,14805,41100,0,577,100,0,0,633217661,3727232,3276700,18446744073709551616,633217661,724968,633216989,3001241,0,0,0,8799,820,4028,0,12500
1785999931.810210470,0,633211467,0,0,0,0,0,633206324,14126,40200,0,0,796400934,751419237,0,0,0,633206324,14805,41100,0,577,100,0,0,633217663,3727232,3276700,18446744073709551616,633217663,724968,633216989,3001241,0,0,0,8799,820,4028,0,12500
1785999932.838858944,0,633211467,0,0,0,0,0,633206324,14126,40200,0,0,796404019,751422262,0,0,0,633206324,14805,41100,0,577,100,0,0,633217665,3727232,3276700,18446744073709551616,633217665,724968,633216989,3001241,0,0,0,8799,820,4028,0,12500
1785999933.872200367,0,633211467,0,0,0,0,0,633206324,14126,40200,0,0,796407118,751425248,0,0,0,633206324,14805,41100,0,577,100,0,0,633217667,3727232,3276700,18446744073709551616,633217667,724968,633216989,3001241,0,0,0,8799,820,4028,0,12500
1785999934.904949222,0,633211467,0,0,0,0,0,633206324,14126,40200,0,0,796410217,751428341,0,0,0,633206324,14805,41100,0,577,100,0,0,633217669,3727232,3276700,18446744073709551616,633217669,724968,633216989,3001241,0,0,0,8799,820,4028,0,12500
1785999935.936595043,0,633211467,0,0,0,0,0,633206324,14126,40200,0,0,796413312,751431429,0,0,0,633206324,14805,41100,0,577,100,0,0,633217671,3727232,3276700,18446744073709551616,633217671,724968,633216989,3001241,0,0,0,8799,820,4028,0,12500
1785999936.967974155,0,633211467,0,0,0,0,0,633206324,14126,40200,0,0,796416406,751434518,0,0,0,633206324,14805,41100,0,577,100,0,0,633217673,3727232,3276700,18446744073709551616,633217673,724968,633216989,3001241,0,0,0,8799,820,4028,0,12500
1785999937.995159655,0,633211467,0,0,0,0,0,633206324,14126,40200,0,0,796419491,751437598,0,0,0,633206324,14805,41100,0,577,100,0,0,633217675,3727232,3276700,18446744073709551616,633217675,724968,633216989,3001241,0,0,0,8799,820,4028,0,12500
1785999939.025162987,0,633211467,0,0,0,0,0,633206324,14126,40200,0,0,796422576,751440603,0,0,0,633206324,14805,41100,0,577,100,0,0,633217677,3727232,3276700,18446744073709551616,633217677,724968,633216989,3001241,0,0,0,8799,820,4028,0,12500
1785999940.058197080,0,633211467,0,0,0,0,0,633206324,14126,40200,0,0,796425676,751443633,0,0,0,633206324,14805,41100,0,577,100,0,0,633217679,3727232,3276700,18446744073709551616,633217679,724968,633216989,3001241,0,0,0,8799,820,4028,0,12500
1785999941.091753774,0,633211467,0,0,0,0,0,633206324,14126,40200,0,0,796428775,751446727,0,0,0,633206324,14805,41100,0,577,100,0,0,633217681,3727232,3276700,18446744073709551616,633217681,724968,633216989,3001241,0,0,0,8799,820,4028,0,12500
1785999942.122924226,0,633211467,0,0,0,0,0,633206324,14126,40200,0,0,796431869,751449813,0,0,0,633206324,14805,41100,0,577,100,0,0,633217683,3727232,3276700,18446744073709551616,633217683,724968,633216989,3001241,0,0,0,8799,820,4028,0,12500
1785999943.155035536,0,633211467,0,0,0,0,0,633206324,14126,40200,0,0,796434964,751452880,0,0,0,633206324,14805,41100,0,577,100,0,0,633217685,3727232,3276700,18446744073709551616,633217685,724968,633216989,3001241,0,0,0,8799,820,4028,0,12500
1785999944.188420041,0,633211467,0,0,0,0,0,633206324,14126,40200,0,0,796438063,751455972,0,0,0,633206324,14805,41100,0,577,100,0,0,633217687,3727232,3276700,18446744073709551616,633217687,724968,633216989,3001241,0,0,0,8799,820,4028,0,12500
1785999945.221964167,0,633211467,0,0,0,0,0,633206324,14126,40200,0,0,796441161,751458949,0,0,0,633206324,14805,41100,0,577,100,0,0,633217689,3727232,3276700,18446744073709551616,633217689,724968,633216989,3001241,0,0,0,8799,820,4028,0,12500
1785999946.254256612,0,633211467,0,0,0,0,0,633206324,14126,40200,0,0,796444258,751462021,0,0,0,633206324,14805,41100,0,577,100,0,0,633217691,3727232,3276700,18446744073709551616,633217691,724968,633216989,3001241,0,0,0,8799,820,4028,0,12500
1785999947.286500065,0,633211467,0,0,0,0,0,633206324,14126,40200,0,0,796447354,751465112,0,0,0,633206324,14805,41100,0,577,100,0,0,633217693,3727232,3276700,18446744073709551616,633217693,724968,633216989,3001241,0,0,0,8799,820,4028,0,12500
1785999948.320368557,0,633211467,0,0,0,0,0,633206324,14126,40200,0,0,796450456,751468206,0,0,0,633206324,14805,41100,0,577,100,0,0,633217695,3727232,3276700,18446744073709551616,633217695,724968,633216989,3001241,0,0,0,8799,820,4028,0,12500
1785999949.350448005,0,633211467,0,0,0,0,0,633206324,14126,40200,0,0,796453549,751471294,0,0,0,633206324,14805,41100,0,577,100,0,0,633217697,3727232,3276700,18446744073709551616,633217697,724968,633216989,3001241,0,0,0,8799,820,4028,0,12500
1785999950.377176082,0,633211467,0,0,0,0,0,633206324,14126,40200,0,0,796456623,751474343,0,0,0,633206324,14805,41100,0,577,100,0,0,633217699,3727232,3276700,18446744073709551616,633217699,724968,633216989,3001241,0,0,0,8799,820,4028,0,12500
1785999951.409255412,0,633211467,0,0,0,0,0,633206324,14126,40200,0,0,796459719,751477314,0,0,0,633206324,14805,41100,0,577,100,0,0,633217701,3727232,3276700,18446744073709551616,633217701,724968,633216989,3001241,0,0,0,8799,820,4028,0,12500
1785999952.440596612,0,633211467,0,0,0,0,0,633206324,14126,40200,0,0,796462813,751480399,0,0,0,633206324,14805,41100,0,577,100,0,0,633217703,3727232,3276700,18446744073709551616,633217703,724968,633216989,3001241,0,0,0,8799,820,4028,0,12500
1785999953.471112958,0,633211467,0,0,0,0,0,633206324,14126,40200,0,0,796465907,751483465,0,0,0,633206324,14805,41100,0,577,100,0,0,633217705,3727232,3276700,18446744073709551616,633217705,724968,633216989,3001241,0,0,0,8799,820,4028,0,12500
1785999954.503525739,0,633211467,0,0,0,0,0,633206324,14126,40200,0,0,796469001,751486554,0,0,0,633206324,14805,41100,0,577,100,0,0,633217707,3727232,3276700,18446744073709551616,633217707,724968,633216989,3001241,0,0,0,8799,820,4028,0,12500
1785999955.535066609,0,633211467,0,0,0,0,0,633206324,14126,40200,0,0,796472096,751489643,0,0,0,633206324,14805,41100,0,577,100,0,0,633217709,3727232,3276700,18446744073709551616,633217709,724968,633216989,3001241,0,0,0,8799,820,4028,0,12500
1785999956.567384243,0,633211467,0,0,0,0,0,633206324,14126,40200,0,0,796475190,751492685,0,0,0,633206324,14805,41100,0,577,100,0,0,633217711,3727232,3276700,18446744073709551616,633217711,724968,633216989,3001241,0,0,0,8799,820,4028,0,12500
1785999957.601602275,0,633211467,0,0,0,0,0,633206324,14126,40200,0,0,796478290,751495687,0,0,0,633206324,14805,41100,0,577,100,0,0,633217713,3727232,3276700,18446744073709551616,633217713,724968,633216989,3001241,0,0,0,8799,820,4028,0,12500
1785999958.635048370,0,633211467,0,0,0,0,0,633206324,14126,40200,0,0,796481388,751498779,0,0,0,633206324,14805,41100,0,577,100,0,0,633217715,3727232,3276700,18446744073709551616,633217715,724968,633216989,3001241,0,0,0,8799,820,4028,0,12500
1785999959.667377839,0,633211467,0,0,0,0,0,633206324,14126,40200,0,0,796484487,751501873,0,0,0,633206324,14805,41100,0,577,100,0,0,633217717,3727232,3276700,18446744073709551616,633217717,724968,633216989,3001241,0,0,0,8799,820,4028,0,12500
1785999960.700858485,0,633211467,0,0,0,0,0,633206324,14126,40200,0,0,796487585,751504966,0,0,0,633206324,14805,41100,0,577,100,0,0,633217719,3727232,3276700,18446744073709551616,633217719,724968,633216989,3001241,0,0,0,8799,820,4028,0,12500
1785999961.734035948,0,633211467,0,0,0,0,0,633206324,14126,40200,0,0,796490687,751508060,0,0,0,633206324,14805,41100,0,577,100,0,0,633217721,3727232,3276700,18446744073709551616,633217721,724968,633216989,3001241,0,0,0,8799,820,4028,0,12500
1785999962.764061232,0,633211467,0,0,0,0,0,633206324,14126,40200,0,0,796493777,751511044,0,0,0,633206324,14805,41100,0,577,100,0,0,633217723,3727232,3276700,18446744073709551616,633217723,724968,633216989,3001241,0,0,0,8799,820,4028,0,12500
1785999963.792481426,0,633211467,0,0,0,0,0,633206324,14126,40200,0,0,796496866,751514045,0,0,0,633206324,14805,41100,0,577,100,0,0,633217725,3727232,3276700,18446744073709551616,633217725,724968,633216989,3001241,0,0,0,8799,820,4028,0,12500
1785999964.823277909,0,633211467,0,0,0,0,0,633206324,14126,40200,0,0,796499960,751517134,0,0,0,633206324,14805,41100,0,577,100,0,0,633217727,3727232,3276700,18446744073709551616,633217727,724968,633216989,3001241,0,0,0,8799,820,4028,0,12500
1785999965.851310409,0,633211467,0,0,0,0,0,633206324,14126,40200,0,0,796503046,751520215,0,0,0,633206324,14805,41100,0,577,100,0,0,633217729,3727232,3276700,18446744073709551616,633217729,724968,633216989,3001241,0,0,0,8799,820,4028,0,12500
1785999966.878236847,0,633211467,0,0,0,0,0,633206324,14126,40200,0,0,796506120,751523285,0,0,0,633206324,14805,41100,0,577,100,0,0,633217731,3727232,3276700,18446744073709551616,633217731,724968,633216989,3001241,0,0,0,8799,820,4028,0,12500
1785999967.910264875,0,633211467,0,0,0,0,0,633206324,14126,40200,0,0,796509215,751526375,0,0,0,633206324,14805,41100,0,577,100,0,0,633217733,3727232,3276700,18446744073709551616,633217733,724968,633216989,3001241,0,0,0,8799,820,4028,0,12500
1785999968.942460766,0,633211467,0,0,0,0,0,633206324,14126,40200,0,0,796512311,751529351,0,0,0,633206324,14805,41100,0,577,100,0,0,633217735,3727232,3276700,18446744073709551616,633217735,724968,633216989,3001241,0,0,0,8799,820,4028,0,12500
1785999969.973599814,0,633211467,0,0,0,0,0,633206324,14126,40200,0,0,796515407,751532418,0,0,0,633206324,14805,41100,0,577,100,0,0,633217737,3727232,3276700,18446744073709551616,633217737,724968,633216989,3001241,0,0,0,8799,820,4028,0,12500
1785999971.003970938,0,633211467,0,0,0,0,0,633206324,14126,40200,0,0,796518494,751535499,0,0,0,633206324,14805,41100,0,577,100,0,0,633217739,3727232,3276700,18446744073709551616,633217739,724968,633216989,3001241,0,0,0,8799,820,4028,0,12500
1785999972.036601994,0,633211467,0,0,0,0,0,633206324,14126,40200,0,0,796521592,751538591,0,0,0,633206324,14805,41100,0,577,100,0,0,633217741,3727232,3276700,18446744073709551616,633217741,724968,633216989,3001241,0,0,0,8799,820,4028,0,12500
1785999973.067404514,0,633211467,0,0,0,0,0,633206324,14126,40200,0,0,796524685,751541676,0,0,0,633206324,14805,41100,0,577,100,0,0,633217743,3727232,3276700,18446744073709551616,633217743,724968,633216989,3001241,0,0,0,8799,820,4028,0,12500
1785999974.095784271,0,633211467,0,0,0,0,0,633206324,14126,40200,0,0,796527771,751544727,0,0,0,633206324,14805,41100,0,577,100,0,0,633217745,3727232,3276700,18446744073709551616,633217745,724968,633216989,3001241,0,0,0,8799,820,4028,0,12500
1785999975.124339460,0,633211467,0,0,0,0,0,633206324,14126,40200,0,0,796530849,751547675,0,0,0,633206324,14805,41100,0,577,100,0,0,633217747,3727232,3276700,18446744073709551616,633217747,724968,633216989,3001241,0,0,0,8799,820,4028,0,12500
1785999976.157332684,0,633211467,0,0,0,0,0,633206324,14126,40200,0,0,796533949,751550769,0,0,0,633206324,14805,41100,0,577,100,0,0,633217749,3727232,3276700,18446744073709551616,633217749,724968,633216989,3001241,0,0,0,8799,820,4028,0,12500
1785999977.189758198,0,633211467,0,0,0,0,0,633206324,14126,40200,0,0,796537045,751553860,0,0,0,633206324,14805,41100,0,577,100,0,0,633217751,3727232,3276700,18446744073709551616,633217751,724968,633216989,3001241,0,0,0,8799,820,4028,0,12500
1785999978.222842398,0,633211467,0,0,0,0,0,633206324,14126,40200,0,0,796540143,751556952,0,0,0,633206324,14805,41100,0,577,100,0,0,633217753,3727232,3276700,18446744073709551616,633217753,724968,633216989,3001241,0,0,0,8799,820,4028,0,12500
1785999979.256589134,0,633211467,0,0,0,0,0,633206324,14126,40200,0,0,796543246,751560048,0,0,0,633206324,14805,41100,0,577,100,0,0,633217755,3727232,3276700,18446744073709551616,633217755,724968,633216989,3001241,0,0,0,8799,820,4028,0,12500
1785999980.287862298,0,633211467,0,0,0,0,0,633206324,14126,40200,0,0,796546336,751563082,0,0,0,633206324,14805,41100,0,577,100,0,0,633217757,3727232,3276700,18446744073709551616,633217757,724968,633216989,3001241,0,0,0,8799,820,4028,0,12500
1785999981.320256349,0,633211467,0,0,0,0,0,633206324,14126,40200,0,0,796549431,751566087,0,0,0,633206324,14805,41100,0,577,100,0,0,633217759,3727232,3276700,18446744073709551616,633217759,724968,633216989,3001241,0,0,0,8799,820,4028,0,12500
1785999982.351988980,0,633211467,0,0,0,0,0,633206324,14126,40200,0,0,796552527,751569177,0,0,0,633206324,14805,41100,0,577,100,0,0,633217761,3727232,3276700,18446744073709551616,633217761,724969,633216989,3001241,0,0,0,8799,820,4028,0,12500
1785999983.384468196,0,633211467,0,0,0,0,0,633206324,14126,40200,0,0,796555622,751572263,0,0,0,633206324,14805,41100,0,577,100,0,0,633217763,3727232,3276700,18446744073709551616,633217763,724969,633216989,3001241,0,0,0,8799,820,4028,0,12500
1785999984.416448289,0,633211467,0,0,0,0,0,633206324,14126,40200,0,0,796558718,751575335,0,0,0,633206324,14805,41100,0,577,100,0,0,633217765,3727232,3276700,18446744073709551616,633217765,724969,633216989,3001241,0,0,0,8799,820,4028,0,12500
1785999985.449370917,0,633211467,0,0,0,0,0,633206324,14126,40200,0,0,796561814,751578426,0,0,0,633206324,14805,41100,0,577,100,0,0,633217767,3727232,3276700,18446744073709551616,633217767,724969,633216989,3001241,0,0,0,8799,820,4028,0,12500
1785999986.478938582,0,633211467,0,0,0,0,0,633206324,14126,40200,0,0,796564901,751581412,0,0,0,633206324,14805,41100,0,577,100,0,0,633217769,3727232,3276700,18446744073709551616,633217769,724969,633216989,3001241,0,0,0,8799,820,4028,0,12500
1785999987.510426222,0,633211467,0,0,0,0,0,633206324,14126,40200,0,0,796567994,751584459,0,0,0,633206324,14805,41100,0,577,100,0,0,633217771,3727232,3276700,18446744073709551616,633217771,724969,633216989,3001241,0,0,0,8799,820,4028,0,12500
1785999988.544176488,0,633211467,0,0,0,0,0,633206324,14126,40200,0,0,796571094,751587554,0,0,0,633206324,14805,41100,0,577,100,0,0,633217773,3727232,3276700,18446744073709551616,633217773,724969,633216989,3001241,0,0,0,8799,820,4028,0,12500
1785999989.574839271,0,633211467,0,0,0,0,0,633206324,14126,40200,0,0,796574188,751590641,0,0,0,633206324,14805,41100,0,577,100,0,0,633217775,3727232,3276700,18446744073709551616,633217775,724969,633216989,3001241,0,0,0,8799,820,4028,0,12500
1785999990.608052496,0,633211467,0,0,0,0,0,633206324,14126,40200,0,0,796577286,751593734,0,0,0,633206324,14805,41100,0,577,100,0,0,633217777,3727232,3276700,18446744073709551616,633217777,724969,633216989,3001241,0,0,0,8799,820,4028,0,12500
1785999991.640470944,0,633211467,0,0,0,0,0,633206324,14126,40200,0,0,796580383,751596825,0,0,0,633206324,14805,41100,0,577,100,0,0,633217779,3727232,3276700,18446744073709551616,633217779,724969,633216989,3001241,0,0,0,8799,820,4028,0,12500
1785999992.671611312,0,633211467,0,0,0,0,0,633206324,14126,40200,0,0,796583477,751599776,0,0,0,633206324,14805,41100,0,577,100,0,0,633217781,3727232,3276700,18446744073709551616,633217781,724969,633216989,3001241,0,0,0,8799,820,4028,0,12500
1785999993.702137582,0,633211467,0,0,0,0,0,633206324,14126,40200,0,0,796586570,751602860,0,0,0,633206324,14805,41100,0,577,100,0,0,633217783,3727233,3276700,18446744073709551616,633217783,724969,633216989,3001241,0,0,0,8799,820,4028,0,12500
1785999994.728452159,0,633211467,0,0,0,0,0,633206324,14126,40200,0,0,796589647,751605911,0,0,0,633206324,14805,41100,0,577,100,0,0,633217785,3727233,3276700,18446744073709551616,633217785,724969,633216989,3001241,0,0,0,8799,820,4028,0,12500
1785999995.761336683,0,633211467,0,0,0,0,0,633206324,14126,40200,0,0,796592742,751609002,0,0,0,633206324,14805,41100,0,577,100,0,0,633217787,3727233,3276700,18446744073709551616,633217787,724969,633216989,3001241,0,0,0,8799,820,4028,0,12500
1785999996.793450493,0,633211467,0,0,0,0,0,633206324,14126,40200,0,0,796595838,751612093,0,0,0,633206324,14805,41100,0,577,100,0,0,633217789,3727233,3276700,18446744073709551616,633217789,724969,633216989,3001241,0,0,0,8799,820,4028,0,12500
1785999997.825421444,0,633211467,0,0,0,0,0,633206324,14126,40200,0,0,796598934,751615160,0,0,0,633206324,14805,41100,0,577,100,0,0,633217791,3727233,3276700,18446744073709551616,633217791,724969,633216989,3001241,0,0,0,8799,820,4028,0,12500
1785999998.858637824,0,633211467,0,0,0,0,0,633206324,14126,40200,0,0,796602032,751618134,0,0,0,633206324,14805,41100,0,577,100,0,0,633217793,3727233,3276700,18446744073709551616,633217793,724969,633216989,3001241,0,0,0,8799,820,4028,0,12500
1785999999.889029273,0,633211467,0,0,0,0,0,633206324,14126,40200,0,0,796605128,751621224,0,0,0,633206324,14805,41100,0,577,100,0,0,633217795,3727233,3276700,18446744073709551616,633217795,724969,633216989,3001241,0,0,0,8799,820,4028,0,12500
1786000000.917923327,0,633211467,0,0,0,0,0,633206324,14126,40200,0,0,796608210,751624300,0,0,0,633206324,14805,41100,0,577,100,0,0,633217797,3727233,3276700,18446744073709551616,633217797,724969,633216989,3001241,0,0,0,8799,820,4028,0,12500
1786000001.951178729,0,633211467,0,0,0,0,0,633206324,14126,40200,0,0,796611310,751627394,0,0,0,633206324,14805,41100,0,577,100,0,0,633217799,3727233,3276700,18446744073709551616,633217799,724969,633216989,3001241,0,0,0,8799,820,4028,0,12500
1786000002.983283221,0,633211467,0,0,0,0,0,633206324,14126,40200,0,0,796614405,751630485,0,0,0,633206324,14805,41100,0,577,100,0,0,633217801,3727233,3276700,18446744073709551616,633217801,724969,633216989,3001241,0,0,0,8799,820,4028,0,12500
1786000004.014523956,0,633211467,0,0,0,0,0,633206324,14126,40200,0,0,796617497,751633500,0,0,0,633206324,14805,41100,0,577,100,0,0,633217803,3727233,3276700,18446744073709551616,633217803,724969,633216989,3001241,0,0,0,8799,820,4028,0,12500
1786000005.048094391,0,633211467,0,0,0,0,0,633206324,14126,40200,0,0,796620594,751636509,0,0,0,633206324,14805,41100,0,577,100,0,0,633217805,3727233,3276700,18446744073709551616,633217805,724969,633216989,3001241,0,0,0,8799,820,4028,0,12500
1786000006.081084094,0,633211467,0,0,0,0,0,633206324,14126,40200,0,0,796623694,751639602,0,0,0,633206324,14805,41100,0,577,100,0,0,633217807,3727233,3276700,18446744073709551616,633217807,724969,633216989,3001241,0,0,0,8799,820,4028,0,12500
1786000007.114135033,0,633211467,0,0,0,0,0,633206324,14126,40200,0,0,796626794,751642696,0,0,0,633206324,14805,41100,0,577,100,0,0,633217809,3727233,3276700,18446744073709551616,633217809,724969,633216989,3001241,0,0,0,8799,820,4028,0,12500
1786000008.145446263,0,633211467,0,0,0,0,0,633206324,14126,40200,0,0,796629887,751645784,0,0,0,633206324,14805,41100,0,577,100,0,0,633217811,3727233,3276700,18446744073709551616,633217811,724969,633216989,3001241,0,0,0,8799,820,4028,0,12500
1786000009.177110873,0,633211467,0,0,0,0,0,633206324,14126,40200,0,0,796632982,751648873,0,0,0,633206324,14805,41100,0,577,100,0,0,633217813,3727233,3276700,18446744073709551616,633217813,724969,633216989,3001241,0,0,0,8799,820,4028,0,12500
1786000010.209169516,0,633211467,0,0,0,0,0,633206324,14126,40200,0,0,796636076,751651848,0,0,0,633206324,14805,41100,0,577,100,0,0,633217815,3727233,3276700,18446744073709551616,633217815,724969,633216989,3001241,0,0,0,8799,820,4028,0,12500
1786000011.241983789,0,633211467,0,0,0,0,0,633206324,14126,40200,0,0,796639172,751654930,0,0,0,633206324,14805,41100,0,577,100,0,0,633217817,3727233,3276700,18446744073709551616,633217817,724969,633216989,3001241,0,0,0,8799,820,4028,0,12500
1786000012.274755828,0,633211467,0,0,0,0,0,633206324,14126,40200,0,0,796642269,751658022,0,0,0,633206324,14805,41100,0,577,100,0,0,633217819,3727233,3276700,18446744073709551616,633217819,724969,633216989,3001241,0,0,0,8799,820,4028,0,12500
1786000013.306525564,0,633211467,0,0,0,0,0,633206324,14126,40200,0,0,796645365,751661112,0,0,0,633206324,14805,41100,0,577,100,0,0,633217821,3727233,3276700,18446744073709551616,633217821,724969,633216989,3001241,0,0,0,8799,820,4028,0,12500
1786000014.341377326,0,633211467,0,0,0,0,0,633206324,14126,40200,0,0,796648466,751664203,0,0,0,633206324,14805,41100,0,577,100,0,0,633217823,3727233,3276700,18446744073709551616,633217823,724969,633216989,3001241,0,0,0,8799,820,4028,0,12500
1786000015.378140056,0,633211467,0,0,0,0,0,633206324,14126,40200,0,0,796651584,751667283,0,0,0,633206324,14805,41100,0,577,100,0,0,633217825,3727233,3276700,18446744073709551616,633217825,724969,633216989,3001241,0,0,0,8799,820,4028,0,12500
1786000016.409266407,0,633211467,0,0,0,0,0,633206324,14126,40200,0,0,796654675,751670253,0,0,0,633206324,14805,41100,0,577,100,0,0,633217827,3727233,3276700,18446744073709551616,633217827,724969,633216989,3001241,0,0,0,8799,820,4028,0,12500
1786000017.442959461,0,633211467,0,0,0,0,0,633206324,14126,40200,0,0,796657776,751673347,0,0,0,633206324,14805,41100,0,577,100,0,0,633217830,3727233,3276700,18446744073709551616,633217830,724969,633216989,3001241,0,0,0,8799,820,4028,0,12500
1786000018.473984262,0,633211467,0,0,0,0,0,633206324,14126,40200,0,0,796660873,751676438,0,0,0,633206324,14805,41100,0,577,100,0,0,633217834,3727233,3276700,18446744073709551616,633217834,724969,633216989,3001241,0,0,0,8799,820,4028,0,12500
1786000019.499896328,0,633211467,0,0,0,0,0,633206324,14126,40200,0,0,796663944,751679504,0,0,0,633206324,14805,41100,0,577,100,0,0,633217838,3727233,3276700,18446744073709551616,633217838,724969,633216989,3001241,0,0,0,8799,820,4028,0,12500
1786000020.533017193,0,633211467,0,0,0,0,0,633206324,14126,40200,0,0,796667044,751682598,0,0,0,633206324,14805,41100,0,577,100,0,0,633217841,3727233,3276700,18446744073709551616,633217841,724969,633216989,3001241,0,0,0,8799,820,4028,0,12500
1786000021.564998280,0,633211467,0,0,0,0,0,633206324,14126,40200,0,0,796670138,751685628,0,0,0,633206324,14805,41100,0,577,100,0,0,633217843,3727233,3276700,18446744073709551616,633217843,724969,633216989,3001241,0,0,0,8799,820,4028,0,12500
1786000022.590250820,0,633211467,0,0,0,0,0,633206324,14126,40200,0,0,796673213,751688616,0,0,0,633206324,14805,41100,0,577,100,0,0,633217845,3727233,3276700,18446744073709551616,633217845,724969,633216989,3001241,0,0,0,8799,820,4028,0,12500
1786000023.622879096,0,633211467,0,0,0,0,0,633206324,14126,40200,0,0,796676312,751691708,0,0,0,633206324,14805,41100,0,577,100,0,0,633217847,3727233,3276700,18446744073709551616,633217847,724969,633216989,3001241,0,0,0,8799,820,4028,0,12500
1786000024.654787434,0,633211467,0,0,0,0,0,633206324,14126,40200,0,0,796679410,751694795,0,0,0,633206324,14805,41100,0,577,100,0,0,633217849,3727233,3276700,18446744073709551616,633217849,724969,633216989,3001241,0,0,0,8799,820,4028,0,12500
1786000025.686141652,0,633211467,0,0,0,0,0,633206324,14126,40200,0,0,796682498,751697831,0,0,0,633206324,14805,41100,0,577,100,0,0,633217851,3727233,3276700,18446744073709551616,633217851,724969,633216989,3001241,0,0,0,8799,820,4028,0,12500
1786000026.719275604,0,633211467,0,0,0,0,0,633206324,14126,40200,0,0,796685598,751700924,0,0,0,633206324,14805,41100,0,577,100,0,0,633217853,3727233,3276700,18446744073709551616,633217853,724969,633216989,3001241,0,0,0,8799,820,4028,0,12500
1786000027.750602037,0,633211467,0,0,0,0,0,633206324,14126,40200,0,0,796688690,751703909,0,0,0,633206324,14805,41100,0,577,100,0,0,633217855,3727233,3276700,18446744073709551616,633217855,724969,633216989,3001241,0,0,0,8799,820,4028,0,12500
1786000028.780062715,0,633211467,0,0,0,0,0,633206324,14126,40200,0,0,796691776,751706955,0,0,0,633206324,14805,41100,0,577,100,0,0,633217857,3727233,3276700,18446744073709551616,633217857,724969,633216989,3001241,0,0,0,8799,820,4028,0,12500
1786000029.813045971,0,633211467,0,0,0,0,0,633206324,14126,40200,0,0,796694873,751710047,0,0,0,633206324,14805,41100,0,577,100,0,0,633217859,3727233,3276700,18446744073709551616,633217859,724969,633216989,3001241,0,0,0,8799,820,4028,0,12500
1786000030.845976975,0,633211467,0,0,0,0,0,633206324,14126,40200,0,0,796697971,751713140,0,0,0,633206324,14805,41100,0,577,100,0,0,633217861,3727233,3276700,18446744073709551616,633217861,724969,633216989,3001241,0,0,0,8799,820,4028,0,12500
1786000031.878559921,0,633211467,0,0,0,0,0,633206324,14126,40200,0,0,796701069,751716232,0,0,0,633206324,14805,41100,0,577,100,0,0,633217863,3727233,3276700,18446744073709551616,633217863,724969,633216989,3001241,0,0,0,8799,820,4028,0,12500
1786000032.910166369,0,633211467,0,0,0,0,0,633206324,14126,40200,0,0,796704164,751719318,0,0,0,633206324,14805,41100,0,577,100,0,0,633217865,3727233,3276700,18446744073709551616,633217865,724969,633216989,3001241,0,0,0,8799,820,4028,0,12500
1786000033.942262144,0,633211467,0,0,0,0,0,633206324,14126,40200,0,0,796707257,751722275,0,0,0,633206324,14805,41100,0,577,100,0,0,633217867,3727233,3276700,18446744073709551616,633217867,724969,633216989,3001241,0,0,0,8799,820,4028,0,12500
1786000034.973987111,0,633211467,0,0,0,0,0,633206324,14126,40200,0,0,796710355,751725368,0,0,0,633206324,14805,41100,0,577,100,0,0,633217869,3727233,3276700,18446744073709551616,633217869,724969,633216989,3001241,0,0,0,8799,820,4028,0,12500
1786000036.005633452,0,633211467,0,0,0,0,0,633206324,14126,40200,0,0,796713445,751728429,0,0,0,633206324,14805,41100,0,577,100,0,0,633217871,3727233,3276700,18446744073709551616,633217871,724969,633216989,3001241,0,0,0,8799,820,4028,0,12500
1786000037.038804772,0,633211467,0,0,0,0,0,633206324,14126,40200,0,0,796716543,751731522,0,0,0,633206324,14805,41100,0,577,100,0,0,633217873,3727233,3276700,18446744073709551616,633217873,724969,633216989,3001241,0,0,0,8799,820,4028,0,12500
1786000038.071984496,0,633211467,0,0,0,0,0,633206324,14126,40200,0,0,796719642,751734615,0,0,0,633206324,14805,41100,0,577,100,0,0,633217875,3727233,3276700,18446744073709551616,633217875,724969,633216989,3001241,0,0,0,8799,820,4028,0,12500
1786000039.099937894,0,633211467,0,0,0,0,0,633206324,14126,40200,0,0,796722729,751737656,0,0,0,633206324,14805,41100,0,577,100,0,0,633217877,3727233,3276700,18446744073709551616,633217877,724969,633216989,3001241,0,0,0,8799,820,4028,0,12500
1786000040.132896358,0,633211467,0,0,0,0,0,633206324,14126,40200,0,0,796725825,751740649,0,0,0,633206324,14805,41100,0,577,100,0,0,633217880,3727233,3276700,18446744073709551616,633217880,724969,633216989,3001241,0,0,0,8799,820,4028,0,12500
1786000041.165922801,0,633211467,0,0,0,0,0,633206324,14126,40200,0,0,796728924,751743741,0,0,0,633206324,14805,41100,0,577,100,0,0,633217884,3727233,3276700,18446744073709551616,633217884,724969,633216989,3001241,0,0,0,8799,820,4028,0,12500
1786000042.198561003,0,633211467,0,0,0,0,0,633206324,14126,40200,0,0,796732020,751746832,0,0,0,633206324,14805,41100,0,577,100,0,0,633217888,3727233,3276700,18446744073709551616,633217888,724969,633216989,3001241,0,0,0,8799,820,4028,0,12500
1786000043.231035670,0,633211467,0,0,0,0,0,633206324,14126,40200,0,0,796735118,751749924,0,0,0,633206324,14805,41100,0,577,100,0,0,633217891,3727233,3276700,18446744073709551616,633217891,724969,633216989,3001241,0,0,0,8799,820,4028,0,12500
1786000044.262895526,0,633211467,0,0,0,0,0,633206324,14126,40200,0,0,796738212,751753013,0,0,0,633206324,14805,41100,0,577,100,0,0,633217893,3727233,3276700,18446744073709551616,633217893,724969,633216989,3001241,0,0,0,8799,820,4028,0,12500
1786000045.291605722,0,633211467,0,0,0,0,0,633206324,14126,40200,0,0,796741301,751756011,0,0,0,633206324,14805,41100,0,577,100,0,0,633217895,3727233,3276700,18446744073709551616,633217895,724969,633216989,3001241,0,0,0,8799,820,4028,0,12500
1786000046.322263813,0,633211467,0,0,0,0,0,633206324,14126,40200,0,0,796744387,751759023,0,0,0,633206324,14805,41100,0,577,100,0,0,633217897,3727233,3276700,18446744073709551616,633217897,724969,633216989,3001241,0,0,0,8799,820,4028,0,12500
1786000047.354303209,0,633211467,0,0,0,0,0,633206324,14126,40200,0,0,796747481,751762112,0,0,0,633206324,14805,41100,0,577,100,0,0,633217899,3727233,3276700,18446744073709551616,633217899,724969,633216989,3001241,0,0,0,8799,820,4028,0,12500
1786000048.386950800,0,633211467,0,0,0,0,0,633206324,14126,40200,0,0,796750579,751765204,0,0,0,633206324,14805,41100,0,577,100,0,0,633217901,3727233,3276700,18446744073709551616,633217901,724969,633216989,3001241,0,0,0,8799,820,4028,0,12500
1786000049.419649003,0,633211467,0,0,0,0,0,633206324,14126,40200,0,0,796753678,751768296,0,0,0,633206324,14805,41100,0,577,100,0,0,633217903,3727233,3276700,18446744073709551616,633217903,724969,633216989,3001241,0,0,0,8799,820,4028,0,12500
1786000050.452355232,0,633211467,0,0,0,0,0,633206324,14126,40200,0,0,796756776,751771388,0,0,0,633206324,14805,41100,0,577,100,0,0,633217905,3727233,3276700,18446744073709551616,633217905,724969,633216989,3001241,0,0,0,8799,820,4028,0,12500
1786000051.483137721,0,633211467,0,0,0,0,0,633206324,14126,40200,0,0,796759869,751774347,0,0,0,633206324,14805,41100,0,577,100,0,0,633217907,3727233,3276700,18446744073709551616,633217907,724969,633216989,3001241,0,0,0,8799,820,4028,0,12500
1786000052.514997710,0,633211467,0,0,0,0,0,633206324,14126,40200,0,0,796762961,751777432,0,0,0,633206324,14805,41100,0,577,100,0,0,633217909,3727233,3276700,18446744073709551616,633217909,724969,633216989,3001241,0,0,0,8799,820,4028,0,12500
1786000053.547830289,0,633211467,0,0,0,0,0,633206324,14126,40200,0,0,796766059,751780525,0,0,0,633206324,14805,41100,0,577,100,0,0,633217911,3727233,3276700,18446744073709551616,633217911,724969,633216989,3001241,0,0,0,8799,820,4028,0,12500
1786000054.580273273,0,633211467,0,0,0,0,0,633206324,14126,40200,0,0,796769156,751783616,0,0,0,633206324,14805,41100,0,577,100,0,0,633217913,3727233,3276700,18446744073709551616,633217913,724969,633216989,3001241,0,0,0,8799,820,4028,0,12500
1786000055.612625892,0,633211467,0,0,0,0,0,633206324,14126,40200,0,0,796772251,751786707,0,0,0,633206324,14805,41100,0,577,100,0,0,633217915,3727233,3276700,18446744073709551616,633217915,724969,633216989,3001241,0,0,0,8799,820,4028,0,12500
1786000056.643796968,0,633211467,0,0,0,0,0,633206324,14126,40200,0,0,796775342,751789755,0,0,0,633206324,14805,41100,0,577,100,0,0,633217917,3727233,3276700,18446744073709551616,633217917,724969,633216989,3001241,0,0,0,8799,820,4028,0,12500
1786000057.677374788,0,633211467,0,0,0,0,0,633206324,14126,40200,0,0,796778440,751792726,0,0,0,633206324,14805,41100,0,577,100,0,0,633217919,3727233,3276700,18446744073709551616,633217919,724969,633216989,3001241,0,0,0,8799,820,4028,0,12500
1786000058.710623393,0,633211467,0,0,0,0,0,633206324,14126,40200,0,0,796781539,751795819,0,0,0,633206324,14805,41100,0,577,100,0,0,633217921,3727233,3276700,18446744073709551616,633217921,724969,633216989,3001241,0,0,0,8799,820,4028,0,12500
1786000059.743474153,0,633211467,0,0,0,0,0,633206324,14126,40200,0,0,796784638,751798912,0,0,0,633206324,14805,41100,0,577,100,0,0,633217923,3727233,3276700,18446744073709551616,633217923,724969,633216989,3001241,0,0,0,8799,820,4028,0,12500
1786000060.776583319,0,633211467,0,0,0,0,0,633206324,14126,40200,0,0,796787736,751802005,0,0,0,633206324,14805,41100,0,577,100,0,0,633217925,3727233,3276700,18446744073709551616,633217925,724969,633216989,3001241,0,0,0,8799,820,4028,0,12500
1786000061.809575691,0,633211467,0,0,0,0,0,633206324,14126,40200,0,0,796790834,751805098,0,0,0,633206324,14805,41100,0,577,100,0,0,633217927,3727233,3276700,18446744073709551616,633217927,724969,633216989,3001241,0,0,0,8799,820,4028,0,12500
1786000062.840866430,0,633211467,0,0,0,0,0,633206324,14126,40200,0,0,796793926,751808125,0,0,0,633206324,14805,41100,0,577,100,0,0,633217929,3727233,3276700,18446744073709551616,633217929,724969,633216989,3001241,0,0,0,8799,820,4028,0,12500
1786000063.872376468,0,633211467,0,0,0,0,0,633206324,14126,40200,0,0,796797019,751811132,0,0,0,633206324,14805,41100,0,577,100,0,0,633217932,3727233,3276700,18446744073709551616,633217932,724969,633216989,3001241,0,0,0,8799,820,4028,0,12500
1786000064.905278625,0,633211467,0,0,0,0,0,633206324,14126,40200,0,0,796800117,751814223,0,0,0,633206324,14805,41100,0,577,100,0,0,633217936,3727233,3276700,18446744073709551616,633217936,724969,633216989,3001241,0,0,0,8799,820,4028,0,12500
1786000065.937093131,0,633211467,0,0,0,0,0,633206324,14126,40200,0,0,796803212,751817311,0,0,0,633206324,14805,41100,0,577,100,0,0,633217940,3727233,3276700,18446744073709551616,633217940,724969,633216989,3001241,0,0,0,8799,820,4028,0,12500
1786000066.966974386,0,633211467,0,0,0,0,0,633206324,14126,40200,0,0,796806305,751820375,0,0,0,633206324,14805,41100,0,577,100,0,0,633217943,3727233,3276700,18446744073709551616,633217943,724969,633216989,3001241,0,0,0,8799,820,4028,0,12500
1786000067.996995102,0,633211467,0,0,0,0,0,633206324,14126,40200,0,0,796809390,751823455,0,0,0,633206324,14805,41100,0,577,100,0,0,633217945,3727233,3276700,18446744073709551616,633217945,724969,633216989,3001241,0,0,0,8799,820,4028,0,12500
1786000069.027890949,0,633211467,0,0,0,0,0,633206324,14126,40200,0,0,796812481,751826435,0,0,0,633206324,14805,41100,0,577,100,0,0,633217947,3727233,3276700,18446744073709551616,633217947,724969,633216989,3001241,0,0,0,8799,820,4028,0,12500
1786000070.057145775,0,633211467,0,0,0,0,0,633206324,14126,40200,0,0,796815572,751829485,0,0,0,633206324,14805,41100,0,577,100,0,0,633217949,3727233,3276700,18446744073709551616,633217949,724969,633216989,3001241,0,0,0,8799,820,4028,0,12500
1786000071.088502375,0,633211467,0,0,0,0,0,633206324,14126,40200,0,0,796818661,751832569,0,0,0,633206324,14805,41100,0,577,100,0,0,633217951,3727233,3276700,18446744073709551616,633217951,724969,633216989,3001241,0,0,0,8799,820,4028,0,12500
1786000072.121463625,0,633211467,0,0,0,0,0,633206324,14126,40200,0,0,796821759,751835662,0,0,0,633206324,14805,41100,0,577,100,0,0,633217953,3727233,3276700,18446744073709551616,633217953,724969,633216989,3001241,0,0,0,8799,820,4028,0,12500
1786000073.153833597,0,633211467,0,0,0,0,0,633206324,14126,40200,0,0,796824856,751838753,0,0,0,633206324,14805,41100,0,577,100,0,0,633217955,3727233,3276700,18446744073709551616,633217955,724969,633216989,3001241,0,0,0,8799,820,4028,0,12500
1786000074.185548858,0,633211467,0,0,0,0,0,633206324,14126,40200,0,0,796827951,751841840,0,0,0,633206324,14805,41100,0,577,100,0,0,633217957,3727233,3276700,18446744073709551616,633217957,724969,633216989,3001241,0,0,0,8799,820,4028,0,12500
1786000075.218343289,0,633211467,0,0,0,0,0,633206324,14126,40200,0,0,796831047,751844796,0,0,0,633206324,14805,41100,0,577,100,0,0,633217959,3727233,3276700,18446744073709551616,633217959,724969,633216989,3001241,0,0,0,8799,820,4028,0,12500
1786000076.250101514,0,633211467,0,0,0,0,0,633206324,14126,40200,0,0,796834144,751847886,0,0,0,633206324,14805,41100,0,577,100,0,0,633217961,3727233,3276700,18446744073709551616,633217961,724969,633216989,3001241,0,0,0,8799,820,4028,0,12500
1786000077.281528023,0,633211467,0,0,0,0,0,633206324,14126,40200,0,0,796837237,751850950,0,0,0,633206324,14805,41100,0,577,100,0,0,633217963,3727233,3276700,18446744073709551616,633217963,724969,633216989,3001241,0,0,0,8799,820,4028,0,12500
1786000078.314051447,0,633211467,0,0,0,0,0,633206324,14126,40200,0,0,796840332,751854040,0,0,0,633206324,14805,41100,0,577,100,0,0,633217965,3727233,3276700,18446744073709551616,633217965,724969,633216989,3001241,0,0,0,8799,820,4028,0,12500
1786000079.346175083,0,633211467,0,0,0,0,0,633206324,14126,40200,0,0,796843427,751857130,0,0,0,633206324,14805,41100,0,577,100,0,0,633217967,3727233,3276700,18446744073709551616,633217967,724969,633216989,3001241,0,0,0,8799,820,4028,0,12500
1786000080.373181457,0,633211467,0,0,0,0,0,633206324,14126,40200,0,0,796846512,751860166,0,0,0,633206324,14805,41100,0,577,100,0,0,633217969,3727233,3276700,18446744073709551616,633217969,724969,633216989,3001241,0,0,0,8799,820,4028,0,12500
1786000081.405013886,0,633211467,0,0,0,0,0,633206324,14126,40200,0,0,796849603,751863158,0,0,0,633206324,14805,41100,0,577,100,0,0,633217971,3727233,3276700,18446744073709551616,633217971,724969,633216989,3001241,0,0,0,8799,820,4028,0,12500
1786000082.438407760,0,633211467,0,0,0,0,0,633206324,14126,40200,0,0,796852701,751866251,0,0,0,633206324,14805,41100,0,577,100,0,0,633217973,3727233,3276700,18446744073709551616,633217973,724969,633216989,3001241,0,0,0,8799,820,4028,0,12500
1786000083.471525670,0,633211467,0,0,0,0,0,633206324,14126,40200,0,0,796855801,751869344,0,0,0,633206324,14805,41100,0,577,100,0,0,633217975,3727233,3276700,18446744073709551616,633217975,724969,633216989,3001241,0,0,0,8799,820,4028,0,12500
1786000084.502942216,0,633211467,0,0,0,0,0,633206324,14126,40200,0,0,796858895,751872433,0,0,0,633206324,14805,41100,0,577,100,0,0,633217977,3727233,3276700,18446744073709551616,633217977,724969,633216989,3001241,0,0,0,8799,820,4028,0,12500
1786000085.535914488,0,633211467,0,0,0,0,0,633206324,14126,40200,0,0,796861993,751875525,0,0,0,633206324,14805,41100,0,577,100,0,0,633217979,3727233,3276700,18446744073709551616,633217979,724969,633216989,3001241,0,0,0,8799,820,4028,0,12500
1786000086.567226037,0,633211467,0,0,0,0,0,633206324,14126,40200,0,0,796865083,751878509,0,0,0,633206324,14805,41100,0,577,100,0,0,633217982,3727233,3276700,18446744073709551616,633217982,724969,633216989,3001241,0,0,0,8799,820,4028,0,12500
1786000087.599172382,0,633211467,0,0,0,0,0,633206324,14126,40200,0,0,796868178,751881480,0,0,0,633206324,14805,41100,0,577,100,0,0,633217986,3727233,3276700,18446744073709551616,633217986,724969,633216989,3001241,0,0,0,8799,820,4028,0,12500
1786000088.632321009,0,633211467,0,0,0,0,0,633206324,14126,40200,0,0,796871276,751884572,0,0,0,633206324,14805,41100,0,577,100,0,0,633217990,3727233,3276700,18446744073709551616,633217990,724969,633216989,3001241,0,0,0,8799,820,4028,0,12500
1786000089.665857492,0,633211467,0,0,0,0,0,633206324,14126,40200,0,0,796874376,751887665,0,0,0,633206324,14805,41100,0,577,100,0,0,633217993,3727233,3276700,18446744073709551616,633217993,724969,633216989,3001241,0,0,0,8799,820,4028,0,12500
1786000090.698830774,0,633211467,0,0,0,0,0,633206324,14126,40200,0,0,796877475,751890759,0,0,0,633206324,14805,41100,0,577,100,0,0,633217995,3727233,3276700,18446744073709551616,633217995,724969,633216989,3001241,0,0,0,8799,820,4028,0,12500
1786000091.732474395,0,633211467,0,0,0,0,0,633206324,14126,40200,0,0,796880575,751893853,0,0,0,633206324,14805,41100,0,577,100,0,0,633217997,3727233,3276700,18446744073709551616,633217997,724969,633216989,3001241,0,0,0,8799,820,4028,0,12500
1786000092.763391226,0,633211467,0,0,0,0,0,633206324,14126,40200,0,0,796883669,751896852,0,0,0,633206324,14805,41100,0,577,100,0,0,633217999,3727233,3276700,18446744073709551616,633217999,724969,633216989,3001241,0,0,0,8799,820,4028,0,12500
1786000093.789180680,0,633211467,0,0,0,0,0,633206324,14126,40200,0,0,796886746,751899879,0,0,0,633206324,14805,41100,0,577,100,0,0,633218001,3727233,3276700,18446744073709551616,633218001,724969,633216989,3001241,0,0,0,8799,820,4028,0,12500
1786000094.821275118,0,633211467,0,0,0,0,0,633206324,14126,40200,0,0,796889840,751902968,0,0,0,633206324,14805,41100,0,577,100,0,0,633218003,3727233,3276700,18446744073709551616,633218003,724969,633216989,3001241,0,0,0,8799,820,4028,0,12500
1786000095.853985310,0,633211467,0,0,0,0,0,633206324,14126,40200,0,0,796892937,751906060,0,0,0,633206324,14805,41100,0,577,100,0,0,633218005,3727233,3276700,18446744073709551616,633218005,724969,633216989,3001241,0,0,0,8799,820,4028,0,12500
1786000096.886384006,0,633211467,0,0,0,0,0,633206324,14126,40200,0,0,796896033,751909150,0,0,0,633206324,14805,41100,0,577,100,0,0,633218007,3727233,3276700,18446744073709551616,633218007,724969,633216989,3001241,0,0,0,8799,820,4028,0,12500
1786000097.919462584,0,633211467,0,0,0,0,0,633206324,14126,40200,0,0,796899132,751912220,0,0,0,633206324,14805,41100,0,577,100,0,0,633218009,3727233,3276700,18446744073709551616,633218009,724969,633216989,3001241,0,0,0,8799,820,4028,0,12500
1786000098.950357651,0,633211467,0,0,0,0,0,633206324,14126,40200,0,0,796902225,751915176,0,0,0,633206324,14805,41100,0,577,100,0,0,633218011,3727233,3276700,18446744073709551616,633218011,724969,633216989,3001241,0,0,0,8799,820,4028,0,12500
1786000099.983354276,0,633211467,0,0,0,0,0,633206324,14126,40200,0,0,796905323,751918266,0,0,0,633206324,14805,41100,0,577,100,0,0,633218013,3727233,3276700,18446744073709551616,633218013,724969,633216989,3001241,0,0,0,8799,820,4028,0,12500
1786000101.017067015,0,633211467,0,0,0,0,0,633206324,14126,40200,0,0,796908421,751921360,0,0,0,633206324,14805,41100,0,577,100,0,0,633218015,3727233,3276700,18446744073709551616,633218015,724969,633216989,3001241,0,0,0,8799,820,4028,0,12500
1786000102.049857981,0,633211467,0,0,0,0,0,633206324,14126,40200,0,0,796911520,751924453,0,0,0,633206324,14805,41100,0,577,100,0,0,633218017,3727233,3276700,18446744073709551616,633218017,724969,633216989,3001241,0,0,0,8799,820,4028,0,12500
1786000103.080885000,0,633211467,0,0,0,0,0,633206324,14126,40200,0,0,796914614,751927538,0,0,0,633206324,14805,41100,0,577,100,0,0,633218019,3727233,3276700,18446744073709551616,633218019,724969,633216989,3001241,0,0,0,8799,820,4028,0,12500
1786000104.114235849,0,633211467,0,0,0,0,0,633206324,14126,40200,0,0,796917712,751930614,0,0,0,633206324,14805,41100,0,577,100,0,0,633218021,3727233,3276700,18446744073709551616,633218021,724969,633216989,3001241,0,0,0,8799,820,4028,0,12500
1786000105.143684149,0,633211467,0,0,0,0,0,633206324,14126,40200,0,0,796920804,751933581,0,0,0,633206324,14805,41100,0,577,100,0,0,633218023,3727233,3276700,18446744073709551616,633218023,724969,633216989,3001241,0,0,0,8799,820,4028,0,12500
1786000106.175323237,0,633211467,0,0,0,0,0,633206324,14126,40200,0,0,796923892,751936665,0,0,0,633206324,14805,41100,0,577,100,0,0,633218025,3727233,3276700,18446744073709551616,633218025,724969,633216989,3001241,0,0,0,8799,820,4028,0,12500
1786000107.206244259,0,633211467,0,0,0,0,0,633206324,14126,40200,0,0,796926986,751939752,0,0,0,633206324,14805,41100,0,577,100,0,0,633218027,3727233,3276700,18446744073709551616,633218027,724969,633216989,3001241,0,0,0,8799,820,4028,0,12500
1786000108.238386704,0,633211467,0,0,0,0,0,633206324,14126,40200,0,0,796930079,751942818,0,0,0,633206324,14805,41100,0,577,100,0,0,633218029,3727233,3276700,18446744073709551616,633218029,724969,633216989,3001241,0,0,0,8799,820,4028,0,12500
1786000109.272295381,0,633211467,0,0,0,0,0,633206324,14126,40200,0,0,796933182,751945913,0,0,0,633206324,14805,41100,0,577,100,0,0,633218032,3727233,3276700,18446744073709551616,633218032,724969,633216989,3001241,0,0,0,8799,820,4028,0,12500
1786000110.301361570,0,633211467,0,0,0,0,0,633206324,14126,40200,0,0,796936268,751948932,0,0,0,633206324,14805,41100,0,577,100,0,0,633218036,3727233,3276700,18446744073709551616,633218036,724969,633216989,3001241,0,0,0,8799,820,4028,0,12500
1786000111.335575185,0,633211467,0,0,0,0,0,633206324,14126,40200,0,0,796939369,751951952,0,0,0,633206324,14805,41100,0,577,100,0,0,633218040,3727233,3276700,18446744073709551616,633218040,724969,633216989,3001241,0,0,0,8799,820,4028,0,12500
1786000112.368282390,0,633211467,0,0,0,0,0,633206324,14126,40200,0,0,796942466,751955044,0,0,0,633206324,14805,41100,0,577,100,0,0,633218043,3727233,3276700,18446744073709551616,633218043,724969,633216989,3001241,0,0,0,8799,820,4028,0,12500
1786000113.401465600,0,633211467,0,0,0,0,0,633206324,14126,40200,0,0,796945565,751958136,0,0,0,633206324,14805,41100,0,577,100,0,0,633218045,3727233,3276700,18446744073709551616,633218045,724969,633216989,3001241,0,0,0,8799,820,4028,0,12500
1786000114.434569540,0,633211467,0,0,0,0,0,633206324,14126,40200,0,0,796948663,751961229,0,0,0,633206324,14805,41100,0,577,100,0,0,633218047,3727233,3276700,18446744073709551616,633218047,724969,633216989,3001241,0,0,0,8799,820,4028,0,12500
1786000115.467025278,0,633211467,0,0,0,0,0,633206324,14126,40200,0,0,796951761,751964322,0,0,0,633206324,14805,41100,0,577,100,0,0,633218049,3727233,3276700,18446744073709551616,633218049,724969,633216989,3001241,0,0,0,8799,820,4028,0,12500
1786000116.492516753,0,633211467,0,0,0,0,0,633206324,14126,40200,0,0,796954832,751967287,0,0,0,633206324,14805,41100,0,577,100,0,0,633218051,3727233,3276700,18446744073709551616,633218051,724969,633216989,3001241,0,0,0,8799,820,4028,0,12500
1786000117.523567634,0,633211467,0,0,0,0,0,633206324,14126,40200,0,0,796957926,751970342,0,0,0,633206324,14805,41100,0,577,100,0,0,633218053,3727233,3276700,18446744073709551616,633218053,724969,633216989,3001241,0,0,0,8799,820,4028,0,12500
1786000118.554782671,0,633211467,0,0,0,0,0,633206324,14126,40200,0,0,796961018,751973409,0,0,0,633206324,14805,41100,0,577,100,0,0,633218055,3727233,3276700,18446744073709551616,633218055,724969,633216989,3001241,0,0,0,8799,820,4028,0,12500
1786000119.583949452,0,633211467,0,0,0,0,0,633206324,14126,40200,0,0,796964109,751976494,0,0,0,633206324,14805,41100,0,577,100,0,0,633218057,3727233,3276700,18446744073709551616,633218057,724969,633216989,3001241,0,0,0,8799,820,4028,0,12500
1786000120.610586410,0,633211467,0,0,0,0,0,633206324,14126,40200,0,0,796967185,751979565,0,0,0,633206324,14805,41100,0,577,100,0,0,633218059,3727233,3276700,18446744073709551616,633218059,724969,633216989,3001241,0,0,0,8799,820,4028,0,12500
1786000121.642373728,0,633211467,0,0,0,0,0,633206324,14126,40200,0,0,796970279,751982651,0,0,0,633206324,14805,41100,0,577,100,0,0,633218061,3727233,3276700,18446744073709551616,633218061,724969,633216989,3001241,0,0,0,8799,820,4028,0,12500
1786000122.675009184,0,633211467,0,0,0,0,0,633206324,14126,40200,0,0,796973374,751985609,0,0,0,633206324,14805,41100,0,577,100,0,0,633218063,3727233,3276700,18446744073709551616,633218063,724969,633216989,3001241,0,0,0,8799,820,4028,0,12500
1786000123.708326223,0,633211467,0,0,0,0,0,633206324,14126,40200,0,0,796976472,751988703,0,0,0,633206324,14805,41100,0,577,100,0,0,633218065,3727233,3276700,18446744073709551616,633218065,724969,633216989,3001241,0,0,0,8799,820,4028,0,12500
1786000124.741754564,0,633211467,0,0,0,0,0,633206324,14126,40200,0,0,796979571,751991795,0,0,0,633206324,14805,41100,0,577,100,0,0,633218067,3727233,3276700,18446744073709551616,633218067,724969,633216989,3001241,0,0,0,8799,820,4028,0,12500
1786000125.775019792,0,633211467,0,0,0,0,0,633206324,14126,40200,0,0,796982671,751994889,0,0,0,633206324,14805,41100,0,577,100,0,0,633218069,3727233,3276700,18446744073709551616,633218069,724969,633216989,3001241,0,0,0,8799,820,4028,0,12500
1786000126.805803093,0,633211467,0,0,0,0,0,633206324,14126,40200,0,0,796985764,751997976,0,0,0,633206324,14805,41100,0,577,100,0,0,633218071,3727233,3276700,18446744073709551616,633218071,724969,633216989,3001241,0,0,0,8799,820,4028,0,12500
1786000127.835184041,0,633211467,0,0,0,0,0,633206324,14126,40200,0,0,796988856,752001012,0,0,0,633206324,14805,41100,0,577,100,0,0,633218073,3727233,3276700,18446744073709551616,633218073,724969,633216989,3001241,0,0,0,8799,820,4028,0,12500
1786000128.863188002,0,633211467,0,0,0,0,0,633206324,14126,40200,0,0,796991933,752003982,0,0,0,633206324,14805,41100,0,577,100,0,0,633218075,3727233,3276700,18446744073709551616,633218075,724969,633216989,3001241,0,0,0,8799,820,4028,0,12500
1786000129.894910766,0,633211467,0,0,0,0,0,633206324,14126,40200,0,0,796995028,752007071,0,0,0,633206324,14805,41100,0,577,100,0,0,633218077,3727233,3276700,18446744073709551616,633218077,724969,633216989,3001241,0,0,0,8799,820,4028,0,12500
1786000130.928345529,0,633211467,0,0,0,0,0,633206324,14126,40200,0,0,796998129,752010166,0,0,0,633206324,14805,41100,0,577,100,0,0,633218079,3727233,3276700,18446744073709551616,633218079,724969,633216989,3001241,0,0,0,8799,820,4028,0,12500
1786000131.960808576,0,633211467,0,0,0,0,0,633206324,14126,40200,0,0,797001225,752013256,0,0,0,633206324,14805,41100,0,577,100,0,0,633218081,3727233,3276700,18446744073709551616,633218081,724969,633216989,3001241,0,0,0,8799,820,4028,0,12500
1786000132.993760555,0,633211467,0,0,0,0,0,633206324,14126,40200,0,0,797004324,752016348,0,0,0,633206324,14805,41100,0,577,100,0,0,633218084,3727233,3276700,18446744073709551616,633218084,724969,633216989,3001241,0,0,0,8799,820,4028,0,12500
1786000134.022544529,0,633211467,0,0,0,0,0,633206324,14126,40200,0,0,797007407,752019337,0,0,0,633206324,14805,41100,0,577,100,0,0,633218088,3727233,3276700,18446744073709551616,633218088,724969,633216989,3001241,0,0,0,8799,820,4028,0,12500
1786000135.050249373,0,633211467,0,0,0,0,0,633206324,14126,40200,0,0,797010488,752022375,0,0,0,633206324,14805,41100,0,577,100,0,0,633218092,3727233,3276700,18446744073709551616,633218092,724969,633216989,3001241,0,0,0,8799,820,4028,0,12500
1786000136.081723806,0,633211467,0,0,0,0,0,633206324,14126,40200,0,0,797013580,752025462,0,0,0,633206324,14805,41100,0,577,100,0,0,633218095,3727233,3276700,18446744073709551616,633218095,724969,633216989,3001241,0,0,0,8799,820,4028,0,12500
1786000137.114565843,0,633211467,0,0,0,0,0,633206324,14126,40200,0,0,797016678,752028555,0,0,0,633206324,14805,41100,0,577,100,0,0,633218097,3727233,3276700,18446744073709551616,633218097,724969,633216989,3001241,0,0,0,8799,820,4028,0,12500
1786000138.147422662,0,633211467,0,0,0,0,0,633206324,14126,40200,0,0,797019777,752031646,0,0,0,633206324,14805,41100,0,577,100,0,0,633218099,3727233,3276700,18446744073709551616,633218099,724969,633216989,3001241,0,0,0,8799,820,4028,0,12500
1786000139.179890237,0,633211467,0,0,0,0,0,633206324,14126,40200,0,0,797022873,752034717,0,0,0,633206324,14805,41100,0,577,100,0,0,633218101,3727233,3276700,18446744073709551616,633218101,724969,633216989,3001241,0,0,0,8799,820,4028,0,12500
1786000140.208091137,0,633211467,0,0,0,0,0,633206324,14126,40200,0,0,797025956,752037668,0,0,0,633206324,14805,41100,0,577,100,0,0,633218103,3727233,3276700,18446744073709551616,633218103,724969,633216989,3001241,0,0,0,8799,820,4028,0,12500
1786000141.236835755,0,633211467,0,0,0,0,0,633206324,14126,40200,0,0,797029040,752040747,0,0,0,633206324,14805,41100,0,577,100,0,0,633218105,3727233,3276700,18446744073709551616,633218105,724969,633216989,3001241,0,0,0,8799,820,4028,0,12500
1786000142.269295809,0,633211467,0,0,0,0,0,633206324,14126,40200,0,0,797032136,752043838,0,0,0,633206324,14805,41100,0,577,100,0,0,633218107,3727233,3276700,18446744073709551616,633218107,724969,633216989,3001241,0,0,0,8799,820,4028,0,12500
1786000143.301636223,0,633211467,0,0,0,0,0,633206324,14126,40200,0,0,797035234,752046930,0,0,0,633206324,14805,41100,0,577,100,0,0,633218109,3727233,3276700,18446744073709551616,633218109,724969,633216989,3001241,0,0,0,8799,820,4028,0,12500
1786000144.327892478,0,633211467,0,0,0,0,0,633206324,14126,40200,0,0,797038317,752050008,0,0,0,633206324,14805,41100,0,577,100,0,0,633218111,3727233,3276700,18446744073709551616,633218111,724969,633216989,3001241,0,0,0,8799,820,4028,0,12500
1786000145.354980281,0,633211467,0,0,0,0,0,633206324,14126,40200,0,0,797041395,752053058,0,0,0,633206324,14805,41100,0,577,100,0,0,633218113,3727233,3276700,18446744073709551616,633218113,724969,633216989,3001241,0,0,0,8799,820,4028,0,12500
1786000146.384450428,0,633211467,0,0,0,0,0,633206324,14126,40200,0,0,797044479,752056030,0,0,0,633206324,14805,41100,0,577,100,0,0,633218115,3727233,3276700,18446744073709551616,633218115,724969,633216989,3001241,0,0,0,8799,820,4028,0,12500
1786000147.418559891,0,633211467,0,0,0,0,0,633206324,14126,40200,0,0,797047579,752059125,0,0,0,633206324,14805,41100,0,577,100,0,0,633218117,3727233,3276700,18446744073709551616,633218117,724969,633216989,3001241,0,0,0,8799,820,4028,0,12500
1786000148.449956491,0,633211467,0,0,0,0,0,633206324,14126,40200,0,0,797050675,752062212,0,0,0,633206324,14805,41100,0,577,100,0,0,633218119,3727233,3276700,18446744073709551616,633218119,724969,633216989,3001241,0,0,0,8799,820,4028,0,12500
1786000149.477258884,0,633211467,0,0,0,0,0,633206324,14126,40200,0,0,797053755,752065236,0,0,0,633206324,14805,41100,0,577,100,0,0,633218121,3727233,3276700,18446744073709551616,633218121,724969,633216989,3001241,0,0,0,8799,820,4028,0,12500
1786000150.507953654,0,633211467,0,0,0,0,0,633206324,14126,40200,0,0,797056850,752068326,0,0,0,633206324,14805,41100,0,577,100,0,0,633218123,3727233,3276700,18446744073709551616,633218123,724969,633216989,3001241,0,0,0,8799,820,4028,0,12500
1786000151.537012688,0,633211467,0,0,0,0,0,633206324,14126,40200,0,0,797059933,752071338,0,0,0,633206324,14805,41100,0,577,100,0,0,633218125,3727233,3276700,18446744073709551616,633218125,724969,633216989,3001241,0,0,0,8799,820,4028,0,12500
1786000152.570018846,0,633211467,0,0,0,0,0,633206324,14126,40200,0,0,797063031,752074365,0,0,0,633206324,14805,41100,0,577,100,0,0,633218127,3727233,3276700,18446744073709551616,633218127,724969,633216989,3001241,0,0,0,8799,820,4028,0,12500
1786000153.603403613,0,633211467,0,0,0,0,0,633206324,14126,40200,0,0,797066129,752077457,0,0,0,633206324,14805,41100,0,577,100,0,0,633218129,3727233,3276700,18446744073709551616,633218129,724969,633216989,3001241,0,0,0,8799,820,4028,0,12500
1786000154.636342612,0,633211467,0,0,0,0,0,633206324,14126,40200,0,0,797069226,752080550,0,0,0,633206324,14805,41100,0,577,100,0,0,633218131,3727233,3276700,18446744073709551616,633218131,724969,633216989,3001241,0,0,0,8799,820,4028,0,12500
1786000155.666337991,0,633211467,0,0,0,0,0,633206324,14126,40200,0,0,797072318,752083635,0,0,0,633206324,14805,41100,0,577,100,0,0,633218134,3727233,3276700,18446744073709551616,633218134,724969,633216989,3001241,0,0,0,8799,820,4028,0,12500
1786000156.698936870,0,633211467,0,0,0,0,0,633206324,14126,40200,0,0,797075414,752086725,0,0,0,633206324,14805,41100,0,577,100,0,0,633218138,3727233,3276700,18446744073709551616,633218138,724969,633216989,3001241,0,0,0,8799,820,4028,0,12500
1786000157.732079795,0,633211467,0,0,0,0,0,633206324,14126,40200,0,0,797078509,752089710,0,0,0,633206324,14805,41100,0,577,100,0,0,633218142,3727233,3276700,18446744073709551616,633218142,724969,633216989,3001241,0,0,0,8799,820,4028,0,12500
1786000158.765560638,0,633211467,0,0,0,0,0,633206324,14126,40200,0,0,797081611,752092775,0,0,0,633206324,14805,41100,0,577,100,0,0,633218145,3727233,3276700,18446744073709551616,633218145,724969,633216989,3001241,0,0,0,8799,820,4028,0,12500
1786000159.798393820,0,633211467,0,0,0,0,0,633206324,14126,40200,0,0,797084708,752095842,0,0,0,633206324,14805,41100,0,577,100,0,0,633218147,3727233,3276700,18446744073709551616,633218147,724969,633216989,3001241,0,0,0,8799,820,4028,0,12500
1786000160.830567251,0,633211467,0,0,0,0,0,633206324,14126,40200,0,0,797087805,752098934,0,0,0,633206324,14805,41100,0,577,100,0,0,633218149,3727233,3276700,18446744073709551616,633218149,724969,633216989,3001241,0,0,0,8799,820,4028,0,12500
1786000161.862745959,0,633211467,0,0,0,0,0,633206324,14126,40200,0,0,797090901,752102024,0,0,0,633206324,14805,41100,0,577,100,0,0,633218151,3727233,3276700,18446744073709551616,633218151,724969,633216989,3001241,0,0,0,8799,820,4028,0,12500
1786000162.890704930,0,633211467,0,0,0,0,0,633206324,14126,40200,0,0,797093983,752105098,0,0,0,633206324,14805,41100,0,577,100,0,0,633218153,3727233,3276700,18446744073709551616,633218153,724969,633216989,3001241,0,0,0,8799,820,4028,0,12500
1786000163.920221658,0,633211467,0,0,0,0,0,633206324,14126,40200,0,0,797097074,752108051,0,0,0,633206324,14805,41100,0,577,100,0,0,633218155,3727233,3276700,18446744073709551616,633218155,724970,633216989,3001241,0,0,0,8799,820,4028,0,12500
1786000164.951833811,0,633211467,0,0,0,0,0,633206324,14126,40200,0,0,797100168,752111138,0,0,0,633206324,14805,41100,0,577,100,0,0,633218157,3727233,3276700,18446744073709551616,633218157,724970,633216989,3001241,0,0,0,8799,820,4028,0,12500
1786000165.983842335,0,633211467,0,0,0,0,0,633206324,14126,40200,0,0,797103261,752114227,0,0,0,633206324,14805,41100,0,577,100,0,0,633218159,3727233,3276700,18446744073709551616,633218159,724970,633216989,3001241,0,0,0,8799,820,4028,0,12500
1786000167.013727895,0,633211467,0,0,0,0,0,633206324,14126,40200,0,0,797106358,752117317,0,0,0,633206324,14805,41100,0,577,100,0,0,633218161,3727233,3276700,18446744073709551616,633218161,724970,633216989,3001241,0,0,0,8799,820,4028,0,12500
1786000168.043456958,0,633211467,0,0,0,0,0,633206324,14126,40200,0,0,797109441,752120396,0,0,0,633206324,14805,41100,0,577,100,0,0,633218163,3727233,3276700,18446744073709551616,633218163,724970,633216989,3001241,0,0,0,8799,820,4028,0,12500
1786000169.074509311,0,633211467,0,0,0,0,0,633206324,14126,40200,0,0,797112531,752123434,0,0,0,633206324,14805,41100,0,577,100,0,0,633218165,3727233,3276700,18446744073709551616,633218165,724970,633216989,3001241,0,0,0,8799,820,4028,0,12500
1786000170.105848052,0,633211467,0,0,0,0,0,633206324,14126,40200,0,0,797115624,752126415,0,0,0,633206324,14805,41100,0,577,100,0,0,633218167,3727233,3276700,18446744073709551616,633218167,724970,633216989,3001241,0,0,0,8799,820,4028,0,12500
1786000171.138471351,0,633211467,0,0,0,0,0,633206324,14126,40200,0,0,797118720,752129507,0,0,0,633206324,14805,41100,0,577,100,0,0,633218169,3727233,3276700,18446744073709551616,633218169,724970,633216989,3001241,0,0,0,8799,820,4028,0,12500
1786000172.169441879,0,633211467,0,0,0,0,0,633206324,14126,40200,0,0,797121815,752132594,0,0,0,633206324,14805,41100,0,577,100,0,0,633218171,3727233,3276700,18446744073709551616,633218171,724970,633216989,3001241,0,0,0,8799,820,4028,0,12500
1786000173.201965945,0,633211467,0,0,0,0,0,633206324,14126,40200,0,0,797124911,752135686,0,0,0,633206324,14805,41100,0,577,100,0,0,633218173,3727233,3276700,18446744073709551616,633218173,724970,633216989,3001241,0,0,0,8799,820,4028,0,12500
1786000174.235565830,0,633211467,0,0,0,0,0,633206324,14126,40200,0,0,797128010,752138780,0,0,0,633206324,14805,41100,0,577,100,0,0,633218175,3727233,3276700,18446744073709551616,633218175,724970,633216989,3001241,0,0,0,8799,820,4028,0,12500
1786000175.264338883,0,633211467,0,0,0,0,0,633206324,14126,40200,0,0,797131102,752141769,0,0,0,633206324,14805,41100,0,577,100,0,0,633218177,3727233,3276700,18446744073709551616,633218177,724970,633216989,3001241,0,0,0,8799,820,4028,0,12500
1786000176.296240721,0,633211467,0,0,0,0,0,633206324,14126,40200,0,0,797134195,752144818,0,0,0,633206324,14805,41100,0,577,100,0,0,633218179,3727233,3276700,18446744073709551616,633218179,724970,633216989,3001241,0,0,0,8799,820,4028,0,12500
1786000177.328760357,0,633211467,0,0,0,0,0,633206324,14126,40200,0,0,797137290,752147909,0,0,0,633206324,14805,41100,0,577,100,0,0,633218181,3727233,3276700,18446744073709551616,633218181,724970,633216989,3001241,0,0,0,8799,820,4028,0,12500
1786000178.361147186,0,633211467,0,0,0,0,0,633206324,14126,40200,0,0,797140388,752151000,0,0,0,633206324,14805,41100,0,577,100,0,0,633218184,3727233,3276700,18446744073709551616,633218184,724970,633216989,3001241,0,0,0,8799,820,4028,0,12500
1786000179.393612623,0,633211467,0,0,0,0,0,633206324,14126,40200,0,0,797143485,752154090,0,0,0,633206324,14805,41100,0,577,100,0,0,633218188,3727233,3276700,18446744073709551616,633218188,724970,633216989,3001241,0,0,0,8799,820,4028,0,12500
1786000180.427110388,0,633211467,0,0,0,0,0,633206324,14126,40200,0,0,797146585,752157159,0,0,0,633206324,14805,41100,0,577,100,0,0,633218192,3727233,3276700,18446744073709551616,633218192,724970,633216989,3001241,0,0,0,8799,820,4028,0,12500
1786000181.459327392,0,633211467,0,0,0,0,0,633206324,14126,40200,0,0,797149683,752160120,0,0,0,633206324,14805,41100,0,577,100,0,0,633218195,3727233,3276700,18446744073709551616,633218195,724970,633216989,3001241,0,0,0,8799,820,4028,0,12500
1786000182.492344465,0,633211467,0,0,0,0,0,633206324,14126,40200,0,0,797152780,752163212,0,0,0,633206324,14805,41100,0,577,100,0,0,633218197,3727233,3276700,18446744073709551616,633218197,724970,633216989,3001241,0,0,0,8799,820,4028,0,12500
1786000183.521496720,0,633211467,0,0,0,0,0,633206324,14126,40200,0,0,797155868,752166295,0,0,0,633206324,14805,41100,0,577,100,0,0,633218199,3727233,3276700,18446744073709551616,633218199,724970,633216989,3001241,0,0,0,8799,820,4028,0,12500
1786000184.555056861,0,633211467,0,0,0,0,0,633206324,14126,40200,0,0,797158968,752169389,0,0,0,633206324,14805,41100,0,577,100,0,0,633218201,3727233,3276700,18446744073709551616,633218201,724970,633216989,3001241,0,0,0,8799,820,4028,0,12500
1786000185.587789521,0,633211467,0,0,0,0,0,633206324,14126,40200,0,0,797162065,752172481,0,0,0,633206324,14805,41100,0,577,100,0,0,633218203,3727233,3276700,18446744073709551616,633218203,724970,633216989,3001241,0,0,0,8799,820,4028,0,12500
1786000186.620259266,0,633211467,0,0,0,0,0,633206324,14126,40200,0,0,797165160,752175544,0,0,0,633206324,14805,41100,0,577,100,0,0,633218205,3727233,3276700,18446744073709551616,633218205,724970,633216989,3001241,0,0,0,8799,820,4028,0,12500
1786000187.654143984,0,633211467,0,0,0,0,0,633206324,14126,40200,0,0,797168261,752178529,0,0,0,633206324,14805,41100,0,577,100,0,0,633218207,3727233,3276700,18446744073709551616,633218207,724970,633216989,3001241,0,0,0,8799,820,4028,0,12500
1786000188.685264375,0,633211467,0,0,0,0,0,633206324,14126,40200,0,0,797171355,752181618,0,0,0,633206324,14805,41100,0,577,100,0,0,633218209,3727233,3276700,18446744073709551616,633218209,724970,633216989,3001241,0,0,0,8799,820,4028,0,12500
1786000189.715149461,0,633211467,0,0,0,0,0,633206324,14126,40200,0,0,797174444,752184701,0,0,0,633206324,14805,41100,0,577,100,0,0,633218211,3727233,3276700,18446744073709551616,633218211,724970,633216989,3001241,0,0,0,8799,820,4028,0,12500
1786000190.746308889,0,633211467,0,0,0,0,0,633206324,14126,40200,0,0,797177538,752187768,0,0,0,633206324,14805,41100,0,577,100,0,0,633218213,3727233,3276700,18446744073709551616,633218213,724970,633216989,3001241,0,0,0,8799,820,4028,0,12500
1786000191.778834671,0,633211467,0,0,0,0,0,633206324,14126,40200,0,0,797180634,752190858,0,0,0,633206324,14805,41100,0,577,100,0,0,633218215,3727233,3276700,18446744073709551616,633218215,724970,633216989,3001241,0,0,0,8799,820,4028,0,12500
1786000192.810848053,0,633211467,0,0,0,0,0,633206324,14126,40200,0,0,797183731,752193879,0,0,0,633206324,14805,41100,0,577,100,0,0,633218217,3727233,3276700,18446744073709551616,633218217,724970,633216989,3001241,0,0,0,8799,820,4028,0,12500
1786000193.844221707,0,633211467,0,0,0,0,0,633206324,14126,40200,0,0,797186830,752196907,0,0,0,633206324,14805,41100,0,577,100,0,0,633218219,3727233,3276700,18446744073709551616,633218219,724970,633216989,3001241,0,0,0,8799,820,4028,0,12500
1786000194.876593518,0,633211467,0,0,0,0,0,633206324,14126,40200,0,0,797189926,752199998,0,0,0,633206324,14805,41100,0,577,100,0,0,633218221,3727233,3276700,18446744073709551616,633218221,724970,633216989,3001241,0,0,0,8799,820,4028,0,12500
1786000195.908914653,0,633211467,0,0,0,0,0,633206324,14126,40200,0,0,797193021,752203087,0,0,0,633206324,14805,41100,0,577,100,0,0,633218223,3727233,3276700,18446744073709551616,633218223,724970,633216989,3001241,0,0,0,8799,820,4028,0,12500
1786000196.940634085,0,633211467,0,0,0,0,0,633206324,14126,40200,0,0,797196116,752206177,0,0,0,633206324,14805,41100,0,577,100,0,0,633218225,3727233,3276700,18446744073709551616,633218225,724970,633216989,3001241,0,0,0,8799,820,4028,0,12500
1786000197.973807156,0,633211467,0,0,0,0,0,633206324,14126,40200,0,0,797199214,752209270,0,0,0,633206324,14805,41100,0,577,100,0,0,633218227,3727233,3276700,18446744073709551616,633218227,724970,633216989,3001241,0,0,0,8799,820,4028,0,12500
1786000199.007438943,0,633211467,0,0,0,0,0,633206324,14126,40200,0,0,797202313,752212253,0,0,0,633206324,14805,41100,0,577,100,0,0,633218229,3727233,3276700,18446744073709551616,633218229,724970,633216989,3001241,0,0,0,8799,820,4028,0,12500
1786000200.040407108,0,633211467,0,0,0,0,0,633206324,14126,40200,0,0,797205412,752215323,0,0,0,633206324,14805,41100,0,577,100,0,0,633218231,3727233,3276700,18446744073709551616,633218231,724970,633216989,3001241,0,0,0,8799,820,4028,0,12500
1786000201.073375026,0,633211467,0,0,0,0,0,633206324,14126,40200,0,0,797208511,752218391,0,0,0,633206324,14805,41100,0,577,100,0,0,633218233,3727233,3276700,18446744073709551616,633218233,724970,633216989,3001241,0,0,0,8799,820,4028,0,12500
1786000202.106480071,0,633211467,0,0,0,0,0,633206324,14126,40200,0,0,797211610,752221484,0,0,0,633206324,14805,41100,0,577,100,0,0,633218236,3727233,3276700,18446744073709551616,633218236,724970,633216989,3001241,0,0,0,8799,820,4028,0,12500
1786000203.139512575,0,633211467,0,0,0,0,0,633206324,14126,40200,0,0,797214708,752224576,0,0,0,633206324,14805,41100,0,577,100,0,0,633218240,3727233,3276700,18446744073709551616,633218240,724970,633216989,3001241,0,0,0,8799,820,4028,0,12500
1786000204.169782744,0,633211467,0,0,0,0,0,633206324,14126,40200,0,0,797217799,752227655,0,0,0,633206324,14805,41100,0,577,100,0,0,633218244,3727233,3276700,18446744073709551616,633218244,724970,633216989,3001241,0,0,0,8799,820,4028,0,12500
1786000205.200469370,0,633211467,0,0,0,0,0,633206324,14126,40200,0,0,797220889,752230608,0,0,0,633206324,14805,41100,0,577,100,0,0,633218247,3727233,3276700,18446744073709551616,633218247,724970,633216989,3001241,0,0,0,8799,820,4028,0,12500
1786000206.233715876,0,633211467,0,0,0,0,0,633206324,14126,40200,0,0,797223989,752233701,0,0,0,633206324,14805,41100,0,577,100,0,0,633218249,3727233,3276700,18446744073709551616,633218249,724970,633216989,3001241,0,0,0,8799,820,4028,0,12500
1786000207.267370816,0,633211467,0,0,0,0,0,633206324,14126,40200,0,0,797227088,752236795,0,0,0,633206324,14805,41100,0,577,100,0,0,633218251,3727233,3276700,18446744073709551616,633218251,724970,633216989,3001241,0,0,0,8799,820,4028,0,12500
1786000208.300199198,0,633211467,0,0,0,0,0,633206324,14126,40200,0,0,797230189,752239890,0,0,0,633206324,14805,41100,0,577,100,0,0,633218253,3727233,3276700,18446744073709551616,633218253,724970,633216989,3001241,0,0,0,8799,820,4028,0,12500
1786000209.332561907,0,633211467,0,0,0,0,0,633206324,14126,40200,0,0,797233283,752242979,0,0,0,633206324,14805,41100,0,577,100,0,0,633218255,3727233,3276700,18446744073709551616,633218255,724970,633216989,3001241,0,0,0,8799,820,4028,0,12500
1786000210.365520846,0,633211467,0,0,0,0,0,633206324,14126,40200,0,0,797236381,752246019,0,0,0,633206324,14805,41100,0,577,100,0,0,633218257,3727233,3276700,18446744073709551616,633218257,724970,633216989,3001241,0,0,0,8799,820,4028,0,12500
1786000211.397136075,0,633211467,0,0,0,0,0,633206324,14126,40200,0,0,797239478,752248950,0,0,0,633206324,14805,41100,0,577,100,0,0,633218259,3727233,3276700,18446744073709551616,633218259,724970,633216989,3001241,0,0,0,8799,820,4028,0,12500
1786000212.429830167,0,633211467,0,0,0,0,0,633206324,14126,40200,0,0,797242574,752252041,0,0,0,633206324,14805,41100,0,577,100,0,0,633218261,3727233,3276700,18446744073709551616,633218261,724970,633216989,3001241,0,0,0,8799,820,4028,0,12500
1786000213.462924267,0,633211467,0,0,0,0,0,633206324,14126,40200,0,0,797245672,752255134,0,0,0,633206324,14805,41100,0,577,100,0,0,633218263,3727233,3276700,18446744073709551616,633218263,724970,633216989,3001241,0,0,0,8799,820,4028,0,12500
1786000214.494313308,0,633211467,0,0,0,0,0,633206324,14126,40200,0,0,797248769,752258223,0,0,0,633206324,14805,41100,0,577,100,0,0,633218265,3727234,3276700,18446744073709551616,633218265,724970,633216989,3001241,0,0,0,8799,820,4028,0,12500
1786000215.524402730,0,633211467,0,0,0,0,0,633206324,14126,40200,0,0,797251858,752261308,0,0,0,633206324,14805,41100,0,577,100,0,0,633218267,3727234,3276700,18446744073709551616,633218267,724970,633216989,3001241,0,0,0,8799,820,4028,0,12500
1786000216.555633355,0,633211467,0,0,0,0,0,633206324,14126,40200,0,0,797254951,752264342,0,0,0,633206324,14805,41100,0,577,100,0,0,633218269,3727234,3276700,18446744073709551616,633218269,724970,633216989,3001241,0,0,0,8799,820,4028,0,12500
1786000217.588237360,0,633211467,0,0,0,0,0,633206324,14126,40200,0,0,797258048,752267355,0,0,0,633206324,14805,41100,0,577,100,0,0,633218271,3727234,3276700,18446744073709551616,633218271,724970,633216989,3001241,0,0,0,8799,820,4028,0,12500
1786000218.621201197,0,633211467,0,0,0,0,0,633206324,14126,40200,0,0,797261147,752270449,0,0,0,633206324,14805,41100,0,577,100,0,0,633218273,3727234,3276700,18446744073709551616,633218273,724970,633216989,3001241,0,0,0,8799,820,4028,0,12500
1786000219.652119414,0,633211467,0,0,0,0,0,633206324,14126,40200,0,0,797264239,752273535,0,0,0,633206324,14805,41100,0,577,100,0,0,633218275,3727234,3276700,18446744073709551616,633218275,724970,633216989,3001241,0,0,0,8799,820,4028,0,12500
1786000220.685570894,0,633211467,0,0,0,0,0,633206324,14126,40200,0,0,797267340,752276630,0,0,0,633206324,14805,41100,0,577,100,0,0,633218277,3727234,3276700,18446744073709551616,633218277,724970,633216989,3001241,0,0,0,8799,820,4028,0,12500
1786000221.718154337,0,633211467,0,0,0,0,0,633206324,14126,40200,0,0,797270437,752279697,0,0,0,633206324,14805,41100,0,577,100,0,0,633218279,3727234,3276700,18446744073709551616,633218279,724970,633216989,3001241,0,0,0,8799,820,4028,0,12500
1786000222.749928113,0,633211467,0,0,0,0,0,633206324,14126,40200,0,0,797273534,752282693,0,0,0,633206324,14805,41100,0,577,100,0,0,633218281,3727234,3276700,18446744073709551616,633218281,724970,633216989,3001241,0,0,0,8799,820,4028,0,12500
1786000223.779456012,0,633211467,0,0,0,0,0,633206324,14126,40200,0,0,797276619,752285738,0,0,0,633206324,14805,41100,0,577,100,0,0,633218283,3727234,3276700,18446744073709551616,633218283,724970,633216989,3001241,0,0,0,8799,820,4028,0,12500
1786000224.812868916,0,633211467,0,0,0,0,0,633206324,14126,40200,0,0,797279718,752288831,0,0,0,633206324,14805,41100,0,577,100,0,0,633218286,3727234,3276700,18446744073709551616,633218286,724970,633216989,3001241,0,0,0,8799,820,4028,0,12500
1786000225.846821449,0,633211467,0,0,0,0,0,633206324,14126,40200,0,0,797282820,752291926,0,0,0,633206324,14805,41100,0,577,100,0,0,633218290,3727234,3276700,18446744073709551616,633218290,724970,633216989,3001241,0,0,0,8799,820,4028,0,12500
1786000226.880946889,0,633211467,0,0,0,0,0,633206324,14126,40200,0,0,797285921,752295019,0,0,0,633206324,14805,41100,0,577,100,0,0,633218294,3727234,3276700,18446744073709551616,633218294,724970,633216989,3001241,0,0,0,8799,820,4028,0,12500
1786000227.914046186,0,633211467,0,0,0,0,0,633206324,14126,40200,0,0,797289021,752298113,0,0,0,633206324,14805,41100,0,577,100,0,0,633218297,3727234,3276700,18446744073709551616,633218297,724970,633216989,3001241,0,0,0,8799,820,4028,0,12500
1786000228.945766950,0,633211467,0,0,0,0,0,633206324,14126,40200,0,0,797292116,752301068,0,0,0,633206324,14805,41100,0,577,100,0,0,633218299,3727234,3276700,18446744073709551616,633218299,724970,633216989,3001241,0,0,0,8799,820,4028,0,12500
1786000229.977922868,0,633211467,0,0,0,0,0,633206324,14126,40200,0,0,797295211,752304158,0,0,0,633206324,14805,41100,0,577,100,0,0,633218301,3727234,3276700,18446744073709551616,633218301,724970,633216989,3001241,0,0,0,8799,820,4028,0,12500
1786000231.010793308,0,633211467,0,0,0,0,0,633206324,14126,40200,0,0,797298310,752307251,0,0,0,633206324,14805,41100,0,577,100,0,0,633218303,3727234,3276700,18446744073709551616,633218303,724970,633216989,3001241,0,0,0,8799,820,4028,0,12500
1786000232.043891601,0,633211467,0,0,0,0,0,633206324,14126,40200,0,0,797301410,752310321,0,0,0,633206324,14805,41100,0,577,100,0,0,633218305,3727234,3276700,18446744073709551616,633218305,724970,633216989,3001241,0,0,0,8799,820,4028,0,12500
1786000233.075206336,0,633211467,0,0,0,0,0,633206324,14126,40200,0,0,797304504,752313409,0,0,0,633206324,14805,41100,0,577,100,0,0,633218307,3727234,3276700,18446744073709551616,633218307,724970,633216989,3001241,0,0,0,8799,820,4028,0,12500
1786000234.107219572,0,633211467,0,0,0,0,0,633206324,14126,40200,0,0,797307597,752316460,0,0,0,633206324,14805,41100,0,577,100,0,0,633218309,3727234,3276700,18446744073709551616,633218309,724970,633216989,3001241,0,0,0,8799,820,4028,0,12500
1786000235.140861170,0,633211467,0,0,0,0,0,633206324,14126,40200,0,0,797310699,752319456,0,0,0,633206324,14805,41100,0,577,100,0,0,633218311,3727234,3276700,18446744073709551616,633218311,724970,633216989,3001241,0,0,0,8799,820,4028,0,12500
1786000236.175792485,0,633211467,0,0,0,0,0,633206324,14126,40200,0,0,797313803,752322554,0,0,0,633206324,14805,41100,0,577,100,0,0,633218313,3727234,3276700,18446744073709551616,633218313,724970,633216989,3001241,0,0,0,8799,820,4028,0,12500
1786000237.209758534,0,633211467,0,0,0,0,0,633206324,14126,40200,0,0,797316906,752325649,0,0,0,633206324,14805,41100,0,577,100,0,0,633218315,3727234,3276700,18446744073709551616,633218315,724970,633216989,3001241,0,0,0,8799,820,4028,0,12500
1786000238.243025180,0,633211467,0,0,0,0,0,633206324,14126,40200,0,0,797320004,752328742,0,0,0,633206324,14805,41100,0,577,100,0,0,633218317,3727234,3276700,18446744073709551616,633218317,724970,633216989,3001241,0,0,0,8799,820,4028,0,12500
1786000239.275783956,0,633211467,0,0,0,0,0,633206324,14126,40200,0,0,797323104,752331834,0,0,0,633206324,14805,41100,0,577,100,0,0,633218319,3727234,3276700,18446744073709551616,633218319,724970,633216989,3001241,0,0,0,8799,820,4028,0,12500
1786000240.309080781,0,633211467,0,0,0,0,0,633206324,14126,40200,0,0,797326205,752334847,0,0,0,633206324,14805,41100,0,577,100,0,0,633218321,3727234,3276700,18446744073709551616,633218321,724970,633216989,3001241,0,0,0,8799,820,4028,0,12500
1786000241.342321238,0,633211467,0,0,0,0,0,633206324,14126,40200,0,0,797329305,752337887,0,0,0,633206324,14805,41100,0,577,100,0,0,633218323,3727234,3276700,18446744073709551616,633218323,724970,633216989,3001241,0,0,0,8799,820,4028,0,12500
1786000242.374736116,0,633211467,0,0,0,0,0,633206324,14126,40200,0,0,797332402,752340956,0,0,0,633206324,14805,41100,0,577,100,0,0,633218325,3727234,3276700,18446744073709551616,633218325,724970,633216989,3001241,0,0,0,8799,820,4028,0,12500
1786000243.405598428,0,633211467,0,0,0,0,0,633206324,14126,40200,0,0,797335494,752344044,0,0,0,633206324,14805,41100,0,577,100,0,0,633218327,3727234,3276700,18446744073709551616,633218327,724970,633216989,3001241,0,0,0,8799,820,4028,0,12500
1786000244.435307235,0,633211467,0,0,0,0,0,633206324,14126,40200,0,0,797338583,752347127,0,0,0,633206324,14805,41100,0,577,100,0,0,633218329,3727234,3276700,18446744073709551616,633218329,724970,633216989,3001241,0,0,0,8799,820,4028,0,12500
1786000245.465389067,0,633211467,0,0,0,0,0,633206324,14126,40200,0,0,797341676,752350215,0,0,0,633206324,14805,41100,0,577,100,0,0,633218331,3727234,3276700,18446744073709551616,633218331,724970,633216989,3001241,0,0,0,8799,820,4028,0,12500
1786000246.495888703,0,633211467,0,0,0,0,0,633206324,14126,40200,0,0,797344763,752353166,0,0,0,633206324,14805,41100,0,577,100,0,0,633218333,3727234,3276700,18446744073709551616,633218333,724970,633216989,3001241,0,0,0,8799,820,4028,0,12500
1786000247.526438515,0,633211467,0,0,0,0,0,633206324,14126,40200,0,0,797347855,752356242,0,0,0,633206324,14805,41100,0,577,100,0,0,633218336,3727234,3276700,18446744073709551616,633218336,724970,633216989,3001241,0,0,0,8799,820,4028,0,12500
1786000248.558322369,0,633211467,0,0,0,0,0,633206324,14126,40200,0,0,797350950,752359332,0,0,0,633206324,14805,41100,0,577,100,0,0,633218340,3727234,3276700,18446744073709551616,633218340,724970,633216989,3001241,0,0,0,8799,820,4028,0,12500
1786000249.590533887,0,633211467,0,0,0,0,0,633206324,14126,40200,0,0,797354047,752362422,0,0,0,633206324,14805,41100,0,577,100,0,0,633218344,3727234,3276700,18446744073709551616,633218344,724970,633216989,3001241,0,0,0,8799,820,4028,0,12500
1786000250.619511570,0,633211467,0,0,0,0,0,633206324,14126,40200,0,0,797357133,752365503,0,0,0,633206324,14805,41100,0,577,100,0,0,633218347,3727234,3276700,18446744073709551616,633218347,724970,633216989,3001241,0,0,0,8799,820,4028,0,12500
1786000251.650961214,0,633211467,0,0,0,0,0,633206324,14126,40200,0,0,797360227,752368582,0,0,0,633206324,14805,41100,0,577,100,0,0,633218349,3727234,3276700,18446744073709551616,633218349,724970,633216989,3001241,0,0,0,8799,820,4028,0,12500
1786000252.681428432,0,633211467,0,0,0,0,0,633206324,14126,40200,0,0,797363322,752371519,0,0,0,633206324,14805,41100,0,577,100,0,0,633218351,3727234,3276700,18446744073709551616,633218351,724970,633216989,3001241,0,0,0,8799,820,4028,0,12500
1786000253.716224492,0,633211467,0,0,0,0,0,633206324,14126,40200,0,0,797366424,752374616,0,0,0,633206324,14805,41100,0,577,100,0,0,633218353,3727234,3276700,18446744073709551616,633218353,724970,633216989,3001241,0,0,0,8799,820,4028,0,12500
1786000254.749356852,0,633211467,0,0,0,0,0,633206324,14126,40200,0,0,797369524,752377709,0,0,0,633206324,14805,41100,0,577,100,0,0,633218355,3727234,3276700,18446744073709551616,633218355,724970,633216989,3001241,0,0,0,8799,820,4028,0,12500
1786000255.782995743,0,633211467,0,0,0,0,0,633206324,14126,40200,0,0,797372625,752380804,0,0,0,633206324,14805,41100,0,577,100,0,0,633218357,3727234,3276700,18446744073709551616,633218357,724970,633216989,3001241,0,0,0,8799,820,4028,0,12500
1786000256.815838310,0,633211467,0,0,0,0,0,633206324,14126,40200,0,0,797375721,752383896,0,0,0,633206324,14805,41100,0,577,100,0,0,633218359,3727234,3276700,18446744073709551616,633218359,724970,633216989,3001241,0,0,0,8799,820,4028,0,12500
1786000257.847343869,0,633211467,0,0,0,0,0,633206324,14126,40200,0,0,797378816,752386930,0,0,0,633206324,14805,41100,0,577,100,0,0,633218361,3727234,3276700,18446744073709551616,633218361,724970,633216989,3001241,0,0,0,8799,820,4028,0,12500
1786000258.879603257,0,633211467,0,0,0,0,0,633206324,14126,40200,0,0,797381910,752389941,0,0,0,633206324,14805,41100,0,577,100,0,0,633218363,3727234,3276700,18446744073709551616,633218363,724970,633216989,3001241,0,0,0,8799,820,4028,0,12500
1786000259.912926159,0,633211467,0,0,0,0,0,633206324,14126,40200,0,0,797385008,752393034,0,0,0,633206324,14805,41100,0,577,100,0,0,633218365,3727234,3276700,18446744073709551616,633218365,724970,633216989,3001241,0,0,0,8799,820,4028,0,12500
1786000260.945611110,0,633211467,0,0,0,0,0,633206324,14126,40200,0,0,797388106,752396126,0,0,0,633206324,14805,41100,0,577,100,0,0,633218367,3727234,3276700,18446744073709551616,633218367,724970,633216989,3001241,0,0,0,8799,820,4028,0,12500
1786000261.975134544,0,633211467,0,0,0,0,0,633206324,14126,40200,0,0,797391198,752399211,0,0,0,633206324,14805,41100,0,577,100,0,0,633218369,3727234,3276700,18446744073709551616,633218369,724970,633216989,3001241,0,0,0,8799,820,4028,0,12500
1786000263.008003070,0,633211467,0,0,0,0,0,633206324,14126,40200,0,0,797394290,752402278,0,0,0,633206324,14805,41100,0,577,100,0,0,633218371,3727234,3276700,18446744073709551616,633218371,724970,633216989,3001241,0,0,0,8799,820,4028,0,12500
1786000264.040065901,0,633211467,0,0,0,0,0,633206324,14126,40200,0,0,797397386,752405268,0,0,0,633206324,14805,41100,0,577,100,0,0,633218373,3727234,3276700,18446744073709551616,633218373,724970,633216989,3001241,0,0,0,8799,820,4028,0,12500
1786000265.073113277,0,633211467,0,0,0,0,0,633206324,14126,40200,0,0,797400482,752408323,0,0,0,633206324,14805,41100,0,577,100,0,0,633218375,3727234,3276700,18446744073709551616,633218375,724970,633216989,3001241,0,0,0,8799,820,4028,0,12500
1786000266.105105215,0,633211467,0,0,0,0,0,633206324,14126,40200,0,0,797403578,752411414,0,0,0,633206324,14805,41100,0,577,100,0,0,633218377,3727234,3276700,18446744073709551616,633218377,724970,633216989,3001241,0,0,0,8799,820,4028,0,12500
1786000267.137351964,0,633211467,0,0,0,0,0,633206324,14126,40200,0,0,797406673,752414504,0,0,0,633206324,14805,41100,0,577,100,0,0,633218379,3727234,3276700,18446744073709551616,633218379,724970,633216989,3001241,0,0,0,8799,820,4028,0,12500
1786000268.169778800,0,633211467,0,0,0,0,0,633206324,14126,40200,0,0,797409771,752417596,0,0,0,633206324,14805,41100,0,577,100,0,0,633218381,3727234,3276700,18446744073709551616,633218381,724970,633216989,3001241,0,0,0,8799,820,4028,0,12500
1786000269.202363993,0,633211467,0,0,0,0,0,633206324,14126,40200,0,0,797412867,752420684,0,0,0,633206324,14805,41100,0,577,100,0,0,633218383,3727234,3276700,18446744073709551616,633218383,724970,633216989,3001241,0,0,0,8799,820,4028,0,12500
1786000270.234089597,0,633211467,0,0,0,0,0,633206324,14126,40200,0,0,797415962,752423641,0,0,0,633206324,14805,41100,0,577,100,0,0,633218385,3727234,3276700,18446744073709551616,633218385,724970,633216989,3001241,0,0,0,8799,820,4028,0,12500
1786000271.266560038,0,633211467,0,0,0,0,0,633206324,14126,40200,0,0,797419058,752426731,0,0,0,633206324,14805,41100,0,577,100,0,0,633218388,3727234,3276700,18446744073709551616,633218388,724970,633216989,3001241,0,0,0,8799,820,4028,0,12500
1786000272.298212502,0,633211467,0,0,0,0,0,633206324,14126,40200,0,0,797422151,752429817,0,0,0,633206324,14805,41100,0,577,100,0,0,633218392,3727234,3276700,18446744073709551616,633218392,724970,633216989,3001241,0,0,0,8799,820,4028,0,12500
1786000273.330911458,0,633211467,0,0,0,0,0,633206324,14126,40200,0,0,797425249,752432860,0,0,0,633206324,14805,41100,0,577,100,0,0,633218396,3727234,3276700,18446744073709551616,633218396,724970,633216989,3001241,0,0,0,8799,820,4028,0,12500
1786000274.361267708,0,633211467,0,0,0,0,0,633206324,14126,40200,0,0,797428342,752435947,0,0,0,633206324,14805,41100,0,577,100,0,0,633218399,3727234,3276700,18446744073709551616,633218399,724970,633216989,3001241,0,0,0,8799,820,4028,0,12500
1786000275.390332309,0,633211467,0,0,0,0,0,633206324,14126,40200,0,0,797431429,752438986,0,0,0,633206324,14805,41100,0,577,100,0,0,633218401,3727234,3276700,18446744073709551616,633218401,724970,633216989,3001241,0,0,0,8799,820,4028,0,12500
1786000276.423479437,0,633211467,0,0,0,0,0,633206324,14126,40200,0,0,797434526,752441984,0,0,0,633206324,14805,41100,0,577,100,0,0,633218403,3727234,3276700,18446744073709551616,633218403,724970,633216989,3001241,0,0,0,8799,820,4028,0,12500
1786000277.456099815,0,633211467,0,0,0,0,0,633206324,14126,40200,0,0,797437623,752445075,0,0,0,633206324,14805,41100,0,577,100,0,0,633218405,3727234,3276700,18446744073709551616,633218405,724970,633216989,3001241,0,0,0,8799,820,4028,0,12500
1786000278.488605423,0,633211467,0,0,0,0,0,633206324,14126,40200,0,0,797440721,752448168,0,0,0,633206324,14805,41100,0,577,100,0,0,633218407,3727234,3276700,18446744073709551616,633218407,724970,633216989,3001241,0,0,0,8799,820,4028,0,12500
1786000279.520738029,0,633211467,0,0,0,0,0,633206324,14126,40200,0,0,797443816,752451257,0,0,0,633206324,14805,41100,0,577,100,0,0,633218409,3727234,3276700,18446744073709551616,633218409,724970,633216989,3001241,0,0,0,8799,820,4028,0,12500
1786000280.549205235,0,633211467,0,0,0,0,0,633206324,14126,40200,0,0,797446905,752454341,0,0,0,633206324,14805,41100,0,577,100,0,0,633218411,3727234,3276700,18446744073709551616,633218411,724970,633216989,3001241,0,0,0,8799,820,4028,0,12500
1786000281.584742654,0,633211467,0,0,0,0,0,633206324,14126,40200,0,0,797450010,752457346,0,0,0,633206324,14805,41100,0,577,100,0,0,633218413,3727234,3276700,18446744073709551616,633218413,724970,633216989,3001241,0,0,0,8799,820,4028,0,12500
1786000282.612446334,0,633211467,0,0,0,0,0,633206324,14126,40200,0,0,797453091,752460381,0,0,0,633206324,14805,41100,0,577,100,0,0,633218415,3727234,3276700,18446744073709551616,633218415,724970,633216989,3001241,0,0,0,8799,820,4028,0,12500
1786000283.645132153,0,633211467,0,0,0,0,0,633206324,14126,40200,0,0,797456189,752463451,0,0,0,633206324,14805,41100,0,577,100,0,0,633218417,3727234,3276700,18446744073709551616,633218417,724970,633216989,3001241,0,0,0,8799,820,4028,0,12500
1786000284.678156580,0,633211467,0,0,0,0,0,633206324,14126,40200,0,0,797459287,752466544,0,0,0,633206324,14805,41100,0,577,100,0,0,633218419,3727234,3276700,18446744073709551616,633218419,724970,633216989,3001241,0,0,0,8799,820,4028,0,12500
1786000285.709931533,0,633211467,0,0,0,0,0,633206324,14126,40200,0,0,797462382,752469634,0,0,0,633206324,14805,41100,0,577,100,0,0,633218421,3727234,3276700,18446744073709551616,633218421,724970,633216989,3001241,0,0,0,8799,820,4028,0,12500
1786000286.743988575,0,633211467,0,0,0,0,0,633206324,14126,40200,0,0,797465483,752472729,0,0,0,633206324,14805,41100,0,577,100,0,0,633218423,3727234,3276700,18446744073709551616,633218423,724970,633216989,3001241,0,0,0,8799,820,4028,0,12500
1786000287.774392918,0,633211467,0,0,0,0,0,633206324,14126,40200,0,0,797468576,752475678,0,0,0,633206324,14805,41100,0,577,100,0,0,633218425,3727234,3276700,18446744073709551616,633218425,724970,633216989,3001241,0,0,0,8799,820,4028,0,12500
1786000288.803853285,0,633211467,0,0,0,0,0,633206324,14126,40200,0,0,797471662,752478757,0,0,0,633206324,14805,41100,0,577,100,0,0,633218427,3727234,3276700,18446744073709551616,633218427,724970,633216989,3001241,0,0,0,8799,820,4028,0,12500
1786000289.833309606,0,633211467,0,0,0,0,0,633206324,14126,40200,0,0,797474749,752481838,0,0,0,633206324,14805,41100,0,577,100,0,0,633218429,3727234,3276700,18446744073709551616,633218429,724970,633216989,3001241,0,0,0,8799,820,4028,0,12500
1786000290.864961686,0,633211467,0,0,0,0,0,633206324,14126,40200,0,0,797477846,752484929,0,0,0,633206324,14805,41100,0,577,100,0,0,633218431,3727234,3276700,18446744073709551616,633218431,724970,633216989,3001241,0,0,0,8799,820,4028,0,12500
1786000291.896774676,0,633211467,0,0,0,0,0,633206324,14126,40200,0,0,797480939,752488017,0,0,0,633206324,14805,41100,0,577,100,0,0,633218433,3727234,3276700,18446744073709551616,633218433,724970,633216989,3001241,0,0,0,8799,820,4028,0,12500
1786000292.927863239,0,633211467,0,0,0,0,0,633206324,14126,40200,0,0,797484031,752491091,0,0,0,633206324,14805,41100,0,577,100,0,0,633218435,3727234,3276700,18446744073709551616,633218435,724970,633216989,3001241,0,0,0,8799,820,4028,0,12500
1786000293.961392618,0,633211467,0,0,0,0,0,633206324,14126,40200,0,0,797487132,752494042,0,0,0,633206324,14805,41100,0,577,100,0,0,633218437,3727234,3276700,18446744073709551616,633218437,724970,633216989,3001241,0,0,0,8799,820,4028,0,12500
1786000294.994111097,0,633211467,0,0,0,0,0,633206324,14126,40200,0,0,797490228,752497132,0,0,0,633206324,14805,41100,0,577,100,0,0,633218439,3727234,3276700,18446744073709551616,633218439,724970,633216989,3001241,0,0,0,8799,820,4028,0,12500
1786000296.027491376,0,633211467,0,0,0,0,0,633206324,14126,40200,0,0,797493326,752500225,0,0,0,633206324,14805,41100,0,577,100,0,0,633218441,3727234,3276700,18446744073709551616,633218441,724970,633216989,3001241,0,0,0,8799,820,4028,0,12500
1786000297.059563244,0,633211467,0,0,0,0,0,633206324,14126,40200,0,0,797496427,752503319,0,0,0,633206324,14805,41100,0,577,100,0,0,633218443,3727234,3276700,18446744073709551616,633218443,724970,633216989,3001241,0,0,0,8799,820,4028,0,12500
1786000298.090289627,0,633211467,0,0,0,0,0,633206324,14126,40200,0,0,797499519,752506405,0,0,0,633206324,14805,41100,0,577,100,0,0,633218445,3727234,3276700,18446744073709551616,633218445,724970,633216989,3001241,0,0,0,8799,820,4028,0,12500
1786000299.119922564,0,633211467,0,0,0,0,0,633206324,14126,40200,0,0,797502605,752509427,0,0,0,633206324,14805,41100,0,577,100,0,0,633218447,3727234,3276700,18446744073709551616,633218447,724970,633216989,3001241,0,0,0,8799,820,4028,0,12500
1786000300.152538433,0,633211467,0,0,0,0,0,633206324,14126,40200,0,0,797505704,752512445,0,0,0,633206324,14805,41100,0,577,100,0,0,633218449,3727234,3276700,18446744073709551616,633218449,724970,633216989,3001241,0,0,0,8799,820,4028,0,12500
