ts,cmd_get,cmd_set,get_hits,get_misses,rcount,ravg,rp99,wcount,wavg,wp99,badcrc,err5,cpu_total,cpu_idle,re2ec,re2ea,re2ep99,we2ec,we2ea,we2ep99,radmit,wadmit,wret,waitenq,yields,srvc,srva,srvp50,srvp99,quec,quea,bkc,bka,rxfer,rcrypto,rsync,wxfer,wcrypto,wsync,rp50,wp50
1786097669.832147954,239961133,0,239961132,0,239941026,17749,51400,0,0,0,0,0,1088827929,919823694,239941026,22624,70500,0,0,0,4874,0,0,0,0,239953849,253856,241300,504400,239953849,58014,239942729,195067,14716,593,32,0,0,0,15100,0
1786097670.861514145,239961133,0,239961132,0,239941026,17749,51400,0,0,0,0,0,1088831019,919826777,239941026,22624,70500,0,0,0,4874,0,0,0,0,239953851,253856,241300,504400,239953851,58014,239942729,195067,14716,593,32,0,0,0,15100,0
1786097671.893504583,239961133,0,239961132,0,239941026,17749,51400,0,0,0,0,0,1088834115,919829822,239941026,22624,70500,0,0,0,4874,0,0,0,0,239953853,253856,241300,504400,239953853,58014,239942729,195067,14716,593,32,0,0,0,15100,0
1786097672.925923168,239961133,0,239961132,0,239941026,17749,51400,0,0,0,0,0,1088837209,919832800,239941026,22624,70500,0,0,0,4874,0,0,0,0,239953855,253857,241300,504400,239953855,58014,239942729,195067,14716,593,32,0,0,0,15100,0
1786097673.957563437,239961133,0,239961132,0,239941026,17749,51400,0,0,0,0,0,1088840305,919835890,239941026,22624,70500,0,0,0,4874,0,0,0,0,239953857,253857,241300,504400,239953857,58014,239942729,195067,14716,593,32,0,0,0,15100,0
1786097674.987196710,239961133,0,239961132,0,239941026,17749,51400,0,0,0,0,0,1088843396,919838953,239941026,22624,70500,0,0,0,4874,0,0,0,0,239953859,253857,241300,504400,239953859,58014,239942729,195067,14716,593,32,0,0,0,15100,0
1786097676.019632806,239961133,0,239961132,0,239941026,17749,51400,0,0,0,0,0,1088846487,919841999,239941026,22624,70500,0,0,0,4874,0,0,0,0,239953861,253857,241300,504400,239953861,58014,239942729,195067,14716,593,32,0,0,0,15100,0
1786097677.052081266,239961133,0,239961132,0,239941026,17749,51400,0,0,0,0,0,1088849585,919845090,239941026,22624,70500,0,0,0,4874,0,0,0,0,239953863,253857,241300,504400,239953863,58015,239942729,195067,14716,593,32,0,0,0,15100,0
1786097678.084115426,239961133,0,239961132,0,239941026,17749,51400,0,0,0,0,0,1088852679,919848149,239941026,22624,70500,0,0,0,4874,0,0,0,0,239953865,253857,241300,504400,239953865,58015,239942729,195067,14716,593,32,0,0,0,15100,0
1786097679.116118644,239961133,0,239961132,0,239941026,17749,51400,0,0,0,0,0,1088855774,919851200,239941026,22624,70500,0,0,0,4874,0,0,0,0,239953867,253857,241300,504400,239953867,58015,239942729,195067,14716,593,32,0,0,0,15100,0
1786097680.148597664,239961133,0,239961132,0,239941026,17749,51400,0,0,0,0,0,1088858871,919854291,239941026,22624,70500,0,0,0,4874,0,0,0,0,239953869,253857,241300,504400,239953869,58015,239942729,195067,14716,593,32,0,0,0,15100,0
1786097681.180298668,239961133,0,239961132,0,239941026,17749,51400,0,0,0,0,0,1088861968,919857328,239941026,22624,70500,0,0,0,4874,0,0,0,0,239953871,253857,241300,504400,239953871,58015,239942729,195067,14716,593,32,0,0,0,15100,0
1786097682.211899155,239961133,0,239961132,0,239941026,17749,51400,0,0,0,0,0,1088865061,919860396,239941026,22624,70500,0,0,0,4874,0,0,0,0,239953873,253857,241300,504400,239953873,58015,239942729,195067,14716,593,32,0,0,0,15100,0
1786097683.243400228,239961133,0,239961132,0,239941026,17749,51400,0,0,0,0,0,1088868154,919863461,239941026,22624,70500,0,0,0,4874,0,0,0,0,239953875,253857,241300,504400,239953875,58015,239942729,195067,14716,593,32,0,0,0,15100,0
1786097684.275385544,239961133,0,239961132,0,239941026,17749,51400,0,0,0,0,0,1088871248,919866495,239941026,22624,70500,0,0,0,4874,0,0,0,0,239953877,253857,241300,504400,239953877,58015,239942729,195067,14716,593,32,0,0,0,15100,0
1786097690.402620466,0,0,0,0,0,0,0,0,0,0,0,0,1088889620,919884481,0,0,0,0,0,0,0,0,0,0,0,0,0,0,0,0,0,0,0,0,0,0,0,0,0,0,0
1786097691.433046487,0,0,0,0,0,0,0,0,0,0,0,0,1088892713,919887510,0,0,0,0,0,0,0,0,0,0,0,4,8329582,169000,18446744073709551616,4,4111028,0,0,0,0,0,0,0,0,0,0
1786097692.463033487,0,0,0,0,0,0,0,0,0,0,0,0,1088895800,919890561,0,0,0,0,0,0,0,0,0,0,0,8,5069523,172000,18446744073709551616,8,2488474,0,0,0,0,0,0,0,0,0,0
1786097693.491216287,0,0,0,0,0,0,0,0,0,0,0,0,1088898890,919893550,0,0,0,0,0,0,0,0,0,0,0,10,4742528,3276700,18446744073709551616,10,2327478,0,0,0,0,0,0,0,0,0,0
1786097694.513838894,0,753829,0,0,0,0,0,754328,32762,625700,0,0,1088901706,919894924,0,0,0,755286,55286,870500,0,22045,534,0,0,755764,422872,242300,2187600,756484,78830,756944,342458,0,0,0,28626,2361,23,0,7700
1786097695.667296516,0,226061,0,0,0,0,0,163787,19599,180800,0,0,1088905108,919897942,0,0,0,163787,34198,658600,0,14406,191,0,0,164066,259025,143000,1432000,164066,42911,164064,214483,0,0,0,18617,739,15,0,5700
1786097696.700068916,0,226061,0,0,0,0,0,163787,19599,180800,0,0,1088908205,919900961,0,0,0,163787,34198,658600,0,14406,191,0,0,164070,259180,143000,1433100,164070,42989,164064,214483,0,0,0,18617,739,15,0,5700
1786097697.733864861,0,226061,0,0,0,0,0,163787,19599,180800,0,0,1088911306,919904030,0,0,0,163787,34198,658600,0,14406,191,0,0,164074,259241,143000,1433700,164074,43020,164064,214483,0,0,0,18617,739,15,0,5700
1786097698.765454851,0,226061,0,0,0,0,0,163787,19599,180800,0,0,1088914399,919907072,0,0,0,163787,34198,658600,0,14406,191,0,0,164078,259363,143000,1434100,164078,43082,164064,214483,0,0,0,18617,739,15,0,5700
1786097699.795801505,0,226061,0,0,0,0,0,163787,19599,180800,0,0,1088917490,919910099,0,0,0,163787,34198,658600,0,14406,191,0,0,164080,259426,143000,1434300,164080,43114,164064,214483,0,0,0,18617,739,15,0,5700
1786097700.828300793,0,226061,0,0,0,0,0,163787,19599,180800,0,0,1088920585,919913171,0,0,0,163787,34198,658600,0,14406,191,0,0,164084,259528,143000,1434600,164084,43167,164064,214483,0,0,0,18617,739,15,0,5700
1786097701.860141215,0,226061,0,0,0,0,0,163787,19599,180800,0,0,1088923682,919916213,0,0,0,163787,34198,658600,0,14406,191,0,0,164086,259591,143000,1434700,164086,43199,164064,214483,0,0,0,18617,739,15,0,5700
1786097702.888577781,0,226061,0,0,0,0,0,163787,19599,180800,0,0,1088926767,919919274,0,0,0,163787,34198,658600,0,14406,191,0,0,164088,259651,143000,1434800,164088,43229,164064,214483,0,0,0,18617,739,15,0,5700
1786097703.920903205,0,226061,0,0,0,0,0,163787,19599,180800,0,0,1088929862,919922341,0,0,0,163787,34198,658600,0,14406,191,0,0,164090,259710,143000,1434900,164090,43258,164064,214483,0,0,0,18617,739,15,0,5700
1786097704.952759223,0,226061,0,0,0,0,0,163787,19599,180800,0,0,1088932957,919925367,0,0,0,163787,34198,658600,0,14406,191,0,0,164092,259771,143000,1435000,164092,43290,164064,214483,0,0,0,18617,739,15,0,5700
1786097705.985388252,0,226061,0,0,0,0,0,163787,19599,180800,0,0,1088936053,919928453,0,0,0,163787,34198,658600,0,14406,191,0,0,164094,259834,143000,1435100,164094,43322,164064,214483,0,0,0,18617,739,15,0,5700
1786097707.019053947,0,226061,0,0,0,0,0,163787,19599,180800,0,0,1088939156,919931548,0,0,0,163787,34198,658600,0,14406,191,0,0,164096,259894,143000,1435100,164096,43352,164064,214483,0,0,0,18617,739,15,0,5700
1786097708.053080889,0,226061,0,0,0,0,0,163787,19599,180800,0,0,1088942256,919934572,0,0,0,163787,34198,658600,0,14406,191,0,0,164098,259971,143000,1435300,164098,43391,164064,214483,0,0,0,18617,739,15,0,5700
1786097709.085425205,0,226061,0,0,0,0,0,163787,19599,180800,0,0,1088945353,919937663,0,0,0,163787,34198,658600,0,14406,191,0,0,164100,260056,143000,1435500,164100,43434,164064,214483,0,0,0,18617,739,15,0,5700
1786097710.119187949,0,226061,0,0,0,0,0,163787,19599,180800,0,0,1088948452,919940753,0,0,0,163787,34198,658600,0,14406,191,0,0,164102,260118,143000,1435600,164102,43465,164064,214483,0,0,0,18617,739,15,0,5700
1786097711.149403574,0,226061,0,0,0,0,0,163787,19599,180800,0,0,1088951546,919943776,0,0,0,163787,34198,658600,0,14406,191,0,0,164104,260187,143000,1435900,164104,43500,164064,214483,0,0,0,18617,739,15,0,5700
1786097712.181367282,0,226061,0,0,0,0,0,163787,19599,180800,0,0,1088954642,919946861,0,0,0,163787,34198,658600,0,14406,191,0,0,164106,260244,143000,1436300,164106,43529,164064,214483,0,0,0,18617,739,15,0,5700
1786097713.213066779,0,226061,0,0,0,0,0,163787,19599,180800,0,0,1088957731,919949930,0,0,0,163787,34198,658600,0,14406,191,0,0,164108,260306,143000,1436400,164108,43560,164064,214483,0,0,0,18617,739,15,0,5700
1786097714.245788997,0,226061,0,0,0,0,0,163787,19599,180800,0,0,1088960833,919952945,0,0,0,163787,34198,658600,0,14406,191,0,0,164110,260372,143000,1437300,164110,43593,164064,214483,0,0,0,18617,739,15,0,5700
1786097715.277321863,0,226061,0,0,0,0,0,163787,19599,180800,0,0,1088963925,919956033,0,0,0,163787,34198,658600,0,14406,191,0,0,164112,260436,143000,1437600,164112,43625,164064,214483,0,0,0,18617,739,15,0,5700
1786097716.307346482,0,226061,0,0,0,0,0,163787,19599,180800,0,0,1088967020,919959094,0,0,0,163787,34198,658600,0,14406,191,0,0,164114,260499,143000,1437700,164114,43657,164064,214483,0,0,0,18617,739,15,0,5700
1786097717.341107098,0,226061,0,0,0,0,0,163787,19599,180800,0,0,1088970116,919962143,0,0,0,163787,34198,658600,0,14406,191,0,0,164116,260560,143000,1437900,164116,43688,164064,214483,0,0,0,18617,739,15,0,5700
1786097718.374282085,0,226061,0,0,0,0,0,163787,19599,180800,0,0,1088973214,919965237,0,0,0,163787,34198,658600,0,14406,191,0,0,164118,260623,143000,1438100,164118,43720,164064,214483,0,0,0,18617,739,15,0,5700
1786097719.405581440,0,226061,0,0,0,0,0,163787,19599,180800,0,0,1088976307,919968284,0,0,0,163787,34198,658600,0,14406,191,0,0,164120,260687,143000,1438300,164120,43752,164064,214483,0,0,0,18617,739,15,0,5700
1786097720.440146814,0,226061,0,0,0,0,0,163787,19599,180800,0,0,1088979410,919971353,0,0,0,163787,34198,658600,0,14406,191,0,0,164122,260753,143000,1438500,164122,43786,164064,214483,0,0,0,18617,739,15,0,5700
1786097721.469396215,0,226061,0,0,0,0,0,163787,19599,180800,0,0,1088982497,919974435,0,0,0,163787,34198,658600,0,14406,191,0,0,164124,260813,143000,1438600,164124,43816,164064,214483,0,0,0,18617,739,15,0,5700
1786097722.501742311,0,226061,0,0,0,0,0,163787,19599,180800,0,0,1088985590,919977473,0,0,0,163787,34198,658600,0,14406,191,0,0,164126,260878,143000,1439400,164126,43849,164064,214483,0,0,0,18617,739,15,0,5700
1786097723.530600173,0,226061,0,0,0,0,0,163787,19599,180800,0,0,1088988678,919980535,0,0,0,163787,34198,658600,0,14406,191,0,0,164128,260939,143000,1440100,164128,43880,164064,214483,0,0,0,18617,739,15,0,5700
1786097724.559167134,0,226061,0,0,0,0,0,163787,19599,180800,0,0,1088991761,919983591,0,0,0,163787,34198,658600,0,14406,191,0,0,164130,260999,143000,1440400,164130,43910,164064,214483,0,0,0,18617,739,15,0,5700
1786097725.592309893,0,226061,0,0,0,0,0,163787,19599,180800,0,0,1088994858,919986618,0,0,0,163787,34198,658600,0,14406,191,0,0,164132,261059,143000,1440500,164132,43940,164064,214483,0,0,0,18617,739,15,0,5700
1786097726.624099343,0,226061,0,0,0,0,0,163787,19599,180800,0,0,1088997953,919989704,0,0,0,163787,34198,658600,0,14406,191,0,0,164134,261123,143100,1440800,164134,43973,164064,214483,0,0,0,18617,739,15,0,5700
1786097727.653921237,0,226061,0,0,0,0,0,163787,19599,180800,0,0,1089001041,919992786,0,0,0,163787,34198,658600,0,14406,191,0,0,164136,261178,143100,1441000,164136,44001,164064,214483,0,0,0,18617,739,15,0,5700
1786097728.686087334,0,226061,0,0,0,0,0,163787,19599,180800,0,0,1089004135,919995807,0,0,0,163787,34198,658600,0,14406,191,0,0,164138,261241,143100,1441200,164138,44032,164064,214483,0,0,0,18617,739,15,0,5700
1786097729.718851617,0,226061,0,0,0,0,0,163787,19599,180800,0,0,1089007232,919998898,0,0,0,163787,34198,658600,0,14406,191,0,0,164140,261302,143100,1441500,164140,44063,164064,214483,0,0,0,18617,739,15,0,5700
1786097730.747185606,0,226061,0,0,0,0,0,163787,19599,180800,0,0,1089010322,920001979,0,0,0,163787,34198,658600,0,14406,191,0,0,164142,261363,143100,1441700,164142,44094,164064,214483,0,0,0,18617,739,15,0,5700
1786097731.779167903,0,226061,0,0,0,0,0,163787,19599,180800,0,0,1089013412,920004998,0,0,0,163787,34198,658600,0,14406,191,0,0,164144,261421,143100,1443500,164144,44123,164064,214483,0,0,0,18617,739,15,0,5700
1786097732.812918655,0,226061,0,0,0,0,0,163787,19599,180800,0,0,1089016513,920008093,0,0,0,163787,34198,658600,0,14406,191,0,0,164146,261482,143100,1444100,164146,44154,164064,214483,0,0,0,18617,739,15,0,5700
1786097733.843896179,0,226061,0,0,0,0,0,163787,19599,180800,0,0,1089019606,920011158,0,0,0,163787,34198,658600,0,14406,191,0,0,164148,261541,143100,1444200,164148,44184,164064,214483,0,0,0,18617,739,15,0,5700
1786097734.875566473,0,226061,0,0,0,0,0,163787,19599,180800,0,0,1089022700,920014122,0,0,0,163787,34198,658600,0,14406,191,0,0,164150,261600,143100,1444400,164150,44214,164064,214483,0,0,0,18617,739,15,0,5700
1786097735.904528548,0,226061,0,0,0,0,0,163787,19599,180800,0,0,1089025785,920017202,0,0,0,163787,34198,658600,0,14406,191,0,0,164152,261661,143100,1444900,164152,44245,164064,214483,0,0,0,18617,739,15,0,5700
1786097736.934507314,0,226061,0,0,0,0,0,163787,19599,180800,0,0,1089028872,920020257,0,0,0,163787,34198,658600,0,14406,191,0,0,164154,261716,143100,1445700,164154,44273,164064,214483,0,0,0,18617,739,15,0,5700
1786097737.966862336,0,226061,0,0,0,0,0,163787,19599,180800,0,0,1089031968,920023304,0,0,0,163787,34198,658600,0,14406,191,0,0,164156,261775,143100,1445900,164156,44303,164064,214483,0,0,0,18617,739,15,0,5700
1786097739.000101620,0,226061,0,0,0,0,0,163787,19599,180800,0,0,1089035068,920026399,0,0,0,163787,34198,658600,0,14406,191,0,0,164158,261834,143100,1446100,164158,44332,164064,214483,0,0,0,18617,739,15,0,5700
1786097740.033017382,0,226061,0,0,0,0,0,163787,19599,180800,0,0,1089038165,920029470,0,0,0,163787,34198,658600,0,14406,191,0,0,164160,261893,143100,1446300,164160,44362,164064,214483,0,0,0,18617,739,15,0,5700
1786097741.065756354,0,226061,0,0,0,0,0,163787,19599,180800,0,0,1089041264,920032516,0,0,0,163787,34198,658600,0,14406,191,0,0,164162,261953,143100,1446600,164162,44393,164064,214483,0,0,0,18617,739,15,0,5700
1786097742.101262396,0,226061,0,0,0,0,0,163787,19599,180800,0,0,1089044370,920035617,0,0,0,163787,34198,658600,0,14406,191,0,0,164164,262014,143100,1446800,164164,44423,164064,214483,0,0,0,18617,739,15,0,5700
1786097743.133476279,0,226061,0,0,0,0,0,163787,19599,180800,0,0,1089047464,920038657,0,0,0,163787,34198,658600,0,14406,191,0,0,164166,262078,143100,1447800,164166,44456,164064,214483,0,0,0,18617,739,15,0,5700
1786097744.165511510,0,226061,0,0,0,0,0,163787,19599,180800,0,0,1089050561,920041728,0,0,0,163787,34198,658600,0,14406,191,0,0,164168,262137,143100,1447900,164168,44486,164064,214483,0,0,0,18617,739,15,0,5700
1786097745.198898597,0,226061,0,0,0,0,0,163787,19599,180800,0,0,1089053657,920044798,0,0,0,163787,34198,658600,0,14406,191,0,0,164170,262198,143100,1449000,164170,44517,164064,214483,0,0,0,18617,739,15,0,5700
1786097746.230581490,0,226061,0,0,0,0,0,163787,19599,180800,0,0,1089056752,920047839,0,0,0,163787,34198,658600,0,14406,191,0,0,164172,262262,143100,1449400,164172,44549,164064,214483,0,0,0,18617,739,15,0,5700
1786097747.261624952,0,226061,0,0,0,0,0,163787,19599,180800,0,0,1089059844,920050906,0,0,0,163787,34198,658600,0,14406,191,0,0,164174,262326,143100,1449700,164174,44581,164064,214483,0,0,0,18617,739,15,0,5700
1786097748.290700193,0,226061,0,0,0,0,0,163787,19599,180800,0,0,1089062934,920053989,0,0,0,163787,34198,658600,0,14406,191,0,0,164176,262385,143100,1450000,164176,44611,164064,214483,0,0,0,18617,739,15,0,5700
1786097749.320487839,0,226061,0,0,0,0,0,163787,19599,180800,0,0,1089066020,920056999,0,0,0,163787,34198,658600,0,14406,191,0,0,164178,262441,143100,1454400,164178,44640,164064,214483,0,0,0,18617,739,15,0,5700
1786097750.353413291,0,226061,0,0,0,0,0,163787,19599,180800,0,0,1089069116,920060090,0,0,0,163787,34198,658600,0,14406,191,0,0,164180,262503,143100,1454600,164180,44671,164064,214483,0,0,0,18617,739,15,0,5700
1786097751.386278608,0,226061,0,0,0,0,0,163787,19599,180800,0,0,1089072216,920063184,0,0,0,163787,34198,658600,0,14406,191,0,0,164182,262562,143100,1454800,164182,44701,164064,214483,0,0,0,18617,739,15,0,5700
1786097752.418124958,0,226061,0,0,0,0,0,163787,19599,180800,0,0,1089075310,920066203,0,0,0,163787,34198,658600,0,14406,191,0,0,164184,262622,143100,1455000,164184,44731,164064,214483,0,0,0,18617,739,15,0,5700
1786097753.450138033,0,226061,0,0,0,0,0,163787,19599,180800,0,0,1089078405,920069293,0,0,0,163787,34198,658600,0,14406,191,0,0,164186,262683,143100,1455100,164186,44762,164064,214483,0,0,0,18617,739,15,0,5700
1786097754.482424426,0,226061,0,0,0,0,0,163787,19599,180800,0,0,1089081500,920072360,0,0,0,163787,34198,658600,0,14406,191,0,0,164188,262744,143100,1455200,164188,44793,164064,214483,0,0,0,18617,739,15,0,5700
1786097755.518608408,0,226061,0,0,0,0,0,163787,19599,180800,0,0,1089084604,920075398,0,0,0,163787,34198,658600,0,14406,191,0,0,164190,262805,143100,1455400,164190,44824,164064,214483,0,0,0,18617,739,15,0,5700
1786097756.550201128,0,226061,0,0,0,0,0,163787,19599,180800,0,0,1089087701,920078489,0,0,0,163787,34198,658600,0,14406,191,0,0,164192,262864,143100,1455500,164192,44854,164064,214483,0,0,0,18617,739,15,0,5700
1786097757.581179472,0,226061,0,0,0,0,0,163787,19599,180800,0,0,1089090793,920081568,0,0,0,163787,34198,658600,0,14406,191,0,0,164194,262923,143100,1455600,164194,44883,164064,214483,0,0,0,18617,739,15,0,5700
1786097758.612787194,0,226061,0,0,0,0,0,163787,19599,180800,0,0,1089093887,920084594,0,0,0,163787,34198,658600,0,14406,191,0,0,164197,263013,143100,1455900,164197,44914,164064,214483,0,0,0,18617,739,15,0,5700
1786097759.647272286,3,226061,3,0,3,59381,60700,163787,19599,180800,0,0,1089096988,920087689,3,72415,78300,163787,34198,658600,13033,14406,191,0,0,164203,263070,143100,1456100,164203,44943,164067,214481,11938,15984,60,18617,739,15,59600,5700
1786097760.677849517,6,226061,6,0,6,58240,60700,163787,19599,180800,0,0,1089100077,920090726,6,70767,78300,163787,34198,658600,12527,14406,191,0,0,164209,263128,143100,1456400,164209,44974,164070,214480,11577,15720,75,18617,739,15,57700,5700
1786097761.710088728,7,226061,7,0,7,64535,102300,163787,19599,180800,0,0,1089103172,920093795,7,77388,117100,163787,34198,658600,12852,14406,191,0,0,164213,263184,143100,1456500,164213,45003,164071,214479,11498,26470,67,18617,739,15,58300,5700
1786097762.743224563,7,226061,7,0,7,64535,102300,163787,19599,180800,0,0,1089106269,920096886,7,77388,117100,163787,34198,658600,12852,14406,191,0,0,164217,263243,143100,1456800,164217,45034,164071,214479,11498,26470,67,18617,739,15,58300,5700
1786097763.775538038,7,226061,7,0,7,64535,102300,163787,19599,180800,0,0,1089109366,920099946,7,77388,117100,163787,34198,658600,12852,14406,191,0,0,164221,263332,143100,1457000,164221,45064,164071,214479,11498,26470,67,18617,739,15,58300,5700
1786097764.807552086,7,226061,7,0,7,64535,102300,163787,19599,180800,0,0,1089112462,920102996,7,77388,117100,163787,34198,658600,12852,14406,191,0,0,164225,263390,143100,1457100,164225,45094,164071,214479,11498,26470,67,18617,739,15,58300,5700
1786097765.839928607,7,226061,7,0,7,64535,102300,163787,19599,180800,0,0,1089115555,920106060,7,77388,117100,163787,34198,658600,12852,14406,191,0,0,164229,263476,143100,1457300,164229,45124,164071,214479,11498,26470,67,18617,739,15,58300,5700
1786097766.872072552,7,226061,7,0,7,64535,102300,163787,19599,180800,0,0,1089118650,920109082,7,77388,117100,163787,34198,658600,12852,14406,191,0,0,164233,263533,143100,1457300,164233,45154,164071,214479,11498,26470,67,18617,739,15,58300,5700
1786097767.903307507,7,226061,7,0,7,64535,102300,163787,19599,180800,0,0,1089121745,920112170,7,77388,117100,163787,34198,658600,12852,14406,191,0,0,164237,263628,143100,1458200,164237,45187,164071,214479,11498,26470,67,18617,739,15,58300,5700
1786097768.937151229,2936514,226061,2936514,0,2942109,20439,73000,163787,19599,180800,0,0,1089124845,920114485,2961759,26070,126000,163787,34198,658600,5729,14406,191,0,0,3140067,659664,498700,18446744073709551616,3151973,150505,3161555,507640,17556,630,43,18617,739,15,15300,5700
1786097769.977118872,13033247,0,13033246,0,13021533,17576,47500,0,0,0,0,0,1089127962,920114501,13039197,22283,81600,0,0,0,4719,0,0,0,0,13057038,520431,495200,989400,13066305,112258,13074612,407694,14699,573,30,0,0,0,15100,0
1786097771.013587826,26374438,0,26374437,0,26364974,17478,47600,0,0,0,0,0,1089131054,920114509,26384258,22167,81300,0,0,0,4696,0,0,0,0,26403397,519326,497200,969700,26413180,111535,26423877,407152,14571,572,30,0,0,0,15100,0
1786097772.063394302,40034490,0,40034489,0,40022346,17427,47600,0,0,0,0,0,1089134218,920114509,40077702,22102,80400,0,0,0,4682,0,0,0,0,40103414,516985,496600,958700,40147737,111098,40157317,405293,14541,572,29,0,0,0,15100,0
1786097773.092768785,53175452,0,53175451,0,53163934,17500,47800,0,0,0,0,0,1089137305,920114518,53182662,22201,81000,0,0,0,4703,0,0,0,0,53201136,519986,498600,968500,53211116,111733,53220271,407617,14566,573,30,0,0,0,15200,0
1786097774.125092750,66654338,0,66654338,0,66643686,17446,47800,0,0,0,0,0,1089140394,920114518,66661974,22129,80600,0,0,0,4685,0,0,0,0,66680198,518179,498000,961300,66689034,111275,66699178,406276,14514,572,29,0,0,0,15100,0
1786097775.164831197,80276935,0,80276934,0,80266767,17408,47700,0,0,0,0,0,1089143521,920114521,80287482,22079,80200,0,0,0,4673,0,0,0,0,80306069,516856,497300,957400,80317636,111010,80327373,405211,14479,571,29,0,0,0,15100,0
1786097776.199251398,93291293,0,93291292,0,93280321,17478,47800,0,0,0,0,0,1089146623,920114539,93298193,22173,80600,0,0,0,4696,0,0,0,0,93316539,518855,497600,967700,93327980,111496,93337154,406725,14541,572,29,0,0,0,15100,0
1786097777.233551123,106814985,0,106814984,0,106803926,17460,47700,0,0,0,0,0,1089149726,920114539,106824328,22147,80100,0,0,0,4688,0,0,0,0,106844316,517641,497000,963900,106855150,111422,106866510,405581,14526,571,29,0,0,0,15200,0
1786097778.267354236,120172966,0,120172965,0,120160747,17459,47700,0,0,0,0,0,1089152826,920114543,120176665,22147,79800,0,0,0,4688,0,0,0,0,120193349,517371,496700,963100,120202092,111396,120210892,405354,14525,571,29,0,0,0,15200,0
1786097779.297324129,133255592,0,133255591,0,133243589,17494,47800,0,0,0,0,0,1089155916,920114565,133258749,22190,79900,0,0,0,4696,0,0,0,0,133273513,518294,497000,967600,133281159,111712,133289328,405942,14552,572,29,0,0,0,15200,0
1786097780.328875446,146747345,0,146747344,0,146736349,17478,47800,0,0,0,0,0,1089159007,920114568,146754978,22169,79700,0,0,0,4691,0,0,0,0,146774289,517542,496600,964400,146784858,111593,146794332,405312,14540,571,29,0,0,0,15200,0
1786097781.362275511,160232251,0,160232250,0,160221114,17468,47800,0,0,0,0,0,1089162109,920114568,160240428,22153,79400,0,0,0,4686,0,0,0,0,160259690,516785,496200,961800,160271372,111547,160282256,404605,14532,571,29,0,0,0,15200,0
1786097782.393004823,173373960,0,173373959,0,173362563,17488,47900,0,0,0,0,0,1089165198,920114580,173381514,22181,79500,0,0,0,4693,0,0,0,0,173400160,517557,496600,964800,173410071,111721,173419714,405202,14550,571,29,0,0,0,15200,0
1786097783.428165088,186872418,0,186872418,0,186861862,17473,47800,0,0,0,0,0,1089168306,920114580,186881540,22161,79400,0,0,0,4688,0,0,0,0,186900128,516974,496400,962000,186911280,111582,186921586,404756,14537,571,29,0,0,0,15200,0
1786097784.463715545,200150099,0,200150098,0,200138589,17488,47900,0,0,0,0,0,1089171409,920114594,200157125,22180,79400,0,0,0,4692,0,0,0,0,200174175,517333,496400,964200,200183702,111731,200192230,404965,14549,571,29,0,0,0,15200,0
1786097785.502795918,213642369,0,213642368,0,213631734,17485,47800,0,0,0,0,0,1089174526,920114595,213651533,22175,79400,0,0,0,4690,0,0,0,0,213671255,517131,496400,963300,213680997,111693,213689919,404799,14546,571,29,0,0,0,15200,0
1786097786.535735999,226973324,0,226973323,0,226962345,17486,47800,0,0,0,0,0,1089177624,920114609,226981550,22177,79500,0,0,0,4691,0,0,0,0,227001335,517327,496500,963900,227012691,111690,227022007,405001,14547,571,29,0,0,0,15200,0
1786097787.572252196,240341184,0,240341183,0,240330098,17485,47900,0,0,0,0,0,1089180728,920114611,240349639,22177,79500,0,0,0,4692,0,0,0,0,240368971,517449,496600,964200,240379092,111686,240388990,405125,14546,571,29,0,0,0,15200,0
1786097788.608221226,253671604,0,253671603,0,253660648,17487,47900,0,0,0,0,0,1089183830,920114616,253679115,22180,79600,0,0,0,4693,0,0,0,0,253697525,517499,496600,965000,253706550,111695,253716385,405165,14548,571,29,0,0,0,15200,0
1786097789.641059231,267290659,0,267290658,0,267279394,17475,47900,0,0,0,0,0,1089186942,920114617,267298255,22163,79400,0,0,0,4688,0,0,0,0,267316659,516839,496100,963200,267326257,111595,267335968,404605,14537,570,29,0,0,0,15200,0
1786097790.672404877,280466900,0,280466900,0,280455280,17484,47900,0,0,0,0,0,1089190032,920114622,280472660,22176,79500,0,0,0,4692,0,0,0,0,280490237,517198,496300,965000,280500153,111660,280509847,404902,14546,571,29,0,0,0,15200,0
1786097791.702950485,293872129,0,293872128,0,293860571,17476,47900,0,0,0,0,0,1089193123,920114626,293878368,22167,79500,0,0,0,4691,0,0,0,0,293897834,517094,496400,964300,293907444,111576,293916409,404883,14538,570,29,0,0,0,15200,0
1786097792.735362707,307269800,0,307269799,0,307258506,17470,47900,0,0,0,0,0,1089196220,920114632,307276456,22159,79500,0,0,0,4689,0,0,0,0,307293557,516901,496400,963300,307303409,111508,307311106,404757,14532,570,29,0,0,0,15200,0
1786097793.766023791,320481218,0,320481217,0,320470291,17477,47900,0,0,0,0,0,1089199310,920114648,320490194,22168,79600,0,0,0,4691,0,0,0,0,320509081,517033,496300,964600,320519125,111569,320528997,404828,14539,570,29,0,0,0,15200,0
1786097794.798691750,333815191,0,333815190,0,333804530,17480,47900,0,0,0,0,0,1089202410,920114664,333821951,22172,79500,0,0,0,4691,0,0,0,0,333839519,516933,496100,964600,333848741,111592,333858037,404705,14542,571,29,0,0,0,15200,0
1786097795.830482374,347294044,0,347294043,0,347283010,17478,47800,0,0,0,0,0,1089205503,920114669,347302233,22166,79400,0,0,0,4688,0,0,0,0,347321076,516427,495600,963300,347330975,111557,347340127,404232,14540,570,29,0,0,0,15200,0
1786097796.868978974,360026277,0,360026276,0,360015374,17511,47800,0,0,0,0,0,1089208621,920114677,360034044,22209,79500,0,0,0,4698,0,0,0,0,360052911,517575,496000,967300,360062775,111807,360071006,405130,14568,571,29,0,0,0,15200,0
1786097797.903370673,373427617,0,373427617,0,373415994,17508,47800,0,0,0,0,0,1089211721,920114677,373434578,22205,79500,0,0,0,4697,0,0,0,0,373452277,517497,495900,967400,373463095,111784,373471777,405076,14565,571,29,0,0,0,15200,0
1786097798.937776960,386955158,0,386955157,0,386944650,17502,47800,0,0,0,0,0,1089214822,920114685,386963799,22196,79300,0,0,0,4694,0,0,0,0,386983143,517224,495700,966400,386992646,111736,387003383,404849,14560,571,29,0,0,0,15200,0
1786097799.974797025,400147903,0,400147903,0,400136611,17510,47900,0,0,0,0,0,1089217934,920114698,400153664,22206,79400,0,0,0,4695,0,0,0,0,400170610,517413,495700,967400,400180981,111788,400189243,404988,14566,572,29,0,0,0,15200,0
1786097801.005262195,413670829,0,413670828,0,413659890,17503,47800,0,0,0,0,0,1089221025,920114698,413678069,22195,79300,0,0,0,4692,0,0,0,0,413698132,517116,495600,966100,413707297,111730,413716698,404747,14559,572,29,0,0,0,15200,0
1786097802.036946996,427202858,0,427202857,0,427191629,17496,47800,0,0,0,0,0,1089224119,920114698,427210740,22186,79200,0,0,0,4689,0,0,0,0,427229543,516742,495400,964900,427240702,111686,427250807,404418,14554,571,29,0,0,0,15200,0
1786097803.070306581,440392038,0,440392038,0,440380547,17503,47900,0,0,0,0,0,1089227218,920114703,440399069,22195,79300,0,0,0,4691,0,0,0,0,440418463,516987,495500,965700,440429197,111722,440438211,404625,14559,572,29,0,0,0,15200,0
1786097804.102035601,453864068,0,453864067,0,453852431,17500,47900,0,0,0,0,0,1089230313,920114705,453870304,22190,79200,0,0,0,4689,0,0,0,0,453887355,516699,495300,965000,453897167,111673,453905164,404387,14556,572,29,0,0,0,15200,0
1786097805.135582049,467361496,0,467361496,0,467350001,17496,47800,0,0,0,0,0,1089233411,920114706,467367480,22184,79100,0,0,0,4687,0,0,0,0,467385371,516480,495200,964300,467394269,111652,467403735,404190,14553,572,29,0,0,0,15200,0
1786097806.170943785,480463366,0,480463366,0,480452227,17507,47900,0,0,0,0,0,1089236517,920114716,480471745,22198,79200,0,0,0,4691,0,0,0,0,480490427,516832,495300,966200,480501086,111741,480510854,404452,14562,572,29,0,0,0,15200,0
1786097807.203792697,493740615,0,493740614,0,493729137,17508,47900,0,0,0,0,0,1089239608,920114726,493747850,22200,79200,0,0,0,4692,0,0,0,0,493765770,516906,495400,966100,493776708,111744,493785955,404524,14563,572,29,0,0,0,15200,0
1786097808.239513966,507259445,0,507259444,0,507248083,17503,47800,0,0,0,0,0,1089242722,920114736,507266840,22195,79200,0,0,0,4691,0,0,0,0,507284745,516784,495400,965200,507295324,111708,507303851,404440,14559,572,29,0,0,0,15200,0
1786097809.271452520,520390157,0,520390156,0,520378683,17509,47900,0,0,0,0,0,1089245816,920114742,520397887,22203,79200,0,0,0,4694,0,0,0,0,520416494,516993,495500,966100,520426115,111747,520435230,404606,14563,572,29,0,0,0,15200,0
1786097810.302982766,533819755,0,533819754,0,533809406,17504,47800,0,0,0,0,0,1089248909,920114753,533828731,22198,79200,0,0,0,4693,0,0,0,0,533848179,516869,495400,965200,533857644,111712,533868391,404518,14559,572,29,0,0,0,15200,0
1786097811.337222574,547189733,0,547189732,0,547178946,17503,47800,0,0,0,0,0,1089252014,920114754,547197820,22196,79200,0,0,0,4692,0,0,0,0,547216180,516805,495400,964900,547226523,111698,547235014,404470,14558,572,29,0,0,0,15200,0
1786097812.370937758,560483328,0,560483327,0,560472631,17506,47800,0,0,0,0,0,1089255112,920114771,560491426,22200,79200,0,0,0,4693,0,0,0,0,560509851,516928,495400,965500,560520487,111728,560530125,404562,14560,572,29,0,0,0,15200,0
1786097813.405796159,573973553,0,573973552,0,573962736,17503,47800,0,0,0,0,0,1089258214,920114783,573982852,22195,79200,0,0,0,4692,0,0,0,0,574001904,516731,495300,964900,574012045,111715,574022212,404377,14558,572,29,0,0,0,15200,0
1786097814.443678514,587508316,0,587508315,0,587497391,17501,47800,0,0,0,0,0,1089261329,920114786,587516010,22192,79100,0,0,0,4691,0,0,0,0,587535696,516572,495200,964600,587544141,111703,587553272,404231,14556,572,29,0,0,0,15200,0
1786097815.474950000,600699486,0,600699485,0,600688106,17506,47800,0,0,0,0,0,1089264422,920114797,600707126,22199,79200,0,0,0,4692,0,0,0,0,600726874,516679,495200,965400,600736125,111742,600745384,404298,14560,572,29,0,0,0,15200,0
1786097816.505697545,614178849,0,614178849,0,614166852,17502,47800,0,0,0,0,0,1089267515,920114798,614185280,22194,79100,0,0,0,4691,0,0,0,0,614204536,516463,495100,964700,614213933,111718,614222765,404106,14557,572,29,0,0,0,15200,0
1786097817.542198931,627312569,0,627312569,0,627301596,17508,47800,0,0,0,0,0,1089270625,920114813,627319018,22202,79200,0,0,0,4693,0,0,0,0,627338896,516664,495200,965700,627349035,111759,627357395,404266,14563,572,29,0,0,0,15200,0
1786097818.576151169,640632348,0,640632347,0,640621106,17508,47800,0,0,0,0,0,1089273726,920114822,640640277,22203,79200,0,0,0,4694,0,0,0,0,640659206,516682,495200,965600,640668777,111753,640679323,404291,14563,572,29,0,0,0,15200,0
1786097819.605936624,654066543,0,654066542,0,654055981,17505,47800,0,0,0,0,0,1089276816,920114828,654074789,22198,79100,0,0,0,4692,0,0,0,0,654094932,516573,495200,964900,654104001,111737,654113415,404199,14560,572,29,0,0,0,15200,0
1786097820.642920564,667400820,0,667400819,0,667390329,17505,47800,0,0,0,0,0,1089279921,920114833,667410157,22199,79100,0,0,0,4693,0,0,0,0,667430055,516648,495200,964900,667439200,111743,667448815,404269,14560,572,29,0,0,0,15200,0
1786097821.676059286,680659966,0,680659965,0,680649668,17509,47800,0,0,0,0,0,1089283021,920114843,680668258,22203,79100,0,0,0,4694,0,0,0,0,680687896,516732,495300,965200,680696673,111772,680706620,404322,14563,572,29,0,0,0,15200,0
1786097822.709278084,694139370,0,694139370,0,694127373,17505,47800,0,0,0,0,0,1089286119,920114843,694141740,22199,79100,0,0,0,4693,0,0,0,0,694156302,516655,495300,964700,694164085,111747,694170667,404270,14560,571,29,0,0,0,15200,0
1786097823.736451845,707209654,0,707209653,0,707197744,17509,47800,0,0,0,0,0,1089289201,920114853,707211212,22204,79200,0,0,0,4694,0,0,0,0,707224784,516863,495400,965300,707231204,111781,707237357,404443,14564,572,29,0,0,0,15200,0
1786097824.769526969,720634142,0,720634141,0,720622782,17506,47800,0,0,0,0,0,1089292298,920114853,720639908,22201,79200,0,0,0,4694,0,0,0,0,720655867,516784,495400,965000,720665023,111749,720672401,404396,14561,572,29,0,0,0,15200,0
1786097825.800990986,734108617,0,734108616,0,734097576,17503,47800,0,0,0,0,0,1089295393,920114859,734115563,22196,79100,0,0,0,4693,0,0,0,0,734133459,516628,495300,964400,734141932,111724,734152157,404266,14558,571,29,0,0,0,15200,0
1786097826.835599570,747359275,0,747359274,0,747348059,17505,47800,0,0,0,0,0,1089298489,920114870,747365630,22200,79100,0,0,0,4694,0,0,0,0,747384701,516690,495300,964900,747393788,111752,747402807,404300,14560,571,29,0,0,0,15200,0
1786097827.873451708,760580758,0,760580757,0,760569511,17509,47800,0,0,0,0,0,1089301600,920114891,760587607,22205,79100,0,0,0,4695,0,0,0,0,760604992,516846,495400,965500,760614366,111782,760623762,404425,14564,571,29,0,0,0,15200,0
1786097828.904943274,771039078,0,771039077,0,771022840,17506,47800,0,0,0,0,0,1089304699,920115598,771022840,22202,79100,0,0,0,4695,0,0,0,0,771027508,516821,495400,965100,771027509,111765,771027392,404416,14560,571,29,0,0,0,15200,0
1786097829.932571437,771039078,0,771039077,0,771022840,17506,47800,0,0,0,0,0,1089307781,920118612,771022840,22202,79100,0,0,0,4695,0,0,0,0,771027512,516821,495400,965100,771027513,111765,771027392,404416,14560,571,29,0,0,0,15200,0
1786097830.964498681,771039078,0,771039077,0,771022840,17506,47800,0,0,0,0,0,1089310877,920121702,771022840,22202,79100,0,0,0,4695,0,0,0,0,771027515,516821,495400,965100,771027516,111765,771027392,404416,14560,571,29,0,0,0,15200,0
1786097831.994795749,771039078,0,771039077,0,771022840,17506,47800,0,0,0,0,0,1089313967,920124787,771022840,22202,79100,0,0,0,4695,0,0,0,0,771027517,516821,495400,965100,771027518,111765,771027392,404416,14560,571,29,0,0,0,15200,0
1786097833.027779125,771039078,0,771039077,0,771022840,17506,47800,0,0,0,0,0,1089317061,920127811,771022840,22202,79100,0,0,0,4695,0,0,0,0,771027519,516821,495400,965100,771027520,111765,771027392,404416,14560,571,29,0,0,0,15200,0
1786097834.060449191,771039078,0,771039077,0,771022840,17506,47800,0,0,0,0,0,1089320157,920130903,771022840,22202,79100,0,0,0,4695,0,0,0,0,771027521,516821,495400,965100,771027522,111765,771027392,404416,14560,571,29,0,0,0,15200,0
1786097835.091110158,771039078,0,771039077,0,771022840,17506,47800,0,0,0,0,0,1089323254,920133966,771022840,22202,79100,0,0,0,4695,0,0,0,0,771027523,516821,495400,965100,771027524,111765,771027392,404416,14560,571,29,0,0,0,15200,0
1786097836.122591443,771039078,0,771039077,0,771022840,17506,47800,0,0,0,0,0,1089326343,920137008,771022840,22202,79100,0,0,0,4695,0,0,0,0,771027525,516821,495400,965100,771027526,111765,771027392,404416,14560,571,29,0,0,0,15200,0
1786097837.154591583,771039078,0,771039077,0,771022840,17506,47800,0,0,0,0,0,1089329438,920140098,771022840,22202,79100,0,0,0,4695,0,0,0,0,771027527,516821,495400,965100,771027528,111765,771027392,404416,14560,571,29,0,0,0,15200,0
1786097838.186281324,771039078,0,771039077,0,771022840,17506,47800,0,0,0,0,0,1089332535,920143146,771022840,22202,79100,0,0,0,4695,0,0,0,0,771027529,516821,495400,965100,771027530,111765,771027392,404416,14560,571,29,0,0,0,15200,0
1786097839.219572259,771039078,0,771039077,0,771022840,17506,47800,0,0,0,0,0,1089335630,920146187,771022840,22202,79100,0,0,0,4695,0,0,0,0,771027531,516821,495400,965100,771027532,111765,771027392,404416,14560,571,29,0,0,0,15200,0
1786097840.251981350,771039078,0,771039077,0,771022840,17506,47800,0,0,0,0,0,1089338727,920149278,771022840,22202,79100,0,0,0,4695,0,0,0,0,771027533,516821,495400,965100,771027534,111765,771027392,404416,14560,571,29,0,0,0,15200,0
1786097841.283303440,771039078,0,771039077,0,771022840,17506,47800,0,0,0,0,0,1089341819,920152315,771022840,22202,79100,0,0,0,4695,0,0,0,0,771027535,516821,495400,965100,771027536,111765,771027392,404416,14560,571,29,0,0,0,15200,0
1786097842.317153014,771039078,0,771039077,0,771022840,17506,47800,0,0,0,0,0,1089344918,920155391,771022840,22202,79100,0,0,0,4695,0,0,0,0,771027537,516821,495400,965100,771027538,111765,771027392,404416,14560,571,29,0,0,0,15200,0
1786097843.350100497,771039078,0,771039077,0,771022840,17506,47800,0,0,0,0,0,1089348017,920158484,771022840,22202,79100,0,0,0,4695,0,0,0,0,771027539,516821,495400,965100,771027540,111765,771027392,404416,14560,571,29,0,0,0,15200,0
1786097844.383151172,771039078,0,771039077,0,771022840,17506,47800,0,0,0,0,0,1089351114,920161533,771022840,22202,79100,0,0,0,4695,0,0,0,0,771027541,516821,495400,965100,771027542,111765,771027392,404416,14560,571,29,0,0,0,15200,0
1786097845.415920519,771039078,0,771039077,0,771022840,17506,47800,0,0,0,0,0,1089354210,920164599,771022840,22202,79100,0,0,0,4695,0,0,0,0,771027543,516821,495400,965100,771027544,111765,771027392,404416,14560,571,29,0,0,0,15200,0
1786097846.447147033,771039078,0,771039077,0,771022840,17506,47800,0,0,0,0,0,1089357303,920167687,771022840,22202,79100,0,0,0,4695,0,0,0,0,771027545,516821,495400,965100,771027546,111765,771027392,404416,14560,571,29,0,0,0,15200,0
1786097847.476893246,771039078,0,771039077,0,771022840,17506,47800,0,0,0,0,0,1089360389,920170699,771022840,22202,79100,0,0,0,4695,0,0,0,0,771027547,516821,495400,965100,771027548,111765,771027392,404416,14560,571,29,0,0,0,15200,0
1786097848.509307409,771039078,0,771039077,0,771022840,17506,47800,0,0,0,0,0,1089363487,920173768,771022840,22202,79100,0,0,0,4695,0,0,0,0,771027549,516821,495400,965100,771027550,111765,771027392,404416,14560,571,29,0,0,0,15200,0
1786097849.540388863,771039078,0,771039077,0,771022840,17506,47800,0,0,0,0,0,1089366581,920176855,771022840,22202,79100,0,0,0,4695,0,0,0,0,771027551,516821,495400,965100,771027552,111765,771027392,404416,14560,571,29,0,0,0,15200,0
1786097850.571388820,771039078,0,771039077,0,771022840,17506,47800,0,0,0,0,0,1089369669,920179875,771022840,22202,79100,0,0,0,4695,0,0,0,0,771027553,516821,495400,965100,771027554,111765,771027392,404416,14560,571,29,0,0,0,15200,0
1786097851.603157443,771039078,0,771039077,0,771022840,17506,47800,0,0,0,0,0,1089372765,920182961,771022840,22202,79100,0,0,0,4695,0,0,0,0,771027555,516821,495400,965100,771027556,111765,771027392,404416,14560,571,29,0,0,0,15200,0
1786097852.632989815,771039078,0,771039077,0,771022840,17506,47800,0,0,0,0,0,1089375852,920186024,771022840,22202,79100,0,0,0,4695,0,0,0,0,771027557,516821,495400,965100,771027558,111765,771027392,404416,14560,571,29,0,0,0,15200,0
1786097853.665025981,771039078,0,771039077,0,771022840,17506,47800,0,0,0,0,0,1089378947,920189066,771022840,22202,79100,0,0,0,4695,0,0,0,0,771027559,516821,495400,965100,771027560,111765,771027392,404416,14560,571,29,0,0,0,15200,0
1786097854.696936062,771039078,0,771039077,0,771022840,17506,47800,0,0,0,0,0,1089382042,920192156,771022840,22202,79100,0,0,0,4695,0,0,0,0,771027562,516821,495400,965100,771027563,111765,771027392,404416,14560,571,29,0,0,0,15200,0
1786097855.724761206,771039078,0,771039077,0,771022840,17506,47800,0,0,0,0,0,1089385127,920195232,771022840,22202,79100,0,0,0,4695,0,0,0,0,771027566,516821,495400,965100,771027567,111765,771027392,404416,14560,571,29,0,0,0,15200,0
1786097856.767049772,774062311,159175,774062310,0,774050949,17503,47900,159856,7937,31500,0,0,1089388241,920197407,774066880,22209,79400,160717,8746,34000,4706,550,268,0,0,774243469,517320,495700,968600,774253118,111902,774259301,404780,14557,572,29,6678,906,22,15200,6300
1786097857.816576140,11728715,617310,11728714,0,11718316,15393,52600,617205,7298,28600,0,0,1089391395,920197407,11735178,22035,112300,618094,8010,29900,6663,466,247,0,0,12369499,560324,541000,1040000,12379367,123543,12388159,436126,12587,554,30,6110,804,21,12900,6200
1786097858.864302347,23388094,1230952,23388093,0,23377741,15645,53100,1230799,7378,28700,0,0,1089394540,920197412,23392908,22418,111900,1231579,8096,30100,6788,469,248,0,0,24640677,568417,540200,1074000,24666898,126135,24675598,441711,12787,560,29,6174,807,21,13000,6200
1786097859.897433197,34879937,1835790,34879936,0,34870178,15758,53500,1835716,7406,28800,0,0,1089397639,920197435,34886199,22573,112200,1836561,8130,30200,6821,473,249,0,0,36739435,571755,540400,1107700,36748240,126969,36756903,444062,12862,561,29,6194,806,21,13000,6200
1786097860.931003043,46812875,2463841,46812874,0,46802639,15658,53300,2463749,7379,28700,0,0,1089400737,920197435,46819105,22428,112000,2464573,8100,30200,6774,471,249,0,0,49300241,568629,540100,1086500,49309202,126036,49318779,441884,12771,559,29,6165,806,21,13000,6200
1786097861.960609996,58564798,3082367,58564797,0,58554510,15639,53200,3082210,7376,28700,0,0,1089403823,920197444,58569026,22400,112400,3082985,8095,30100,6764,471,247,0,0,61667064,568369,540500,1082300,61675117,125816,61684257,441852,12749,558,29,6159,808,21,13000,6200
1786097862.992216962,70238595,3696769,70238594,0,70228323,15641,53300,3696668,7374,28700,0,0,1089406919,920197457,70244869,22403,113000,3697518,8093,30100,6764,471,246,0,0,73958635,569160,541300,1085600,73968143,125731,73976313,442716,12750,558,29,6158,808,21,13000,6200
1786097864.028377234,82203278,4326496,82203278,0,82193071,15606,53300,4326411,7368,28700,0,0,1089410025,920197461,82210468,22350,112600,4327327,8085,30100,6747,470,246,0,0,86555278,567723,540900,1077800,86563844,125416,86573512,441599,12717,557,29,6153,807,21,13000,6200
1786097865.067470243,94056911,4950370,94056910,0,94046713,15601,53300,4950265,7368,28700,0,0,1089413142,920197467,94063895,22341,112400,4951171,8086,30100,6742,470,247,0,0,99033719,567367,540700,1077000,99043154,125359,99051303,441301,12712,557,29,6152,807,21,13000,6200
1786097866.101917742,105776445,5567189,105776444,0,105765769,15611,53300,5567019,7372,28700,0,0,1089416246,920197488,105780604,22356,112500,5567799,8091,30100,6746,470,247,0,0,111363341,567848,540900,1078600,111370906,125436,111379792,441704,12720,558,29,6154,808,21,13000,6200
1786097867.132405159,117667285,6193018,117667284,0,117656993,15594,53300,6192920,7367,28700,0,0,1089419335,920197489,117673857,22327,112300,6193815,8086,30100,6735,470,247,0,0,123885693,566886,540600,1073100,123895004,125244,123903854,440936,12704,557,29,6150,808,21,13000,6200
1786097868.164102875,129347183,6807746,129347182,0,129336746,15603,53300,6807658,7375,28700,0,0,1089422428,920197495,129353744,22341,112500,6808533,8094,30200,6739,470,247,0,0,136179341,567233,540900,1075100,136188441,125307,136196393,441217,12709,558,29,6157,808,21,13000,6200
1786097869.197590539,141144551,7428666,141144558,0,141134335,15600,53300,7428546,7373,28700,0,0,1089425527,920197506,141149535,22337,112700,7429318,8091,30200,6737,470,247,0,0,148594551,567291,541000,1076000,148602282,125282,148609745,441305,12708,558,29,6154,808,21,13000,6200
1786097870.233975987,152963121,8050695,152963121,0,152953090,15599,53400,8050611,7374,28700,0,0,1089428633,920197516,152970148,22334,112600,8051493,8093,30200,6736,470,247,0,0,161038836,567190,540900,1076700,161047725,125287,161057430,441195,12706,557,29,6156,809,21,13000,6200
1786097871.263250737,164658535,8666239,164658534,0,164648368,15602,53400,8666127,7378,28700,0,0,1089431722,920197519,164663713,22338,112600,8666904,8098,30200,6736,470,248,0,0,173347080,567163,540900,1077800,173354751,125331,173362362,441125,12708,558,30,6159,809,21,13000,6200
1786097872.296703027,176401192,9284272,176401191,0,176391023,15606,53400,9284155,7378,28700,0,0,1089434823,920197534,176406661,22342,112700,9284971,8098,30200,6736,470,248,0,0,185707767,567141,540800,1078400,185715403,125355,185725122,441078,12710,558,29,6160,809,21,13000,6200
1786097873.331581619,188349032,9913107,188349031,0,188338471,15594,53400,9913006,7375,28700,0,0,1089437923,920197534,188355683,22323,112600,9913892,8095,30200,6729,470,248,0,0,198286042,566542,540600,1075900,198295694,125199,198303385,440636,12700,557,29,6157,809,21,13000,6200
1786097874.360984531,199887718,10520411,199887717,0,199876776,15608,53500,10520197,7380,28700,0,0,1089441013,920197563,199890087,22345,112800,10520868,8100,30200,6737,470,248,0,0,210424024,567129,540700,1078200,210431595,125316,210438782,441109,12711,558,29,6161,808,21,13000,6200
1786097875.392886098,211719225,11143122,211719224,0,211709125,15600,53400,11143029,7376,28700,0,0,1089444105,920197569,211725818,22333,112800,11143908,8096,30100,6734,470,248,0,0,222887027,566950,540800,1076400,222896788,125222,222906409,441020,12705,557,29,6158,808,21,13000,6200
1786097876.429222951,223614458,11769184,223614457,0,223604150,15591,53400,11769052,7372,28700,0,0,1089447214,920197578,223620076,22321,112800,11769893,8092,30100,6729,470,248,0,0,235405504,566627,540800,1074500,235415489,125142,235422879,440777,12698,557,29,6154,807,21,13000,6200
1786097877.459398005,235305063,12384481,235305062,0,235294027,15596,53400,12384274,7374,28700,0,0,1089450306,920197585,235307458,22328,112900,12384962,8093,30100,6732,470,248,0,0,247705796,566826,540900,1075800,247713186,125194,247720417,440926,12702,557,29,6155,808,21,13000,6200
1786097878.491314103,247168308,13008863,247168307,0,247158321,15590,53400,13008769,7372,28700,0,0,1089453398,920197586,247174533,22318,112800,13009631,8091,30100,6728,470,247,0,0,260200929,566494,540800,1074600,260210072,125141,260218895,440648,12697,557,29,6153,808,21,13000,6200
1786097879.521625524,259048152,13634117,259048152,0,259038043,15582,53300,13633991,7370,28700,0,0,1089456489,920197590,259053405,22306,112800,13634767,8090,30100,6725,470,247,0,0,272702922,566225,540800,1072900,272712882,125071,272720853,440449,12689,557,29,6152,808,21,13000,6200
1786097880.552327509,270573006,14240693,270573005,0,270563363,15592,53400,14240619,7374,28700,0,0,1089459580,920197599,270580090,22324,112900,14241496,8094,30100,6731,471,247,0,0,284838623,566697,540900,1075500,284847787,125170,284857025,440821,12698,557,29,6155,808,21,13000,6200
1786097881.585931155,282525948,14869791,282525947,0,282515848,15582,53400,14869648,7372,28700,0,0,1089462677,920197600,282531380,22308,112700,14870504,8091,30100,6726,471,247,0,0,297417646,566192,540700,1073700,297426724,125076,297435436,440410,12689,557,29,6153,808,21,13000,6200
1786097882.623851880,294484340,15499181,294484340,0,294474965,15579,53400,15499171,7371,28700,0,0,1089465790,920197604,294492547,22301,112600,15500076,8091,30100,6722,471,248,0,0,310010255,565884,540500,1072700,310020051,125041,310028683,440138,12686,557,29,6152,808,21,13000,6200
1786097883.660605126,306101174,16110592,306101173,0,306091172,15590,53500,16110516,7374,28700,1,0,1089468900,920197617,306108749,22318,112700,16111449,8094,30100,6727,471,248,0,0,322237864,566367,540700,1075200,322246602,125134,322255111,440526,12695,557,29,6154,809,21,13000,6200
1786097884.693830402,318077449,16740927,318077448,0,318066449,15583,53400,16740751,7372,28700,1,0,1089471993,920197620,318082449,22306,112400,16741564,8092,30100,6723,471,248,0,0,334838987,565842,540400,1073800,334848654,125084,334855195,440051,12688,557,29,6153,808,21,13000,6200
1786097885.725863142,329930113,17364745,329930112,0,329919251,15582,53400,17364564,7371,28700,2,0,1089475092,920197631,329933628,22303,112200,17365292,8091,30100,6721,470,248,0,0,347313347,565603,540100,1073300,347320932,125085,347328799,439812,12687,557,29,6151,808,21,13000,6200
1786097886.759037515,341643574,17981246,341643573,0,341633896,15585,53500,17981138,7373,28700,2,0,1089478190,920197640,341649982,22308,112300,17982043,8093,30100,6723,470,248,0,0,359648248,565784,540200,1074300,359658480,125116,359666669,439963,12690,557,29,6154,808,21,13000,6200
1786097887.798203855,353657745,18613570,353657744,0,353647798,15579,53400,18613481,7372,28700,2,0,1089481308,920197646,353664458,22299,112200,18614320,8092,30100,6719,470,248,0,0,372294996,565512,540100,1073300,372303884,125065,372312074,439741,12685,557,29,6152,808,21,13000,6200
1786097888.834949392,365518241,19237803,365518240,0,365508225,15576,53400,19237725,7372,28700,2,0,1089484401,920197650,365524821,22293,112100,19238582,8091,30100,6717,470,248,0,0,384780278,565229,539900,1072300,384788910,125024,384797364,439503,12682,557,29,6152,809,21,13000,6200
1786097889.866535577,377166667,19850884,377166666,0,377156656,15583,53400,19850816,7373,28700,2,0,1089487510,920197679,377173267,22304,112100,19851673,8093,30100,6720,470,248,0,0,397042333,565437,539900,1073400,397051454,125084,397059407,439646,12689,557,29,6153,809,21,13000,6200
1786097890.901244023,389038772,20475735,389038771,0,389029068,15581,53400,20475656,7372,28700,2,0,1089490610,920197686,389045511,22300,112000,20476545,8092,30100,6719,470,248,0,0,409538517,565226,539700,1072900,409548121,125055,409557327,439465,12687,557,29,6152,808,21,13000,6200
1786097891.936143543,400801951,21094843,400801950,0,400791791,15583,53400,21094774,7372,28700,2,0,1089493710,920197691,400808776,22302,111900,21095637,8092,30100,6719,470,248,0,0,421921106,565164,539600,1073100,421929896,125076,421938384,439382,12688,557,29,6152,809,21,13000,6200
1786097892.965325410,412576083,21714534,412576084,0,412566159,15582,53400,21714389,7372,28600,2,0,1089496801,920197697,412581014,22302,111800,21715230,8092,30100,6719,470,248,0,0,434312162,565116,539500,1073000,434321893,125083,434330004,439327,12688,557,29,6151,809,21,13000,6200
1786097893.995433317,424462522,22340139,424462521,0,424452428,15578,53400,22340053,7370,28600,2,0,1089499890,920197698,424469401,22294,111700,22340934,8090,30100,6716,470,248,0,0,446827293,564900,539500,1071900,446837008,125035,446845334,439158,12684,557,29,6150,809,21,13000,6200
1786097895.028342133,436212546,22958558,436212546,0,436202864,15579,53500,22958488,7372,28600,2,0,1089502987,920197704,436219684,22295,111700,22959342,8092,30100,6716,471,248,0,0,459194415,564957,539500,1072100,459203932,125054,459211974,439202,12685,557,29,6151,809,21,13000,6200
1786097896.058692286,447958289,23576757,447958288,0,447947832,15579,53500,23576650,7371,28600,2,0,1089506076,920197720,447965549,22296,111700,23577591,8092,30100,6716,471,248,0,0,471560536,564918,539400,1072000,471570237,125056,471579052,439156,12685,557,29,6151,809,21,13000,6200
1786097897.090742424,459916281,24206123,459916280,0,459906268,15574,53600,24206056,7370,28700,2,0,1089509169,920197724,459923645,22288,111600,24206967,8090,30100,6713,470,248,0,0,484148290,564631,539300,1070900,484158078,125010,484164709,438914,12680,557,29,6150,809,21,13000,6200
1786097898.119809491,471554531,24818662,471554530,0,471544439,15578,53700,24818573,7373,28700,2,0,1089512257,920197753,471560629,22294,111600,24819391,8093,30200,6715,471,248,0,0,496395823,564719,539200,1071300,496404970,125039,496412939,438975,12684,557,29,6152,809,21,13000,6200
1786097899.155350122,483421065,25443213,483421064,0,483410900,15575,53800,25443140,7372,28700,2,0,1089515359,920197757,483427695,22290,111600,25444025,8092,30200,6714,470,248,0,0,508889029,564618,539200,1070700,508897507,125014,508906275,438899,12682,557,29,6151,809,21,13000,6200
1786097900.187201000,495401606,26073769,495401605,0,495391627,15571,53900,26073687,7371,28700,2,0,1089518456,920197757,495408016,22284,111600,26074515,8090,30200,6712,470,248,0,0,521498738,564377,539100,1069800,521507749,124976,521514435,438694,12678,557,29,6150,809,21,13000,6200
1786097901.217253300,507042525,26686453,507042524,0,507032626,15574,53900,26686408,7371,28800,2,0,1089521544,920197762,507050509,22288,111600,26687335,8091,30300,6714,470,248,0,0,533756501,564545,539200,1070700,533766744,125002,533775704,438837,12680,557,29,6151,809,21,13000,6200
1786097902.252771957,518925669,27311882,518925668,0,518914859,15571,54000,27311757,7371,28800,2,0,1089524647,920197763,518932134,22285,111600,27312645,8090,30300,6713,470,248,0,0,546261949,564548,539200,1070200,546269857,124987,546278770,438855,12678,557,29,6150,809,21,13000,6200
1786097903.287390386,530862234,27940118,530862233,0,530852076,15567,54000,27939999,7369,28800,3,0,1089527750,920197770,530867653,22279,111600,27940834,8089,30300,6711,470,247,0,0,558825085,564538,539300,1069600,558833807,124964,558842416,438868,12674,557,29,6149,809,21,13000,6200
1786097904.324070364,542495822,28552414,542495821,0,542485491,15570,54000,28552297,7370,28800,3,0,1089530846,920197783,542501869,22285,111600,28553163,8090,30300,6714,470,248,0,0,571072301,564829,539500,1070700,571081164,125006,571089250,439117,12677,557,29,6150,809,21,13000,6200
1786097905.357067959,554515770,29185046,554515769,0,554505348,15565,54000,29184907,7369,28800,3,0,1089533953,920197783,554520324,22277,111500,29185707,8088,30300,6712,470,247,0,0,583722138,564657,539400,1069800,583731276,124973,583739802,438979,12672,557,29,6148,809,21,13000,6200
1786097906.388078574,566445199,29812907,566445198,0,566435433,15560,53900,29812851,7367,28800,3,0,1089537046,920197784,566452357,22270,111300,29813717,8087,30300,6710,470,247,0,0,596284311,564502,539300,1069000,596292336,124951,596301633,438846,12668,557,29,6147,809,21,13000,6200
1786097907.421731087,578060062,30424217,578060061,0,578049462,15564,53900,30424037,7368,28800,3,0,1089540143,920197806,578063481,22277,111300,30424749,8088,30300,6713,470,247,0,0,608503252,564740,539400,1069900,608508767,124997,608517111,439038,12671,557,29,6148,809,21,13000,6200
1786097908.455087442,589978222,31051490,589978221,0,589967509,15560,53900,31051345,7368,28800,3,0,1089543245,920197809,589983251,22272,111300,31052148,8087,30300,6711,470,247,0,0,621051251,564690,539500,1069300,621059602,124973,621068525,439012,12668,557,29,6147,809,21,13000,6200
1786097909.499035283,601759326,31671550,601759326,0,601763073,15559,53800,31673018,7368,28800,3,0,1089546372,920197812,601796590,22271,111300,31673932,8087,30300,6712,470,247,0,0,633487616,564769,539600,1069000,633502632,124981,633520258,439082,12668,557,29,6148,808,21,13000,6200
1786097910.532438513,613467516,32287763,613467515,0,613457581,15562,53800,32287669,7368,28800,3,0,1089549472,920197828,613474211,22275,111400,32288558,8088,30300,6714,471,247,0,0,645780543,565015,539700,1069900,645796434,125008,645814774,439303,12669,557,29,6148,809,21,13000,6200
1786097911.565932985,625361227,32913753,625361226,0,625351785,15560,53800,32913697,7368,28800,3,0,1089552570,920197834,625368848,22273,111400,32914651,8087,30300,6713,470,247,0,0,658302005,564984,539800,1069700,658312655,124993,658321790,439285,12668,557,29,6148,808,21,13000,6200
1786097912.596469597,637146479,33534025,637146478,0,637135769,15560,53800,33533852,7368,28800,3,0,1089555662,920197857,637150532,22272,111300,33534628,8088,30300,6712,470,248,0,0,670699597,564954,539700,1069600,670707950,124993,670715221,439256,12667,557,29,6148,808,21,13000,6200
1786097913.629834659,648834527,34149185,648834526,0,648824554,15562,53800,34149134,7368,28800,3,0,1089558759,920197867,648841880,22275,111400,34150029,8088,30300,6713,470,248,0,0,683009703,565006,539700,1069900,683018170,125008,683026441,439293,12669,557,29,6148,808,21,13000,6200
1786097914.664103556,660794756,34778673,660794755,0,660784259,15559,53700,34778573,7367,28800,3,0,1089561857,920197876,660800847,22271,111300,34779430,8087,30300,6711,470,248,0,0,695598947,564850,539600,1069100,695608062,124970,695616517,439173,12666,557,29,6147,808,21,13000,6200
1786097915.699223481,672569472,35398390,672569471,0,672569439,15560,53700,35399060,7368,28800,4,0,1089564965,920197894,672592222,22272,111400,35400022,8087,30300,6712,470,248,0,0,708008282,564913,539600,1069200,708017157,124976,708025740,439234,12667,557,29,6148,808,21,13000,6200
1786097916.721645195,681432214,35864849,681432213,0,681417630,15561,53700,35864069,7369,28800,4,0,1089568037,920198652,681417596,22275,111400,35864070,8088,30300,6712,470,248,0,0,717286443,564958,539600,1069600,717286443,124984,717286327,439268,12667,557,29,6148,808,21,13000,6200
1786097917.742367849,681432214,35864849,681432213,0,681417630,15561,53700,35864069,7369,28800,4,0,1089571092,920201703,681417596,22275,111400,35864070,8088,30300,6712,470,248,0,0,717286447,564958,539600,1069600,717286447,124984,717286327,439268,12667,557,29,6148,808,21,13000,6200
1786097918.768373177,681432214,35864849,681432213,0,681417630,15561,53700,35864069,7369,28800,4,0,1089574168,920204740,681417596,22275,111400,35864070,8088,30300,6712,470,248,0,0,717286450,564958,539600,1069600,717286450,124984,717286327,439268,12667,557,29,6148,808,21,13000,6200
1786097919.800247677,681432214,35864849,681432213,0,681417630,15561,53700,35864069,7369,28800,4,0,1089577260,920207765,681417596,22275,111400,35864070,8088,30300,6712,470,248,0,0,717286452,564958,539600,1069600,717286452,124984,717286327,439268,12667,557,29,6148,808,21,13000,6200
1786097920.832546193,681432214,35864849,681432213,0,681417630,15561,53700,35864069,7369,28800,4,0,1089580359,920210849,681417596,22275,111400,35864070,8088,30300,6712,470,248,0,0,717286454,564958,539600,1069600,717286454,124984,717286327,439268,12667,557,29,6148,808,21,13000,6200
1786097921.861214665,681432214,35864849,681432213,0,681417630,15561,53700,35864069,7369,28800,4,0,1089583442,920213863,681417596,22275,111400,35864070,8088,30300,6712,470,248,0,0,717286456,564958,539600,1069600,717286456,124984,717286327,439268,12667,557,29,6148,808,21,13000,6200
1786097922.894794040,681432214,35864849,681432213,0,681417630,15561,53700,35864069,7369,28800,4,0,1089586539,920216937,681417596,22275,111400,35864070,8088,30300,6712,470,248,0,0,717286458,564958,539600,1069600,717286458,124984,717286327,439268,12667,557,29,6148,808,21,13000,6200
1786097923.927024032,681432214,35864849,681432213,0,681417630,15561,53700,35864069,7369,28800,4,0,1089589636,920220029,681417596,22275,111400,35864070,8088,30300,6712,470,248,0,0,717286460,564958,539600,1069600,717286460,124984,717286327,439268,12667,557,29,6148,808,21,13000,6200
1786097924.958546197,681432214,35864849,681432213,0,681417630,15561,53700,35864069,7369,28800,4,0,1089592728,920223079,681417596,22275,111400,35864070,8088,30300,6712,470,248,0,0,717286462,564958,539600,1069600,717286462,124984,717286327,439268,12667,557,29,6148,808,21,13000,6200
1786097925.991975296,681432214,35864849,681432213,0,681417630,15561,53700,35864069,7369,28800,4,0,1089595829,920226140,681417596,22275,111400,35864070,8088,30300,6712,470,248,0,0,717286464,564958,539600,1069600,717286464,124984,717286327,439268,12667,557,29,6148,808,21,13000,6200
1786097927.024069024,681432214,35864849,681432213,0,681417630,15561,53700,35864069,7369,28800,4,0,1089598924,920229229,681417596,22275,111400,35864070,8088,30300,6712,470,248,0,0,717286466,564958,539600,1069600,717286466,124984,717286327,439268,12667,557,29,6148,808,21,13000,6200
1786097928.056386675,681432214,35864849,681432213,0,681417630,15561,53700,35864069,7369,28800,4,0,1089602018,920232254,681417596,22275,111400,35864070,8088,30300,6712,470,248,0,0,717286468,564958,539600,1069600,717286468,124984,717286327,439268,12667,557,29,6148,808,21,13000,6200
1786097929.089224837,681432214,35864849,681432213,0,681417630,15561,53700,35864069,7369,28800,4,0,1089605115,920235344,681417596,22275,111400,35864070,8088,30300,6712,470,248,0,0,717286470,564958,539600,1069600,717286470,124984,717286327,439268,12667,557,29,6148,808,21,13000,6200
1786097930.121388609,681432214,35864849,681432213,0,681417630,15561,53700,35864069,7369,28800,4,0,1089608213,920238436,681417596,22275,111400,35864070,8088,30300,6712,470,248,0,0,717286472,564958,539600,1069600,717286472,124984,717286327,439268,12667,557,29,6148,808,21,13000,6200
1786097931.154230430,681432214,35864849,681432213,0,681417630,15561,53700,35864069,7369,28800,4,0,1089611306,920241451,681417596,22275,111400,35864070,8088,30300,6712,470,248,0,0,717286474,564958,539600,1069600,717286474,124984,717286327,439268,12667,557,29,6148,808,21,13000,6200
1786097932.187499649,681432214,35864849,681432213,0,681417630,15561,53700,35864069,7369,28800,4,0,1089614408,920244524,681417596,22275,111400,35864070,8088,30300,6712,470,248,0,0,717286476,564958,539600,1069600,717286476,124984,717286327,439268,12667,557,29,6148,808,21,13000,6200
1786097933.219180938,681432214,35864849,681432213,0,681417630,15561,53700,35864069,7369,28800,4,0,1089617503,920247588,681417596,22275,111400,35864070,8088,30300,6712,470,248,0,0,717286478,564958,539600,1069600,717286478,124984,717286327,439268,12667,557,29,6148,808,21,13000,6200
1786097934.250140349,681432214,35864849,681432213,0,681417630,15561,53700,35864069,7369,28800,4,0,1089620595,920250630,681417596,22275,111400,35864070,8088,30300,6712,470,248,0,0,717286480,564958,539600,1069600,717286480,124984,717286327,439268,12667,557,29,6148,808,21,13000,6200
1786097935.275752452,681432214,35864849,681432213,0,681417630,15561,53700,35864069,7369,28800,4,0,1089623673,920253703,681417596,22275,111400,35864070,8088,30300,6712,470,248,0,0,717286482,564958,539600,1069600,717286482,124984,717286327,439268,12667,557,29,6148,808,21,13000,6200
1786097936.308119835,681432214,35864849,681432213,0,681417630,15561,53700,35864069,7369,28800,4,0,1089626766,920256790,681417596,22275,111400,35864070,8088,30300,6712,470,248,0,0,717286484,564958,539600,1069600,717286484,124984,717286327,439268,12667,557,29,6148,808,21,13000,6200
1786097937.339795189,681432214,35864849,681432213,0,681417630,15561,53700,35864069,7369,28800,4,0,1089629862,920259812,681417596,22275,111400,35864070,8088,30300,6712,470,248,0,0,717286486,564958,539600,1069600,717286486,124984,717286327,439268,12667,557,29,6148,808,21,13000,6200
1786097938.371716365,681432214,35864849,681432213,0,681417630,15561,53700,35864069,7369,28800,4,0,1089632957,920262902,681417596,22275,111400,35864070,8088,30300,6712,470,248,0,0,717286488,564958,539600,1069600,717286488,124984,717286327,439268,12667,557,29,6148,808,21,13000,6200
1786097939.402856239,681432214,35864849,681432213,0,681417630,15561,53700,35864069,7369,28800,4,0,1089636049,920265944,681417596,22275,111400,35864070,8088,30300,6712,470,248,0,0,717286490,564958,539600,1069600,717286490,124984,717286327,439268,12667,557,29,6148,808,21,13000,6200
1786097940.432709084,681432214,35864849,681432213,0,681417630,15561,53700,35864069,7369,28800,4,0,1089639136,920269004,681417596,22275,111400,35864070,8088,30300,6712,470,248,0,0,717286492,564958,539600,1069600,717286492,124984,717286327,439268,12667,557,29,6148,808,21,13000,6200
1786097941.464393373,681432214,35864849,681432213,0,681417630,15561,53700,35864069,7369,28800,4,0,1089642228,920272078,681417596,22275,111400,35864070,8088,30300,6712,470,248,0,0,717286494,564958,539600,1069600,717286494,124984,717286327,439268,12667,557,29,6148,808,21,13000,6200
1786097942.495710375,681432214,35864849,681432213,0,681417630,15561,53700,35864069,7369,28800,4,0,1089645322,920275131,681417596,22275,111400,35864070,8088,30300,6712,470,248,0,0,717286497,564959,539600,1069600,717286497,124984,717286327,439268,12667,557,29,6148,808,21,13000,6200
1786097943.528150200,681432214,35864849,681432213,0,681417630,15561,53700,35864069,7369,28800,4,0,1089648418,920278177,681417596,22275,111400,35864070,8088,30300,6712,470,248,0,0,717286501,564959,539600,1069600,717286501,124984,717286327,439268,12667,557,29,6148,808,21,13000,6200
1786097944.567388302,682117282,36549970,682117281,0,682103861,15558,53700,36552670,7390,28900,4,0,1089651534,920280660,682108315,22291,111500,36557309,8120,30400,6732,473,255,0,0,718667274,567478,540100,1089300,718673664,125559,718676303,441225,12664,557,29,6164,813,21,12900,6200
1786097945.624346576,3817378,3817395,3817378,0,3812710,11305,40000,3814845,7601,31000,0,0,1089654697,920280692,3817180,34422,205200,3819437,8801,33900,23180,568,633,0,0,7643888,1651861,1565200,18446744073709551616,7648009,365138,7651225,1285354,8609,660,28,6215,880,17,9300,6000
1786097946.668568383,7839398,7839416,7839398,0,7835182,11179,39600,7837680,7531,30800,0,0,1089657823,920280694,7840168,33942,194700,7842706,8722,33800,22798,560,630,0,0,15692496,1619011,1545400,18446744073709551616,15695536,358049,15700471,1259689,8493,656,27,6137,879,17,9300,6000
1786097947.706778736,11818411,11818424,11818411,0,11814078,11106,39400,11816752,7512,30800,0,0,1089660932,920280711,11819245,33765,192500,11821915,8699,33700,22683,558,627,0,0,23646564,1608760,1538700,18446744073709551616,23656821,355572,23661155,1252035,8427,655,27,6115,880,17,9300,6000
1786097948.742634557,15707715,15707725,15707715,0,15703300,11071,39400,15706165,7536,30800,0,0,1089664032,920280741,15708659,33807,194500,15711330,8717,33700,22753,559,621,0,0,31428410,1614375,1541700,18446744073709551616,31434339,356874,31437966,1256251,8388,657,27,6134,880,17,9200,6000
1786097949.784574383,19655483,19655486,19655483,0,19651079,11027,39200,19653576,7538,30800,0,0,1089667154,920280764,19656541,33762,194200,19659290,8713,33700,22749,559,616,0,0,39324966,1614865,1542900,18446744073709551616,39329422,357037,39336129,1256581,8346,657,27,6134,880,17,9200,6000
1786097950.825388272,23639313,23639318,23639313,0,23634797,11000,39200,23637268,7531,30800,0,0,1089670272,920280770,23639618,33691,192800,23641940,8705,33700,22702,558,614,0,0,47288075,1611865,1541300,18446744073709551616,47293127,356319,47298295,1254333,8322,656,27,6126,880,17,9200,6000
1786097951.861555541,27483986,27483985,27483986,0,27479377,10992,39100,27482128,7547,30900,0,0,1089673374,920280794,27484718,33755,194900,27487112,8720,33700,22771,560,611,0,0,54978019,1617332,1544800,18446744073709551616,54984363,357499,54989330,1258604,8312,657,27,6141,880,17,9100,6000
1786097952.894707252,31445803,31445813,31445804,0,31441672,10955,39000,31444073,7538,30900,0,0,1089676470,920280797,31446974,33674,193500,31449691,8708,33700,22727,560,609,0,0,62904981,1614618,1544000,18446744073709551616,62909807,357013,62913728,1256388,8280,657,27,6132,880,17,9100,6000
1786097953.933135664,35436840,35436854,35436841,0,35432614,10934,39000,35435206,7531,30800,0,0,1089679580,920280802,35437731,33621,192900,35440491,8699,33600,22694,559,608,0,0,70886582,1611655,1543100,18446744073709551616,70891323,356423,70896909,1253994,8263,656,27,6124,880,17,9100,6000
1786097954.969137486,39287841,39287864,39287841,0,39283568,10941,39000,39285972,7542,30900,0,0,1089682680,920280824,39288726,33675,194900,39291389,8710,33700,22740,560,606,0,0,78587156,1613380,1543500,18446744073709551616,78593791,356744,78599961,1255433,8267,657,27,6134,881,17,9100,6000
1786097956.011097413,43295594,43295605,43295594,0,43291225,10923,38900,43293741,7534,30900,0,0,1089685806,920280827,43296613,33625,194000,43299853,8701,33700,22708,560,606,0,0,86604752,1610544,1542600,18446744073709551616,86610913,356214,86619605,1253112,8253,657,27,6127,880,17,9100,6000
1786097957.050248483,47249267,47249272,47249267,0,47244807,10913,38900,47247446,7533,30900,0,0,1089688916,920280834,47249766,33607,194100,47252174,8700,33600,22699,560,605,0,0,94508939,1609620,1542500,18446744073709551616,94515096,355961,94519577,1252461,8243,656,27,6125,880,17,9100,6000
1786097958.089930800,51183921,51183923,51183921,0,51179762,10915,38900,51182455,7533,30900,0,0,1089692023,920280841,51185697,33604,194100,51188581,8699,33600,22695,560,605,0,0,102381710,1609112,1542300,18446744073709551616,102387428,355828,102393684,1252074,8244,657,27,6125,880,17,9100,6000
1786097959.125769623,55175444,55175449,55175444,0,55171134,10908,38900,55174086,7528,30900,0,0,1089695129,920280843,55176907,33573,193400,55179905,8694,33600,22670,560,605,0,0,110363659,1607647,1541900,18446744073709551616,110373355,355542,110376605,1250890,8238,656,27,6120,880,17,9100,6000
1786097960.167178259,59142029,59142043,59142029,0,59137729,10901,38900,59141171,7528,30900,0,0,1089698250,920280859,59143999,33557,193400,59146815,8692,33600,22659,559,604,0,0,118296034,1607473,1541700,18446744073709551616,118304505,355512,118310102,1250762,8232,656,27,6120,880,17,9100,6000
1786097961.207835513,63026718,63026723,63026718,0,63022123,10899,38900,63024602,7534,30900,0,0,1089701365,920280880,63026920,33579,194000,63029266,8698,33700,22683,560,603,0,0,126063814,1609042,1542700,18446744073709551616,126067279,355825,126072014,1251997,8229,656,27,6125,880,17,9100,6000
1786097962.244953260,66969868,66969873,66969868,0,66965533,10898,38800,66967940,7534,30900,0,0,1089704474,920280901,66970280,33580,194100,66973268,8699,33700,22686,560,603,0,0,133950828,1608371,1542200,18446744073709551616,133955589,355695,133961726,1251462,8228,657,27,6126,881,17,9100,6000
1786097963.282976897,70883322,70883333,70883322,0,70878875,10900,38800,70881736,7536,30900,0,0,1089707581,920280916,70884234,33591,194400,70886875,8700,33700,22694,560,603,0,0,141778265,1608878,1542400,18446744073709551616,141783722,355810,141788865,1251851,8230,657,27,6128,880,17,9100,6000
1786097964.320905028,74856735,74856744,74856735,0,74852760,10889,38800,74855390,7533,30900,0,0,1089710683,920280921,74858167,33566,194000,74861360,8697,33600,22679,560,602,0,0,149727490,1607755,1541800,18446744073709551616,149733196,355567,149739763,1250959,8221,656,27,6125,881,17,9100,6000
1786097965.367112365,78892141,78892151,78892141,0,78888027,10882,38800,78890623,7529,30900,0,0,1089713820,920280923,78893435,33543,193600,78896225,8692,33600,22663,560,602,0,0,157796101,1606579,1541000,18446744073709551616,157803880,355331,157808480,1250025,8215,656,27,6121,880,17,9100,6000
1786097966.404137221,82831643,82831646,82831643,0,82827405,10881,38800,82830030,7530,30900,0,0,1089716926,920280931,82832740,33542,193500,82835784,8693,33600,22665,560,602,0,0,165677588,1606848,1541300,18446744073709551616,165682382,355359,165688337,1250272,8214,656,27,6121,880,17,9100,6000
1786097967.444672733,86780660,86780662,86780660,0,86776284,10879,38800,86778721,7529,30900,0,0,1089720039,920280936,86781305,33541,193700,86783805,8692,33600,22665,560,602,0,0,173572064,1606795,1541700,18446744073709551616,173578334,355273,173583859,1250291,8212,656,27,6121,880,17,9100,6000
1786097968.481620117,90742431,90742437,90742431,0,90738392,10873,38800,90740293,7528,30800,0,0,1089723143,920280952,90742563,33530,193700,90744933,8691,33600,22659,560,601,0,0,181492465,1606603,1541800,18446744073709551616,181497282,355136,181502776,1250245,8208,656,27,6119,881,17,9100,6000
1786097969.524053737,94637463,94637477,94637463,0,94633178,10872,38800,94635923,7532,30900,0,0,1089726262,920280971,94638393,33545,194100,94640916,8694,33600,22674,560,601,0,0,189285722,1608070,1542700,18446744073709551616,189291069,355408,189298354,1251448,8207,656,27,6123,881,17,9100,6000
1786097970.561284961,98626204,98626208,98626204,0,98621746,10867,38800,98624901,7529,30900,0,0,1089729371,920280973,98627406,33527,193800,98630138,8691,33600,22662,560,601,0,0,197266335,1607315,1542300,18446744073709551616,197268714,355232,197274868,1250857,8203,656,27,6120,881,17,9100,6000
1786097971.595505615,102597459,102597463,102597459,0,102593653,10863,38800,102596241,7526,30800,0,0,1089732468,920280976,102598558,33513,193600,102601038,8688,33600,22652,560,601,0,0,205208567,1606904,1542600,18446744073709551616,205213215,355115,205215895,1250558,8200,656,27,6118,881,17,9100,6000
1786097972.630847542,106442204,106442213,106442204,0,106437865,10869,38800,106440052,7531,30900,0,0,1089735567,920280990,106442734,33537,194200,106445374,8693,33600,22669,560,600,0,0,212895774,1608525,1543700,18446744073709551616,212901436,355471,212907851,1251832,8204,656,27,6122,881,17,9100,6000
1786097973.668148754,110420685,110420693,110420685,0,110416309,10867,38800,110418921,7529,30900,0,0,1089738676,920281000,110421324,33527,193700,110423872,8691,33600,22662,560,600,0,0,220853090,1607853,1543000,18446744073709551616,220857196,355369,220861537,1251265,8202,656,27,6120,881,17,9100,6000
1786097974.704557399,114367924,114367938,114367924,0,114363585,10867,38800,114366030,7529,30800,0,0,1089741780,920281016,114368141,33526,193500,114370360,8691,33600,22660,560,601,0,0,228745080,1607503,1542500,18446744073709551616,228750125,355337,228752681,1250943,8202,656,27,6120,881,17,9100,6000
1786097975.743267553,118290278,118290289,118290278,0,118286076,10873,38800,118288619,7530,30800,0,0,1089744890,920281031,118290995,33536,193600,118293864,8693,33600,22665,560,601,0,0,236591849,1607821,1542600,18446744073709551616,236599527,355423,236604768,1251178,8207,656,27,6121,881,17,9100,6000
1786097976.779626627,122284479,122284499,122284480,0,122280132,10871,38800,122282881,7528,30800,0,0,1089747995,920281034,122285550,33524,193100,122287964,8691,33600,22655,560,601,0,0,244580438,1606992,1542000,18446744073709551616,244585655,355274,244592694,1250493,8205,656,27,6119,881,17,9100,6000
1786097977.814137120,126268643,126268654,126268643,0,126264334,10869,38800,126267175,7526,30800,0,0,1089751093,920281037,126269762,33512,192600,126272585,8688,33600,22645,560,601,0,0,252549561,1606585,1541700,18446744073709551616,252557053,355227,252559971,1250134,8204,656,27,6117,881,17,9100,6000
1786097978.849318949,130139760,130139772,130139760,0,130135207,10869,38800,130137337,7528,30800,0,0,1089754185,920281061,130139736,33524,192900,130142081,8691,33600,22655,560,601,0,0,260289129,1607208,1542000,18446744073709551616,260293978,355381,260298146,1250605,8203,656,27,6119,881,17,9100,6000
1786097979.887241696,134120617,134120625,134120617,0,134116435,10864,38800,134119312,7526,30800,0,0,1089757300,920281074,134121903,33513,192700,134124806,8689,33600,22649,560,601,0,0,268254757,1606702,1541600,18446744073709551616,268259754,355266,268265497,1250210,8199,656,27,6117,881,17,9100,6000
1786097980.921447693,137998786,137998796,137998786,0,137994200,10866,38800,137996483,7529,30900,0,0,1089760398,920281085,137998986,33524,192700,138001772,8691,33600,22660,560,601,0,0,276010016,1607429,1541700,18446744073709551616,276015046,355419,276019890,1250786,8200,656,27,6119,881,17,9100,6000
1786097981.957755837,141888675,141888678,141888675,0,141884218,10871,38800,141887029,7531,30900,0,0,1089763499,920281106,141889573,33539,192900,141892221,8693,33600,22669,560,601,0,0,283788041,1607881,1541900,18446744073709551616,283795597,355529,283799925,1251132,8205,656,27,6121,881,17,9100,6000
1786097982.999594184,145847704,145847718,145847704,0,145843455,10872,38800,145846097,7531,30900,0,0,1089766622,920281114,145848894,33540,192900,145851684,8694,33600,22669,560,602,0,0,291709388,1607459,1541500,18446744073709551616,291713977,355443,291719579,1250787,8206,656,27,6121,881,17,9100,6000
1786097984.039368334,149806122,149806132,149806122,0,149801838,10870,38800,149804994,7531,30900,0,0,1089769735,920281126,149807678,33539,193000,149809931,8694,33600,22670,560,602,0,0,299626409,1607219,1541400,18446744073709551616,299630636,355410,299638409,1250584,8204,656,27,6121,881,17,9100,6000
1786097985.079605177,153732953,153732959,153732953,0,153728586,10872,38800,153730757,7531,30900,0,0,1089772845,920281144,153733108,33544,193000,153735480,8694,33600,22673,560,601,0,0,307475487,1607527,1541400,18446744073709551616,307481821,355484,307484742,1250818,8205,656,27,6122,881,17,9100,6000
1786097986.116173991,157713890,157713906,157713891,0,157709959,10870,38800,157712635,7530,30900,0,0,1089775955,920281153,157715011,33535,192900,157717655,8693,33600,22666,560,601,0,0,315440936,1606900,1541100,18446744073709551616,315447783,355348,315450912,1250329,8204,656,27,6120,881,17,9100,6000
1786097987.152132025,161595890,161595894,161595890,0,161591547,10871,38800,161594182,7531,30900,0,0,1089779058,920281184,161596795,33544,193100,161598886,8695,33600,22673,560,601,0,0,323204055,1607544,1541400,18446744073709551616,323207354,355433,323212169,1250886,8205,656,27,6122,881,17,9100,6000
1786097988.192167015,165558466,165558479,165558466,0,165554146,10870,38800,165556784,7531,30900,0,0,1089782172,920281188,165559409,33541,193000,165562221,8694,33600,22671,560,601,0,0,331130149,1607238,1541100,18446744073709551616,331136077,355383,331141015,1250631,8204,656,27,6121,881,17,9100,6000
1786097989.228028437,169528533,169528542,169528533,0,169523963,10869,38900,169526663,7530,30900,0,0,1089785271,920281205,169529232,33535,192900,169531840,8693,33600,22667,560,602,0,0,339068413,1606689,1540700,18446744073709551616,339074764,355270,339079950,1250198,8203,656,27,6120,881,17,9100,6000
1786097990.272868699,173443810,173443813,173443810,0,173439904,10870,38900,173442609,7531,30900,0,0,1089788402,920281224,173445278,33542,192900,173448708,8695,33600,22673,560,601,0,0,346904127,1606989,1540800,18446744073709551616,346912177,355378,346917490,1250387,8204,656,27,6121,881,17,9100,6000
1786097991.312095496,177412435,177412447,177412435,0,177407884,10869,38800,177410467,7531,30900,0,0,1089791516,920281245,177413097,33541,192900,177416308,8694,33600,22672,560,601,0,0,354836124,1607091,1541000,18446744073709551616,354843458,355412,354848569,1250458,8203,656,27,6121,881,17,9100,6000
1786097992.352336615,181398281,181398293,181398281,0,181393711,10869,38800,181396488,7530,30900,0,0,1089794621,920281248,181399555,33535,192700,181402103,8693,33600,22667,560,602,0,0,362811657,1606406,1540700,18446744073709551616,362815991,355263,362820726,1249917,8203,656,27,6120,881,17,9100,6000
1786097993.395488058,185289183,185289187,185289184,0,185284762,10873,38900,185287243,7532,30900,0,0,1089797758,920281269,185289769,33550,193100,185292145,8696,33600,22677,560,602,0,0,370589166,1607348,1541400,18446744073709551616,370594705,355474,370600932,1250650,8206,656,27,6122,881,17,9100,6000
1786097994.434611901,189257423,189257436,189257423,0,189253214,10871,38900,189256427,7531,30900,0,0,1089800865,920281274,189259616,33543,193000,189262410,8695,33600,22673,560,602,0,0,378529989,1607168,1541500,18446744073709551616,378535895,355458,378543176,1250487,8205,656,27,6121,881,17,9100,6000
1786097995.473782122,193250864,193250875,193250864,0,193246564,10867,38800,193249377,7530,30900,0,0,1089803983,920281280,193252010,33535,192900,193254734,8693,33600,22668,560,602,0,0,386514103,1606710,1541400,18446744073709551616,386519996,355374,386522291,1250116,8201,656,27,6120,881,17,9100,6000
1786097996.513593774,197146793,197146789,197146793,0,197142291,10870,38800,197145110,7531,30900,1,0,1089807092,920281301,197147939,33543,193100,197150689,8695,33600,22674,560,602,0,0,394307142,1607206,1541700,18446744073709551616,394313971,355487,394321092,1250499,8203,656,27,6121,881,17,9100,6000
1786097997.550320315,201146241,201146247,201146241,0,201141886,10867,38800,201144347,7530,30800,1,0,1089810198,920281305,201146859,33534,193000,201149545,8693,33600,22667,560,601,0,0,402303811,1606728,1541500,18446744073709551616,402309063,355387,402315602,1250121,8201,656,27,6120,881,17,9100,6000
1786097998.586422634,205110015,205110019,205110015,0,205105647,10867,38800,205108341,7530,30800,1,0,1089813302,920281325,205110854,33531,192900,205113517,8693,33600,22664,560,601,0,0,410231604,1606555,1541400,18446744073709551616,410237338,355353,410242623,1249980,8201,656,27,6119,881,17,9100,6000
1786097999.622537227,208997802,208997810,208997802,0,208993802,10868,38800,208996613,7531,30800,1,0,1089816404,920281338,208999578,33536,193000,209003178,8694,33600,22669,560,601,0,0,418010679,1606959,1541500,18446744073709551616,418018818,355440,418023051,1250298,8201,656,27,6121,881,17,9100,6000
1786098000.660146828,212998706,212998713,212998706,0,212994373,10866,38800,212997042,7529,30800,1,0,1089819514,920281343,212999848,33528,192900,213002511,8692,33600,22663,560,601,0,0,426009950,1606545,1541300,18446744073709551616,426015722,355354,426020139,1249970,8200,656,27,6119,881,17,9100,6000
1786098001.694300938,216953089,216953094,216953090,0,216948622,10866,38800,216950956,7529,30800,1,0,1089822610,920281348,216953320,33527,192700,216955901,8692,33600,22661,560,602,0,0,433916577,1606356,1541200,18446744073709551616,433921160,355348,433925020,1249790,8200,656,27,6119,881,17,9100,6000
1786098002.736790160,220884928,220884933,220884928,0,220880640,10866,38800,220883409,7530,30800,1,0,1089825729,920281359,220886601,33530,192800,220888940,8693,33600,22664,560,601,0,0,441784242,1606470,1541300,18446744073709551616,441788446,355385,441793899,1249860,8200,656,27,6120,881,17,9100,6000
1786098003.771349785,224825888,224825895,224825888,0,224821754,10866,38800,224824146,7530,30800,1,0,1089828828,920281371,224826571,33528,192700,224829390,8693,33600,22662,560,601,0,0,449664630,1606402,1541200,18446744073709551616,449670663,355381,449674148,1249799,8200,656,27,6120,881,17,9100,6000
1786098004.803992886,227102490,227102494,227102490,0,227096739,10866,38800,227096654,7529,30800,1,0,1089831921,920282694,227096718,33525,192600,227096655,8692,33600,22659,560,601,0,0,454202468,1606222,1541000,18446744073709551616,454202468,355363,454202351,1249637,8199,656,27,6119,881,17,9100,6000
1786098005.835019653,227102490,227102494,227102490,0,227096739,10866,38800,227096654,7529,30800,1,0,1089835011,920285743,227096718,33525,192600,227096655,8692,33600,22659,560,601,0,0,454202472,1606222,1541000,18446744073709551616,454202472,355363,454202351,1249637,8199,656,27,6119,881,17,9100,6000
1786098006.868134907,227102490,227102494,227102490,0,227096739,10866,38800,227096654,7529,30800,1,0,1089838111,920288837,227096718,33525,192600,227096655,8692,33600,22659,560,601,0,0,454202475,1606222,1541000,18446744073709551616,454202475,355363,454202351,1249637,8199,656,27,6119,881,17,9100,6000
1786098007.900112460,227102490,227102494,227102490,0,227096739,10866,38800,227096654,7529,30800,1,0,1089841204,920291883,227096718,33525,192600,227096655,8692,33600,22659,560,601,0,0,454202477,1606222,1541000,18446744073709551616,454202477,355363,454202351,1249637,8199,656,27,6119,881,17,9100,6000
1786098008.931792200,227102490,227102494,227102490,0,227096739,10866,38800,227096654,7529,30800,1,0,1089844296,920294944,227096718,33525,192600,227096655,8692,33600,22659,560,601,0,0,454202479,1606222,1541000,18446744073709551616,454202479,355363,454202351,1249637,8199,656,27,6119,881,17,9100,6000
1786098009.961611611,227102490,227102494,227102490,0,227096739,10866,38800,227096654,7529,30800,1,0,1089847389,920298032,227096718,33525,192600,227096655,8692,33600,22659,560,601,0,0,454202481,1606222,1541000,18446744073709551616,454202481,355363,454202351,1249637,8199,656,27,6119,881,17,9100,6000
1786098010.989515599,227102490,227102494,227102490,0,227096739,10866,38800,227096654,7529,30800,1,0,1089850466,920301049,227096718,33525,192600,227096655,8692,33600,22659,560,601,0,0,454202483,1606222,1541000,18446744073709551616,454202483,355363,454202351,1249637,8199,656,27,6119,881,17,9100,6000
1786098012.022372623,227102490,227102494,227102490,0,227096739,10866,38800,227096654,7529,30800,1,0,1089853564,920304131,227096718,33525,192600,227096655,8692,33600,22659,560,601,0,0,454202485,1606222,1541000,18446744073709551616,454202485,355363,454202351,1249637,8199,656,27,6119,881,17,9100,6000
1786098013.052921282,227102490,227102494,227102490,0,227096739,10866,38800,227096654,7529,30800,1,0,1089856658,920307217,227096718,33525,192600,227096655,8692,33600,22659,560,601,0,0,454202487,1606222,1541000,18446744073709551616,454202487,355363,454202351,1249637,8199,656,27,6119,881,17,9100,6000
1786098014.079582072,227102490,227102494,227102490,0,227096739,10866,38800,227096654,7529,30800,1,0,1089859734,920310202,227096718,33525,192600,227096655,8692,33600,22659,560,601,0,0,454202489,1606222,1541000,18446744073709551616,454202489,355363,454202351,1249637,8199,656,27,6119,881,17,9100,6000
1786098015.109151112,227102490,227102494,227102490,0,227096739,10866,38800,227096654,7529,30800,1,0,1089862829,920313285,227096718,33525,192600,227096655,8692,33600,22659,560,601,0,0,454202491,1606222,1541000,18446744073709551616,454202491,355363,454202351,1249637,8199,656,27,6119,881,17,9100,6000
1786098016.140390763,227102490,227102494,227102490,0,227096739,10866,38800,227096654,7529,30800,1,0,1089865915,920316348,227096718,33525,192600,227096655,8692,33600,22659,560,601,0,0,454202495,1606222,1541000,18446744073709551616,454202495,355364,454202351,1249637,8199,656,27,6119,881,17,9100,6000
1786098017.172639809,227102490,227102494,227102490,0,227096739,10866,38800,227096654,7529,30800,1,0,1089869011,920319374,227096718,33525,192600,227096655,8692,33600,22659,560,601,0,0,454202497,1606222,1541000,18446744073709551616,454202497,355364,454202351,1249637,8199,656,27,6119,881,17,9100,6000
1786098018.204781870,227102490,227102494,227102490,0,227096739,10866,38800,227096654,7529,30800,1,0,1089872109,920322466,227096718,33525,192600,227096655,8692,33600,22659,560,601,0,0,454202499,1606222,1541000,18446744073709551616,454202499,355364,454202351,1249637,8199,656,27,6119,881,17,9100,6000
1786098019.236253141,227102490,227102494,227102490,0,227096739,10866,38800,227096654,7529,30800,1,0,1089875200,920325550,227096718,33525,192600,227096655,8692,33600,22659,560,601,0,0,454202501,1606222,1541000,18446744073709551616,454202501,355364,454202351,1249637,8199,656,27,6119,881,17,9100,6000
1786098020.269024454,227102490,227102494,227102490,0,227096739,10866,38800,227096654,7529,30800,1,0,1089878296,920328578,227096718,33525,192600,227096655,8692,33600,22659,560,601,0,0,454202503,1606222,1541000,18446744073709551616,454202503,355364,454202351,1249637,8199,656,27,6119,881,17,9100,6000
1786098021.301979190,227102490,227102494,227102490,0,227096739,10866,38800,227096654,7529,30800,1,0,1089881395,920331670,227096718,33525,192600,227096655,8692,33600,22659,560,601,0,0,454202505,1606222,1541000,18446744073709551616,454202505,355364,454202351,1249637,8199,656,27,6119,881,17,9100,6000
1786098022.333705585,227102490,227102494,227102490,0,227096739,10866,38800,227096654,7529,30800,1,0,1089884489,920334731,227096718,33525,192600,227096655,8692,33600,22659,560,601,0,0,454202507,1606222,1541000,18446744073709551616,454202507,355364,454202351,1249637,8199,656,27,6119,881,17,9100,6000
1786098023.366149298,227102490,227102494,227102490,0,227096739,10866,38800,227096654,7529,30800,1,0,1089887582,920337780,227096718,33525,192600,227096655,8692,33600,22659,560,601,0,0,454202509,1606222,1541000,18446744073709551616,454202509,355364,454202351,1249637,8199,656,27,6119,881,17,9100,6000
1786098024.398721672,227102490,227102494,227102490,0,227096739,10866,38800,227096654,7529,30800,1,0,1089890677,920340848,227096718,33525,192600,227096655,8692,33600,22659,560,601,0,0,454202511,1606222,1541000,18446744073709551616,454202511,355364,454202351,1249637,8199,656,27,6119,881,17,9100,6000
1786098025.431708185,227102490,227102494,227102490,0,227096739,10866,38800,227096654,7529,30800,1,0,1089893776,920343913,227096718,33525,192600,227096655,8692,33600,22659,560,601,0,0,454202513,1606222,1541000,18446744073709551616,454202513,355364,454202351,1249637,8199,656,27,6119,881,17,9100,6000
1786098026.465209410,227102490,227102494,227102490,0,227096739,10866,38800,227096654,7529,30800,1,0,1089896875,920346966,227096718,33525,192600,227096655,8692,33600,22659,560,601,0,0,454202515,1606222,1541000,18446744073709551616,454202515,355364,454202351,1249637,8199,656,27,6119,881,17,9100,6000
1786098027.497869760,227102490,227102494,227102490,0,227096739,10866,38800,227096654,7529,30800,1,0,1089899972,920350057,227096718,33525,192600,227096655,8692,33600,22659,560,601,0,0,454202517,1606222,1541000,18446744073709551616,454202517,355364,454202351,1249637,8199,656,27,6119,881,17,9100,6000
1786098028.530204001,227102490,227102494,227102490,0,227096739,10866,38800,227096654,7529,30800,1,0,1089903066,920353097,227096718,33525,192600,227096655,8692,33600,22659,560,601,0,0,454202519,1606222,1541000,18446744073709551616,454202519,355364,454202351,1249637,8199,656,27,6119,881,17,9100,6000
1786098029.559078379,227102490,227102494,227102490,0,227096739,10866,38800,227096654,7529,30800,1,0,1089906155,920356162,227096718,33525,192600,227096655,8692,33600,22659,560,601,0,0,454202521,1606222,1541000,18446744073709551616,454202521,355364,454202351,1249637,8199,656,27,6119,881,17,9100,6000
1786098030.591526680,227102490,227102494,227102490,0,227096739,10866,38800,227096654,7529,30800,1,0,1089909250,920359251,227096718,33525,192600,227096655,8692,33600,22659,560,601,0,0,454202523,1606222,1541000,18446744073709551616,454202523,355364,454202351,1249637,8199,656,27,6119,881,17,9100,6000
1786098031.618950693,227102490,227102494,227102490,0,227096739,10866,38800,227096654,7529,30800,1,0,1089912335,920362281,227096718,33525,192600,227096655,8692,33600,22659,560,601,0,0,454202525,1606222,1541000,18446744073709551616,454202525,355364,454202351,1249637,8199,656,27,6119,881,17,9100,6000
1786098032.647815638,227102490,227102494,227102490,0,227096739,10866,38800,227096654,7529,30800,1,0,1089915417,920365341,227096718,33525,192600,227096655,8692,33600,22659,560,601,0,0,454202527,1606222,1541000,18446744073709551616,454202527,355364,454202351,1249637,8199,656,27,6119,881,17,9100,6000
1786098033.677590443,227102490,227102494,227102490,0,227096739,10866,38800,227096654,7529,30800,1,0,1089918504,920368423,227096718,33525,192600,227096655,8692,33600,22659,560,601,0,0,454202529,1606222,1541000,18446744073709551616,454202529,355364,454202351,1249637,8199,656,27,6119,881,17,9100,6000
1786098034.711968376,227102490,227102494,227102490,0,227096739,10866,38800,227096654,7529,30800,1,0,1089921605,920371430,227096718,33525,192600,227096655,8692,33600,22659,560,601,0,0,454202531,1606222,1541000,18446744073709551616,454202531,355364,454202351,1249637,8199,656,27,6119,881,17,9100,6000
1786098035.744631682,227102490,227102494,227102490,0,227096739,10866,38800,227096654,7529,30800,1,0,1089924703,920374522,227096718,33525,192600,227096655,8692,33600,22659,560,601,0,0,454202533,1606222,1541000,18446744073709551616,454202533,355364,454202351,1249637,8199,656,27,6119,881,17,9100,6000
1786098036.776959821,227102490,227102494,227102490,0,227096739,10866,38800,227096654,7529,30800,1,0,1089927799,920377610,227096718,33525,192600,227096655,8692,33600,22659,560,601,0,0,454202535,1606223,1541000,18446744073709551616,454202535,355364,454202351,1249637,8199,656,27,6119,881,17,9100,6000
1786098037.808100738,227102490,227102494,227102490,0,227096739,10866,38800,227096654,7529,30800,1,0,1089930890,920380630,227096718,33525,192600,227096655,8692,33600,22659,560,601,0,0,454202537,1606223,1541000,18446744073709551616,454202537,355364,454202351,1249637,8199,656,27,6119,881,17,9100,6000
1786098038.841182701,227102490,227102494,227102490,0,227096739,10866,38800,227096654,7529,30800,1,0,1089933988,920383723,227096718,33525,192600,227096655,8692,33600,22659,560,601,0,0,454202539,1606223,1541000,18446744073709551616,454202539,355364,454202351,1249637,8199,656,27,6119,881,17,9100,6000
1786098039.873381113,227102490,227102494,227102490,0,227096739,10866,38800,227096654,7529,30800,1,0,1089937084,920386795,227096718,33525,192600,227096655,8692,33600,22659,560,601,0,0,454202541,1606223,1541000,18446744073709551616,454202541,355364,454202351,1249637,8199,656,27,6119,881,17,9100,6000
1786098040.906455209,227102490,227102494,227102490,0,227096739,10866,38800,227096654,7529,30800,1,0,1089940182,920389838,227096718,33525,192600,227096655,8692,33600,22659,560,601,0,0,454202543,1606223,1541000,18446744073709551616,454202543,355364,454202351,1249637,8199,656,27,6119,881,17,9100,6000
1786098041.936893958,227102490,227102494,227102490,0,227096739,10866,38800,227096654,7529,30800,1,0,1089943273,920392924,227096718,33525,192600,227096655,8692,33600,22659,560,601,0,0,454202545,1606223,1541000,18446744073709551616,454202545,355364,454202351,1249637,8199,656,27,6119,881,17,9100,6000
1786098042.969745727,227102493,227102494,227102493,0,227096742,10866,38800,227096654,7529,30800,1,0,1089946369,920395992,227096721,33525,192600,227096655,8692,33600,22659,560,601,0,0,454202550,1606223,1541000,18446744073709551616,454202550,355364,454202354,1249637,8199,656,27,6119,881,17,9100,6000
1786098044.002731071,227102496,227102494,227102496,0,227096745,10866,38800,227096654,7529,30800,1,0,1089949467,920399003,227096724,33525,192600,227096655,8692,33600,22659,560,601,0,0,454202556,1606223,1541000,18446744073709551616,454202556,355364,454202357,1249637,8199,656,27,6119,881,17,9100,6000
1786098045.035214639,227102497,227102494,227102497,0,227096746,10866,38800,227096654,7529,30800,1,0,1089952563,920402072,227096725,33525,192600,227096655,8692,33600,22659,560,601,0,0,454202560,1606223,1541000,18446744073709551616,454202560,355364,454202358,1249637,8199,656,27,6119,881,17,9100,6000
1786098046.067055388,227102497,227102494,227102497,0,227096746,10866,38800,227096654,7529,30800,1,0,1089955656,920405114,227096725,33525,192600,227096655,8692,33600,22659,560,601,0,0,454202564,1606223,1541000,18446744073709551616,454202564,355364,454202358,1249637,8199,656,27,6119,881,17,9100,6000
1786098047.100191472,227102497,227102494,227102497,0,227096746,10866,38800,227096654,7529,30800,1,0,1089958755,920408183,227096725,33525,192600,227096655,8692,33600,22659,560,601,0,0,454202568,1606223,1541000,18446744073709551616,454202568,355364,454202358,1249637,8199,656,27,6119,881,17,9100,6000
1786098048.132775613,227102497,227102494,227102497,0,227096746,10866,38800,227096654,7529,30800,1,0,1089961852,920411274,227096725,33525,192600,227096655,8692,33600,22659,560,601,0,0,454202572,1606223,1541000,18446744073709551616,454202572,355364,454202358,1249637,8199,656,27,6119,881,17,9100,6000
1786098049.161233478,227102497,227102494,227102497,0,227096746,10866,38800,227096654,7529,30800,1,0,1089964937,920414330,227096725,33525,192600,227096655,8692,33600,22659,560,601,0,0,454202576,1606223,1541000,18446744073709551616,454202576,355364,454202358,1249637,8199,656,27,6119,881,17,9100,6000
1786098050.194373297,227102497,227102494,227102497,0,227096746,10866,38800,227096654,7529,30800,1,0,1089968032,920417375,227096725,33525,192600,227096655,8692,33600,22659,560,601,0,0,454202580,1606223,1541000,18446744073709551616,454202580,355364,454202358,1249637,8199,656,27,6119,881,17,9100,6000
1786098051.227593650,227102497,227102494,227102497,0,227096746,10866,38800,227096654,7529,30800,1,0,1089971131,920420467,227096725,33525,192600,227096655,8692,33600,22659,560,601,0,0,454202584,1606223,1541000,18446744073709551616,454202584,355364,454202358,1249637,8199,656,27,6119,881,17,9100,6000
1786098052.260606566,237425259,227102494,237425259,0,237424008,11263,41200,227096654,7529,30800,1,0,1089974195,920420937,237441025,33182,187200,227096655,8692,33600,21918,560,601,0,0,464558948,1584005,1517800,18446744073709551616,464567772,350482,464575561,1232277,8579,654,27,6119,881,17,9200,6000
1786098053.300067695,12358538,0,12358538,0,12343857,18555,72000,0,0,0,0,0,1089977250,920421065,12361508,23689,121700,0,0,0,5150,0,0,0,0,12378263,550448,517500,1258600,12387447,121250,12395295,428482,15632,573,29,0,0,0,15000,0
1786098054.329316006,24805114,0,24805114,0,24789589,18617,72700,0,0,0,0,0,1089980277,920421204,24804839,23785,124300,0,0,0,5174,0,0,0,0,24819634,552863,518600,1291300,24828234,122026,24836993,430113,15651,572,29,0,0,0,15000,0
1786098055.358886979,36862996,0,36862995,0,36850439,18817,72800,0,0,0,0,0,1089983295,920421356,36867123,24064,126100,0,0,0,5253,0,0,0,0,36884985,560685,521100,1481600,36893765,123620,36903571,436279,15832,574,29,0,0,0,15000,0
1786098056.385843940,49204938,0,49204937,0,49190544,18803,72800,0,0,0,0,0,1089986318,920421491,49207076,24046,125700,0,0,0,5246,0,0,0,0,49222777,560189,521000,1476200,49230695,123378,49240448,436063,15811,573,29,0,0,0,15000,0
1786098057.417926844,61663360,0,61663359,0,61648577,18782,72600,0,0,0,0,0,1089989351,920421625,61665748,24016,125100,0,0,0,5236,0,0,0,0,61680312,559750,521200,1464400,61689161,123321,61698539,435675,15787,573,29,0,0,0,15000,0
1786098058.448504214,73701525,0,73701525,0,73687405,18861,72800,0,0,0,0,0,1089992389,920421787,73704542,24130,126200,0,0,0,5270,0,0,0,0,73721672,562698,522200,1519200,73731410,124000,73740881,437931,15861,573,29,0,0,0,15000,0
1786098059.479343674,86257387,0,86257386,0,86243122,18811,72700,0,0,0,0,0,1089995417,920421905,86260237,24054,125700,0,0,0,5245,0,0,0,0,86276790,560872,521700,1481200,86285276,123560,86294150,436517,15809,573,29,0,0,0,15000,0
1786098060.508083265,98772607,0,98772606,0,98757193,18780,72700,0,0,0,0,0,1089998454,920422027,98771719,24011,125300,0,0,0,5231,0,0,0,0,98784463,559985,521700,1455900,98791320,123247,98799888,435964,15776,573,29,0,0,0,15000,0
1786098061.536419687,110696572,0,110696571,0,110680637,18851,72900,0,0,0,0,0,1090001482,920422207,110693114,24113,126100,0,0,0,5263,0,0,0,0,110704407,562603,522400,1507400,110710745,123907,110715846,437925,15843,573,29,0,0,0,15000,0
1786098062.566243644,123185917,0,123185918,0,123171015,18826,72900,0,0,0,0,0,1090004510,920422338,123187967,24078,125900,0,0,0,5253,0,0,0,0,123203955,561897,522400,1490700,123213840,123799,123222345,437314,15820,573,29,0,0,0,15000,0
1786098063.594944499,135400237,0,135400236,0,135386061,18840,73100,0,0,0,0,0,1090007523,920422482,135401513,24098,126100,0,0,0,5258,0,0,0,0,135417455,562267,522500,1498600,135426531,123927,135436092,437555,15833,573,29,0,0,0,15000,0
1786098064.623079091,147659580,0,147659579,0,147644324,18845,73100,0,0,0,0,0,1090010542,920422623,147659992,24103,125900,0,0,0,5259,0,0,0,0,147675992,562466,522600,1500700,147683511,123999,147690767,437684,15836,573,29,0,0,0,15000,0
1786098065.654758480,160004572,0,160004571,0,159989171,18845,73200,0,0,0,0,0,1090013569,920422760,160002737,24104,125900,0,0,0,5259,0,0,0,0,160016624,562553,522600,1502300,160023493,124005,160029979,437764,15833,573,29,0,0,0,15000,0
1786098066.685988611,172303780,0,172303779,0,172289348,18846,73400,0,0,0,0,0,1090016612,920422915,172306741,24107,126100,0,0,0,5262,0,0,0,0,172321883,562646,522600,1505000,172331919,123997,172340128,437864,15835,573,29,0,0,0,15000,0
1786098067.717850809,184517664,0,184517663,0,184502875,18858,73400,0,0,0,0,0,1090019642,920423067,184520116,24124,126300,0,0,0,5266,0,0,0,0,184536013,563055,522500,1518200,184545661,124093,184553818,438173,15848,573,29,0,0,0,15000,0
1786098068.746843862,197093135,0,197093134,0,197078405,18837,73400,0,0,0,0,0,1090022664,920423196,197095926,24093,126000,0,0,0,5256,0,0,0,0,197112407,562196,522100,1505600,197122523,123901,197129852,437503,15828,573,29,0,0,0,15000,0
1786098069.775635209,209120106,0,209120105,0,209105186,18862,73600,0,0,0,0,0,1090025696,920423363,209122056,24128,126300,0,0,0,5266,0,0,0,0,209138269,563043,522200,1527100,209147188,124110,209155647,438145,15852,573,29,0,0,0,15000,0
1786098070.807956491,221696186,0,221696185,0,221682123,18842,73600,0,0,0,0,0,1090028701,920423487,221699779,24099,126200,0,0,0,5257,0,0,0,0,221717156,562291,522000,1512400,221726515,123926,221737346,437580,15833,573,29,0,0,0,15000,0
1786098071.839110716,234237641,0,234237640,0,234222949,18828,73700,0,0,0,0,0,1090031717,920423617,234238959,24078,126100,0,0,0,5250,0,0,0,0,234255493,561668,521700,1502100,234265808,123820,234272492,437061,15819,573,29,0,0,0,15000,0
1786098072.870425980,246487007,0,246487006,0,246471669,18834,73700,0,0,0,0,0,1090034765,920423764,246487860,24087,126000,0,0,0,5253,0,0,0,0,246503190,561872,521800,1508300,246513096,123851,246519061,437242,15824,573,29,0,0,0,15000,0
1786098073.901858088,258843284,0,258843283,0,258828936,18836,73700,0,0,0,0,0,1090037789,920423914,258844749,24090,126100,0,0,0,5254,0,0,0,0,258859483,561916,521600,1511400,258867566,123871,258876104,437262,15825,573,29,0,0,0,15000,0
1786098074.934390919,271307090,0,271307089,0,271292799,18830,73800,0,0,0,0,0,1090040817,920424053,271309804,24082,126000,0,0,0,5251,0,0,0,0,271325927,561614,521500,1506500,271334603,123813,271344590,437019,15820,573,29,0,0,0,15000,0
1786098075.964291168,283206635,0,283206634,0,283193625,18857,73900,0,0,0,0,0,1090043851,920424229,283211971,24121,126400,0,0,0,5264,0,0,0,0,283229532,562594,521700,1528500,283241491,124050,283250633,437753,15846,573,29,0,0,0,15000,0
1786098076.995464289,295814692,0,295814691,0,295800968,18840,73800,0,0,0,0,0,1090046882,920424344,295815721,24097,126100,0,0,0,5257,0,0,0,0,295831497,562088,521600,1516800,295839359,123908,295846883,437394,15829,573,29,0,0,0,15000,0
1786098078.025757786,308381402,0,308381401,0,308366467,18827,73800,0,0,0,0,0,1090049900,920424460,308382072,24078,126000,0,0,0,5251,0,0,0,0,308398712,561612,521500,1506600,308407751,123780,308416532,437044,15816,573,29,0,0,0,15000,0
1786098079.055812571,320438419,0,320438418,0,320423329,18843,73800,0,0,0,0,0,1090052924,920424620,320438823,24102,126200,0,0,0,5259,0,0,0,0,320454848,562169,521700,1518500,320462851,123913,320471405,437469,15831,573,29,0,0,0,15000,0
1786098080.087184504,332996240,0,332996239,0,332982511,18832,73700,0,0,0,0,0,1090055956,920424754,333000168,24086,126000,0,0,0,5254,0,0,0,0,333016985,561757,521500,1512700,333022953,123835,333032616,437137,15821,573,29,0,0,0,15000,0
1786098081.119014303,345323064,0,345323063,0,345308220,18833,73600,0,0,0,0,0,1090058992,920424903,345330725,24088,126000,0,0,0,5254,0,0,0,0,345347106,561750,521400,1513800,345356295,123837,345364036,437127,15823,573,29,0,0,0,15000,0
1786098082.148686456,357580769,0,357580768,0,357566575,18839,73600,0,0,0,0,0,1090062019,920425049,357582487,24095,126000,0,0,0,5256,0,0,0,0,357598282,561927,521500,1517300,357606951,123872,357613769,437266,15827,573,29,0,0,0,15000,0
1786098083.177831092,370096847,0,370096846,0,370082020,18829,73600,0,0,0,0,0,1090065043,920425179,370098094,24082,125900,0,0,0,5252,0,0,0,0,370117135,561596,521400,1510700,370125531,123793,370133767,437014,15818,573,29,0,0,0,15000,0
1786098084.211119718,382605726,0,382605725,0,382591946,18824,73500,0,0,0,0,0,1090068073,920425320,382610551,24074,125800,0,0,0,5250,0,0,0,0,382628664,561326,521200,1507000,382639565,123757,382649090,436786,15814,573,29,0,0,0,15000,0
1786098085.237998644,394669870,0,394669869,0,394654962,18837,73500,0,0,0,0,0,1090071093,920425485,394669018,24092,126000,0,0,0,5255,0,0,0,0,394683306,561789,521300,1517300,394690960,123884,394697370,437116,15825,573,29,0,0,0,15000,0
1786098086.268301325,406956137,0,406956136,0,406941035,18839,73500,0,0,0,0,0,1090074109,920425636,406956999,24095,126000,0,0,0,5256,0,0,0,0,406972254,561792,521300,1517100,406983154,123914,406989360,437091,15827,573,29,0,0,0,15000,0
1786098087.298356371,419008360,0,419008359,0,418993367,18851,73600,0,0,0,0,0,1090077140,920425802,419008662,24113,126200,0,0,0,5261,0,0,0,0,419023117,562241,521400,1525400,419032046,124028,419040756,437426,15839,573,29,0,0,0,15000,0
1786098088.327979527,431376145,0,431376144,0,431362610,18848,73500,0,0,0,0,0,1090080158,920425953,431383164,24109,126200,0,0,0,5260,0,0,0,0,431403840,562176,521300,1525900,431414408,124009,431425041,437374,15837,573,29,0,0,0,15000,0
1786098089.358034849,443887653,0,443887652,0,443872414,18841,73500,0,0,0,0,0,1090083186,920426080,443889654,24098,126000,0,0,0,5257,0,0,0,0,443905969,561952,521300,1519800,443915856,123940,443922820,437224,15829,573,29,0,0,0,15000,0
1786098090.391333565,456066862,0,456066861,0,456053033,18847,73500,0,0,0,0,0,1090086223,920426246,456070984,24107,126100,0,0,0,5260,0,0,0,0,456087259,562211,521400,1524500,456094314,124005,456103027,437421,15836,573,29,0,0,0,15000,0
1786098091.419873816,468266910,0,468266909,0,468251785,18852,73400,0,0,0,0,0,1090089250,920426396,468268117,24114,126100,0,0,0,5261,0,0,0,0,468281779,562400,521500,1527500,468290213,124040,468298620,437574,15840,573,29,0,0,0,15000,0
1786098092.450802224,480757840,0,480757839,0,480742264,18846,73400,0,0,0,0,0,1090092277,920426526,480758325,24105,126000,0,0,0,5258,0,0,0,0,480773935,562176,521500,1523100,480783332,123981,480790126,437407,15834,573,29,0,0,0,15000,0
1786098093.480000028,492801125,0,492801124,0,492786765,18856,73400,0,0,0,0,0,1090095299,920426686,492803556,24119,126100,0,0,0,5262,0,0,0,0,492820320,562557,521600,1529900,492827702,124074,492837414,437693,15843,573,29,0,0,0,15000,0
1786098094.511342023,505331324,0,505331324,0,505316711,18849,73300,0,0,0,0,0,1090098320,920426809,505332140,24109,126100,0,0,0,5259,0,0,0,0,505347408,562320,521600,1523700,505356791,123997,505365509,437535,15837,573,29,0,0,0,15000,0
1786098095.541548429,517808047,0,517808046,0,517793044,18845,73300,0,0,0,0,0,1090101340,920426952,517808692,24103,126000,0,0,0,5257,0,0,0,0,517824829,562173,521500,1521700,517833946,123959,517840518,437425,15832,573,29,0,0,0,15000,0
1786098096.572371760,529786623,0,529786622,0,529772406,18857,73300,0,0,0,0,0,1090104382,920427128,529788953,24120,126100,0,0,0,5263,0,0,0,0,529805959,562590,521500,1532300,529814078,124079,529823700,437722,15844,573,29,0,0,0,15000,0
1786098097.601948384,542244622,0,542244623,0,542230068,18853,73300,0,0,0,0,0,1090107403,920427259,542250147,24114,126100,0,0,0,5261,0,0,0,0,542271713,562390,521500,1528400,542281361,124028,542289989,437572,15840,573,29,0,0,0,15000,0
1786098098.631061850,554526330,0,554526329,0,554511143,18855,73300,0,0,0,0,0,1090110407,920427408,554525638,24116,126100,0,0,0,5261,0,0,0,0,554541096,562443,521500,1527800,554549118,124053,554556583,437602,15842,573,29,0,0,0,15000,0
1786098099.659550404,566731722,0,566731721,0,566716990,18858,73300,0,0,0,0,0,1090113426,920427563,566734328,24121,126100,0,0,0,5263,0,0,0,0,566751090,562584,521500,1531300,566760886,124080,566769001,437713,15845,573,29,0,0,0,15000,0
1786098100.690802020,579299230,0,579299229,0,579283935,18850,73300,0,0,0,0,0,1090116446,920427690,579300783,24111,126000,0,0,0,5260,0,0,0,0,579316616,562330,521500,1526500,579325596,124016,579334060,437525,15838,573,29,0,0,0,15000,0
1786098101.721769987,591815055,0,591815054,0,591800198,18846,73200,0,0,0,0,0,1090119470,920427831,591815022,24104,126000,0,0,0,5258,0,0,0,0,591829610,562120,521300,1523600,591836100,123974,591844322,437358,15833,573,29,0,0,0,15000,0
1786098102.754909477,603797642,0,603797641,0,603783216,18857,73200,0,0,0,0,0,1090122510,920428004,603799884,24119,126100,0,0,0,5262,0,0,0,0,603817129,562512,521500,1531200,603826305,124067,603835426,437655,15844,573,29,0,0,0,15000,0
1786098103.783498232,616297566,0,616297565,0,616283315,18852,73200,0,0,0,0,0,1090125519,920428135,616301912,24112,126000,0,0,0,5260,0,0,0,0,616321191,562337,521400,1527700,616332811,124012,616342995,437533,15839,573,29,0,0,0,15000,0
1786098104.812164993,628402154,0,628402153,0,628387441,18857,73200,0,0,0,0,0,1090128536,920428276,628401850,24120,126100,0,0,0,5262,0,0,0,0,628415344,562586,521500,1532200,628424442,124060,628430542,437736,15844,573,29,0,0,0,15000,0
1786098105.840836178,640446500,0,640446499,0,640431737,18864,73200,0,0,0,0,0,1090131559,920428438,640448158,24131,126200,0,0,0,5266,0,0,0,0,640464348,562843,521600,1537600,640473503,124115,640481996,437937,15851,573,29,0,0,0,15000,0
1786098106.871908149,652787364,0,652787363,0,652774993,18864,73200,0,0,0,0,0,1090134576,920428579,652794102,24130,126200,0,0,0,5265,0,0,0,0,652814062,562801,521600,1537100,652823812,124108,652833804,437903,15851,573,29,0,0,0,15000,0
1786098107.899144193,665047717,0,665047716,0,665032274,18865,73200,0,0,0,0,0,1090137579,920428731,665044060,24132,126200,0,0,0,5266,0,0,0,0,665056673,562805,521500,1537300,665063201,124116,665069745,437898,15852,573,29,0,0,0,15000,0
1786098108.929406053,677221491,0,677221490,0,677206778,18869,73200,0,0,0,0,0,1090140608,920428894,677224658,24137,126200,0,0,0,5268,0,0,0,0,677241097,562939,521600,1539800,677250492,124156,677258004,437992,15856,573,29,0,0,0,15000,0
1786098109.957569765,689698775,0,689698774,0,689683923,18864,73200,0,0,0,0,0,1090143621,920429022,689699233,24131,126200,0,0,0,5266,0,0,0,0,689716182,562781,521600,1535500,689726921,124118,689734335,437872,15852,573,29,0,0,0,15000,0
1786098110.986613419,701947754,0,701947753,0,701932162,18865,73200,0,0,0,0,0,1090146639,920429165,701946449,24133,126200,0,0,0,5267,0,0,0,0,701962008,562850,521600,1536900,701969545,124126,701976080,437933,15852,573,29,0,0,0,15000,0
1786098112.009281005,706075739,0,706075738,0,706056790,18870,73200,0,0,0,0,0,1090149685,920431235,706056790,24139,126200,0,0,0,5268,0,0,0,0,706061363,562999,521600,1539800,706061363,124160,706061246,438048,15855,573,29,0,0,0,15000,0
1786098113.035197212,706075739,0,706075738,0,706056790,18870,73200,0,0,0,0,0,1090152756,920434302,706056790,24139,126200,0,0,0,5268,0,0,0,0,706061367,562999,521600,1539800,706061367,124160,706061246,438048,15855,573,29,0,0,0,15000,0
1786098114.067404886,706075739,0,706075738,0,706056790,18870,73200,0,0,0,0,0,1090155851,920437343,706056790,24139,126200,0,0,0,5268,0,0,0,0,706061370,562999,521600,1539800,706061370,124160,706061246,438048,15855,573,29,0,0,0,15000,0
1786098115.099729554,706075739,0,706075738,0,706056790,18870,73200,0,0,0,0,0,1090158946,920440415,706056790,24139,126200,0,0,0,5268,0,0,0,0,706061372,562999,521600,1539800,706061372,124160,706061246,438048,15855,573,29,0,0,0,15000,0
1786098116.129644609,706075739,0,706075738,0,706056790,18870,73200,0,0,0,0,0,1090162040,920443504,706056790,24139,126200,0,0,0,5268,0,0,0,0,706061374,562999,521600,1539800,706061374,124160,706061246,438048,15855,573,29,0,0,0,15000,0
1786098117.159959339,706075739,0,706075738,0,706056790,18870,73200,0,0,0,0,0,1090165123,920446506,706056790,24139,126200,0,0,0,5268,0,0,0,0,706061376,562999,521600,1539800,706061376,124160,706061246,438048,15855,573,29,0,0,0,15000,0
1786098118.191555715,706075739,0,706075738,0,706056790,18870,73200,0,0,0,0,0,1090168218,920449591,706056790,24139,126200,0,0,0,5268,0,0,0,0,706061378,562999,521600,1539800,706061378,124160,706061246,438048,15855,573,29,0,0,0,15000,0
1786098119.224326287,706075739,0,706075738,0,706056790,18870,73200,0,0,0,0,0,1090171316,920452683,706056790,24139,126200,0,0,0,5268,0,0,0,0,706061380,562999,521600,1539800,706061380,124160,706061246,438048,15855,573,29,0,0,0,15000,0
1786098120.255533431,706075739,0,706075738,0,706056790,18870,73200,0,0,0,0,0,1090174409,920455703,706056790,24139,126200,0,0,0,5268,0,0,0,0,706061382,562999,521600,1539800,706061382,124160,706061246,438048,15855,573,29,0,0,0,15000,0
1786098121.287622292,706075739,0,706075738,0,706056790,18870,73200,0,0,0,0,0,1090177502,920458789,706056790,24139,126200,0,0,0,5268,0,0,0,0,706061384,562999,521600,1539800,706061384,124160,706061246,438048,15855,573,29,0,0,0,15000,0
1786098122.320035196,706075739,0,706075738,0,706056790,18870,73200,0,0,0,0,0,1090180597,920461876,706056790,24139,126200,0,0,0,5268,0,0,0,0,706061386,562999,521600,1539800,706061386,124160,706061246,438048,15855,573,29,0,0,0,15000,0
1786098123.350982236,706075739,0,706075738,0,706056790,18870,73200,0,0,0,0,0,1090183688,920464900,706056790,24139,126200,0,0,0,5268,0,0,0,0,706061388,562999,521600,1539800,706061388,124160,706061246,438048,15855,573,29,0,0,0,15000,0
1786098124.383198974,706075739,0,706075738,0,706056790,18870,73200,0,0,0,0,0,1090186785,920467992,706056790,24139,126200,0,0,0,5268,0,0,0,0,706061390,562999,521600,1539800,706061390,124160,706061246,438048,15855,573,29,0,0,0,15000,0
1786098125.414400610,706075739,0,706075738,0,706056790,18870,73200,0,0,0,0,0,1090189875,920471061,706056790,24139,126200,0,0,0,5268,0,0,0,0,706061392,562999,521600,1539800,706061392,124160,706061246,438048,15855,573,29,0,0,0,15000,0
1786098126.446895068,706075739,0,706075738,0,706056790,18870,73200,0,0,0,0,0,1090192973,920474101,706056790,24139,126200,0,0,0,5268,0,0,0,0,706061394,562999,521600,1539800,706061394,124160,706061246,438048,15855,573,29,0,0,0,15000,0
1786098127.479544498,706075739,0,706075738,0,706056790,18870,73200,0,0,0,0,0,1090196067,920477170,706056790,24139,126200,0,0,0,5268,0,0,0,0,706061396,562999,521600,1539800,706061396,124160,706061246,438048,15855,573,29,0,0,0,15000,0
1786098128.508473154,706075739,0,706075738,0,706056790,18870,73200,0,0,0,0,0,1090199154,920480224,706056790,24139,126200,0,0,0,5268,0,0,0,0,706061398,562999,521600,1539800,706061398,124160,706061246,438048,15855,573,29,0,0,0,15000,0
1786098129.538648490,706075739,0,706075738,0,706056790,18870,73200,0,0,0,0,0,1090202241,920483266,706056790,24139,126200,0,0,0,5268,0,0,0,0,706061400,562999,521600,1539800,706061400,124160,706061246,438048,15855,573,29,0,0,0,15000,0
1786098130.571171933,706075739,0,706075738,0,706056790,18870,73200,0,0,0,0,0,1090205338,920486358,706056790,24139,126200,0,0,0,5268,0,0,0,0,706061402,562999,521600,1539800,706061402,124160,706061246,438048,15855,573,29,0,0,0,15000,0
1786098131.601849379,706075739,0,706075738,0,706056790,18870,73200,0,0,0,0,0,1090208428,920489402,706056790,24139,126200,0,0,0,5268,0,0,0,0,706061404,562999,521600,1539800,706061404,124160,706061246,438048,15855,573,29,0,0,0,15000,0
1786098132.634597999,706075739,0,706075738,0,706056790,18870,73200,0,0,0,0,0,1090211524,920492467,706056790,24139,126200,0,0,0,5268,0,0,0,0,706061406,562999,521600,1539800,706061406,124160,706061246,438048,15855,573,29,0,0,0,15000,0
1786098133.666895358,706075739,0,706075738,0,706056790,18870,73200,0,0,0,0,0,1090214620,920495557,706056790,24139,126200,0,0,0,5268,0,0,0,0,706061408,562999,521600,1539800,706061408,124160,706061246,438048,15855,573,29,0,0,0,15000,0
1786098134.699092931,706075739,0,706075738,0,706056790,18870,73200,0,0,0,0,0,1090217716,920498592,706056790,24139,126200,0,0,0,5268,0,0,0,0,706061410,562999,521600,1539800,706061410,124160,706061246,438048,15855,573,29,0,0,0,15000,0
1786098135.729021965,706075739,0,706075738,0,706056790,18870,73200,0,0,0,0,0,1090220808,920501663,706056790,24139,126200,0,0,0,5268,0,0,0,0,706061412,562999,521600,1539800,706061412,124160,706061246,438048,15855,573,29,0,0,0,15000,0
1786098136.755415439,706075739,0,706075738,0,706056790,18870,73200,0,0,0,0,0,1090223884,920504733,706056790,24139,126200,0,0,0,5268,0,0,0,0,706061414,562999,521600,1539800,706061414,124160,706061246,438048,15855,573,29,0,0,0,15000,0
1786098137.786638262,706075739,0,706075738,0,706056790,18870,73200,0,0,0,0,0,1090226974,920507736,706056790,24139,126200,0,0,0,5268,0,0,0,0,706061417,562999,521600,1539800,706061417,124160,706061246,438048,15855,573,29,0,0,0,15000,0
1786098138.818781193,706075739,0,706075738,0,706056790,18870,73200,0,0,0,0,0,1090230068,920510823,706056790,24139,126200,0,0,0,5268,0,0,0,0,706061421,562999,521600,1539800,706061421,124160,706061246,438048,15855,573,29,0,0,0,15000,0
1786098139.849485047,710794883,248435,710794882,0,710809979,18881,73500,248783,9375,40200,2074,0,1090233068,920512377,710787293,24177,126800,249392,11144,57400,5296,719,1055,0,0,711049440,564587,522400,1554900,711053329,124610,711059984,439186,15865,573,29,7149,930,24,15000,6800
1786098140.888796826,8751357,460602,8751355,0,8813225,20187,128500,460388,9038,34900,7239,0,1090236021,920512725,8752032,29663,197400,460999,10848,52200,9478,748,1064,0,0,9225839,757563,680000,2212500,9232685,173206,9238588,583185,17058,613,30,6755,860,22,13800,6700
1786098141.917671470,18092729,952246,18092727,0,18221261,19720,120600,952116,8894,34300,12891,0,1090238909,920513000,18093724,28896,183400,952719,10627,50900,9167,707,1028,0,0,19060333,736817,671900,1967600,19067088,168931,19073690,566757,16585,607,29,6685,857,23,13800,6700
1786098142.951792390,27409651,1442609,27409649,0,27600528,19591,118500,1442466,8848,34200,17666,0,1090241846,920513282,27410011,28704,179700,1443050,10564,50700,9101,696,1020,0,0,28867627,732966,671600,1907500,28874066,167667,28881778,564199,16454,606,29,6667,857,22,13800,6700
1786098143.981208946,36311116,1911114,36311114,0,36573658,19715,119900,1910987,8900,34300,24909,0,1090244763,920513609,36311105,28901,182700,1911658,10632,50900,9171,700,1031,0,0,38240578,739055,674200,1988600,38247039,169125,38252348,568753,16559,608,29,6689,858,23,13800,6700
1786098145.009248360,45780477,2409504,45780475,0,46106151,19569,117400,2409295,8857,34200,29980,0,1090247681,920513872,45776827,28668,179000,2409868,10571,50600,9084,694,1018,0,0,48203997,733768,672200,1926400,48210521,167922,48216803,564677,16417,606,29,6667,857,23,13800,6700
1786098146.037953952,54962165,2892748,54962163,0,55354841,19562,117600,2892583,8855,34200,35957,0,1090250589,920514162,54959484,28656,178900,2893167,10570,50600,9078,694,1020,0,0,57869792,733660,672100,1921500,57875071,167945,57882173,564566,16410,606,29,6665,857,23,13800,6700
1786098147.066811862,64112914,3374367,64112912,0,64575361,19574,117800,3374262,8862,34200,42242,0,1090253509,920514458,64110051,28671,179300,3374882,10576,50600,9080,695,1018,0,0,67504812,734696,672600,1934400,67511532,168299,67517652,565249,16420,606,29,6667,857,23,13800,6700
1786098148.095577159,73318551,3858875,73318549,0,73848800,19561,117800,3858748,8861,34200,48128,0,1090256436,920514747,73312757,28652,179000,3859211,10575,50500,9073,693,1020,0,0,77189168,734646,672900,1927100,77195358,168209,77200347,565295,16406,606,29,6666,856,23,13800,6700
1786098149.126212367,82365834,4335050,82365832,0,82966709,19590,118100,4334919,8875,34200,54587,0,1090259366,920515069,82360448,28699,179700,4335544,10590,50600,9091,695,1019,0,0,86717768,735949,673100,1946400,86723351,168473,86728557,566329,16430,606,29,6671,857,23,13800,6700
1786098150.156955604,91543546,4818080,91543544,0,92209774,19588,118300,4817974,8871,34200,59977,0,1090262286,920515371,91538002,28699,179900,4818620,10581,50500,9092,693,1016,0,0,96378885,736265,673500,1947200,96385732,168491,96392232,566609,16430,606,29,6668,856,23,13800,6700
1786098151.185129338,100886421,5309813,100886419,0,101617880,19558,118100,5309666,8863,34200,65001,0,1090265177,920515647,100878484,28650,179200,5310254,10570,50500,9073,692,1012,0,0,106211302,734994,673100,1927000,106218612,168160,106224935,565671,16401,606,29,6664,857,23,13700,6700
1786098152.211568350,109842999,5781209,109842997,0,110645972,19593,118400,5781019,8877,34300,71870,0,1090268094,920515965,109832261,28705,179800,5781496,10590,50700,9093,696,1016,0,0,115634293,736409,673700,1942600,115639248,168483,115643360,566765,16431,606,29,6669,857,23,13800,6700
1786098153.241163596,119163467,6271763,119163466,0,120030899,19564,118000,6271602,8868,34200,76849,0,1090271013,920516242,119153620,28661,179200,6272208,10579,50600,9078,695,1015,0,0,125451259,735405,673400,1930700,125458213,168201,125464269,566042,16406,606,29,6664,857,23,13700,6700
1786098154.270730787,128413309,6758596,128413307,0,129348484,19553,118100,6758495,8863,34200,82311,0,1090273911,920516539,128403021,28645,179200,6759061,10573,50600,9072,694,1015,0,0,135187416,735144,673400,1922400,135194139,168152,135200629,565831,16396,605,29,6662,857,23,13700,6700
1786098155.299942662,137215594,7221878,137215593,0,138224146,19602,118900,7221717,8877,34300,89910,0,1090276820,920516883,137203306,28723,180400,7222285,10594,50700,9101,696,1018,0,0,144451466,737240,674300,1947500,144457670,168632,144463105,567437,16441,606,29,6668,857,23,13700,6700
1786098156.328167772,146573455,7714396,146573453,0,147648202,19577,118500,7714298,8871,34200,95247,0,1090279735,920517158,146562489,28683,179700,7714912,10583,50700,9086,695,1016,0,0,154304257,736168,674000,1934300,154311775,168302,154316830,566700,16418,606,29,6664,857,23,13700,6700
1786098157.356212018,155881793,8204311,155881791,0,157022264,19561,118300,8204141,8866,34200,100531,0,1090282633,920517444,155867437,28656,179300,8204729,10575,50600,9076,694,1014,0,0,164101812,735495,673700,1927200,164107949,168094,164114170,566235,16402,605,29,6662,857,23,13700,6700
1786098158.383960467,164566257,8661382,164566255,0,165784059,19614,119000,8661071,8883,34300,108991,0,1090285516,920517792,164546924,28742,180600,8661571,10600,50700,9107,696,1019,0,0,173235570,737825,674600,1956800,173241939,168598,173246370,568064,16450,606,29,6669,857,23,13700,6700
1786098159.412205240,173897727,9152518,173897725,0,175182930,19595,118700,9152390,8878,34300,113934,0,1090288412,920518067,173882751,28711,180100,9153083,10592,50700,9096,696,1017,0,0,183067482,737029,674400,1943900,183074866,168437,183079016,567427,16433,606,29,6667,857,23,13700,6700
1786098160.442173152,183212152,9642743,183212150,0,184563493,19581,118500,9642568,8872,34200,119229,0,1090291318,920518357,183195302,28689,179800,9643194,10585,50700,9088,695,1016,0,0,192870588,736481,674200,1937600,192876119,168277,192881109,567039,16420,606,29,6663,857,23,13700,6700
1786098161.472569857,192192909,10115415,192192907,0,193616736,19598,118700,10115261,8879,34300,125852,0,1090294223,920518677,192175104,28716,180300,10115901,10594,50700,9098,696,1017,0,0,202324788,737110,674300,1947300,202332485,168413,202338923,567532,16435,606,29,6667,857,23,13700,6700
1786098162.498575358,201435353,10601868,201435352,0,202924472,19590,118700,10601750,8875,34300,130674,0,1090297114,920518967,201417095,28704,180100,10602370,10589,50700,9094,695,1017,0,0,212053502,736875,674500,1940000,212060277,168359,212067232,567350,16429,606,29,6664,857,23,13700,6700
1786098163.526397618,210539770,11081041,210539768,0,212096011,19593,118800,11080830,8877,34300,136437,0,1090300017,920519267,210519272,28711,180200,11081484,10591,50700,9098,695,1017,0,0,221635655,737081,674600,1940600,221642036,168394,221648833,567518,16432,606,29,6666,857,23,13700,6700
1786098164.553711882,219560894,11555847,219560892,0,221191919,19602,118800,11555675,8882,34300,143470,0,1090302928,920519583,219539407,28727,180400,11556264,10596,50700,9104,696,1017,0,0,231131171,737609,674800,1948600,231137879,168484,231143333,567957,16439,606,29,6668,857,23,13700,6700
1786098165.581473897,228902116,12047486,228902114,0,230599612,19587,118600,12047376,8878,34300,148589,0,1090305838,920519861,228881142,28702,180100,12047992,10590,50700,9095,695,1015,0,0,240966947,736856,674500,1940400,240972104,168309,240977934,567380,16425,606,29,6666,857,23,13700,6700
1786098166.609477143,237893207,12520693,237893205,0,239659441,19599,118800,12520363,8882,34300,154958,0,1090308732,920520157,237866838,28722,180400,12520953,10596,50700,9102,696,1016,0,0,250425616,737565,674900,1944800,250431831,168464,250436986,567935,16436,606,29,6667,857,23,13700,6700
1786098167.637152094,246695298,12983962,246695296,0,248538561,19624,119100,12983827,8890,34300,162647,0,1090311643,920520480,246671970,28759,181000,12984415,10608,50800,9115,697,1019,0,0,259695792,738513,675400,1956200,259701913,168645,259708264,568700,16459,606,29,6670,857,23,13700,6700
1786098168.666633148,255795326,13462915,255795324,0,257707404,19627,119000,13462742,8891,34300,168385,0,1090314562,920520790,255770582,28765,181000,13463360,10608,50800,9117,697,1019,0,0,269273569,738809,675600,1957500,269280083,168704,269285272,568933,16461,606,29,6671,857,23,13700,6700
1786098169.695111523,264613781,13927042,264613780,0,266599128,19646,119400,13926929,8897,34300,175582,0,1090317477,920521123,264589006,28797,181500,13927543,10617,50800,9130,698,1020,0,0,278558199,739776,676100,1966100,278566602,168914,278572722,569689,16479,607,29,6674,857,23,13800,6700
1786098170.726452278,273900760,14415835,273900758,0,275953206,19638,119200,14415760,8894,34300,180927,0,1090320381,920521408,273877082,28783,181300,14416487,10613,50800,9125,697,1019,0,0,288336797,739328,675900,1960500,288344273,168809,288349605,569342,16471,607,29,6673,857,23,13700,6700
1786098171.754323347,283275006,14909207,283275004,0,285391901,19622,119000,14909134,8889,34300,185202,0,1090323272,920521675,283249188,28758,180900,14909781,10605,50800,9116,697,1018,0,0,298202815,738749,675800,1953200,298209236,168650,298217934,568927,16456,606,29,6671,857,23,13700,6700
1786098172.783439153,292448489,15392029,292448487,0,294635788,19621,118900,15391867,8889,34300,191494,0,1090326202,920521973,292419173,28757,180900,15392430,10606,50800,9115,697,1018,0,0,307855725,738784,675900,1953900,307862643,168636,307869680,568973,16455,606,29,6671,857,23,13700,6700
1786098173.813551866,301422027,15864318,301422025,0,303682311,19632,119100,15864191,8892,34300,198203,0,1090329123,920522300,301393342,28774,181100,15864864,10611,50900,9121,698,1019,0,0,317304300,739188,676000,1957500,317310139,168743,317315574,569275,16465,607,29,6672,857,23,13700,6700
1786098174.844043177,310706363,16352965,310706361,0,313034781,19624,119000,16352803,8890,34300,203382,0,1090332022,920522587,310675265,28763,180900,16353343,10608,50800,9117,698,1019,0,0,327073206,738903,675900,1953000,327079382,168671,327085374,569063,16458,606,29,6671,857,23,13700,6700
1786098175.871522268,319533279,16817549,319533277,0,321936540,19640,119300,16817436,8895,34300,210550,0,1090334944,920522921,319502668,28788,181400,16818046,10616,50900,9127,698,1020,0,0,336366899,739584,676200,1961000,336373638,168833,336380883,569576,16473,607,29,6674,857,23,13700,6700
1786098176.900623765,328841960,17307479,328841958,0,331312097,19631,119100,17307373,8893,34300,215477,0,1090337832,920523212,328809616,28774,181100,17307928,10612,50900,9121,698,1019,0,0,346165848,739259,676100,1955800,346172258,168749,346179636,569337,16465,606,29,6672,857,23,13700,6700
1786098177.931284044,338119639,17795773,338119637,0,340657190,19625,119100,17795629,8890,34300,220346,0,1090340721,920523504,338086517,28764,181000,17796266,10607,50900,9118,697,1019,0,0,355932136,738920,676100,1950200,355935227,168674,355942045,569078,16459,606,29,6671,857,23,13700,6700
1786098178.958735899,346769712,18251043,346769710,0,349383288,19650,119500,18250867,8898,34300,227876,0,1090343636,920523860,346735687,28803,181600,18251520,10619,50900,9132,699,1020,0,0,365038308,739938,676400,1961400,365044639,168923,365051486,569840,16482,607,29,6675,857,23,13700,6700
1786098179.988321128,356043352,18739123,356043350,0,358722793,19643,119400,18738985,8896,34300,232866,0,1090346526,920524145,356008085,28792,181500,18739592,10615,50900,9128,698,1020,0,0,374798951,739624,676300,1957600,374805632,168862,374812344,569587,16476,607,29,6674,857,23,13700,6700
1786098181.011694666,365231906,19222732,365231904,0,367981055,19639,119300,19222511,8895,34300,239035,0,1090349427,920524438,365192575,28785,181300,19222976,10613,50900,9125,698,1019,0,0,384465628,739403,676100,1956600,384470735,168790,384476147,569437,16472,607,29,6673,857,23,13700,6700
1786098182.042401457,374221735,19695886,374221734,0,377042733,19647,119400,19695732,8896,34300,245625,0,1090352343,920524760,374184849,28797,181500,19696343,10615,50900,9129,698,1019,0,0,393934266,739723,676300,1960400,393939295,168900,393946518,569649,16479,607,29,6674,857,23,13700,6700
1786098183.071167358,383500248,20184224,383500246,0,386388345,19641,119400,20184049,8894,34300,251333,0,1090355225,920525049,383462063,28788,181300,20184647,10614,50900,9125,698,1019,0,0,403699339,739430,676200,1956600,403705967,168821,403711555,569434,16474,607,29,6673,857,23,13700,6700
1786098184.100856175,392815364,20674495,392815362,0,395770893,19634,119300,20674371,8892,34300,256369,0,1090358150,920525336,392775723,28776,181200,20674916,10610,50900,9121,698,1019,0,0,413504521,739090,676000,1952500,413510564,168761,413516041,569157,16467,606,29,6672,857,23,13700,6700
1786098185.126960171,401671058,21140589,401671056,0,404698814,19646,119400,21140369,8896,34300,263676,0,1090361067,920525669,401628683,28795,181400,21140911,10617,50900,9128,699,1020,0,0,422823253,739639,676300,1959200,422829123,168876,422831501,569589,16478,607,29,6674,857,23,13700,6700
1786098186.157984543,410937566,21628295,410937564,0,414032337,19641,119400,21628110,8894,34300,268967,0,1090363974,920525966,410893411,28787,181300,21628632,10613,50900,9125,698,1020,0,0,432578671,739423,676200,1955800,432580904,168853,432585463,569399,16473,607,29,6674,857,23,13700,6700
1786098187.186136232,419807808,22095153,419807806,0,422975204,19651,119500,22094988,8897,34300,276389,0,1090366871,920526290,419763774,28803,181600,22095509,10618,50900,9131,699,1020,0,0,441918201,739892,676400,1961000,441923112,168948,441930246,569770,16483,607,29,6675,857,23,13700,6700
1786098188.215323658,429200455,22589498,429200453,0,432434932,19640,119400,22589327,8894,34300,281564,0,1090369771,920526560,429156220,28786,181300,22589877,10613,50900,9125,698,1019,0,0,451804365,739413,676200,1956600,451809922,168812,451815012,569432,16472,607,29,6674,857,23,13700,6700
1786098189.247534577,438431536,23075343,438431534,0,441735553,19638,119300,23075151,8894,34300,287958,0,1090372691,920526860,438385322,28783,181200,23075711,10613,50900,9123,699,1019,0,0,461520687,739253,676000,1956200,461528354,168790,461534934,569289,16471,607,29,6673,857,23,13700,6700
1786098190.276187355,447555822,23555570,447555820,0,450927720,19639,119300,23555205,8893,34300,294085,0,1090375595,920527170,447505637,28784,181200,23555772,10613,50900,9124,699,1019,0,0,471122189,739221,676000,1956700,471129308,168810,471135028,569238,16472,607,29,6673,857,23,13700,6700
1786098191.306049039,456613189,24032279,456613187,0,460055812,19642,119400,24032156,8894,34300,299791,0,1090378485,920527481,456566856,28790,181300,24032743,10613,50900,9126,699,1019,0,0,480660906,739296,676000,1957500,480667636,168830,480672316,569293,16475,607,29,6673,857,23,13700,6700
1786098192.333442780,465895777,24520836,465895775,0,469402288,19636,119300,24520633,8891,34300,304895,0,1090381404,920527771,465846015,28780,181200,24521110,10610,50800,9123,698,1019,0,0,490428383,739076,675900,1954100,490434968,168790,490441239,569113,16469,606,29,6671,857,23,13700,6700
1786098193.365278447,474801675,24989567,474801673,0,478378704,19644,119400,24989425,8893,34300,311488,0,1090384336,920528101,474754927,28793,181400,24990108,10613,50900,9128,699,1019,0,0,499808931,739423,676000,1959500,499816281,168858,499823123,569389,16476,606,29,6673,857,23,13700,6700
1786098194.394293582,484156959,25481949,484156957,0,487798487,19636,119300,25481715,8891,34300,316402,0,1090387231,920528369,484105813,28780,181200,25482317,10610,50800,9123,699,1019,0,0,509652573,739129,676000,1955500,509658276,168776,509664079,569180,16469,606,29,6672,857,23,13700,6700
1786098195.421520057,493424365,25969702,493424363,0,497130694,19631,119300,25969590,8889,34300,321112,0,1090390132,920528650,493373941,28773,181100,25970168,10607,50800,9120,698,1018,0,0,519409381,738924,675900,1951800,519414203,168716,519421823,569035,16464,606,29,6671,857,23,13700,6700
1786098196.447487016,502339947,26438943,502339945,0,506119894,19638,119400,26438775,8891,34300,328606,0,1090393042,920528976,502288395,28783,181300,26439376,10610,50800,9124,699,1019,0,0,528794716,739176,676000,1956100,528801117,168773,528804593,569229,16470,606,29,6672,857,23,13700,6700
1786098197.479140141,511648806,26928885,511648804,0,515496851,19632,119300,26928828,8889,34300,334398,0,1090395967,920529264,511599488,28774,181100,26929519,10608,50800,9121,699,1018,0,0,538597945,738943,675800,1953500,538605850,168733,538614197,569036,16466,606,29,6671,857,23,13700,6700
1786098198.507369657,520762800,27408572,520762799,0,524678083,19633,119300,27408258,8890,34300,340946,0,1090398854,920529567,520705176,28776,181200,27408802,10608,50800,9121,699,1018,0,0,548182034,738980,675800,1954000,548187787,168733,548192349,569075,16466,606,29,6671,857,23,13700,6700
1786098199.533168861,527656028,27771372,527656026,0,531627236,19638,119300,27770761,8892,34300,347075,0,1090401790,920530522,527587656,28783,181300,27770761,10611,50800,9124,699,1019,0,0,555420862,739217,675900,1958100,555420862,168785,555420746,569258,16469,607,29,6671,856,23,13700,6700
1786098200.556395862,527656028,27771372,527656026,0,531627236,19638,119300,27770761,8892,34300,347075,0,1090404858,920533586,527587656,28783,181300,27770761,10611,50800,9124,699,1019,0,0,555420866,739217,675900,1958100,555420866,168785,555420746,569258,16469,607,29,6671,856,23,13700,6700
1786098201.581252933,527656028,27771372,527656026,0,531627236,19638,119300,27770761,8892,34300,347075,0,1090407936,920536655,527587656,28783,181300,27770761,10611,50800,9124,699,1019,0,0,555420869,739217,675900,1958100,555420869,168785,555420746,569258,16469,607,29,6671,856,23,13700,6700
1786098202.610181613,527656028,27771372,527656026,0,531627236,19638,119300,27770761,8892,34300,347075,0,1090411017,920539668,527587656,28783,181300,27770761,10611,50800,9124,699,1019,0,0,555420871,739217,675900,1958100,555420871,168785,555420746,569258,16469,607,29,6671,856,23,13700,6700
1786098203.642248188,527656028,27771372,527656026,0,531627236,19638,119300,27770761,8892,34300,347075,0,1090414112,920542758,527587656,28783,181300,27770761,10611,50800,9124,699,1019,0,0,555420873,739217,675900,1958100,555420873,168785,555420746,569258,16469,607,29,6671,856,23,13700,6700
1786098204.674072398,527656028,27771372,527656026,0,531627236,19638,119300,27770761,8892,34300,347075,0,1090417206,920545792,527587656,28783,181300,27770761,10611,50800,9124,699,1019,0,0,555420875,739217,675900,1958100,555420875,168785,555420746,569258,16469,607,29,6671,856,23,13700,6700
1786098205.702786475,527656028,27771372,527656026,0,531627236,19638,119300,27770761,8892,34300,347075,0,1090420295,920548862,527587656,28783,181300,27770761,10611,50800,9124,699,1019,0,0,555420877,739218,675900,1958100,555420877,168785,555420746,569258,16469,607,29,6671,856,23,13700,6700
1786098206.732599630,527656028,27771372,527656026,0,531627236,19638,119300,27770761,8892,34300,347075,0,1090423381,920551943,527587656,28783,181300,27770761,10611,50800,9124,699,1019,0,0,555420879,739218,675900,1958100,555420879,168785,555420746,569258,16469,607,29,6671,856,23,13700,6700
1786098207.763725426,527656028,27771372,527656026,0,531627236,19638,119300,27770761,8892,34300,347075,0,1090426472,920555001,527587656,28783,181300,27770761,10611,50800,9124,699,1019,0,0,555420881,739218,675900,1958100,555420881,168785,555420746,569258,16469,607,29,6671,856,23,13700,6700
1786098208.796929593,527656028,27771372,527656026,0,531627236,19638,119300,27770761,8892,34300,347075,0,1090429571,920558051,527587656,28783,181300,27770761,10611,50800,9124,699,1019,0,0,555420883,739218,675900,1958100,555420883,168785,555420746,569258,16469,607,29,6671,856,23,13700,6700
1786098209.827914491,527656028,27771372,527656026,0,531627236,19638,119300,27770761,8892,34300,347075,0,1090432661,920561112,527587656,28783,181300,27770761,10611,50800,9124,699,1019,0,0,555420885,739218,675900,1958100,555420885,168785,555420746,569258,16469,607,29,6671,856,23,13700,6700
1786098210.861254930,527656028,27771372,527656026,0,531627236,19638,119300,27770761,8892,34300,347075,0,1090435757,920564137,527587656,28783,181300,27770761,10611,50800,9124,699,1019,0,0,555420887,739218,675900,1958100,555420887,168785,555420746,569258,16469,607,29,6671,856,23,13700,6700
1786098211.890341140,527656028,27771372,527656026,0,531627236,19638,119300,27770761,8892,34300,347075,0,1090438849,920567223,527587656,28783,181300,27770761,10611,50800,9124,699,1019,0,0,555420889,739218,675900,1958100,555420889,168785,555420746,569258,16469,607,29,6671,856,23,13700,6700
1786098212.919840860,527656028,27771372,527656026,0,531627236,19638,119300,27770761,8892,34300,347075,0,1090441934,920570301,527587656,28783,181300,27770761,10611,50800,9124,699,1019,0,0,555420891,739218,675900,1958100,555420891,168785,555420746,569258,16469,607,29,6671,856,23,13700,6700
1786098213.950215975,527656028,27771372,527656026,0,531627236,19638,119300,27770761,8892,34300,347075,0,1090445021,920573336,527587656,28783,181300,27770761,10611,50800,9124,699,1019,0,0,555420893,739218,675900,1958100,555420893,168785,555420746,569258,16469,607,29,6671,856,23,13700,6700
1786098214.979308419,527656028,27771372,527656026,0,531627236,19638,119300,27770761,8892,34300,347075,0,1090448105,920576396,527587656,28783,181300,27770761,10611,50800,9124,699,1019,0,0,555420895,739218,675900,1958100,555420895,168785,555420746,569258,16469,607,29,6671,856,23,13700,6700
1786098216.011105328,527656028,27771372,527656026,0,531627236,19638,119300,27770761,8892,34300,347075,0,1090451203,920579462,527587656,28783,181300,27770761,10611,50800,9124,699,1019,0,0,555420897,739218,675900,1958100,555420897,168785,555420746,569258,16469,607,29,6671,856,23,13700,6700
1786098217.043734063,527656028,27771372,527656026,0,531627236,19638,119300,27770761,8892,34300,347075,0,1090454297,920582508,527587656,28783,181300,27770761,10611,50800,9124,699,1019,0,0,555420899,739218,675900,1958100,555420899,168785,555420746,569258,16469,607,29,6671,856,23,13700,6700
1786098218.076719466,527656028,27771372,527656026,0,531627236,19638,119300,27770761,8892,34300,347075,0,1090457395,920585601,527587656,28783,181300,27770761,10611,50800,9124,699,1019,0,0,555420901,739218,675900,1958100,555420901,168785,555420746,569258,16469,607,29,6671,856,23,13700,6700
1786098219.109559887,527656028,27771372,527656026,0,531627236,19638,119300,27770761,8892,34300,347075,0,1090460493,920588693,527587656,28783,181300,27770761,10611,50800,9124,699,1019,0,0,555420903,739218,675900,1958100,555420903,168785,555420746,569258,16469,607,29,6671,856,23,13700,6700
1786098220.142638795,527656028,27771372,527656026,0,531627236,19638,119300,27770761,8892,34300,347075,0,1090463589,920591699,527587656,28783,181300,27770761,10611,50800,9124,699,1019,0,0,555420905,739218,675900,1958100,555420905,168785,555420746,569258,16469,607,29,6671,856,23,13700,6700
1786098221.173395288,527656028,27771372,527656026,0,531627236,19638,119300,27770761,8892,34300,347075,0,1090466682,920594786,527587656,28783,181300,27770761,10611,50800,9124,699,1019,0,0,555420907,739218,675900,1958100,555420907,168785,555420746,569258,16469,607,29,6671,856,23,13700,6700
1786098222.198624805,527656028,27771372,527656026,0,531627236,19638,119300,27770761,8892,34300,347075,0,1090469754,920597809,527587656,28783,181300,27770761,10611,50800,9124,699,1019,0,0,555420909,739218,675900,1958100,555420909,168785,555420746,569258,16469,607,29,6671,856,23,13700,6700
1786098223.228244197,527656028,27771372,527656026,0,531627236,19638,119300,27770761,8892,34300,347075,0,1090472844,920600870,527587656,28783,181300,27770761,10611,50800,9124,699,1019,0,0,555420911,739218,675900,1958100,555420911,168785,555420746,569258,16469,607,29,6671,856,23,13700,6700
1786098224.261185850,527656028,27771372,527656026,0,531627236,19638,119300,27770761,8892,34300,347075,0,1090475941,920603962,527587656,28783,181300,27770761,10611,50800,9124,699,1019,0,0,555420913,739218,675900,1958100,555420913,168785,555420746,569258,16469,607,29,6671,856,23,13700,6700
1786098225.293343987,527656028,27771372,527656026,0,531627236,19638,119300,27770761,8892,34300,347075,0,1090479036,920607033,527587656,28783,181300,27770761,10611,50800,9124,699,1019,0,0,555420916,739218,675900,1958100,555420916,168785,555420746,569258,16469,607,29,6671,856,23,13700,6700
1786098226.326259236,527656028,27771372,527656026,0,531627236,19638,119300,27770761,8892,34300,347075,0,1090482133,920610070,527587656,28783,181300,27770761,10611,50800,9124,699,1019,0,0,555420920,739218,675900,1958100,555420920,168785,555420746,569258,16469,607,29,6671,856,23,13700,6700
1786098227.397013488,527824447,27939860,527824445,0,531802732,19642,119400,27939893,9028,34900,349231,0,1090485283,920612909,527756912,28832,181700,27940776,10787,52300,9169,711,1046,0,0,555747769,745718,676100,1986400,555749798,169980,555751425,574607,16472,607,29,6809,858,23,13700,6700
1786098228.511045805,874754,874775,874754,0,911814,24695,335100,1815864,16931,395300,12527,0,1090488375,920614672,873722,136286,1390000,875014,32181,455600,111916,2982,4441,0,0,1752164,8239569,3276700,18446744073709551616,1753034,1519604,1754444,6710241,21195,811,35,11541,352,7,9700,6300
1786098229.577621910,1777819,1777843,1777819,0,1853831,25112,350000,2719050,19758,397300,25389,0,1090491340,920616433,1776162,135418,1379900,1778448,31968,458100,110420,2528,4344,0,0,3559639,8020050,3276700,18446744073709551616,3560904,1481407,3561889,6530157,21721,790,34,15614,475,10,9600,6200
1786098230.655786895,2680726,2680755,2680726,0,2794641,25116,354000,3622191,21191,401000,37895,0,1090494316,920618187,2678428,135111,1371300,2681664,31931,461500,110063,2373,4323,0,0,5364682,7971670,3276700,18446744073709551616,5365942,1472860,5366886,6490143,21724,786,34,17672,537,12,9600,6200
1786098231.717739687,3562110,3562130,3562110,0,3713996,25082,352300,4503368,22070,401700,50478,0,1090497260,920619891,3558803,135506,1388100,3562683,32026,463200,110475,2311,4368,0,0,7126257,7973784,3276700,18446744073709551616,7127350,1473079,7129332,6492516,21667,789,34,18920,574,13,9600,6200
1786098232.785390333,4482657,4482684,4482657,0,4674694,24943,351500,5423789,22550,400100,63675,0,1090500233,920621685,4478299,134815,1376900,4483166,31882,461100,109917,2262,4366,0,0,8966558,7928579,3276700,18446744073709551616,8968187,1464230,8969978,6456029,21557,783,34,19658,599,13,9600,6200
1786098233.847147037,5374172,5374198,5374172,0,5603222,24989,352900,6315301,22979,402400,75974,0,1090503178,920623446,5368796,135015,1375500,5374449,31907,463200,110049,2236,4360,0,0,10750805,7922442,3276700,18446744073709551616,10751753,1464785,10752475,6449542,21609,780,34,20265,616,14,9600,6200
1786098234.898710346,6255782,6255798,6255782,0,6522451,24977,354900,7196861,23283,403000,88379,0,1090506101,920625168,6249557,134993,1371800,6256212,31902,463800,110039,2215,4355,0,0,12515165,7911249,3276700,18446744073709551616,12515873,1464137,12516906,6438942,21593,780,34,20704,629,14,9600,6200
1786098235.965117497,7166488,7166515,7166488,0,7472643,24911,353900,8108021,23491,402800,101377,0,1090509053,920626945,7160327,134777,1368600,7167894,31860,463400,109877,2197,4358,0,0,14336464,7895030,3276700,18446744073709551616,14337338,1459618,14338533,6427199,21542,778,34,21020,639,14,9500,6100
1786098237.038686892,8091613,8091637,8091613,0,8437560,24873,352100,9032837,23648,401300,114497,0,1090512040,920628721,8083741,134510,1366400,8091958,31819,462100,109641,2180,4362,0,0,16185283,7865531,3276700,18446744073709551616,16186589,1454473,16188463,6402842,21512,776,34,21263,648,15,9500,6100
1786098238.092606608,8979966,8979990,8979966,0,9363137,24890,352200,9921391,23811,401700,126792,0,1090514963,920630438,8971896,134539,1368400,8980962,31820,462700,109656,2173,4354,0,0,17962170,7861099,3276700,18446744073709551616,17963340,1453669,17963844,6399378,21525,776,34,21493,655,15,9500,6100
1786098239.153948029,9881517,9881548,9881517,0,10302860,24894,352400,10822557,23945,402300,139442,0,1090517927,920632224,9871764,134449,1364700,9881767,31813,463300,109559,2159,4347,0,0,19765584,7849288,3276700,18446744073709551616,19766660,1451865,19767960,6389395,21544,774,34,21688,660,15,9500,6100
1786098240.220775253,10767479,10767494,10767479,0,11227179,24918,352700,11708584,24067,402100,152053,0,1090520872,920633924,10757012,134590,1364500,10767966,31837,463500,109680,2155,4356,0,0,21538973,7852382,3276700,18446744073709551616,21540080,1452615,21541072,6391656,21544,778,34,21854,665,15,9500,6100
1786098241.302715244,11703850,11703869,11703850,0,12203424,24867,351700,12645281,24128,401400,165214,0,1090523871,920635721,11692756,134319,1360600,11704851,31783,462500,109456,2148,4343,0,0,23412316,7830430,3276700,18446744073709551616,23413396,1448962,23414495,6373362,21501,776,34,21959,669,15,9500,6100
1786098242.362443814,12604556,12604574,12604556,0,13142457,24868,352800,13545605,24208,402000,177871,0,1090526827,920637500,12592224,134324,1363500,12604832,31770,462900,109458,2141,4334,0,0,25212082,7827916,3276700,18446744073709551616,25213320,1448658,25214104,6371229,21510,774,34,22077,672,15,9500,6100
1786098243.429079666,13488862,13488886,13488862,0,14063876,24895,353200,14430117,24313,402400,190142,0,1090529779,920639220,13476262,134482,1366700,13490041,31816,463200,109581,2139,4341,0,0,26980559,7838695,3276700,18446744073709551616,26982216,1450253,26983363,6380320,21531,776,34,22212,675,15,9500,6100
1786098244.491931758,14411991,14412003,14411991,0,15026877,24884,352800,15353288,24356,401600,203188,0,1090532738,920640993,14398241,134302,1363800,14412642,31790,462500,109412,2134,4338,0,0,28825197,7828020,3276700,18446744073709551616,28826547,1448286,28827670,6371717,21522,775,34,22283,678,15,9500,6100
1786098245.563795494,15313991,15314017,15313991,0,15967645,24901,352800,16255043,24412,401600,216049,0,1090535694,920642759,15299296,134361,1365300,15314676,31789,462200,109450,2132,4338,0,0,30631733,7831918,3276700,18446744073709551616,30632851,1448654,30633820,6375251,21540,775,34,22365,681,15,9500,6100
1786098246.620448544,16190121,16190135,16190121,0,16880438,24917,353400,17131118,24487,402000,228182,0,1090538641,920644497,16174414,134522,1368800,16190321,31820,462700,109595,2131,4338,0,0,32382058,7839995,3276700,18446744073709551616,32383637,1450045,32385280,6381879,21554,775,34,22461,683,15,9500,6100
1786098247.686206689,17088333,17088351,17088333,0,17816466,24921,354300,18029680,24548,402600,240580,0,1090541589,920646291,17072214,134546,1368900,17089080,31829,463200,109609,2128,4333,0,0,34178977,7839785,3276700,18446744073709551616,34179877,1449785,34181857,6381905,21564,774,34,22542,684,15,9500,6100
1786098248.750068071,17994006,17994024,17994006,0,18761189,24886,353100,18934962,24589,402200,253584,0,1090544546,920648035,17976526,134477,1368900,17994465,31832,463100,109575,2125,4337,0,0,35992922,7832530,3276700,18446744073709551616,35993964,1448443,35994971,6375971,21531,774,34,22601,686,15,9500,6100
1786098249.814272537,18889970,18889979,18889970,0,19694145,24921,354000,19831213,24641,402700,265722,0,1090547501,920649801,18871842,134494,1368900,18890513,31845,463500,109557,2122,4335,0,0,37782166,7829967,3276700,18446744073709551616,37783613,1447845,37785314,6374094,21563,774,34,22670,688,16,9500,6100
1786098250.874501865,19782867,19782894,19782867,0,20623794,24920,354200,20724008,24676,402800,277923,0,1090550450,920651551,19763805,134498,1368700,19783382,31848,463600,109561,2120,4337,0,0,39568832,7828763,3276700,18446744073709551616,39569656,1447647,39570828,6373039,21562,773,34,22720,689,16,9500,6100
1786098251.944228358,20670363,20670392,20670363,0,21549333,24947,354300,21611754,24721,403000,290390,0,1090553417,920653283,20650543,134582,1369200,20671019,31866,463900,109620,2119,4340,0,0,41343284,7833816,3276700,18446744073709551616,41344329,1448381,41345385,6377338,21585,774,34,22778,691,16,9500,6100
1786098253.014698708,21595789,21595812,21595789,0,22514346,24950,354300,22536935,24734,402600,303476,0,1090556401,920655080,21574804,134491,1368700,21595917,31849,463500,109518,2117,4340,0,0,43193931,7829374,3276700,18446744073709551616,43195447,1447264,43196431,6374025,21591,774,34,22804,692,16,9500,6100
1786098254.079394325,22495217,22495235,22495217,0,23451768,24973,354600,23436599,24759,402700,315984,0,1090559387,920656862,22473911,134515,1368700,22496044,31845,463700,109520,2115,4338,0,0,44992923,7831911,3276700,18446744073709551616,44994289,1447398,44995454,6376458,21618,773,34,22842,693,16,9500,6100
1786098255.130106831,23367763,23367794,23367763,0,24361410,24984,354900,24308567,24794,403000,328285,0,1090562290,920658560,23344778,134604,1370200,23367661,31860,464000,109600,2115,4340,0,0,46738917,7836816,3276700,18446744073709551616,46740042,1448346,46741406,6380367,21622,774,34,22886,694,16,9500,6100
1786098256.201249394,24287129,24287148,24287129,0,25320795,24976,354900,25228241,24799,402800,341501,0,1090565287,920660348,24263849,134509,1368600,24287861,31836,463700,109514,2113,4337,0,0,48577108,7834207,3276700,18446744073709551616,48578058,1447445,48579348,6378704,21619,773,34,22902,695,16,9500,6100
1786098257.265406297,25192655,25192677,25192655,0,26265594,24973,354600,26133659,24802,402300,354467,0,1090568240,920662077,25168159,134468,1367300,25193009,31819,463300,109473,2112,4338,0,0,50387911,7830554,3276700,18446744073709551616,50389581,1446526,50390884,6375903,21615,774,34,22913,696,16,9500,6100
1786098258.332129544,26095217,26095240,26095217,0,27206373,24960,354600,27036420,24822,402500,367069,0,1090571201,920663834,26070252,134448,1366800,26095900,31815,463500,109470,2110,4336,0,0,52195458,7827177,3276700,18446744073709551616,52196620,1446216,52197576,6372833,21601,774,34,22943,697,16,9500,6100
1786098259.395557927,27001210,27001234,27001210,0,28151270,24979,354800,27942442,24838,402500,379815,0,1090574141,920665615,26975309,134425,1367000,27001648,31811,463700,109425,2107,4336,0,0,54005504,7824668,3276700,18446744073709551616,54006475,1445656,54007568,6370954,21624,773,34,22967,698,16,9500,6100
1786098260.467997103,27905629,27905657,27905629,0,29094371,24974,354500,28846510,24850,402200,392628,0,1090577130,920667339,27878388,134415,1367300,27905750,31806,463400,109422,2106,4336,0,0,55814492,7821111,3276700,18446744073709551616,55815726,1445164,55817190,6367888,21613,774,34,22986,699,16,9500,6100
1786098261.528569359,28807025,28807053,28807025,0,30034136,24975,354500,29748134,24863,402300,405318,0,1090580073,920669102,28779180,134378,1366300,28807427,31803,463400,109384,2105,4337,0,0,57616868,7819502,3276700,18446744073709551616,57617743,1444584,57618484,6366834,21616,773,34,23006,699,16,9500,6100
1786098262.587221047,29698847,29698869,29698847,0,30963365,24979,354700,30640021,24883,402600,417725,0,1090583026,920670874,29670150,134399,1366500,29699326,31806,463700,109397,2104,4335,0,0,59401772,7818090,3276700,18446744073709551616,59402638,1444399,59404015,6365570,21622,773,34,23034,700,16,9500,6100
1786098263.647398877,30582163,30582182,30582163,0,31885051,24974,354500,31523150,24902,402700,430409,0,1090585961,920672577,30552478,134435,1366900,30582557,31813,463700,109439,2105,4335,0,0,61168108,7821129,3276700,18446744073709551616,61168662,1444830,61169672,6368186,21612,774,34,23058,701,16,9500,6100
1786098264.707838449,31509221,31509234,31509221,0,32852694,24928,353800,32450336,24903,402300,443803,0,1090588926,920674345,31478636,134299,1364400,31509462,31798,463300,109352,2103,4336,0,0,63022807,7812322,3276700,18446744073709551616,63024147,1443477,63024697,6360725,21570,773,34,23065,701,16,9500,6100
1786098265.763281948,32416705,32416731,32416705,0,33798709,24910,353300,33357667,24904,402100,456498,0,1090591871,920676087,32385024,134228,1363100,32416928,31780,463100,109299,2102,4330,0,0,64836177,7807200,3276700,18446744073709551616,64837603,1442528,64838553,6356587,21553,773,34,23072,702,16,9500,6100
1786098266.835248203,33318772,33318798,33318772,0,34739606,24905,352900,34259910,24921,402100,469283,0,1090594836,920677815,33286442,134236,1362900,33319406,31786,463100,109310,2102,4331,0,0,66641157,7806362,3276700,18446744073709551616,66642463,1442145,66643710,6356120,21548,773,34,23094,702,16,9500,6100
1786098267.890130356,34222156,34222182,34222156,0,35681282,24890,352900,35163383,24932,402100,481940,0,1090597752,920679573,34189231,134202,1362800,34222828,31784,463100,109295,2100,4331,0,0,68448648,7802437,3276700,18446744073709551616,68449979,1441388,68450626,6352964,21534,773,34,23111,703,16,9500,6100
1786098268.962426313,35131138,35131165,35131138,0,36629773,24896,352700,36072353,24942,401900,494974,0,1090600708,920681311,35097296,134203,1362900,35131916,31785,462900,109291,2100,4332,0,0,70263755,7800888,3276700,18446744073709551616,70265421,1441071,70267043,6351756,21537,773,34,23125,703,16,9500,6100
1786098270.030353932,36031303,36031326,36031303,0,37567666,24905,353100,36972714,24948,402100,507380,0,1090603677,920683090,35996821,134218,1363300,36032223,31781,463000,109295,2099,4333,0,0,72065006,7802582,3276700,18446744073709551616,72066647,1441274,72067726,6353233,21549,773,34,23136,703,16,9500,6100
1786098271.104364602,36935412,36935432,36935412,0,38510398,24914,353300,37876634,24960,402200,520132,0,1090606661,920684871,36899726,134228,1362200,36935850,31784,463100,109295,2098,4334,0,0,73874218,7805068,3276700,18446744073709551616,73875638,1441494,73876192,6355492,21559,773,34,23152,704,16,9500,6100
1786098272.165424314,37826230,37826253,37826230,0,39439508,24916,353000,38767691,24975,402100,532799,0,1090609592,920686580,37790121,134246,1362500,37827372,31790,463000,109313,2099,4334,0,0,75656572,7807172,3276700,18446744073709551616,75657668,1441749,75659112,6357358,21557,774,34,23171,704,16,9500,6100
1786098273.242804216,38742832,38742855,38742832,0,40395172,24916,353000,39684141,24982,402000,545703,0,1090612595,920688402,38705819,134240,1363100,38743781,31786,462900,109308,2097,4334,0,0,77490297,7808491,3276700,18446744073709551616,77491510,1441730,77492576,6358672,21559,773,34,23182,705,16,9500,6100
1786098274.300451223,39631207,39631236,39631207,0,41320715,24914,353200,40572425,24996,402300,557989,0,1090615537,920690165,39593193,134270,1363800,39632018,31793,463100,109338,2097,4334,0,0,79266434,7810917,3276700,18446744073709551616,79267376,1442081,79268435,6360745,21559,773,34,23201,705,16,9500,6100
1786098275.357545900,40525959,40525974,40525959,0,42253828,24910,353200,41467003,25007,402200,570616,0,1090618475,920691892,40486772,134247,1363500,40526324,31797,463100,109321,2096,4336,0,0,81055501,7811342,3276700,18446744073709551616,81056473,1442048,81057948,6361177,21552,773,34,23215,705,16,9500,6100
1786098276.416244876,41444406,41444436,41444406,0,43212381,24899,352900,42385721,25003,401900,583795,0,1090621416,920693660,41404799,134167,1362100,41445299,31784,462700,109250,2095,4337,0,0,82892674,7806976,3276700,18446744073709551616,82893434,1441313,82894391,6357573,21543,773,34,23215,706,16,9500,6100
1786098277.477159701,42346788,42346816,42346788,0,44153339,24900,352700,43287959,25007,401900,596510,0,1090624366,920695419,42306084,134151,1362100,42347262,31780,462700,109235,2095,4335,0,0,84697592,7806910,3276700,18446744073709551616,84698398,1441402,84698772,6357416,21544,773,34,23223,706,16,9500,6100
1786098278.538361887,43232147,43232170,43232147,0,45076042,24904,352800,44173456,25019,401900,608821,0,1090627313,920697168,43190906,134193,1363000,43232993,31786,462800,109271,2095,4336,0,0,86467136,7809929,3276700,18446744073709551616,86468531,1441881,86469680,6359975,21548,773,34,23238,706,16,9500,6100
1786098279.592374413,44128507,44128532,44128507,0,46010397,24910,353000,45069902,25026,402000,621363,0,1090630235,920698935,44086264,134191,1362500,44129080,31787,462900,109264,2094,4337,0,0,88258936,7811267,3276700,18446744073709551616,88259976,1442056,88261108,6361153,21555,773,34,23248,707,16,9500,6100
1786098280.654045550,45029103,45029131,45029103,0,46950657,24885,352600,45970098,25029,401700,634524,0,1090633179,920700646,44985806,134157,1361800,45029727,31786,462600,109253,2094,4340,0,0,90061641,7810117,3276700,18446744073709551616,90063008,1441957,90064018,6360073,21529,773,34,23253,707,16,9500,6100
1786098281.717427808,45928386,45928410,45928386,0,47887807,24884,352600,46869756,25038,401800,646936,0,1090636137,920702405,45884450,134158,1361800,45929172,31788,462700,109258,2094,4339,0,0,91858609,7809911,3276700,18446744073709551616,91859967,1441907,91861327,6359961,21527,773,34,23265,707,16,9500,6100
1786098282.768075582,46822833,46822858,46822833,0,48819367,24874,352700,47764161,25045,402000,659265,0,1090639070,920704173,46778290,134154,1361300,46823773,31786,462900,109263,2093,4338,0,0,93649937,7808595,3276700,18446744073709551616,93651054,1441805,93651995,6358699,21520,773,34,23276,708,16,9500,6100
1786098283.831916045,47716518,47716540,47716518,0,49752303,24863,352500,48657810,25052,402000,672130,0,1090642037,920705884,47670691,134158,1361300,47716902,31788,462900,109279,2093,4338,0,0,95435666,7807558,3276700,18446744073709551616,95436829,1441741,95438094,6357741,21505,773,34,23285,708,16,9500,6100
1786098284.895141702,48639785,48639807,48639785,0,50715839,24848,352100,49580995,25050,401800,685489,0,1090644978,920707662,48593152,134098,1360600,48640247,31779,462600,109234,2092,4337,0,0,97283390,7802903,3276700,18446744073709551616,97284295,1440930,97284856,6353906,21492,773,34,23285,708,16,9500,6100
1786098285.950525409,49521293,49521316,49521293,0,51634052,24852,352400,50462566,25061,402100,697597,0,1090647890,920709434,49474104,134125,1360700,49521974,31784,462900,109259,2091,4337,0,0,99045669,7804062,3276700,18446744073709551616,99046888,1441126,99048589,6354857,21496,773,34,23300,708,16,9500,6100
1786098287.013277091,50407926,50407956,50407926,0,52557979,24856,352600,51349136,25072,402300,709870,0,1090650847,920711201,50359670,134160,1361500,50408610,31790,463200,109289,2091,4337,0,0,100819376,7804543,3276700,18446744073709551616,100820341,1441309,100821620,6355172,21501,773,34,23313,708,16,9500,6100
1786098288.036198610,50519329,50519342,50519329,0,52674051,24854,352600,51459779,25072,402200,711575,0,1090653887,920714097,50469792,134153,1361500,50518154,31789,463100,109278,2091,4337,0,0,101048154,7803575,3276700,18446744073709551616,101048154,1441169,101048040,6354330,21497,773,34,23312,708,16,9500,6100
1786098289.059550083,50519329,50519342,50519329,0,52674051,24854,352600,51459779,25072,402200,711575,0,1090656956,920717131,50469792,134153,1361500,50518154,31789,463100,109278,2091,4337,0,0,101048157,7803575,3276700,18446744073709551616,101048157,1441169,101048040,6354330,21497,773,34,23312,708,16,9500,6100
1786098290.090276888,50519329,50519342,50519329,0,52674051,24854,352600,51459779,25072,402200,711575,0,1090660044,920720145,50469792,134153,1361500,50518154,31789,463100,109278,2091,4337,0,0,101048161,7803574,3276700,18446744073709551616,101048161,1441169,101048040,6354330,21497,773,34,23312,708,16,9500,6100
1786098291.122379727,50519329,50519342,50519329,0,52674051,24854,352600,51459779,25072,402200,711575,0,1090663139,920723231,50469792,134153,1361500,50518154,31789,463100,109278,2091,4337,0,0,101048164,7803574,3276700,18446744073709551616,101048164,1441169,101048040,6354330,21497,773,34,23312,708,16,9500,6100
1786098292.154526055,50519329,50519342,50519329,0,52674051,24854,352600,51459779,25072,402200,711575,0,1090666230,920726244,50469792,134153,1361500,50518154,31789,463100,109278,2091,4337,0,0,101048166,7803574,3276700,18446744073709551616,101048166,1441169,101048040,6354330,21497,773,34,23312,708,16,9500,6100
1786098293.187909321,50519329,50519342,50519329,0,52674051,24854,352600,51459779,25072,402200,711575,0,1090669332,920729325,50469792,134153,1361500,50518154,31789,463100,109278,2091,4337,0,0,101048168,7803574,3276700,18446744073709551616,101048168,1441170,101048040,6354330,21497,773,34,23312,708,16,9500,6100
1786098294.221077142,50519329,50519342,50519329,0,52674051,24854,352600,51459779,25072,402200,711575,0,1090672431,920732418,50469792,134153,1361500,50518154,31789,463100,109278,2091,4337,0,0,101048170,7803574,3276700,18446744073709551616,101048170,1441170,101048040,6354330,21497,773,34,23312,708,16,9500,6100
1786098295.252304477,50519329,50519342,50519329,0,52674051,24854,352600,51459779,25072,402200,711575,0,1090675523,920735479,50469792,134153,1361500,50518154,31789,463100,109278,2091,4337,0,0,101048172,7803574,3276700,18446744073709551616,101048172,1441170,101048040,6354330,21497,773,34,23312,708,16,9500,6100
1786098296.285321856,50519329,50519342,50519329,0,52674051,24854,352600,51459779,25072,402200,711575,0,1090678621,920738530,50469792,134153,1361500,50518154,31789,463100,109278,2091,4337,0,0,101048174,7803574,3276700,18446744073709551616,101048174,1441170,101048040,6354330,21497,773,34,23312,708,16,9500,6100
1786098297.318003845,50519329,50519342,50519329,0,52674051,24854,352600,51459779,25072,402200,711575,0,1090681716,920741617,50469792,134153,1361500,50518154,31789,463100,109278,2091,4337,0,0,101048176,7803574,3276700,18446744073709551616,101048176,1441170,101048040,6354330,21497,773,34,23312,708,16,9500,6100
1786098298.348985572,50519329,50519342,50519329,0,52674051,24854,352600,51459779,25072,402200,711575,0,1090684808,920744637,50469792,134153,1361500,50518154,31789,463100,109278,2091,4337,0,0,101048178,7803574,3276700,18446744073709551616,101048178,1441170,101048040,6354330,21497,773,34,23312,708,16,9500,6100
1786098299.381303410,50519329,50519342,50519329,0,52674051,24854,352600,51459779,25072,402200,711575,0,1090687903,920747728,50469792,134153,1361500,50518154,31789,463100,109278,2091,4337,0,0,101048180,7803574,3276700,18446744073709551616,101048180,1441170,101048040,6354330,21497,773,34,23312,708,16,9500,6100
1786098300.414001636,50519329,50519342,50519329,0,52674051,24854,352600,51459779,25072,402200,711575,0,1090691001,920750820,50469792,134153,1361500,50518154,31789,463100,109278,2091,4337,0,0,101048182,7803574,3276700,18446744073709551616,101048182,1441170,101048040,6354330,21497,773,34,23312,708,16,9500,6100
1786098301.444850250,50519329,50519342,50519329,0,52674051,24854,352600,51459779,25072,402200,711575,0,1090694092,920753848,50469792,134153,1361500,50518154,31789,463100,109278,2091,4337,0,0,101048184,7803574,3276700,18446744073709551616,101048184,1441170,101048040,6354330,21497,773,34,23312,708,16,9500,6100
1786098302.477908605,50519329,50519342,50519329,0,52674051,24854,352600,51459779,25072,402200,711575,0,1090697189,920756905,50469792,134153,1361500,50518154,31789,463100,109278,2091,4337,0,0,101048186,7803574,3276700,18446744073709551616,101048186,1441170,101048040,6354330,21497,773,34,23312,708,16,9500,6100
1786098303.507616442,50519329,50519342,50519329,0,52674051,24854,352600,51459779,25072,402200,711575,0,1090700277,920759963,50469792,134153,1361500,50518154,31789,463100,109278,2091,4337,0,0,101048188,7803574,3276700,18446744073709551616,101048188,1441170,101048040,6354330,21497,773,34,23312,708,16,9500,6100
1786098304.539820899,50519329,50519342,50519329,0,52674051,24854,352600,51459779,25072,402200,711575,0,1090703371,920763010,50469792,134153,1361500,50518154,31789,463100,109278,2091,4337,0,0,101048190,7803574,3276700,18446744073709551616,101048190,1441170,101048040,6354330,21497,773,34,23312,708,16,9500,6100
1786098305.572575432,50519329,50519342,50519329,0,52674051,24854,352600,51459779,25072,402200,711575,0,1090706470,920766102,50469792,134153,1361500,50518154,31789,463100,109278,2091,4337,0,0,101048192,7803574,3276700,18446744073709551616,101048192,1441170,101048040,6354330,21497,773,34,23312,708,16,9500,6100
1786098306.605972940,50519329,50519342,50519329,0,52674051,24854,352600,51459779,25072,402200,711575,0,1090709568,920769195,50469792,134153,1361500,50518154,31789,463100,109278,2091,4337,0,0,101048194,7803573,3276700,18446744073709551616,101048194,1441170,101048040,6354330,21497,773,34,23312,708,16,9500,6100
1786098307.639118718,50519329,50519342,50519329,0,52674051,24854,352600,51459779,25072,402200,711575,0,1090712665,920772218,50469792,134153,1361500,50518154,31789,463100,109278,2091,4337,0,0,101048196,7803573,3276700,18446744073709551616,101048196,1441170,101048040,6354330,21497,773,34,23312,708,16,9500,6100
1786098308.670973314,50519329,50519342,50519329,0,52674051,24854,352600,51459779,25072,402200,711575,0,1090715761,920775308,50469792,134153,1361500,50518154,31789,463100,109278,2091,4337,0,0,101048198,7803573,3276700,18446744073709551616,101048198,1441170,101048040,6354330,21497,773,34,23312,708,16,9500,6100
1786098309.701080882,50519329,50519342,50519329,0,52674051,24854,352600,51459779,25072,402200,711575,0,1090718851,920778344,50469792,134153,1361500,50518154,31789,463100,109278,2091,4337,0,0,101048200,7803573,3276700,18446744073709551616,101048200,1441170,101048040,6354330,21497,773,34,23312,708,16,9500,6100
1786098310.733535796,50519329,50519342,50519329,0,52674051,24854,352600,51459779,25072,402200,711575,0,1090721945,920781393,50469792,134153,1361500,50518154,31789,463100,109278,2091,4337,0,0,101048204,7803573,3276700,18446744073709551616,101048204,1441170,101048040,6354330,21497,773,34,23312,708,16,9500,6100
1786098311.765227123,50519329,50519342,50519329,0,52674051,24854,352600,51459779,25072,402200,711575,0,1090725037,920784466,50469792,134153,1361500,50518154,31789,463100,109278,2091,4337,0,0,101048206,7803573,3276700,18446744073709551616,101048206,1441170,101048040,6354330,21497,773,34,23312,708,16,9500,6100
