ts,cmd_get,cmd_set,get_hits,get_misses,rcount,ravg,rp99,wcount,wavg,wp99,badcrc,err5,cpu_total,cpu_idle,re2ec,re2ea,re2ep99,we2ec,we2ea,we2ep99,radmit,wadmit,wret,waitenq,yields,srvc,srva,srvp50,srvp99,quec,quea,bkc,bka,rxfer,rcrypto,rsync,wxfer,wcrypto,wsync,rp50,wp50
1786000302.820738854,0,633211467,0,0,0,0,0,633206324,14126,40200,0,0,797513710,752520418,0,0,0,633206324,14805,41100,0,577,100,0,0,633218451,3727234,3276700,18446744073709551616,633218451,724970,633216989,3001241,0,0,0,8799,820,4028,0,12500
1786000303.853745685,0,633211467,0,0,0,0,0,633206324,14126,40200,0,0,797516806,752523489,0,0,0,633206324,14805,41100,0,577,100,0,0,633218453,3727234,3276700,18446744073709551616,633218453,724970,633216989,3001241,0,0,0,8799,820,4028,0,12500
1786000304.886099026,0,633211467,0,0,0,0,0,633206324,14126,40200,0,0,797519903,752526531,0,0,0,633206324,14805,41100,0,577,100,0,0,633218455,3727234,3276700,18446744073709551616,633218455,724970,633216989,3001241,0,0,0,8799,820,4028,0,12500
1786000305.916248724,0,633211467,0,0,0,0,0,633206324,14126,40200,0,0,797522993,752529517,0,0,0,633206324,14805,41100,0,577,100,0,0,633218457,3727234,3276700,18446744073709551616,633218457,724970,633216989,3001241,0,0,0,8799,820,4028,0,12500
1786000311.006381282,0,0,0,0,0,0,0,0,0,0,0,0,797538241,752544433,0,0,0,0,0,0,0,0,0,0,0,0,0,0,0,0,0,0,0,0,0,0,0,0,0,0,0
1786000312.032035864,0,0,0,0,0,0,0,0,0,0,0,0,797541311,752547440,0,0,0,0,0,0,0,0,0,0,0,2,6487121,3276700,18446744073709551616,2,3201162,0,0,0,0,0,0,0,0,0,0
1786000313.061868878,0,0,0,0,0,0,0,0,0,0,0,0,797544399,752550523,0,0,0,0,0,0,0,0,0,0,0,4,4990029,3276700,18446744073709551616,4,2443601,0,0,0,0,0,0,0,0,0,0
1786000314.091271115,0,0,0,0,0,0,0,0,0,0,0,0,797547488,752553582,0,0,0,0,0,0,0,0,0,0,0,6,4498473,3276700,18446744073709551616,6,2202587,0,0,0,0,0,0,0,0,0,0
1786000315.122129555,0,0,0,0,0,0,0,0,0,0,0,0,797550580,752556669,0,0,0,0,0,0,0,0,0,0,0,8,4294133,3276700,18446744073709551616,8,2098028,0,0,0,0,0,0,0,0,0,0
1786000316.152142577,0,0,0,0,0,0,0,0,0,0,0,0,797553668,752559753,0,0,0,0,0,0,0,0,0,0,0,10,4123510,3276700,18446744073709551616,10,2012288,0,0,0,0,0,0,0,0,0,0
1786000317.182948481,0,0,0,0,0,0,0,0,0,0,0,0,797556760,752562722,0,0,0,0,0,0,0,0,0,0,0,12,4028692,3276700,18446744073709551616,12,1964480,0,0,0,0,0,0,0,0,0,0
1786000318.215289734,0,0,0,0,0,0,0,0,0,0,0,0,797559856,752565794,0,0,0,0,0,0,0,0,0,0,0,14,3960376,3276700,18446744073709551616,14,1928602,0,0,0,0,0,0,0,0,0,0
1786000319.242636096,0,0,0,0,0,0,0,0,0,0,0,0,797562940,752568873,0,0,0,0,0,0,0,0,0,0,0,16,3912685,3276700,18446744073709551616,16,1905679,0,0,0,0,0,0,0,0,0,0
1786000320.272036760,0,0,0,0,0,0,0,0,0,0,0,0,797566027,752571927,0,0,0,0,0,0,0,0,0,0,0,18,3861080,3276700,18446744073709551616,18,1880131,0,0,0,0,0,0,0,0,0,0
1786000321.302376518,0,0,0,0,0,0,0,0,0,0,0,0,797569116,752574968,0,0,0,0,0,0,0,0,0,0,0,22,3494163,3276700,18446744073709551616,22,1698917,0,0,0,0,0,0,0,0,0,0
1786000322.329917914,0,0,0,0,0,0,0,0,0,0,0,0,797572202,752578017,0,0,0,0,0,0,0,0,0,0,0,26,3241660,3276700,18446744073709551616,26,1570999,0,0,0,0,0,0,0,0,0,0
1786000323.363714231,0,0,0,0,0,0,0,0,0,0,0,0,797575299,752580961,0,0,0,0,0,0,0,0,0,0,0,28,3260043,3276700,18446744073709551616,28,1580736,0,0,0,0,0,0,0,0,0,0
1786000324.390179442,0,842461,0,0,0,0,0,843189,33877,576900,0,0,797578118,752582026,0,0,0,843714,58124,781700,0,23836,479,0,0,843908,439673,279600,2099900,844670,84784,845258,353459,0,0,0,30176,1990,22,0,10200
1786000325.538492195,0,138620,0,0,0,0,0,76838,15041,101400,0,0,797581529,752585192,0,0,0,76838,23704,202000,0,8532,129,0,0,77090,195066,118600,1051300,77090,32934,77088,159871,0,0,0,14142,664,16,0,5000
1786000326.568566716,0,138620,0,0,0,0,0,76838,15041,101400,0,0,797584618,752588258,0,0,0,76838,23704,202000,0,8532,129,0,0,77094,195325,118600,1051600,77094,33064,77088,159871,0,0,0,14142,664,16,0,5000
1786000327.600549852,0,138620,0,0,0,0,0,76838,15041,101400,0,0,797587711,752591323,0,0,0,76838,23704,202000,0,8532,129,0,0,77098,195456,118600,1051700,77098,33130,77088,159871,0,0,0,14142,664,16,0,5000
1786000328.632820208,0,138620,0,0,0,0,0,76838,15041,101400,0,0,797590810,752594347,0,0,0,76838,23704,202000,0,8532,129,0,0,77102,195724,118600,1052000,77102,33265,77088,159871,0,0,0,14142,664,16,0,5000
1786000329.664298787,0,138620,0,0,0,0,0,76838,15041,101400,0,0,797593905,752597339,0,0,0,76838,23704,202000,0,8532,129,0,0,77104,195857,118600,1052000,77104,33331,77088,159871,0,0,0,14142,664,16,0,5000
1786000330.696059483,0,138620,0,0,0,0,0,76838,15041,101400,0,0,797596996,752600426,0,0,0,76838,23704,202000,0,8532,129,0,0,77106,195985,118600,1052200,77106,33396,77088,159871,0,0,0,14142,664,16,0,5000
1786000331.728772125,0,138620,0,0,0,0,0,76838,15041,101400,0,0,797600094,752603520,0,0,0,76838,23704,202000,0,8532,129,0,0,77108,196111,118600,1052200,77108,33459,77088,159871,0,0,0,14142,664,16,0,5000
1786000332.761608108,0,138620,0,0,0,0,0,76838,15041,101400,0,0,797603192,752606612,0,0,0,76838,23704,202000,0,8532,129,0,0,77110,196244,118600,1052600,77110,33526,77088,159871,0,0,0,14142,664,16,0,5000
1786000333.794582986,0,138620,0,0,0,0,0,76838,15041,101400,0,0,797606292,752609705,0,0,0,76838,23704,202000,0,8532,129,0,0,77112,196377,118600,1052700,77112,33593,77088,159871,0,0,0,14142,664,16,0,5000
1786000334.825724057,0,138620,0,0,0,0,0,76838,15041,101400,0,0,797609383,752612641,0,0,0,76838,23704,202000,0,8532,129,0,0,77114,196506,118600,1052800,77114,33657,77088,159871,0,0,0,14142,664,16,0,5000
1786000335.857796225,0,138620,0,0,0,0,0,76838,15041,101400,0,0,797612479,752615669,0,0,0,76838,23704,202000,0,8532,129,0,0,77116,196640,118600,1052800,77116,33725,77088,159871,0,0,0,14142,664,16,0,5000
1786000336.893501493,0,138620,0,0,0,0,0,76838,15041,101400,0,0,797615586,752618770,0,0,0,76838,23704,202000,0,8532,129,0,0,77118,196772,118600,1052900,77118,33791,77088,159871,0,0,0,14142,664,16,0,5000
1786000337.924611270,0,138620,0,0,0,0,0,76838,15041,101400,0,0,797618680,752621858,0,0,0,76838,23704,202000,0,8532,129,0,0,77120,196906,118600,1053200,77120,33858,77088,159871,0,0,0,14142,664,16,0,5000
1786000338.957283603,0,138620,0,0,0,0,0,76838,15041,101400,0,0,797621776,752624949,0,0,0,76838,23704,202000,0,8532,129,0,0,77122,197035,118600,1053300,77122,33923,77088,159871,0,0,0,14142,664,16,0,5000
1786000339.989242976,0,138620,0,0,0,0,0,76838,15041,101400,0,0,797624871,752628039,0,0,0,76838,23704,202000,0,8532,129,0,0,77124,197168,118600,1053300,77124,33990,77088,159871,0,0,0,14142,664,16,0,5000
1786000341.021023321,0,138620,0,0,0,0,0,76838,15041,101400,0,0,797627966,752631007,0,0,0,76838,23704,202000,0,8532,129,0,0,77126,197305,118600,1053400,77126,34058,77088,159871,0,0,0,14142,664,16,0,5000
1786000342.054055175,0,138620,0,0,0,0,0,76838,15041,101400,0,0,797631064,752634082,0,0,0,76838,23704,202000,0,8532,129,0,0,77128,197439,118600,1053600,77128,34126,77088,159871,0,0,0,14142,664,16,0,5000
1786000343.086645849,0,138620,0,0,0,0,0,76838,15041,101400,0,0,797634162,752637174,0,0,0,76838,23704,202000,0,8532,129,0,0,77130,197567,118600,1053800,77130,34191,77088,159871,0,0,0,14142,664,16,0,5000
1786000344.118976628,0,138620,0,0,0,0,0,76838,15041,101400,0,0,797637257,752640265,0,0,0,76838,23704,202000,0,8532,129,0,0,77132,197706,118600,1053900,77132,34261,77088,159871,0,0,0,14142,664,16,0,5000
1786000345.152413111,0,138620,0,0,0,0,0,76838,15041,101400,0,0,797640358,752643335,0,0,0,76838,23704,202000,0,8532,129,0,0,77134,197849,118600,1054100,77134,34332,77088,159871,0,0,0,14142,664,16,0,5000
1786000346.182742277,0,138620,0,0,0,0,0,76838,15041,101400,0,0,797643448,752646415,0,0,0,76838,23704,202000,0,8532,129,0,0,77136,197987,118600,1056000,77136,34401,77088,159871,0,0,0,14142,664,16,0,5000
1786000347.214436083,0,138620,0,0,0,0,0,76838,15041,101400,0,0,797646542,752649373,0,0,0,76838,23704,202000,0,8532,129,0,0,77138,198082,118600,1056700,77138,34450,77088,159871,0,0,0,14142,664,16,0,5000
1786000348.248188909,0,138620,0,0,0,0,0,76838,15041,101400,0,0,797649643,752652469,0,0,0,76838,23704,202000,0,8532,129,0,0,77141,198223,118600,1057000,77141,34520,77088,159871,0,0,0,14142,664,16,0,5000
1786000349.277135202,0,138620,0,0,0,0,0,76838,15041,101400,0,0,797652728,752655548,0,0,0,76838,23704,202000,0,8532,129,0,0,77145,198428,118600,1060700,77145,34591,77088,159871,0,0,0,14142,664,16,0,5000
1786000350.312318210,0,138620,0,0,0,0,0,76838,15041,101400,0,0,797655834,752658648,0,0,0,76838,23704,202000,0,8532,129,0,0,77148,198553,118600,1061200,77148,34654,77088,159871,0,0,0,14142,664,16,0,5000
1786000351.345491065,0,138620,0,0,0,0,0,76838,15041,101400,0,0,797658934,752661742,0,0,0,76838,23704,202000,0,8532,129,0,0,77150,198688,118600,1061600,77150,34722,77088,159871,0,0,0,14142,664,16,0,5000
1786000352.372994230,0,138620,0,0,0,0,0,76838,15041,101400,0,0,797662020,752664770,0,0,0,76838,23704,202000,0,8532,129,0,0,77152,198820,118600,1061700,77152,34788,77088,159871,0,0,0,14142,664,16,0,5000
1786000353.398227930,0,138620,0,0,0,0,0,76838,15041,101400,0,0,797665091,752667759,0,0,0,76838,23704,202000,0,8532,129,0,0,77154,198933,118600,1061900,77154,34845,77088,159871,0,0,0,14142,664,16,0,5000
1786000354.433601211,0,138620,0,0,0,0,0,76838,15041,101400,0,0,797668199,752670860,0,0,0,76838,23704,202000,0,8532,129,0,0,77156,199062,118600,1062000,77156,34909,77088,159871,0,0,0,14142,664,16,0,5000
1786000355.466041771,0,138620,0,0,0,0,0,76838,15041,101400,0,0,797671294,752673926,0,0,0,76838,23704,202000,0,8532,129,0,0,77158,199198,118600,1062000,77158,34978,77088,159871,0,0,0,14142,664,16,0,5000
1786000356.498798264,0,138620,0,0,0,0,0,76838,15041,101400,0,0,797674391,752677018,0,0,0,76838,23704,202000,0,8532,129,0,0,77160,199324,118700,1062200,77160,35041,77088,159871,0,0,0,14142,664,16,0,5000
1786000357.531234126,0,138620,0,0,0,0,0,76838,15041,101400,0,0,797677488,752680109,0,0,0,76838,23704,202000,0,8532,129,0,0,77162,199455,118700,1062400,77162,35107,77088,159871,0,0,0,14142,664,16,0,5000
1786000358.562969898,0,138620,0,0,0,0,0,76838,15041,101400,0,0,797680584,752683101,0,0,0,76838,23704,202000,0,8532,129,0,0,77164,199582,118700,1062700,77164,35171,77088,159871,0,0,0,14142,664,16,0,5000
1786000359.591334331,0,138620,0,0,0,0,0,76838,15041,101400,0,0,797683666,752686147,0,0,0,76838,23704,202000,0,8532,129,0,0,77166,199712,118700,1063000,77166,35236,77088,159871,0,0,0,14142,664,16,0,5000
1786000360.621541206,0,138620,0,0,0,0,0,76838,15041,101400,0,0,797686756,752689233,0,0,0,76838,23704,202000,0,8532,129,0,0,77168,199841,118700,1063300,77168,35300,77088,159871,0,0,0,14142,664,16,0,5000
1786000361.651639351,3,138620,3,0,3,93560,95100,76838,15041,101400,0,0,797689851,752692320,3,107395,112800,76838,23704,202000,13834,8532,129,0,0,77173,199970,118700,1063500,77173,35365,77091,159871,11107,14975,38228,14142,664,16,93800,5000
1786000362.683288142,3,138620,3,0,3,93560,95100,76838,15041,101400,0,0,797692941,752695405,3,107395,112800,76838,23704,202000,13834,8532,129,0,0,77177,200094,118700,1068700,77177,35428,77091,159871,11107,14975,38228,14142,664,16,93800,5000
1786000363.711370303,3,138620,3,0,3,93560,95100,76838,15041,101400,0,0,797696029,752698485,3,107395,112800,76838,23704,202000,13834,8532,129,0,0,77181,200287,118700,1068900,77181,35493,77091,159871,11107,14975,38228,14142,664,16,93800,5000
1786000364.736497464,3,138620,3,0,3,93560,95100,76838,15041,101400,0,0,797699100,752701417,3,107395,112800,76838,23704,202000,13834,8532,129,0,0,77185,200364,118700,1069000,77185,35533,77091,159871,11107,14975,38228,14142,664,16,93800,5000
1786000365.767774468,3,138620,3,0,3,93560,95100,76838,15041,101400,0,0,797702190,752704479,3,107395,112800,76838,23704,202000,13834,8532,129,0,0,77189,200558,118700,1072900,77189,35598,77091,159871,11107,14975,38228,14142,664,16,93800,5000
1786000366.800158174,3,138620,3,0,3,93560,95100,76838,15041,101400,0,0,797705288,752707571,3,107395,112800,76838,23704,202000,13834,8532,129,0,0,77193,200676,118700,1073100,77193,35658,77091,159871,11107,14975,38228,14142,664,16,93800,5000
1786000367.831338695,3,138620,3,0,3,93560,95100,76838,15041,101400,0,0,797708381,752710658,3,107395,112800,76838,23704,202000,13834,8532,129,0,0,77198,200879,118700,1073800,77198,35725,77091,159871,11107,14975,38228,14142,664,16,93800,5000
1786000368.872883013,7509651,138620,7509651,0,7511823,45239,109800,76838,15041,101400,0,0,797711498,752710761,7522134,49841,142100,76838,23704,202000,4619,8532,129,0,0,7604700,977270,816200,2867000,7610089,245387,7616180,731198,27799,462,15222,14142,664,16,42000,5000
1786000369.917699674,7735115,0,7735115,0,7729431,44125,92500,0,0,0,0,0,797714641,752710764,7738832,48542,111500,0,0,0,4432,0,0,0,0,7747266,904945,810400,2240400,7753333,218624,7757967,685891,26925,457,15004,0,0,0,42100,0
1786000370.951460399,15350125,0,15350125,0,15344069,44805,93600,0,0,0,0,0,797717740,752710770,15353491,49333,114900,0,0,0,4534,0,0,0,0,15361974,919277,821400,2284000,15366523,220945,15373378,697773,27297,461,15183,0,0,0,42300,0
1786000371.987167385,23286038,0,23286038,0,23280218,44522,92900,0,0,0,0,0,797720848,752710771,23289689,49013,113900,0,0,0,4494,0,0,0,0,23298722,913966,820100,2214900,23304733,219114,23309068,694236,27092,458,15091,0,0,0,42300,0
1786000373.019933717,31239954,0,31239954,0,31233964,44321,92400,0,0,0,0,0,797723945,752710771,31243734,48801,113300,0,0,0,4482,0,0,0,0,31252314,910312,818500,2183400,31258006,218021,31263316,691724,26958,456,15016,0,0,0,42200,0
1786000374.051958616,39203048,0,39203048,0,39197030,44194,92100,0,0,0,0,0,797727043,752710771,39206854,48660,112700,0,0,0,4468,0,0,0,0,39216027,906724,816100,2162700,39221183,216748,39226143,689414,26877,455,14968,0,0,0,42200,0
1786000375.088318254,47210255,0,47210255,0,47204479,44104,91900,0,0,0,0,0,797730150,752710771,47215042,48552,112100,0,0,0,4449,0,0,0,0,47224381,904015,813900,2147800,47230249,215647,47235836,687798,26816,454,14938,0,0,0,42200,0
1786000376.118540538,54921834,0,54921835,0,54915719,44207,91900,0,0,0,0,0,797733244,752710772,54925665,48670,112500,0,0,0,4463,0,0,0,0,54934401,906454,815800,2153500,54939972,215695,54945457,690196,26881,455,14967,0,0,0,42200,0
1786000377.148260778,62657756,0,62657756,0,62651843,44261,92000,0,0,0,0,0,797736331,752710778,62661829,48732,112900,0,0,0,4472,0,0,0,0,62670888,907746,816800,2156500,62676338,215701,62682020,691471,26918,455,14980,0,0,0,42200,0
1786000378.179516814,70509750,0,70509750,0,70504076,44246,91800,0,0,0,0,0,797739424,752710783,70514295,48715,112800,0,0,0,4470,0,0,0,0,70524100,907091,815500,2143600,70529604,215336,70536453,691188,26906,454,14976,0,0,0,42200,0
1786000379.211926071,78354133,0,78354133,0,78348324,44239,91700,0,0,0,0,0,797742520,752710783,78358228,48716,112800,0,0,0,4478,0,0,0,0,78367392,906770,814900,2132300,78373217,215032,78378269,691166,26902,454,14972,0,0,0,42300,0
1786000380.241029487,86268005,0,86268005,0,86262221,44202,91500,0,0,0,0,0,797745608,752710784,86272770,48675,112500,0,0,0,4473,0,0,0,0,86280673,905659,813600,2118600,86285696,214628,86292277,690470,26875,454,14962,0,0,0,42300,0
1786000381.268716777,94204609,0,94204609,0,94199305,44162,91300,0,0,0,0,0,797748694,752710784,94209161,48629,112200,0,0,0,4467,0,0,0,0,94218969,904087,811900,2104200,94224451,214191,94228710,689323,26847,453,14951,0,0,0,42200,0
1786000382.296540902,101872990,0,101872990,0,101866939,44226,91400,0,0,0,0,0,797751776,752710785,101876530,48705,112600,0,0,0,4479,0,0,0,0,101884229,905429,811800,2106900,101890176,214411,101895608,690451,26889,454,14970,0,0,0,42200,0
1786000383.328843150,109630800,0,109630800,0,109624900,44259,91300,0,0,0,0,0,797754867,752710801,109634886,48744,112700,0,0,0,4486,0,0,0,0,109643421,905667,811900,2105200,109650012,214462,109654995,690635,26909,454,14980,0,0,0,42300,0
1786000384.357766315,117552196,0,117552196,0,117546392,44234,91200,0,0,0,0,0,797757958,752710801,117555630,48714,112500,0,0,0,4480,0,0,0,0,117564065,904589,811800,2094900,117568442,214131,117573038,689893,26889,454,14974,0,0,0,42300,0
1786000385.385576240,125427043,0,125427044,0,125421063,44218,91100,0,0,0,0,0,797761043,752710801,125430331,48696,112400,0,0,0,4478,0,0,0,0,125438326,903796,811600,2087100,125443775,213874,125448534,689356,26878,454,14970,0,0,0,42300,0
1786000386.412588628,133265414,0,133265414,0,133259509,44214,91100,0,0,0,0,0,797764122,752710802,133268941,48689,112300,0,0,0,4475,0,0,0,0,133278504,903348,811400,2085300,133282541,213766,133288714,689020,26872,454,14971,0,0,0,42300,0
1786000387.445882044,141256865,0,141256865,0,141251084,44175,91000,0,0,0,0,0,797767224,752710802,141261565,48643,112100,0,0,0,4468,0,0,0,0,141270180,902461,811000,2080800,141276615,213500,141282186,688397,26847,453,14960,0,0,0,42300,0
1786000388.477324152,148921283,0,148921283,0,148915039,44224,91100,0,0,0,0,0,797770317,752710809,148923438,48700,112500,0,0,0,4475,0,0,0,0,148931257,903481,811500,2087000,148936625,213698,148940925,689225,26879,453,14975,0,0,0,42300,0
1786000389.508553831,156779426,0,156779426,0,156773690,44217,91200,0,0,0,0,0,797773405,752710811,156783496,48691,112500,0,0,0,4474,0,0,0,0,156792768,903287,810900,2086900,156798048,213600,156803918,689117,26874,453,14973,0,0,0,42300,0
1786000390.537579443,164725243,0,164725243,0,164719100,44196,91300,0,0,0,0,0,797776496,752710818,164726968,48664,112400,0,0,0,4468,0,0,0,0,164732896,902522,809900,2085400,164737543,213419,164741369,688537,26858,453,14966,0,0,0,42300,0
1786000391.565981958,172641249,0,172641249,0,172635177,44173,91200,0,0,0,0,0,797779582,752710819,172644676,48638,112200,0,0,0,4464,0,0,0,0,172653357,901972,809100,2082000,172659150,213271,172663678,688135,26844,453,14960,0,0,0,42200,0
1786000392.595543223,180577344,0,180577344,0,180571631,44153,91200,0,0,0,0,0,797782670,752710821,180581408,48613,112100,0,0,0,4460,0,0,0,0,180590998,901424,808400,2078200,180596319,213155,180600904,687702,26830,453,14954,0,0,0,42200,0
1786000393.625494133,188492788,0,188492788,0,188486849,44138,91200,0,0,0,0,0,797785758,752710822,188495456,48596,112000,0,0,0,4457,0,0,0,0,188503842,901193,808100,2075000,188508045,213050,188512126,687579,26820,453,14949,0,0,0,42200,0
1786000394.657066028,196055308,0,196055308,0,196049340,44193,91400,0,0,0,0,0,797788855,752710823,196059074,48661,112400,0,0,0,4467,0,0,0,0,196068634,902544,808900,2083300,196072968,213288,196078552,688687,26856,453,14966,0,0,0,42200,0
1786000395.687084029,203985769,0,203985769,0,203979803,44175,91400,0,0,0,0,0,797791945,752710823,203990088,48640,112300,0,0,0,4464,0,0,0,0,203998914,901998,809000,2078800,204005917,213149,204009528,688282,26844,453,14960,0,0,0,42200,0
1786000396.718582383,211787171,0,211787171,0,211781409,44184,91400,0,0,0,0,0,797795038,752710826,211790834,48651,112300,0,0,0,4466,0,0,0,0,211798886,902007,809100,2078700,211805027,213127,211810423,688320,26850,453,14963,0,0,0,42100,0
1786000397.745007031,219597876,0,219597876,0,219591606,44188,91400,0,0,0,0,0,797798120,752710827,219599573,48653,112200,0,0,0,4465,0,0,0,0,219605763,901953,809300,2076700,219611405,213119,219615380,688268,26851,453,14965,0,0,0,42100,0
1786000398.774406846,227502041,0,227502041,0,227495897,44179,91300,0,0,0,0,0,797801209,752710830,227505583,48640,112100,0,0,0,4460,0,0,0,0,227515352,901439,809200,2073500,227518539,212983,227524048,687887,26845,453,14964,0,0,0,42100,0
1786000399.806361355,235351239,0,235351239,0,235346240,44184,91300,0,0,0,0,0,797804304,752710832,235354530,48642,112000,0,0,0,4457,0,0,0,0,235361855,901448,809400,2071600,235366663,212952,235372646,687938,26848,453,14965,0,0,0,42100,0
1786000400.842093266,242948870,0,242948870,0,242943191,44226,91400,0,0,0,0,0,797807400,752710840,242953274,48690,112200,0,0,0,4463,0,0,0,0,242962970,902411,809900,2074500,242966702,213143,242972714,688698,26875,453,14979,0,0,0,42100,0
1786000401.872360462,250885118,0,250885118,0,250879494,44214,91300,0,0,0,0,0,797810501,752710840,250889157,48676,112100,0,0,0,4461,0,0,0,0,250899485,901958,809800,2070500,250903594,213014,250908890,688376,26866,453,14976,0,0,0,42100,0
1786000402.905953633,258815720,0,258815720,0,258809733,44205,91300,0,0,0,0,0,797813599,752710840,258819529,48665,112100,0,0,0,4460,0,0,0,0,258828545,901637,809700,2066400,258834454,212923,258839256,688147,26860,453,14974,0,0,0,42100,0
1786000403.936747681,266662247,0,266662247,0,266656288,44204,91300,0,0,0,0,0,797816690,752710846,266666307,48663,112000,0,0,0,4459,0,0,0,0,266675125,901625,809800,2064400,266681668,212925,266686019,688134,26858,453,14973,0,0,0,42100,0
1786000404.968063072,274521262,0,274521263,0,274515083,44201,91300,0,0,0,0,0,797819788,752710846,274524643,48661,112000,0,0,0,4458,0,0,0,0,274533183,901490,809800,2062400,274540151,212871,274543422,688052,26857,453,14973,0,0,0,42100,0
1786000405.998798313,282256087,0,282256087,0,282249937,44218,91300,0,0,0,0,0,797822880,752710855,282258371,48678,112100,0,0,0,4460,0,0,0,0,282265641,901687,809900,2061900,282269652,212907,282275082,688214,26866,453,14978,0,0,0,42100,0
1786000407.032023541,289932945,0,289932945,0,289926804,44245,91300,0,0,0,0,0,797825979,752710866,289937638,48708,112200,0,0,0,4463,0,0,0,0,289946819,902135,810000,2063300,289952085,212984,289957123,688584,26884,453,14987,0,0,0,42100,0
1786000408.070990129,297846234,0,297846234,0,297840315,44244,91300,0,0,0,0,0,797829096,752710877,297850339,48706,112200,0,0,0,4462,0,0,0,0,297858567,901879,809700,2061500,297866297,212919,297869847,688392,26882,453,14987,0,0,0,42200,0
1786000409.105964805,305783374,0,305783374,0,305777262,44235,91300,0,0,0,0,0,797832201,752710877,305786235,48696,112100,0,0,0,4460,0,0,0,0,305794494,901542,809600,2058200,305798990,212825,305805263,688151,26876,453,14985,0,0,0,42200,0
1786000410.133083587,313685264,0,313685264,0,313679527,44226,91200,0,0,0,0,0,797835282,752710877,313688600,48684,112000,0,0,0,4457,0,0,0,0,313697908,901132,809300,2055100,313701983,212697,313707168,687867,26870,453,14983,0,0,0,42200,0
1786000411.160967048,321584552,0,321584552,0,321578581,44219,91200,0,0,0,0,0,797838363,752710877,321587860,48674,112000,0,0,0,4454,0,0,0,0,321596685,900707,809200,2051800,321602353,212589,321607681,687555,26864,453,14982,0,0,0,42200,0
1786000412.191013235,329187310,0,329187310,0,329181517,44245,91200,0,0,0,0,0,797841451,752710888,329189983,48705,112100,0,0,0,4459,0,0,0,0,329198370,901185,809600,2052000,329204113,212689,329208016,687930,26880,453,14990,0,0,0,42200,0
1786000413.218802405,336980026,0,336980026,0,336974068,44249,91200,0,0,0,0,0,797844538,752710894,336983792,48709,112100,0,0,0,4459,0,0,0,0,336992645,901213,809700,2051000,336997225,212670,337003571,687976,26882,453,14992,0,0,0,42200,0
1786000414.249331698,344871781,0,344871781,0,344866168,44242,91200,0,0,0,0,0,797847628,752710894,344875580,48700,112000,0,0,0,4457,0,0,0,0,344883449,900967,809800,2048400,344889413,212596,344894107,687803,26877,453,14989,0,0,0,42300,0
1786000415.278480770,352788350,0,352788350,0,352782377,44234,91100,0,0,0,0,0,797850715,752710894,352792272,48691,112000,0,0,0,4456,0,0,0,0,352801117,900607,809700,2046000,352806654,212490,352811105,687550,26871,453,14988,0,0,0,42300,0
1786000416.309862623,360723600,0,360723601,0,360718074,44227,91100,0,0,0,0,0,797853810,752710894,360727989,48682,111900,0,0,0,4454,0,0,0,0,360737233,900143,809400,2043700,360743817,212401,360748559,687175,26866,453,14986,0,0,0,42300,0
1786000417.341737077,368635878,0,368635879,0,368629867,44219,91100,0,0,0,0,0,797856905,752710894,368639507,48674,111900,0,0,0,4453,0,0,0,0,368648257,899760,809200,2042100,368653969,212341,368658564,686853,26860,453,14984,0,0,0,42300,0
1786000418.378856323,376252320,0,376252320,0,376246530,44248,91100,0,0,0,0,0,797860013,752710905,376257185,48707,112100,0,0,0,4459,0,0,0,0,376265714,900348,809200,2045500,376275270,212468,376279693,687313,26878,453,14994,0,0,0,42300,0
1786000419.407885976,384157581,0,384157581,0,384151462,44240,91100,0,0,0,0,0,797863102,752710906,384161142,48699,112100,0,0,0,4459,0,0,0,0,384169634,900126,809100,2045500,384174634,212422,384180025,687137,26873,453,14991,0,0,0,42300,0
1786000420.438463342,392110759,0,392110759,0,392104847,44228,91200,0,0,0,0,0,797866196,752710911,392114989,48685,112000,0,0,0,4457,0,0,0,0,392123990,899768,808900,2045600,392130001,212369,392135298,686833,26866,453,14987,0,0,0,42300,0
1786000421.468936643,400066230,0,400066230,0,400060488,44215,91200,0,0,0,0,0,797869284,752710911,400070642,48671,112000,0,0,0,4455,0,0,0,0,400079048,899443,808800,2045500,400085362,212291,400091349,686587,26858,453,14982,0,0,0,42300,0
1786000422.496279986,408019736,0,408019736,0,408013576,44203,91200,0,0,0,0,0,797872369,752710917,408023083,48657,112000,0,0,0,4454,0,0,0,0,408032373,899142,808600,2045500,408037379,212238,408041198,686338,26850,453,14978,0,0,0,42300,0
1786000423.531572391,415983556,0,415983556,0,415977955,44194,91200,0,0,0,0,0,797875474,752710925,415987889,48648,112000,0,0,0,4453,0,0,0,0,415997701,898964,808600,2045900,416003075,212227,416009535,686171,26845,453,14975,0,0,0,42300,0
1786000424.560013172,423538291,0,423538291,0,423532466,44218,91300,0,0,0,0,0,797878560,752710949,423542102,48677,112200,0,0,0,4459,0,0,0,0,423551457,899577,808700,2049900,423555065,212352,423561309,686658,26860,453,14983,0,0,0,42300,0
1786000425.590990460,431510036,0,431510036,0,431504394,44207,91300,0,0,0,0,0,797881653,752710949,431514327,48664,112100,0,0,0,4457,0,0,0,0,431523686,899293,808500,2049500,431528372,212311,431532873,686415,26853,453,14979,0,0,0,42300,0
1786000426.624511797,439510860,0,439510861,0,439504894,44196,91300,0,0,0,0,0,797884754,752710949,439514515,48651,112100,0,0,0,4455,0,0,0,0,439522858,899038,808300,2049000,439529344,212276,439533712,686196,26845,453,14976,0,0,0,42300,0
1786000427.656455186,447480500,0,447480500,0,447474795,44186,91300,0,0,0,0,0,797887847,752710950,447484877,48640,112100,0,0,0,4453,0,0,0,0,447494478,898735,808100,2048100,447500230,212199,447505227,685969,26839,453,14973,0,0,0,42300,0
1786000428.686251662,455356707,0,455356707,0,455350486,44183,91300,0,0,0,0,0,797890934,752710950,455358905,48636,112100,0,0,0,4452,0,0,0,0,455365898,898588,808100,2048500,455370156,212158,455374284,685866,26836,453,14972,0,0,0,42300,0
1786000429.719766440,463189942,0,463189942,0,463184262,44185,91300,0,0,0,0,0,797894038,752710957,463193329,48639,112100,0,0,0,4453,0,0,0,0,463200742,898752,808400,2049300,463206214,212196,463210804,685993,26838,453,14973,0,0,0,42300,0
1786000430.746840620,470729208,0,470729208,0,470722774,44209,91400,0,0,0,0,0,797897119,752710965,470730440,48668,112300,0,0,0,4458,0,0,0,0,470737689,899395,808800,2052700,470741164,212347,470745802,686482,26853,453,14981,0,0,0,42300,0
1786000431.776787933,478604620,0,478604620,0,478598596,44204,91400,0,0,0,0,0,797900210,752710965,478608729,48663,112200,0,0,0,4458,0,0,0,0,478617164,899398,809000,2052200,478622870,212337,478628195,686496,26849,453,14980,0,0,0,42300,0
1786000432.808990311,486510744,0,486510744,0,486505010,44199,91400,0,0,0,0,0,797903308,752710965,486515469,48657,112200,0,0,0,4457,0,0,0,0,486523915,899327,809200,2051300,486530438,212307,486536008,686456,26846,453,14978,0,0,0,42300,0
1786000433.840779600,494425331,0,494425331,0,494419344,44194,91300,0,0,0,0,0,797906403,752710965,494429332,48651,112200,0,0,0,4456,0,0,0,0,494437911,899251,809200,2050100,494444168,212263,494448221,686423,26842,453,14977,0,0,0,42300,0
1786000434.878359232,502379206,0,502379206,0,502373588,44189,91300,0,0,0,0,0,797909514,752710965,502384023,48645,112200,0,0,0,4455,0,0,0,0,502393335,899210,809300,2049000,502400714,212234,502405585,686410,26839,453,14976,0,0,0,42300,0
1786000435.910139177,510150496,0,510150498,0,510144436,44195,91400,0,0,0,0,0,797912610,752710966,510154702,48651,112200,0,0,0,4456,0,0,0,0,510162714,899442,809600,2049400,510169315,212266,510174921,686610,26843,453,14978,0,0,0,42400,0
1786000436.944330472,517874248,0,517874248,0,517868359,44207,91400,0,0,0,0,0,797915711,752710970,517877927,48665,112200,0,0,0,4458,0,0,0,0,517887141,899704,809800,2050100,517893520,212330,517897508,686807,26851,453,14981,0,0,0,42400,0
1786000437.974050215,525775680,0,525775680,0,525769781,44203,91400,0,0,0,0,0,797918803,752710971,525779487,48661,112200,0,0,0,4457,0,0,0,0,525788258,899553,809800,2049200,525793244,212295,525798270,686692,26848,453,14980,0,0,0,42400,0
1786000439.009509084,533649634,0,533649634,0,533643753,44204,91400,0,0,0,0,0,797921907,752710971,533653381,48662,112200,0,0,0,4457,0,0,0,0,533662791,899546,809900,2048300,533666940,212268,533673862,686713,26848,453,14980,0,0,0,42400,0
1786000440.040336991,541537441,0,541537441,0,541531629,44201,91300,0,0,0,0,0,797925000,752710971,541541354,48658,112200,0,0,0,4456,0,0,0,0,541551326,899436,810000,2046900,541555215,212232,541560739,686637,26846,453,14980,0,0,0,42400,0
1786000441.067337783,549417902,0,549417902,0,549412172,44198,91300,0,0,0,0,0,797928084,752710971,549422403,48655,112200,0,0,0,4456,0,0,0,0,549431240,899248,809900,2045300,549437282,212191,549443060,686493,26844,453,14980,0,0,0,42400,0
1786000442.096060950,557050893,0,557050893,0,557044673,44212,91400,0,0,0,0,0,797931168,752710978,557053056,48671,112200,0,0,0,4458,0,0,0,0,557060309,899474,810100,2045700,557065603,212229,557069365,686681,26853,453,14984,0,0,0,42400,0
1786000443.124947192,564819137,0,564819137,0,564813189,44216,91400,0,0,0,0,0,797934256,752710979,564822290,48676,112300,0,0,0,4459,0,0,0,0,564830932,899581,810200,2046000,564836825,212225,564840397,686789,26855,453,14985,0,0,0,42400,0
1786000444.153503160,572751292,0,572751292,0,572745505,44210,91400,0,0,0,0,0,797937340,752710979,572754318,48668,112300,0,0,0,4458,0,0,0,0,572762669,899345,810200,2045000,572767558,212153,572772071,686626,26851,453,14983,0,0,0,42400,0
1786000445.186446053,580694511,0,580694511,0,580688737,44205,91400,0,0,0,0,0,797940438,752710979,580698423,48662,112300,0,0,0,4457,0,0,0,0,580707230,899138,810100,2043900,580712373,212101,580718612,686472,26847,453,14982,0,0,0,42400,0
1786000446.213492995,588595463,0,588595463,0,588589544,44200,91400,0,0,0,0,0,797943524,752710979,588598239,48657,112300,0,0,0,4456,0,0,0,0,588606615,898966,810100,2042800,588613019,212041,588617471,686360,26844,453,14980,0,0,0,42400,0
1786000447.243099279,596517419,0,596517419,0,596511263,44194,91400,0,0,0,0,0,797946606,752710979,596521226,48650,112200,0,0,0,4455,0,0,0,0,596530000,898747,810000,2041900,596535920,211982,596539407,686200,26841,453,14979,0,0,0,42400,0
1786000448.277953732,604160958,0,604160958,0,604155091,44208,91400,0,0,0,0,0,797949714,752710986,604164463,48666,112300,0,0,0,4457,0,0,0,0,604173496,899038,810100,2043200,604179237,212031,604183744,686442,26849,453,14983,0,0,0,42400,0
1786000449.308275411,611909486,0,611909486,0,611903492,44214,91400,0,0,0,0,0,797952805,752710991,611912468,48674,112400,0,0,0,4459,0,0,0,0,611921939,899222,810300,2043900,611925580,212055,611931494,686602,26854,453,14985,0,0,0,42400,0
1786000450.335851518,619801648,0,619801648,0,619795748,44210,91400,0,0,0,0,0,797955887,752710991,619805374,48669,112400,0,0,0,4458,0,0,0,0,619813134,899073,810200,2043500,619818542,212020,619823250,686487,26851,453,14983,0,0,0,42400,0
1786000451.368930567,627721020,0,627721020,0,627715241,44205,91500,0,0,0,0,0,797958984,752710991,627724974,48664,112400,0,0,0,4458,0,0,0,0,627734023,898998,810300,2043000,627741063,211993,627744741,686439,26848,453,14982,0,0,0,42400,0
1786000452.399539007,635631287,0,635631287,0,635625516,44202,91400,0,0,0,0,0,797962077,752710997,635634711,48660,112400,0,0,0,4457,0,0,0,0,635643711,898892,810300,2042600,635648900,211965,635654283,686362,26846,453,14981,0,0,0,42400,0
1786000453.435253131,643585225,0,643585225,0,643579444,44198,91400,0,0,0,0,0,797965184,752710997,643589039,48656,112300,0,0,0,4457,0,0,0,0,643598055,898792,810300,2041900,643603307,211938,643607844,686288,26843,453,14980,0,0,0,42400,0
1786000454.461052082,651097797,0,651097797,0,651091460,44215,91500,0,0,0,0,0,797968262,752711000,651099619,48675,112400,0,0,0,4460,0,0,0,0,651106966,899210,810500,2043300,651110095,212009,651114829,686635,26854,453,14985,0,0,0,42400,0
1786000455.494854556,659002672,0,659002672,0,658996807,44212,91400,0,0,0,0,0,797971363,752711006,659007577,48672,112400,0,0,0,4460,0,0,0,0,659016373,899215,810500,2043100,659022328,212005,659027925,686646,26852,453,14984,0,0,0,42400,0
1786000456.526638232,666860196,0,666860196,0,666854533,44211,91400,0,0,0,0,0,797974456,752711006,666863879,48672,112400,0,0,0,4460,0,0,0,0,666873491,899268,810600,2042600,666878188,212006,666883120,686697,26851,453,14983,0,0,0,42400,0
1786000457.554573921,674735265,0,674735265,0,674729366,44208,91400,0,0,0,0,0,797977543,752711006,674739061,48669,112300,0,0,0,4460,0,0,0,0,674747498,899207,810700,2041500,674753542,211986,674758051,686656,26850,453,14983,0,0,0,42400,0
1786000458.586588432,682643820,0,682643820,0,682638071,44206,91400,0,0,0,0,0,797980640,752711006,682647600,48666,112300,0,0,0,4459,0,0,0,0,682656408,899153,810800,2040300,682662572,211953,682666001,686634,26848,453,14982,0,0,0,42400,0
1786000459.614613655,690291902,0,690291902,0,690285632,44217,91300,0,0,0,0,0,797983723,752711012,690293832,48678,112300,0,0,0,4460,0,0,0,0,690300093,899410,810800,2040700,690304827,212007,690309005,686838,26854,453,14986,0,0,0,42400,0
1786000460.642551508,697808322,0,697808322,0,697802537,44234,91400,0,0,0,0,0,797986807,752711026,697811974,48698,112400,0,0,0,4463,0,0,0,0,697821921,899817,811000,2042100,697825794,212093,697832214,687159,26865,453,14992,0,0,0,42400,0
1786000461.677360446,705736944,0,705736944,0,705731109,44230,91300,0,0,0,0,0,797989908,752711026,705740223,48694,112400,0,0,0,4463,0,0,0,0,705749179,899782,811000,2041200,705755392,212078,705758231,687139,26862,453,14990,0,0,0,42400,0
1786000462.706210067,713650549,0,713650549,0,713644632,44226,91300,0,0,0,0,0,797992995,752711026,713654444,48689,112300,0,0,0,4463,0,0,0,0,713663383,899652,810900,2040300,713668117,212049,713674120,687037,26860,453,14989,0,0,0,42400,0
1786000463.737511930,721541095,0,721541095,0,721535286,44223,91300,0,0,0,0,0,797996087,752711032,721545273,48687,112300,0,0,0,4463,0,0,0,0,721553811,899635,810900,2039800,721559595,212037,721563955,687033,26858,453,14988,0,0,0,42400,0
1786000464.767517988,729450032,0,729450032,0,729444011,44219,91300,0,0,0,0,0,797999178,752711032,729453621,48682,112300,0,0,0,4462,0,0,0,0,729462506,899523,810800,2039000,729468734,212006,729473874,686951,26855,453,14987,0,0,0,42400,0
1786000465.799260833,737232088,0,737232088,0,737226280,44222,91300,0,0,0,0,0,798002273,752711036,737236196,48686,112300,0,0,0,4463,0,0,0,0,737245892,899589,810900,2039300,737251210,212013,737256770,687011,26858,453,14988,0,0,0,42400,0
1786000466.832136490,744920548,0,744920548,0,744914444,44231,91300,0,0,0,0,0,798005372,752711037,744923701,48696,112300,0,0,0,4465,0,0,0,0,744930786,899791,810900,2040000,744937405,212042,744941175,687184,26863,453,14990,0,0,0,42400,0
1786000467.864551194,752818334,0,752818334,0,752812353,44229,91200,0,0,0,0,0,798008467,752711038,752822016,48694,112300,0,0,0,4464,0,0,0,0,752829529,899737,810900,2039300,752835943,212027,752840359,687145,26862,453,14990,0,0,0,42400,0
1786000468.895912518,760712953,0,760712953,0,760707008,44226,91200,0,0,0,0,0,798011563,752711040,760716528,48691,112300,0,0,0,4464,0,0,0,0,760725209,899687,810900,2038700,760729427,212005,760735019,687118,26860,453,14989,0,0,0,42400,0
1786000469.930063689,768540392,0,768540392,0,768534487,44227,91200,0,0,0,0,0,798014657,752711040,768543996,48693,112300,0,0,0,4465,0,0,0,0,768553354,899720,811000,2038300,768560106,212003,768564948,687151,26861,453,14989,0,0,0,42400,0
1786000470.959629597,776452802,0,776452802,0,776446779,44224,91200,0,0,0,0,0,798017753,752711040,776456484,48690,112300,0,0,0,4465,0,0,0,0,776465661,899681,811000,2037500,776469982,211983,776475268,687132,26859,453,14988,0,0,0,42400,0
1786000471.992473046,784171701,0,784171701,0,784165679,44231,91200,0,0,0,0,0,798020852,752711057,784175009,48698,112300,0,0,0,4466,0,0,0,0,784184422,899861,811100,2038300,784188880,212013,784193013,687282,26864,453,14990,0,0,0,42400,0
1786000473.025823787,791945576,0,791945576,0,791939946,44236,91200,0,0,0,0,0,798023955,752711057,791950045,48703,112300,0,0,0,4466,0,0,0,0,791959663,899974,811000,2038200,791964226,212029,791969894,687379,26867,453,14992,0,0,0,42400,0
1786000474.054943416,799875212,0,799875212,0,799869613,44231,91200,0,0,0,0,0,798027038,752711057,799878577,48697,112300,0,0,0,4465,0,0,0,0,799886122,899851,810800,2037500,799893306,211989,799896998,687298,26863,453,14990,0,0,0,42400,0
1786000475.084746021,807815291,0,807815291,0,807809400,44226,91200,0,0,0,0,0,798030130,752711057,807818730,48691,112300,0,0,0,4464,0,0,0,0,807827263,899710,810700,2036600,807832704,211951,807838116,687193,26860,453,14989,0,0,0,42400,0
1786000476.114151489,815715555,0,815715555,0,815709790,44223,91200,0,0,0,0,0,798033215,752711057,815719198,48687,112200,0,0,0,4463,0,0,0,0,815727960,899592,810500,2036200,815733895,211918,815738675,687108,26858,453,14988,0,0,0,42400,0
1786000477.143018289,823643510,0,823643511,0,823637334,44219,91100,0,0,0,0,0,798036305,752711059,823647321,48682,112200,0,0,0,4463,0,0,0,0,823655553,899477,810300,2035800,823661679,211889,823666632,687024,26856,453,14986,0,0,0,42400,0
1786000478.177308150,831298137,0,831298137,0,831292471,44229,91100,0,0,0,0,0,798039406,752711069,831302001,48694,112200,0,0,0,4464,0,0,0,0,831312003,899722,810300,2036300,831316531,211924,831321870,687233,26862,453,14989,0,0,0,42400,0
1786000479.208747393,839132351,0,839132351,0,839126199,44230,91100,0,0,0,0,0,798042502,752711069,839135870,48695,112200,0,0,0,4464,0,0,0,0,839144041,899719,810200,2035900,839151057,211908,839155906,687247,26863,453,14990,0,0,0,42400,0
1786000480.235246228,846981587,0,846981587,0,846975347,44229,91100,0,0,0,0,0,798045580,752711070,846983054,48693,112200,0,0,0,4464,0,0,0,0,846989400,899691,810100,2035200,846994847,211892,846997274,687234,26862,453,14989,0,0,0,42400,0
1786000481.262700328,854855101,0,854855102,0,854849203,44226,91100,0,0,0,0,0,798048661,752711073,854859250,48689,112200,0,0,0,4463,0,0,0,0,854867376,899621,810000,2034300,854873586,211864,854878232,687191,26860,453,14988,0,0,0,42400,0
1786000482.294490148,862729982,0,862729982,0,862724288,44223,91100,0,0,0,0,0,798051757,752711073,862734123,48687,112100,0,0,0,4463,0,0,0,0,862743870,899584,809900,2033500,862749151,211841,862754543,687177,26859,453,14988,0,0,0,42400,0
1786000483.327887730,870661186,0,870661186,0,870655388,44221,91000,0,0,0,0,0,798054855,752711073,870665579,48684,112100,0,0,0,4462,0,0,0,0,870675239,899496,809800,2032600,870680717,211820,870685848,687111,26857,453,14987,0,0,0,42400,0
1786000484.362090161,878277402,0,878277402,0,878271662,44231,91100,0,0,0,0,0,798057954,752711080,878280987,48696,112200,0,0,0,4464,0,0,0,0,878290660,899720,809800,2033700,878298034,211869,878303096,687286,26864,453,14991,0,0,0,42400,0
1786000485.391836194,886257692,0,886257692,0,886251826,44226,91100,0,0,0,0,0,798061051,752711087,886261727,48689,112200,0,0,0,4462,0,0,0,0,886270654,899557,809600,2033400,886276853,211831,886280993,687162,26860,453,14989,0,0,0,42400,0
1786000486.424393575,894263129,0,894263129,0,894257046,44220,91100,0,0,0,0,0,798064147,752711087,894266441,48682,112100,0,0,0,4461,0,0,0,0,894275694,899421,809300,2032900,894279392,211787,894284986,687069,26856,453,14987,0,0,0,42400,0
1786000487.455923936,902254352,0,902254352,0,902248653,44214,91100,0,0,0,0,0,798067244,752711087,902258422,48675,112100,0,0,0,4460,0,0,0,0,902267570,899263,809000,2032400,902272061,211748,902278252,686951,26853,453,14985,0,0,0,42400,0
1786000488.485827804,910243453,0,910243454,0,910237716,44207,91100,0,0,0,0,0,798070330,752711090,910247076,48667,112100,0,0,0,4459,0,0,0,0,910256396,899065,808800,2032100,910260944,211703,910266751,686798,26849,453,14983,0,0,0,42400,0
1786000489.519356546,918192259,0,918192259,0,918186218,44203,91100,0,0,0,0,0,798073426,752711090,918196231,48662,112100,0,0,0,4459,0,0,0,0,918204838,898941,808500,2031800,918211435,211684,918215782,686692,26846,453,14981,0,0,0,42400,0
1786000490.547809016,925773338,0,925773338,0,925767109,44214,91100,0,0,0,0,0,798076519,752711097,925776517,48675,112200,0,0,0,4460,0,0,0,0,925785248,899189,808600,2033300,925790429,211738,925794825,686885,26853,453,14985,0,0,0,42400,0
1786000491.578118635,933733540,0,933733540,0,933727509,44209,91100,0,0,0,0,0,798079610,752711098,933736612,48669,112100,0,0,0,4460,0,0,0,0,933745787,899061,808400,2032600,933750082,211706,933755201,686789,26850,453,14983,0,0,0,42400,0
1786000492.612051474,941730066,0,941730066,0,941724447,44204,91100,0,0,0,0,0,798082712,752711098,941734297,48663,112100,0,0,0,4459,0,0,0,0,941743842,898921,808300,2031900,941749739,211670,941753536,686686,26846,453,14982,0,0,0,42400,0
1786000493.649141771,949727054,0,949727054,0,949720964,44198,91100,0,0,0,0,0,798085819,752711098,949731435,48658,112100,0,0,0,4458,0,0,0,0,949739918,898809,808300,2031100,949746943,211638,949750753,686607,26843,453,14980,0,0,0,42400,0
1786000494.684371056,957752440,0,957752440,0,957746532,44194,91000,0,0,0,0,0,798088930,752711098,957756578,48652,112100,0,0,0,4458,0,0,0,0,957764391,898713,808200,2030400,957771948,211621,957775725,686528,26840,453,14979,0,0,0,42400,0
1786000495.716980898,965569465,0,965569465,0,965563608,44195,91000,0,0,0,0,0,798092025,752711098,965573128,48654,112100,0,0,0,4458,0,0,0,0,965581543,898747,808200,2030300,965587233,211629,965591117,686554,26841,453,14979,0,0,0,42400,0
1786000496.747946643,973280895,0,973280895,0,973274986,44199,91000,0,0,0,0,0,798095115,752711101,973285456,48660,112100,0,0,0,4459,0,0,0,0,973295436,898852,808200,2030800,973301281,211647,973305644,686640,26844,453,14980,0,0,0,42400,0
1786000497.780583547,981257204,0,981257204,0,981251217,44195,91000,0,0,0,0,0,798098212,752711101,981261786,48654,112100,0,0,0,4459,0,0,0,0,981271161,898726,808100,2030500,981276207,211627,981281481,686533,26841,453,14979,0,0,0,42400,0
1786000498.811310894,989238465,0,989238465,0,989232659,44190,91000,0,0,0,0,0,798101307,752711101,989242054,48649,112100,0,0,0,4458,0,0,0,0,989251645,898594,808100,2030400,989256176,211604,989261744,686426,26838,453,14977,0,0,0,42400,0
1786000499.845236102,997208974,0,997208974,0,997203036,44186,91000,0,0,0,0,0,798104408,752711101,997213261,48645,112100,0,0,0,4458,0,0,0,0,997223045,898531,808000,2030400,997228472,211590,997233400,686376,26835,453,14976,0,0,0,42400,0
1786000500.874505200,1005090158,0,1005090158,0,1005084252,44185,91000,0,0,0,0,0,798107497,752711110,1005094282,48643,112100,0,0,0,4458,0,0,0,0,1005103125,898519,808100,2030600,1005109175,211583,1005113369,686371,26834,453,14975,0,0,0,42400,0
1786000501.904762583,1012816672,0,1012816673,0,1012810512,44189,91000,0,0,0,0,0,798110582,752711123,1012819163,48648,112100,0,0,0,4458,0,0,0,0,1012826889,898615,808100,2031400,1012831806,211600,1012835536,686450,26837,453,14977,0,0,0,42400,0
1786000502.933101234,1020650692,0,1020650692,0,1020644855,44189,91000,0,0,0,0,0,798113670,752711124,1020654304,48648,112100,0,0,0,4458,0,0,0,0,1020662750,898617,808100,2032200,1020667728,211602,1020673271,686452,26837,453,14976,0,0,0,42400,0
1786000503.961774889,1028675961,0,1028675961,0,1028669892,44182,91100,0,0,0,0,0,798116757,752711124,1028677668,48640,112100,0,0,0,4457,0,0,0,0,1028685954,898444,808000,2032100,1028688477,211572,1028693147,686308,26833,452,14974,0,0,0,42400,0
1786000504.994437686,1036703236,0,1036703236,0,1036697618,44175,91100,0,0,0,0,0,798119856,752711124,1036707370,48633,112100,0,0,0,4457,0,0,0,0,1036716586,898269,807800,2032100,1036722416,211541,1036727560,686163,26829,452,14972,0,0,0,42400,0
1786000506.025381319,1044708394,0,1044708394,0,1044702596,44169,91100,0,0,0,0,0,798122948,752711124,1044712297,48626,112100,0,0,0,4456,0,0,0,0,1044721003,898125,807700,2032000,1044726155,211508,1044730920,686052,26825,452,14970,0,0,0,42400,0
1786000507.053374052,1052707372,0,1052707372,0,1052701461,44162,91100,0,0,0,0,0,798126032,752711124,1052711447,48619,112100,0,0,0,4456,0,0,0,0,1052721306,897971,807600,2032000,1052726365,211473,1052731445,685934,26821,452,14967,0,0,0,42400,0
1786000508.082270407,1060314927,0,1060314927,0,1060309145,44169,91200,0,0,0,0,0,798129120,752711139,1060318689,48628,112200,0,0,0,4458,0,0,0,0,1060326911,898134,807700,2033200,1060332403,211509,1060337981,686060,26826,452,14969,0,0,0,42300,0
1786000509.112380012,1068193978,0,1068193978,0,1068188196,44167,91200,0,0,0,0,0,798132204,752711139,1068198243,48626,112200,0,0,0,4458,0,0,0,0,1068207925,898089,807600,2033600,1068212395,211494,1068217237,686030,26825,452,14968,0,0,0,42300,0
1786000510.140948839,1076219904,0,1076219905,0,1076213965,44160,91200,0,0,0,0,0,798135297,752711139,1076223513,48619,112200,0,0,0,4458,0,0,0,0,1076231992,897954,807500,2033500,1076238037,211460,1076242389,685929,26821,452,14965,0,0,0,42300,0
1786000511.173218169,1084161214,0,1084161215,0,1084155272,44157,91200,0,0,0,0,0,798138393,752711151,1084165208,48615,112200,0,0,0,4457,0,0,0,0,1084174342,897898,807400,2033500,1084180416,211445,1084184966,685888,26819,452,14964,0,0,0,42300,0
1786000512.207937907,1092219122,0,1092219122,0,1092213080,44151,91200,0,0,0,0,0,798141497,752711151,1092222418,48608,112200,0,0,0,4456,0,0,0,0,1092230642,897745,807400,2033200,1092237462,211407,1092241295,685773,26816,452,14962,0,0,0,42300,0
1786000513.234541265,1100211840,0,1100211840,0,1100206222,44145,91200,0,0,0,0,0,798144577,752711151,1100215632,48601,112200,0,0,0,4455,0,0,0,0,1100224212,897597,807300,2032600,1100230118,211371,1100234353,685662,26812,452,14960,0,0,0,42300,0
1786000514.267771139,1107798013,0,1107798013,0,1107792372,44154,91200,0,0,0,0,0,798147680,752711164,1107802253,48612,112300,0,0,0,4457,0,0,0,0,1107811583,897796,807300,2033400,1107817435,211411,1107821961,685820,26818,452,14963,0,0,0,42300,0
1786000515.298015721,1115693308,0,1115693308,0,1115687444,44153,91200,0,0,0,0,0,798150768,752711167,1115694852,48610,112200,0,0,0,4457,0,0,0,0,1115702414,897760,807200,2033100,1115706702,211401,1115709673,685794,26817,452,14962,0,0,0,42300,0
1786000516.327904624,1123481166,0,1123481166,0,1123475412,44153,91200,0,0,0,0,0,798153857,752711174,1123485064,48612,112200,0,0,0,4458,0,0,0,0,1123493789,897824,807300,2032800,1123500039,211420,1123505134,685840,26818,452,14962,0,0,0,42300,0
1786000517.356449982,1131348592,0,1131348592,0,1131342576,44152,91200,0,0,0,0,0,798156943,752711175,1131351583,48611,112200,0,0,0,4458,0,0,0,0,1131360102,897845,807300,2032400,1131364512,211424,1131369098,685858,26817,452,14962,0,0,0,42300,0
1786000518.388211733,1139237685,0,1139237685,0,1139232360,44151,91200,0,0,0,0,0,798160039,752711178,1139242150,48610,112200,0,0,0,4457,0,0,0,0,1139251044,897826,807300,2031900,1139258138,211419,1139263081,685843,26817,452,14962,0,0,0,42300,0
1786000519.420310285,1147063236,0,1147063236,0,1147057212,44153,91200,0,0,0,0,0,798163139,752711187,1147065992,48611,112200,0,0,0,4458,0,0,0,0,1147075249,897879,807400,2031600,1147079777,211431,1147082904,685884,26817,452,14962,0,0,0,42300,0
1786000520.449588567,1154465344,0,1154465345,0,1154459593,44167,91200,0,0,0,0,0,798166225,752711188,1154468801,48628,112200,0,0,0,4460,0,0,0,0,1154477887,898232,807500,2032500,1154482147,211502,1154487024,686165,26827,452,14966,0,0,0,42300,0
1786000521.479144791,1162247717,0,1162247717,0,1162242094,44169,91200,0,0,0,0,0,798169312,752711189,1162251629,48631,112200,0,0,0,4460,0,0,0,0,1162261728,898278,807500,2032500,1162266603,211508,1162270975,686205,26828,452,14967,0,0,0,42300,0
1786000522.513283038,1170183684,0,1170183684,0,1170177858,44167,91200,0,0,0,0,0,798172405,752711189,1170187624,48628,112200,0,0,0,4460,0,0,0,0,1170196683,898230,807400,2032100,1170203578,211492,1170207223,686173,26827,452,14966,0,0,0,42300,0
1786000523.544111369,1178147915,0,1178147915,0,1178141874,44164,91200,0,0,0,0,0,798175508,752711189,1178151548,48625,112200,0,0,0,4460,0,0,0,0,1178160336,898178,807300,2031700,1178167145,211476,1178172105,686137,26825,452,14965,0,0,0,42300,0
1786000524.574108965,1186082625,0,1186082625,0,1186076905,44161,91200,0,0,0,0,0,798178598,752711189,1186086533,48621,112200,0,0,0,4459,0,0,0,0,1186096120,898113,807300,2031300,1186101288,211457,1186105827,686091,26823,452,14964,0,0,0,42300,0
1786000525.607058533,1194007971,0,1194007971,0,1194001992,44159,91100,0,0,0,0,0,798181696,752711189,1194011187,48619,112200,0,0,0,4459,0,0,0,0,1194020253,898053,807200,2031000,1194025016,211446,1194030286,686042,26822,452,14964,0,0,0,42300,0
1786000526.641409931,1201596201,0,1201596201,0,1201590481,44168,91200,0,0,0,0,0,798184798,752711191,1201600588,48630,112200,0,0,0,4461,0,0,0,0,1201609742,898243,807300,2031900,1201616070,211482,1201620474,686195,26827,452,14966,0,0,0,42300,0
1786000527.680903723,1209647679,0,1209647679,0,1209641907,44163,91200,0,0,0,0,0,798187918,752711191,1209651284,48624,112200,0,0,0,4460,0,0,0,0,1209659045,898133,807200,2031500,1209664998,211451,1209669154,686118,26824,452,14965,0,0,0,42300,0
1786000528.714537974,1217676750,0,1217676750,0,1217670910,44159,91200,0,0,0,0,0,798191018,752711191,1217680618,48619,112200,0,0,0,4460,0,0,0,0,1217689804,898037,807100,2031300,1217694649,211427,1217699300,686044,26822,452,14963,0,0,0,42300,0
1786000529.747604611,1225696273,0,1225696273,0,1225690731,44154,91200,0,0,0,0,0,798194118,752711191,1225701316,48614,112200,0,0,0,4459,0,0,0,0,1225711254,897925,807000,2031000,1225717450,211404,1225722952,685955,26819,452,14962,0,0,0,42300,0
1786000530.782751085,1233744744,0,1233744744,0,1233738830,44149,91200,0,0,0,0,0,798197224,752711191,1233749315,48608,112200,0,0,0,4458,0,0,0,0,1233758383,897760,806900,2030600,1233763960,211365,1233768301,685830,26816,452,14960,0,0,0,42300,0
1786000531.817521398,1241574155,0,1241574155,0,1241568453,44150,91200,0,0,0,0,0,798200329,752711199,1241592897,48610,112200,0,0,0,4459,0,0,0,0,1241603112,897782,806800,2030800,1241608278,211371,1241613251,685847,26817,452,14960,0,0,0,42300,0
1786000532.850441483,1249214908,0,1249214908,0,1249208894,44158,91200,0,0,0,0,0,798203424,752711209,1249218446,48619,112200,0,0,0,4460,0,0,0,0,1249227494,897921,806800,2031300,1249232532,211399,1249238403,685957,26822,452,14962,0,0,0,42300,0
1786000533.880534387,1257088138,0,1257088138,0,1257082141,44156,91200,0,0,0,0,0,798206515,752711209,1257091412,48618,112200,0,0,0,4460,0,0,0,0,1257099570,897891,806800,2030800,1257105126,211387,1257109486,685939,26821,452,14962,0,0,0,42300,0
1786000534.910959153,1264933504,0,1264933504,0,1264927626,44156,91100,0,0,0,0,0,798209604,752711215,1264936428,48617,112200,0,0,0,4461,0,0,0,0,1264944867,897864,806800,2030200,1264949997,211382,1264953971,685917,26821,452,14962,0,0,0,42300,0
1786000535.941084432,1272815492,0,1272815492,0,1272809724,44155,91100,0,0,0,0,0,798212693,752711215,1272819218,48616,112200,0,0,0,4460,0,0,0,0,1272828742,897818,806800,2029700,1272833039,211369,1272837978,685885,26820,452,14961,0,0,0,42300,0
1786000536.974002987,1280731961,0,1280731961,0,1280726198,44153,91100,0,0,0,0,0,798215796,752711215,1280736034,48614,112200,0,0,0,4460,0,0,0,0,1280745175,897784,806800,2029200,1280751697,211364,1280756256,685854,26819,452,14961,0,0,0,42300,0
1786000538.002131277,1288443705,0,1288443705,0,1288437682,44156,91200,0,0,0,0,0,798218881,752711217,1288447277,48618,112200,0,0,0,4461,0,0,0,0,1288456140,897856,806800,2029300,1288461138,211389,1288465360,685903,26821,452,14961,0,0,0,42300,0
1786000539.034904003,1296153170,0,1296153170,0,1296147354,44161,91200,0,0,0,0,0,798221979,752711217,1296156395,48624,112300,0,0,0,4462,0,0,0,0,1296164344,897943,806900,2029500,1296170306,211413,1296175218,685965,26824,452,14963,0,0,0,42300,0
1786000540.065488587,1304054627,0,1304054627,0,1304049009,44159,91200,0,0,0,0,0,798225069,752711217,1304059673,48622,112300,0,0,0,4462,0,0,0,0,1304069645,897904,806900,2029000,1304076208,211407,1304080301,685932,26823,452,14962,0,0,0,42300,0
1786000541.095866952,1311959976,0,1311959976,0,1311954123,44157,91200,0,0,0,0,0,798228162,752711217,1311963893,48619,112300,0,0,0,4461,0,0,0,0,1311973859,897828,806800,2028400,1311979257,211400,1311983510,685862,26822,452,14961,0,0,0,42300,0
1786000542.127247354,1319816743,0,1319816743,0,1319810823,44157,91300,0,0,0,0,0,798231256,752711221,1319820425,48620,112300,0,0,0,4462,0,0,0,0,1319829361,897831,806900,2028200,1319834590,211405,1319839210,685860,26822,452,14961,0,0,0,42300,0
1786000543.159481662,1327718987,0,1327718987,0,1327713339,44155,91300,0,0,0,0,0,798234350,752711221,1327723041,48617,112300,0,0,0,4461,0,0,0,0,1327732362,897797,806900,2027700,1327737644,211395,1327742768,685836,26821,452,14961,0,0,0,42300,0
1786000544.188745665,1335380661,0,1335380661,0,1335374856,44160,91300,0,0,0,0,0,798237441,752711232,1335383830,48624,112400,0,0,0,4463,0,0,0,0,1335392243,897944,807000,2028200,1335397522,211420,1335402093,685960,26824,452,14962,0,0,0,42300,0
1786000545.217976567,1343147364,0,1343147364,0,1343141383,44162,91300,0,0,0,0,0,798240525,752711234,1343150826,48626,112400,0,0,0,4463,0,0,0,0,1343159062,897995,807000,2028300,1343164518,211425,1343169060,686005,26825,452,14963,0,0,0,42300,0
1786000546.252077160,1351054509,0,1351054509,0,1351048632,44162,91300,0,0,0,0,0,798243626,752711242,1351057915,48626,112400,0,0,0,4463,0,0,0,0,1351067317,897974,807100,2028000,1351072070,211420,1351077978,685989,26825,452,14963,0,0,0,42300,0
1786000547.284865581,1358953223,0,1358953223,0,1358947372,44161,91300,0,0,0,0,0,798246729,752711242,1358957165,48625,112300,0,0,0,4463,0,0,0,0,1358966274,897963,807100,2027600,1358971281,211414,1358975497,685984,26824,452,14963,0,0,0,42300,0
1786000548.308490679,1363365090,0,1363365090,0,1363357111,44161,91200,0,0,0,0,0,798249802,752712600,1363357111,48625,112300,0,0,0,4463,0,0,0,0,1363361226,897956,807200,2027400,1363361226,211411,1363360877,685980,26824,452,14963,0,0,0,42300,0
1786000549.333128338,1363365090,0,1363365090,0,1363357111,44161,91200,0,0,0,0,0,798252869,752715662,1363357111,48625,112300,0,0,0,4463,0,0,0,0,1363361230,897956,807200,2027400,1363361230,211411,1363360877,685980,26824,452,14963,0,0,0,42300,0
1786000550.362146911,1363365090,0,1363365090,0,1363357111,44161,91200,0,0,0,0,0,798255955,752718614,1363357111,48625,112300,0,0,0,4463,0,0,0,0,1363361233,897956,807200,2027400,1363361233,211411,1363360877,685980,26824,452,14963,0,0,0,42300,0
1786000551.395200456,1363365090,0,1363365090,0,1363357111,44161,91200,0,0,0,0,0,798259050,752721698,1363357111,48625,112300,0,0,0,4463,0,0,0,0,1363361235,897956,807200,2027400,1363361235,211411,1363360877,685980,26824,452,14963,0,0,0,42300,0
1786000552.425351976,1363365090,0,1363365090,0,1363357111,44161,91200,0,0,0,0,0,798262141,752724761,1363357111,48625,112300,0,0,0,4463,0,0,0,0,1363361237,897956,807200,2027400,1363361237,211411,1363360877,685980,26824,452,14963,0,0,0,42300,0
1786000553.456186188,1363365090,0,1363365090,0,1363357111,44161,91200,0,0,0,0,0,798265231,752727845,1363357111,48625,112300,0,0,0,4463,0,0,0,0,1363361239,897956,807200,2027400,1363361239,211411,1363360877,685980,26824,452,14963,0,0,0,42300,0
1786000554.489290096,1363365090,0,1363365090,0,1363357111,44161,91200,0,0,0,0,0,798268329,752730939,1363357111,48625,112300,0,0,0,4463,0,0,0,0,1363361241,897956,807200,2027400,1363361241,211411,1363360877,685980,26824,452,14963,0,0,0,42300,0
1786000555.518426167,1363365090,0,1363365090,0,1363357111,44161,91200,0,0,0,0,0,798271417,752734009,1363357111,48625,112300,0,0,0,4463,0,0,0,0,1363361243,897956,807200,2027400,1363361243,211411,1363360877,685980,26824,452,14963,0,0,0,42300,0
1786000556.548870858,1363365090,0,1363365090,0,1363357111,44161,91200,0,0,0,0,0,798274504,752736970,1363357111,48625,112300,0,0,0,4463,0,0,0,0,1363361245,897956,807200,2027400,1363361245,211411,1363360877,685980,26824,452,14963,0,0,0,42300,0
1786000557.581321148,1363365090,0,1363365090,0,1363357111,44161,91200,0,0,0,0,0,798277601,752740060,1363357111,48625,112300,0,0,0,4463,0,0,0,0,1363361247,897956,807200,2027400,1363361247,211411,1363360877,685980,26824,452,14963,0,0,0,42300,0
1786000558.614279451,1363365090,0,1363365090,0,1363357111,44161,91200,0,0,0,0,0,798280700,752743153,1363357111,48625,112300,0,0,0,4463,0,0,0,0,1363361249,897956,807200,2027400,1363361249,211411,1363360877,685980,26824,452,14963,0,0,0,42300,0
1786000559.642719917,1363365090,0,1363365090,0,1363357111,44161,91200,0,0,0,0,0,798283791,752746239,1363357111,48625,112300,0,0,0,4463,0,0,0,0,1363361251,897956,807200,2027400,1363361251,211411,1363360877,685980,26824,452,14963,0,0,0,42300,0
1786000560.674161973,1363365090,0,1363365090,0,1363357111,44161,91200,0,0,0,0,0,798286879,752749322,1363357111,48625,112300,0,0,0,4463,0,0,0,0,1363361253,897956,807200,2027400,1363361253,211411,1363360877,685980,26824,452,14963,0,0,0,42300,0
1786000561.705071453,1363365090,0,1363365090,0,1363357111,44161,91200,0,0,0,0,0,798289970,752752352,1363357111,48625,112300,0,0,0,4463,0,0,0,0,1363361255,897956,807200,2027400,1363361255,211411,1363360877,685980,26824,452,14963,0,0,0,42300,0
1786000562.736260312,1363365090,0,1363365090,0,1363357111,44161,91200,0,0,0,0,0,798293060,752755341,1363357111,48625,112300,0,0,0,4463,0,0,0,0,1363361257,897956,807200,2027400,1363361257,211411,1363360877,685980,26824,452,14963,0,0,0,42300,0
1786000563.769304406,1363365090,0,1363365090,0,1363357111,44161,91200,0,0,0,0,0,798296159,752758434,1363357111,48625,112300,0,0,0,4463,0,0,0,0,1363361259,897956,807200,2027400,1363361259,211411,1363360877,685980,26824,452,14963,0,0,0,42300,0
1786000564.801970078,1363365090,0,1363365090,0,1363357111,44161,91200,0,0,0,0,0,798299255,752761525,1363357111,48625,112300,0,0,0,4463,0,0,0,0,1363361261,897956,807200,2027400,1363361261,211411,1363360877,685980,26824,452,14963,0,0,0,42300,0
1786000565.834454353,1363365090,0,1363365090,0,1363357111,44161,91200,0,0,0,0,0,798302351,752764616,1363357111,48625,112300,0,0,0,4463,0,0,0,0,1363361263,897956,807200,2027400,1363361263,211411,1363360877,685980,26824,452,14963,0,0,0,42300,0
1786000566.866512302,1363365090,0,1363365090,0,1363357111,44161,91200,0,0,0,0,0,798305447,752767706,1363357111,48625,112300,0,0,0,4463,0,0,0,0,1363361265,897956,807200,2027400,1363361265,211411,1363360877,685980,26824,452,14963,0,0,0,42300,0
1786000567.898015984,1363365090,0,1363365090,0,1363357111,44161,91200,0,0,0,0,0,798308542,752770691,1363357111,48625,112300,0,0,0,4463,0,0,0,0,1363361267,897956,807200,2027400,1363361267,211411,1363360877,685980,26824,452,14963,0,0,0,42300,0
1786000568.931109654,1363365090,0,1363365090,0,1363357111,44161,91200,0,0,0,0,0,798311636,752773750,1363357111,48625,112300,0,0,0,4463,0,0,0,0,1363361269,897956,807200,2027400,1363361269,211411,1363360877,685980,26824,452,14963,0,0,0,42300,0
1786000569.963528502,1363365090,0,1363365090,0,1363357111,44161,91200,0,0,0,0,0,798314735,752776842,1363357111,48625,112300,0,0,0,4463,0,0,0,0,1363361271,897956,807200,2027400,1363361271,211411,1363360877,685980,26824,452,14963,0,0,0,42300,0
1786000570.990849686,1363365090,0,1363365090,0,1363357111,44161,91200,0,0,0,0,0,798317816,752779918,1363357111,48625,112300,0,0,0,4463,0,0,0,0,1363361273,897956,807200,2027400,1363361273,211411,1363360877,685980,26824,452,14963,0,0,0,42300,0
1786000572.024012580,1363365090,0,1363365090,0,1363357111,44161,91200,0,0,0,0,0,798320915,752783011,1363357111,48625,112300,0,0,0,4463,0,0,0,0,1363361275,897956,807200,2027400,1363361275,211411,1363360877,685980,26824,452,14963,0,0,0,42300,0
1786000573.052711666,1363365090,0,1363365090,0,1363357111,44161,91200,0,0,0,0,0,798324003,752786068,1363357111,48625,112300,0,0,0,4463,0,0,0,0,1363361277,897956,807200,2027400,1363361277,211411,1363360877,685980,26824,452,14963,0,0,0,42300,0
1786000574.084910291,1363365090,0,1363365090,0,1363357111,44161,91200,0,0,0,0,0,798327093,752789024,1363357111,48625,112300,0,0,0,4463,0,0,0,0,1363361279,897956,807200,2027400,1363361279,211411,1363360877,685980,26824,452,14963,0,0,0,42300,0
1786000575.117708650,1363365090,0,1363365090,0,1363357111,44161,91200,0,0,0,0,0,798330189,752792115,1363357111,48625,112300,0,0,0,4463,0,0,0,0,1363361281,897956,807200,2027400,1363361281,211411,1363360877,685980,26824,452,14963,0,0,0,42300,0
1786000576.147805843,1363365090,0,1363365090,0,1363357111,44161,91200,0,0,0,0,0,798333284,752795205,1363357111,48625,112300,0,0,0,4463,0,0,0,0,1363361283,897956,807200,2027400,1363361283,211411,1363360877,685980,26824,452,14963,0,0,0,42300,0
1786000577.180504276,1363365090,0,1363365090,0,1363357111,44161,91200,0,0,0,0,0,798336378,752798292,1363357111,48625,112300,0,0,0,4463,0,0,0,0,1363361285,897956,807200,2027400,1363361285,211411,1363360877,685980,26824,452,14963,0,0,0,42300,0
1786000578.212836301,1363365090,0,1363365090,0,1363357111,44161,91200,0,0,0,0,0,798339474,752801383,1363357111,48625,112300,0,0,0,4463,0,0,0,0,1363361287,897956,807200,2027400,1363361287,211411,1363360877,685980,26824,452,14963,0,0,0,42300,0
1786000579.243748553,1363365090,0,1363365090,0,1363357111,44161,91200,0,0,0,0,0,798342566,752804426,1363357111,48625,112300,0,0,0,4463,0,0,0,0,1363361289,897956,807200,2027400,1363361289,211411,1363360877,685980,26824,452,14963,0,0,0,42300,0
1786000580.275596381,1363365090,0,1363365090,0,1363357111,44161,91200,0,0,0,0,0,798345659,752807421,1363357111,48625,112300,0,0,0,4463,0,0,0,0,1363361291,897956,807200,2027400,1363361291,211411,1363360877,685980,26824,452,14963,0,0,0,42300,0
1786000581.309318150,1363365090,0,1363365090,0,1363357111,44161,91200,0,0,0,0,0,798348759,752810515,1363357111,48625,112300,0,0,0,4463,0,0,0,0,1363361293,897956,807200,2027400,1363361293,211411,1363360877,685980,26824,452,14963,0,0,0,42300,0
1786000582.341976072,1363365090,0,1363365090,0,1363357111,44161,91200,0,0,0,0,0,798351859,752813608,1363357111,48625,112300,0,0,0,4463,0,0,0,0,1363361295,897956,807200,2027400,1363361295,211411,1363360877,685980,26824,452,14963,0,0,0,42300,0
1786000583.372293063,1363365090,0,1363365090,0,1363357111,44161,91200,0,0,0,0,0,798354947,752816643,1363357111,48625,112300,0,0,0,4463,0,0,0,0,1363361297,897956,807200,2027400,1363361297,211411,1363360877,685980,26824,452,14963,0,0,0,42300,0
1786000584.405619872,1363365090,0,1363365090,0,1363357111,44161,91200,0,0,0,0,0,798358047,752819732,1363357111,48625,112300,0,0,0,4463,0,0,0,0,1363361299,897956,807200,2027400,1363361299,211411,1363360877,685980,26824,452,14963,0,0,0,42300,0
1786000585.434940742,1363365090,0,1363365090,0,1363357111,44161,91200,0,0,0,0,0,798361135,752822726,1363357111,48625,112300,0,0,0,4463,0,0,0,0,1363361301,897956,807200,2027400,1363361301,211411,1363360877,685980,26824,452,14963,0,0,0,42300,0
1786000586.461352003,1363365090,0,1363365090,0,1363357111,44161,91200,0,0,0,0,0,798364213,752825761,1363357111,48625,112300,0,0,0,4463,0,0,0,0,1363361303,897956,807200,2027400,1363361303,211411,1363360877,685980,26824,452,14963,0,0,0,42300,0
1786000587.493084086,1363365090,0,1363365090,0,1363357111,44161,91200,0,0,0,0,0,798367308,752828848,1363357111,48625,112300,0,0,0,4463,0,0,0,0,1363361305,897956,807200,2027400,1363361305,211411,1363360877,685980,26824,452,14963,0,0,0,42300,0
1786000588.524443169,1363365090,0,1363365090,0,1363357111,44161,91200,0,0,0,0,0,798370403,752831937,1363357111,48625,112300,0,0,0,4463,0,0,0,0,1363361307,897956,807200,2027400,1363361307,211411,1363360877,685980,26824,452,14963,0,0,0,42300,0
1786000589.556889562,1363365090,0,1363365090,0,1363357111,44161,91200,0,0,0,0,0,798373498,752835027,1363357111,48625,112300,0,0,0,4463,0,0,0,0,1363361309,897956,807200,2027400,1363361309,211411,1363360877,685980,26824,452,14963,0,0,0,42300,0
1786000590.589295604,1363365090,0,1363365090,0,1363357111,44161,91200,0,0,0,0,0,798376595,752838119,1363357111,48625,112300,0,0,0,4463,0,0,0,0,1363361311,897956,807200,2027400,1363361311,211411,1363360877,685980,26824,452,14963,0,0,0,42300,0
1786000591.619892343,1363365090,0,1363365090,0,1363357111,44161,91200,0,0,0,0,0,798379687,752841073,1363357111,48625,112300,0,0,0,4463,0,0,0,0,1363361313,897956,807200,2027400,1363361313,211411,1363360877,685980,26824,452,14963,0,0,0,42300,0
1786000592.650774652,1363365090,0,1363365090,0,1363357111,44161,91200,0,0,0,0,0,798382779,752844159,1363357111,48625,112300,0,0,0,4463,0,0,0,0,1363361315,897956,807200,2027400,1363361315,211411,1363360877,685980,26824,452,14963,0,0,0,42300,0
1786000593.683153830,1363365090,0,1363365090,0,1363357111,44161,91200,0,0,0,0,0,798385874,752847230,1363357111,48625,112300,0,0,0,4463,0,0,0,0,1363361317,897956,807200,2027400,1363361317,211411,1363360877,685980,26824,452,14963,0,0,0,42300,0
1786000594.713334851,1363365090,0,1363365090,0,1363357111,44161,91200,0,0,0,0,0,798388968,752850315,1363357111,48625,112300,0,0,0,4463,0,0,0,0,1363361319,897956,807200,2027400,1363361319,211411,1363360877,685980,26824,452,14963,0,0,0,42300,0
1786000595.745192674,1363365090,0,1363365090,0,1363357111,44161,91200,0,0,0,0,0,798392059,752853400,1363357111,48625,112300,0,0,0,4463,0,0,0,0,1363361321,897956,807200,2027400,1363361321,211411,1363360877,685980,26824,452,14963,0,0,0,42300,0
1786000596.776047519,1363365090,0,1363365090,0,1363357111,44161,91200,0,0,0,0,0,798395151,752856463,1363357111,48625,112300,0,0,0,4463,0,0,0,0,1363361323,897956,807200,2027400,1363361323,211411,1363360877,685980,26824,452,14963,0,0,0,42300,0
1786000597.806808762,1363365090,0,1363365090,0,1363357111,44161,91200,0,0,0,0,0,798398248,752859440,1363357111,48625,112300,0,0,0,4463,0,0,0,0,1363361325,897956,807200,2027400,1363361325,211411,1363360877,685980,26824,452,14963,0,0,0,42300,0
1786000598.838880789,1363365090,0,1363365090,0,1363357111,44161,91200,0,0,0,0,0,798401337,752862525,1363357111,48625,112300,0,0,0,4463,0,0,0,0,1363361327,897956,807200,2027400,1363361327,211411,1363360877,685980,26824,452,14963,0,0,0,42300,0
1786000599.871897392,1363365090,0,1363365090,0,1363357111,44161,91200,0,0,0,0,0,798404436,752865618,1363357111,48625,112300,0,0,0,4463,0,0,0,0,1363361329,897956,807200,2027400,1363361329,211411,1363360877,685980,26824,452,14963,0,0,0,42300,0
1786000600.904613693,1363365090,0,1363365090,0,1363357111,44161,91200,0,0,0,0,0,798407533,752868709,1363357111,48625,112300,0,0,0,4463,0,0,0,0,1363361331,897956,807200,2027400,1363361331,211411,1363360877,685980,26824,452,14963,0,0,0,42300,0
1786000601.936526609,1363365090,0,1363365090,0,1363357111,44161,91200,0,0,0,0,0,798410629,752871800,1363357111,48625,112300,0,0,0,4463,0,0,0,0,1363361333,897956,807200,2027400,1363361333,211411,1363360877,685980,26824,452,14963,0,0,0,42300,0
1786000602.966882584,1363365090,0,1363365090,0,1363357111,44161,91200,0,0,0,0,0,798413717,752874816,1363357111,48625,112300,0,0,0,4463,0,0,0,0,1363361335,897956,807200,2027400,1363361335,211411,1363360877,685980,26824,452,14963,0,0,0,42300,0
1786000603.998558796,1363365090,0,1363365090,0,1363357111,44161,91200,0,0,0,0,0,798416811,752877814,1363357111,48625,112300,0,0,0,4463,0,0,0,0,1363361337,897956,807200,2027400,1363361337,211411,1363360877,685980,26824,452,14963,0,0,0,42300,0
1786000605.030796271,1363365090,0,1363365090,0,1363357111,44161,91200,0,0,0,0,0,798419905,752880900,1363357111,48625,112300,0,0,0,4463,0,0,0,0,1363361339,897956,807200,2027400,1363361339,211411,1363360877,685980,26824,452,14963,0,0,0,42300,0
1786000606.061190096,1363365090,0,1363365090,0,1363357111,44161,91200,0,0,0,0,0,798422996,752883986,1363357111,48625,112300,0,0,0,4463,0,0,0,0,1363361341,897956,807200,2027400,1363361341,211411,1363360877,685980,26824,452,14963,0,0,0,42300,0
1786000607.091833917,1363365090,0,1363365090,0,1363357111,44161,91200,0,0,0,0,0,798426088,752887073,1363357111,48625,112300,0,0,0,4463,0,0,0,0,1363361343,897956,807200,2027400,1363361343,211411,1363360877,685980,26824,452,14963,0,0,0,42300,0
1786000608.122434830,1363365090,0,1363365090,0,1363357111,44161,91200,0,0,0,0,0,798429178,752890158,1363357111,48625,112300,0,0,0,4463,0,0,0,0,1363361345,897956,807200,2027400,1363361345,211411,1363360877,685980,26824,452,14963,0,0,0,42300,0
1786000609.151819119,1363365090,0,1363365090,0,1363357111,44161,91200,0,0,0,0,0,798432265,752893128,1363357111,48625,112300,0,0,0,4463,0,0,0,0,1363361347,897956,807200,2027400,1363361347,211411,1363360877,685980,26824,452,14963,0,0,0,42300,0
1786000610.185498719,1363365090,0,1363365090,0,1363357111,44161,91200,0,0,0,0,0,798435364,752896199,1363357111,48625,112300,0,0,0,4463,0,0,0,0,1363361349,897956,807200,2027400,1363361349,211411,1363360877,685980,26824,452,14963,0,0,0,42300,0
1786000611.215330712,1363365090,0,1363365090,0,1363357111,44161,91200,0,0,0,0,0,798438454,752899284,1363357111,48625,112300,0,0,0,4463,0,0,0,0,1363361351,897956,807200,2027400,1363361351,211411,1363360877,685980,26824,452,14963,0,0,0,42300,0
1786000612.244069493,1363365090,0,1363365090,0,1363357111,44161,91200,0,0,0,0,0,798441539,752902365,1363357111,48625,112300,0,0,0,4463,0,0,0,0,1363361353,897956,807200,2027400,1363361353,211411,1363360877,685980,26824,452,14963,0,0,0,42300,0
1786000613.276076344,1363365090,0,1363365090,0,1363357111,44161,91200,0,0,0,0,0,798444633,752905454,1363357111,48625,112300,0,0,0,4463,0,0,0,0,1363361355,897956,807200,2027400,1363361355,211411,1363360877,685980,26824,452,14963,0,0,0,42300,0
1786000614.306352534,1363365090,0,1363365090,0,1363357111,44161,91200,0,0,0,0,0,798447723,752908511,1363357111,48625,112300,0,0,0,4463,0,0,0,0,1363361357,897956,807200,2027400,1363361357,211411,1363360877,685980,26824,452,14963,0,0,0,42300,0
1786000615.332962222,1363365090,0,1363365090,0,1363357111,44161,91200,0,0,0,0,0,798450802,752911456,1363357111,48625,112300,0,0,0,4463,0,0,0,0,1363361359,897956,807200,2027400,1363361359,211411,1363360877,685980,26824,452,14963,0,0,0,42300,0
1786000616.364804173,1363365090,0,1363365090,0,1363357111,44161,91200,0,0,0,0,0,798453898,752914546,1363357111,48625,112300,0,0,0,4463,0,0,0,0,1363361361,897956,807200,2027400,1363361361,211411,1363360877,685980,26824,452,14963,0,0,0,42300,0
1786000617.396995149,1363365090,0,1363365090,0,1363357111,44161,91200,0,0,0,0,0,798456993,752917636,1363357111,48625,112300,0,0,0,4463,0,0,0,0,1363361363,897956,807200,2027400,1363361363,211411,1363360877,685980,26824,452,14963,0,0,0,42300,0
1786000618.429588345,1363365090,0,1363365090,0,1363357111,44161,91200,0,0,0,0,0,798460091,752920728,1363357111,48625,112300,0,0,0,4463,0,0,0,0,1363361365,897956,807200,2027400,1363361365,211411,1363360877,685980,26824,452,14963,0,0,0,42300,0
1786000619.461967989,1363365090,0,1363365090,0,1363357111,44161,91200,0,0,0,0,0,798463187,752923819,1363357111,48625,112300,0,0,0,4463,0,0,0,0,1363361367,897956,807200,2027400,1363361367,211411,1363360877,685980,26824,452,14963,0,0,0,42300,0
1786000620.491033247,1363365090,0,1363365090,0,1363357111,44161,91200,0,0,0,0,0,798466275,752926851,1363357111,48625,112300,0,0,0,4463,0,0,0,0,1363361369,897957,807200,2027400,1363361369,211411,1363360877,685980,26824,452,14963,0,0,0,42300,0
1786000621.522722763,1363365090,0,1363365090,0,1363357111,44161,91200,0,0,0,0,0,798469367,752929843,1363357111,48625,112300,0,0,0,4463,0,0,0,0,1363361371,897957,807200,2027400,1363361371,211411,1363360877,685980,26824,452,14963,0,0,0,42300,0
1786000626.606752165,0,0,0,0,0,0,0,0,0,0,0,0,798484592,752944782,0,0,0,0,0,0,0,0,0,0,0,0,0,0,0,0,0,0,0,0,0,0,0,0,0,0,0
1786000627.636121840,0,0,0,0,0,0,0,0,0,0,0,0,798487680,752947793,0,0,0,0,0,0,0,0,0,0,0,2,6224105,3276700,18446744073709551616,2,3088576,0,0,0,0,0,0,0,0,0,0
1786000628.666776139,0,0,0,0,0,0,0,0,0,0,0,0,798490771,752950879,0,0,0,0,0,0,0,0,0,0,0,4,4929529,3276700,18446744073709551616,4,2433579,0,0,0,0,0,0,0,0,0,0
1786000629.697242063,0,0,0,0,0,0,0,0,0,0,0,0,798493862,752953964,0,0,0,0,0,0,0,0,0,0,0,6,4475759,3276700,18446744073709551616,6,2196399,0,0,0,0,0,0,0,0,0,0
1786000630.727172356,0,0,0,0,0,0,0,0,0,0,0,0,798496950,752957048,0,0,0,0,0,0,0,0,0,0,0,8,4239758,3276700,18446744073709551616,8,2068994,0,0,0,0,0,0,0,0,0,0
1786000631.756290717,0,0,0,0,0,0,0,0,0,0,0,0,798500037,752960131,0,0,0,0,0,0,0,0,0,0,0,10,4111104,3276700,18446744073709551616,10,1996173,0,0,0,0,0,0,0,0,0,0
1786000632.782710450,0,0,0,0,0,0,0,0,0,0,0,0,798503120,752963096,0,0,0,0,0,0,0,0,0,0,0,12,4029045,3276700,18446744073709551616,12,1954107,0,0,0,0,0,0,0,0,0,0
1786000633.816036850,0,0,0,0,0,0,0,0,0,0,0,0,798506216,752966168,0,0,0,0,0,0,0,0,0,0,0,14,3950787,3276700,18446744073709551616,14,1916300,0,0,0,0,0,0,0,0,0,0
1786000634.845642920,0,0,0,0,0,0,0,0,0,0,0,0,798509304,752969233,0,0,0,0,0,0,0,0,0,0,0,16,3895673,3276700,18446744073709551616,16,1890546,0,0,0,0,0,0,0,0,0,0
1786000635.874393602,0,0,0,0,0,0,0,0,0,0,0,0,798512388,752972240,0,0,0,0,0,0,0,0,0,0,0,20,3490102,3276700,18446744073709551616,20,1688567,0,0,0,0,0,0,0,0,0,0
1786000636.901589072,0,0,0,0,0,0,0,0,0,0,0,0,798515471,752975313,0,0,0,0,0,0,0,0,0,0,0,22,3492256,3276700,18446744073709551616,22,1691502,0,0,0,0,0,0,0,0,0,0
1786000637.924970702,0,0,0,0,0,0,0,0,0,0,0,0,798518541,752978353,0,0,0,0,0,0,0,0,0,0,0,26,3241539,3276700,18446744073709551616,26,1569275,0,0,0,0,0,0,0,0,0,0
1786000638.953477919,0,343997,0,0,0,0,0,344805,44100,617000,0,0,798521534,752980331,0,0,0,345294,64628,805300,0,19866,811,0,0,345707,523358,294600,18446744073709551616,346396,106357,347128,414428,0,0,0,32828,3567,4626,0,16100
1786000640.147575482,0,635507,0,0,0,0,0,559085,31089,284000,0,0,798524949,752982512,0,0,0,559085,48524,693800,0,17226,207,0,0,559378,354426,245900,1467700,559378,65376,559376,287878,0,0,0,25565,750,4498,0,15500
1786000641.174452036,0,635507,0,0,0,0,0,559085,31089,284000,0,0,798528022,752985554,0,0,0,559085,48524,693800,0,17226,207,0,0,559382,354455,246000,1467800,559382,65391,559376,287878,0,0,0,25565,750,4498,0,15500
1786000642.207113576,0,635507,0,0,0,0,0,559085,31089,284000,0,0,798531120,752988620,0,0,0,559085,48524,693800,0,17226,207,0,0,559386,354472,246000,1467800,559386,65400,559376,287878,0,0,0,25565,750,4498,0,15500
1786000643.239616782,0,635507,0,0,0,0,0,559085,31089,284000,0,0,798534218,752991708,0,0,0,559085,48524,693800,0,17226,207,0,0,559390,354509,246000,1468000,559390,65419,559376,287878,0,0,0,25565,750,4498,0,15500
1786000644.266486813,0,635507,0,0,0,0,0,559085,31089,284000,0,0,798537300,752994697,0,0,0,559085,48524,693800,0,17226,207,0,0,559392,354527,246000,1468100,559392,65428,559376,287878,0,0,0,25565,750,4498,0,15500
1786000645.297052492,0,635507,0,0,0,0,0,559085,31089,284000,0,0,798540391,752997630,0,0,0,559085,48524,693800,0,17226,207,0,0,559394,354538,246000,1468200,559394,65434,559376,287878,0,0,0,25565,750,4498,0,15500
1786000646.329800602,0,635507,0,0,0,0,0,559085,31089,284000,0,0,798543489,753000722,0,0,0,559085,48524,693800,0,17226,207,0,0,559396,354556,246000,1468300,559396,65443,559376,287878,0,0,0,25565,750,4498,0,15500
1786000647.362484980,0,635507,0,0,0,0,0,559085,31089,284000,0,0,798546586,753003814,0,0,0,559085,48524,693800,0,17226,207,0,0,559398,354574,246000,1468600,559398,65452,559376,287878,0,0,0,25565,750,4498,0,15500
1786000648.395546500,0,635507,0,0,0,0,0,559085,31089,284000,0,0,798549685,753006907,0,0,0,559085,48524,693800,0,17226,207,0,0,559400,354592,246000,1468700,559400,65461,559376,287878,0,0,0,25565,750,4498,0,15500
1786000649.428954670,0,635507,0,0,0,0,0,559085,31089,284000,0,0,798552784,753010000,0,0,0,559085,48524,693800,0,17226,207,0,0,559402,354609,246000,1468700,559402,65470,559376,287878,0,0,0,25565,750,4498,0,15500
1786000650.460139895,0,635507,0,0,0,0,0,559085,31089,284000,0,0,798555880,753013014,0,0,0,559085,48524,693800,0,17226,207,0,0,559404,354627,246000,1468800,559404,65479,559376,287878,0,0,0,25565,750,4498,0,15500
1786000651.491979085,0,635507,0,0,0,0,0,559085,31089,284000,0,0,798558973,753016041,0,0,0,559085,48524,693800,0,17226,207,0,0,559406,354645,246000,1468900,559406,65488,559376,287878,0,0,0,25565,750,4498,0,15500
1786000652.521614740,0,635507,0,0,0,0,0,559085,31089,284000,0,0,798562061,753019124,0,0,0,559085,48524,693800,0,17226,207,0,0,559408,354662,246000,1468900,559408,65497,559376,287878,0,0,0,25565,750,4498,0,15500
1786000653.554636344,0,635507,0,0,0,0,0,559085,31089,284000,0,0,798565159,753022217,0,0,0,559085,48524,693800,0,17226,207,0,0,559410,354679,246000,1469000,559410,65506,559376,287878,0,0,0,25565,750,4498,0,15500
1786000654.586742659,0,635507,0,0,0,0,0,559085,31089,284000,0,0,798568256,753025308,0,0,0,559085,48524,693800,0,17226,207,0,0,559412,354697,246000,1469000,559412,65515,559376,287878,0,0,0,25565,750,4498,0,15500
1786000655.619404943,0,635507,0,0,0,0,0,559085,31089,284000,0,0,798571351,753028368,0,0,0,559085,48524,693800,0,17226,207,0,0,559414,354713,246000,1469000,559414,65523,559376,287878,0,0,0,25565,750,4498,0,15500
1786000656.650903960,0,635507,0,0,0,0,0,559085,31089,284000,0,0,798574443,753031343,0,0,0,559085,48524,693800,0,17226,207,0,0,559416,354732,246000,1469100,559416,65533,559376,287878,0,0,0,25565,750,4498,0,15500
1786000657.682423719,0,635507,0,0,0,0,0,559085,31089,284000,0,0,798577539,753034412,0,0,0,559085,48524,693800,0,17226,207,0,0,559418,354750,246000,1469200,559418,65542,559376,287878,0,0,0,25565,750,4498,0,15500
1786000658.711439227,0,635507,0,0,0,0,0,559085,31089,284000,0,0,798580629,753037497,0,0,0,559085,48524,693800,0,17226,207,0,0,559420,354769,246000,1469300,559420,65551,559376,287878,0,0,0,25565,750,4498,0,15500
1786000659.737608219,0,635507,0,0,0,0,0,559085,31089,284000,0,0,798583702,753040565,0,0,0,559085,48524,693800,0,17226,207,0,0,559422,354780,246000,1469400,559422,65557,559376,287878,0,0,0,25565,750,4498,0,15500
1786000660.767812764,0,635507,0,0,0,0,0,559085,31089,284000,0,0,798586792,753043651,0,0,0,559085,48524,693800,0,17226,207,0,0,559424,354799,246000,1469500,559424,65567,559376,287878,0,0,0,25565,750,4498,0,15500
1786000661.800164551,0,635507,0,0,0,0,0,559085,31089,284000,0,0,798589888,753046732,0,0,0,559085,48524,693800,0,17226,207,0,0,559426,354817,246000,1469600,559426,65576,559376,287878,0,0,0,25565,750,4498,0,15500
1786000662.826484532,0,635507,0,0,0,0,0,559085,31089,284000,0,0,798592973,753049680,0,0,0,559085,48524,693800,0,17226,207,0,0,559428,354836,246000,1469900,559428,65586,559376,287878,0,0,0,25565,750,4498,0,15500
1786000663.851126158,0,635507,0,0,0,0,0,559085,31089,284000,0,0,798596047,753052749,0,0,0,559085,48524,693800,0,17226,207,0,0,559430,354847,246000,1470000,559430,65592,559376,287878,0,0,0,25565,750,4498,0,15500
1786000664.877553885,0,635507,0,0,0,0,0,559085,31089,284000,0,0,798599120,753055817,0,0,0,559085,48524,693800,0,17226,207,0,0,559432,354863,246000,1470000,559432,65600,559376,287878,0,0,0,25565,750,4498,0,15500
1786000665.910458761,0,635507,0,0,0,0,0,559085,31089,284000,0,0,798602217,753058887,0,0,0,559085,48524,693800,0,17226,207,0,0,559434,354882,246000,1470200,559434,65610,559376,287878,0,0,0,25565,750,4498,0,15500
1786000666.943816112,0,635507,0,0,0,0,0,559085,31089,284000,0,0,798605315,753061980,0,0,0,559085,48524,693800,0,17226,207,0,0,559436,354899,246000,1470200,559436,65618,559376,287878,0,0,0,25565,750,4498,0,15500
1786000667.974868224,0,635507,0,0,0,0,0,559085,31089,284000,0,0,798608408,753065029,0,0,0,559085,48524,693800,0,17226,207,0,0,559438,354918,246000,1470400,559438,65628,559376,287878,0,0,0,25565,750,4498,0,15500
1786000669.007396535,0,635507,0,0,0,0,0,559085,31089,284000,0,0,798611507,753068028,0,0,0,559085,48524,693800,0,17226,207,0,0,559440,354934,246000,1470400,559440,65636,559376,287878,0,0,0,25565,750,4498,0,15500
1786000670.040054702,0,635507,0,0,0,0,0,559085,31089,284000,0,0,798614602,753071118,0,0,0,559085,48524,693800,0,17226,207,0,0,559442,354953,246000,1470400,559442,65646,559376,287878,0,0,0,25565,750,4498,0,15500
1786000671.072911616,0,635507,0,0,0,0,0,559085,31089,284000,0,0,798617701,753074211,0,0,0,559085,48524,693800,0,17226,207,0,0,559444,354970,246000,1470500,559444,65655,559376,287878,0,0,0,25565,750,4498,0,15500
1786000672.104739741,0,635507,0,0,0,0,0,559085,31089,284000,0,0,798620795,753077301,0,0,0,559085,48524,693800,0,17226,207,0,0,559446,354988,246000,1470600,559446,65664,559376,287878,0,0,0,25565,750,4498,0,15500
1786000673.137185166,0,635507,0,0,0,0,0,559085,31089,284000,0,0,798623892,753080391,0,0,0,559085,48524,693800,0,17226,207,0,0,559448,355005,246000,1470600,559448,65673,559376,287878,0,0,0,25565,750,4498,0,15500
1786000674.170044930,0,635507,0,0,0,0,0,559085,31089,284000,0,0,798626986,753083390,0,0,0,559085,48524,693800,0,17226,207,0,0,559450,355023,246000,1470700,559450,65682,559376,287878,0,0,0,25565,750,4498,0,15500
1786000675.202242998,0,635507,0,0,0,0,0,559085,31089,284000,0,0,798630085,753086433,0,0,0,559085,48524,693800,0,17226,207,0,0,559452,355041,246000,1470800,559452,65691,559376,287878,0,0,0,25565,750,4498,0,15500
1786000676.235149095,0,635507,0,0,0,0,0,559085,31089,284000,0,0,798633181,753089501,0,0,0,559085,48524,693800,0,17226,207,0,0,559454,355058,246000,1470900,559454,65700,559376,287878,0,0,0,25565,750,4498,0,15500
1786000677.267564142,0,635507,0,0,0,0,0,559085,31089,284000,0,0,798636276,753092591,0,0,0,559085,48524,693800,0,17226,207,0,0,559456,355076,246000,1471000,559456,65709,559376,287878,0,0,0,25565,750,4498,0,15500
1786000678.300310951,0,635507,0,0,0,0,0,559085,31089,284000,0,0,798639377,753095685,0,0,0,559085,48524,693800,0,17226,207,0,0,559458,355092,246000,1471000,559458,65717,559376,287878,0,0,0,25565,750,4498,0,15500
1786000679.329799533,0,635507,0,0,0,0,0,559085,31089,284000,0,0,798642467,753098768,0,0,0,559085,48524,693800,0,17226,207,0,0,559460,355109,246000,1471200,559460,65726,559376,287878,0,0,0,25565,750,4498,0,15500
1786000680.358950705,0,635507,0,0,0,0,0,559085,31089,284000,0,0,798645553,753101722,0,0,0,559085,48524,693800,0,17226,207,0,0,559462,355125,246000,1471300,559462,65734,559376,287878,0,0,0,25565,750,4498,0,15500
1786000681.391080032,0,635507,0,0,0,0,0,559085,31089,284000,0,0,798648650,753104801,0,0,0,559085,48524,693800,0,17226,207,0,0,559464,355145,246000,1471400,559464,65744,559376,287878,0,0,0,25565,750,4498,0,15500
1786000682.423732256,0,635507,0,0,0,0,0,559085,31089,284000,0,0,798651745,753107892,0,0,0,559085,48524,693800,0,17226,207,0,0,559466,355161,246000,1471400,559466,65752,559376,287878,0,0,0,25565,750,4498,0,15500
1786000683.456370881,0,635507,0,0,0,0,0,559085,31089,284000,0,0,798654845,753110985,0,0,0,559085,48524,693800,0,17226,207,0,0,559468,355178,246000,1471500,559468,65761,559376,287878,0,0,0,25565,750,4498,0,15500
1786000684.488101667,0,635507,0,0,0,0,0,559085,31089,284000,0,0,798657938,753114073,0,0,0,559085,48524,693800,0,17226,207,0,0,559471,355203,246000,1471700,559471,65770,559376,287878,0,0,0,25565,750,4498,0,15500
1786000685.519208195,0,635507,0,0,0,0,0,559085,31089,284000,0,0,798661031,753117130,0,0,0,559085,48524,693800,0,17226,207,0,0,559475,355219,246000,1472000,559475,65778,559376,287878,0,0,0,25565,750,4498,0,15500
1786000686.550204345,3,635507,3,0,3,45038,46300,559085,31089,284000,0,0,798664124,753120094,3,56970,61000,559085,48524,693800,11931,17226,207,0,0,559481,355233,246000,1472400,559481,65786,559379,287877,11177,11433,60,25565,750,4498,45200,15500
1786000687.582521630,3,635507,3,0,3,45038,46300,559085,31089,284000,0,0,798667221,753123185,3,56970,61000,559085,48524,693800,11931,17226,207,0,0,559485,355248,246000,1472500,559485,65794,559379,287877,11177,11433,60,25565,750,4498,45200,15500
1786000688.614472257,3,635507,3,0,3,45038,46300,559085,31089,284000,0,0,798670315,753126274,3,56970,61000,559085,48524,693800,11931,17226,207,0,0,559489,355274,246000,1472800,559489,65803,559379,287877,11177,11433,60,25565,750,4498,45200,15500
1786000689.643897145,3,635507,3,0,3,45038,46300,559085,31089,284000,0,0,798673404,753129356,3,56970,61000,559085,48524,693800,11931,17226,207,0,0,559493,355290,246000,1472900,559493,65811,559379,287877,11177,11433,60,25565,750,4498,45200,15500
1786000690.670941390,3,635507,3,0,3,45038,46300,559085,31089,284000,0,0,798676484,753132430,3,56970,61000,559085,48524,693800,11931,17226,207,0,0,559497,355311,246000,1473100,559497,65819,559379,287877,11177,11433,60,25565,750,4498,45200,15500
1786000691.698363427,3,635507,3,0,3,45038,46300,559085,31089,284000,0,0,798679565,753135435,3,56970,61000,559085,48524,693800,11931,17226,207,0,0,559501,355328,246000,1473200,559501,65828,559379,287877,11177,11433,60,25565,750,4498,45200,15500
1786000692.730612070,3,635507,3,0,3,45038,46300,559085,31089,284000,0,0,798682661,753138460,3,56970,61000,559085,48524,693800,11931,17226,207,0,0,559505,355353,246000,1473400,559505,65837,559379,287877,11177,11433,60,25565,750,4498,45200,15500
1786000693.765645069,11057891,635507,11057892,0,11062507,18166,53300,559085,31089,284000,0,0,798685761,753138920,11080271,22924,92900,559085,48524,693800,4776,17226,207,0,0,11653308,541551,491200,1330600,11663522,118781,11672525,422102,15216,596,33,25565,750,4498,15300,15500
1786000694.815538142,13606049,0,13259765,0,13251911,17390,47300,0,0,0,0,0,798688913,753138924,13269640,21904,79500,0,0,0,4528,0,0,0,0,13697597,510706,493000,938900,13706956,110114,13716872,400011,14490,582,32,0,0,0,15300,0
1786000695.848696052,27114766,0,26768482,0,26759885,17413,47400,0,0,0,0,0,798692012,753138924,26775754,21941,80100,0,0,0,4533,0,0,0,0,27199716,512878,495500,942900,27208524,109920,27216730,402367,14479,580,32,0,0,0,15300,0
1786000696.879220031,40252128,0,39905844,0,39898211,17516,47900,0,0,0,0,0,798695104,753138937,39916877,22085,81200,0,0,0,4574,0,0,0,0,40345292,516859,498100,955400,40354964,110679,40364274,405541,14567,582,33,0,0,0,15300,0
1786000697.912732840,53119232,0,52772948,0,52764448,17676,48200,0,0,0,0,0,798698202,753138947,52779109,22303,82700,0,0,0,4628,0,0,0,0,53203861,522974,500900,982000,53213569,111897,53220336,410466,14699,585,33,0,0,0,15400,0
1786000698.947786975,66427989,0,66081707,0,66073242,17670,48200,0,0,0,0,0,798701307,753138961,66091355,22287,82500,0,0,0,4619,0,0,0,0,66516587,522660,500500,981300,66526514,111804,66536519,410249,14687,586,32,0,0,0,15400,0
1786000699.978094013,79778939,0,79432655,0,79424696,17637,48100,0,0,0,0,0,798704395,753138970,79445109,22244,82200,0,0,0,4609,0,0,0,0,79873087,521626,500100,975900,79882754,111564,79892456,409448,14656,585,32,0,0,0,15400,0
1786000701.013240155,93234254,0,92887970,0,92880155,17609,48000,0,0,0,0,0,798707503,753138970,92899334,22207,82000,0,0,0,4599,0,0,0,0,93326494,520806,499900,971900,93337214,111352,93346581,408846,14630,585,32,0,0,0,15400,0
1786000702.046476776,106650163,0,106303879,0,106295820,17594,48000,0,0,0,0,0,798710602,753138970,106313923,22186,81800,0,0,0,4592,0,0,0,0,106741590,520298,499800,969800,106750232,111251,106760302,408441,14615,584,33,0,0,0,15400,0
1786000703.082213039,120086186,0,119739902,0,119732121,17580,48000,0,0,0,0,0,798713708,753138970,119749552,22168,81700,0,0,0,4589,0,0,0,0,120175128,520080,500000,967600,120184431,111150,120193519,408325,14602,584,33,0,0,0,15400,0
1786000704.113938712,132822595,0,132476311,0,132468089,17646,48100,0,0,0,0,0,798716805,753138992,132486058,22260,82200,0,0,0,4614,0,0,0,0,132912590,522597,501000,978000,132920447,111638,132929859,410351,14659,585,33,0,0,0,15400,0
1786000705.145719526,146160527,0,145814243,0,145805819,17635,48100,0,0,0,0,0,798719897,753138995,145821344,22246,82000,0,0,0,4611,0,0,0,0,146246113,522303,501000,975600,146253598,111554,146261447,410136,14649,585,33,0,0,0,15400,0
1786000706.178335114,159576284,0,159230000,0,159222593,17622,48000,0,0,0,0,0,798722996,753138996,159240121,22227,81800,0,0,0,4605,0,0,0,0,159666093,521699,500800,972700,159675422,111469,159684543,409618,14637,585,33,0,0,0,15400,0
1786000707.216572170,172777310,0,172431026,0,172424456,17635,48000,0,0,0,0,0,798726103,753138997,172443876,22242,81700,0,0,0,4608,0,0,0,0,172870621,522004,500900,972800,172882186,111579,172890292,409817,14649,585,33,0,0,0,15400,0
1786000708.251373383,186075152,0,185728868,0,185721502,17641,48000,0,0,0,0,0,798729212,753138998,185740384,22250,81700,0,0,0,4609,0,0,0,0,186167421,522013,500800,972700,186178052,111609,186188150,409792,14653,585,33,0,0,0,15400,0
1786000709.280618633,199251671,0,198905387,0,198897866,17649,48000,0,0,0,0,0,798732299,753139017,198916186,22261,81700,0,0,0,4612,0,0,0,0,199342207,522003,500600,972600,199351397,111699,199360407,409692,14660,585,33,0,0,0,15400,0
1786000710.314163915,212052996,0,211706713,0,211698416,17684,48100,0,0,0,0,0,798735397,753139033,211716419,22307,81900,0,0,0,4623,0,0,0,0,212144371,523244,501000,978400,212154527,111950,212163811,410679,14691,586,33,0,0,0,15400,0
1786000711.349014821,225534742,0,225188458,0,225180573,17671,48000,0,0,0,0,0,798738502,753139033,225196550,22290,81800,0,0,0,4618,0,0,0,0,225621088,522915,501000,976200,225629087,111844,225636498,410456,14679,586,33,0,0,0,15400,0
1786000712.383156362,238948545,0,238602261,0,238593942,17661,48000,0,0,0,0,0,798741604,753139034,238611922,22276,81700,0,0,0,4614,0,0,0,0,239038715,522615,501000,974500,239048555,111773,239056563,410228,14670,586,33,0,0,0,15400,0
1786000713.423571154,252408615,0,252062331,0,252054372,17651,48000,0,0,0,0,0,798744722,753139035,252073215,22262,81700,0,0,0,4611,0,0,0,0,252501413,522260,500900,972500,252512400,111696,252520786,409951,14661,585,33,0,0,0,15400,0
1786000714.459258326,265838988,0,265492704,0,265485338,17645,48000,0,0,0,0,0,798747828,753139036,265503812,22255,81700,0,0,0,4610,0,0,0,0,265929781,522194,501100,971200,265938866,111662,265948751,409920,14656,585,33,0,0,0,15400,0
1786000715.489735399,278770154,0,278423870,0,278416576,17661,48000,0,0,0,0,0,798750922,753139038,278435666,22276,81900,0,0,0,4615,0,0,0,0,278864319,522855,501500,973700,278875365,111778,278899611,410464,14670,586,33,0,0,0,15400,0
1786000716.522381362,291679692,0,291333408,0,291325738,17680,48100,0,0,0,0,0,798754016,753139051,291345827,22302,82000,0,0,0,4621,0,0,0,0,291774778,523538,501800,976800,291783410,111923,291793481,410998,14686,586,33,0,0,0,15400,0
1786000717.556050809,305103459,0,304757175,0,304748299,17672,48100,0,0,0,0,0,798757119,753139051,304765999,22291,82000,0,0,0,4619,0,0,0,0,305192193,523238,501700,975500,305201222,111870,305211657,410755,14679,586,33,0,0,0,15400,0
1786000718.589469853,318391692,0,318045408,0,318037437,17672,48100,0,0,0,0,0,798760216,753139053,318053773,22290,81900,0,0,0,4618,0,0,0,0,318478434,523205,501700,975300,318488967,111869,318496645,410722,14678,586,33,0,0,0,15400,0
1786000719.624628558,331810813,0,331464529,0,331456288,17665,48100,0,0,0,0,0,798763319,753139054,331475187,22280,81800,0,0,0,4615,0,0,0,0,331903653,522897,501600,973700,331913454,111795,331922738,410487,14672,586,33,0,0,0,15400,0
1786000720.658795175,345292412,0,344946128,0,344938530,17658,48100,0,0,0,0,0,798766422,753139054,344957692,22271,81700,0,0,0,4612,0,0,0,0,345383859,522546,501400,972500,345394606,111762,345404907,410169,14666,585,33,0,0,0,15400,0
1786000721.692259004,358187558,0,357841274,0,357832695,17676,48100,0,0,0,0,0,798769523,753139065,357849407,22295,81900,0,0,0,4618,0,0,0,0,358273927,523154,501600,975200,358282743,111903,358291545,410641,14682,586,33,0,0,0,15400,0
1786000722.724825398,371298601,0,370952317,0,370944306,17682,48100,0,0,0,0,0,798772618,753139075,370963812,22302,81900,0,0,0,4620,0,0,0,0,371391766,523431,501800,976100,371401786,111937,371410966,410879,14686,586,33,0,0,0,15400,0
1786000723.757679038,384570366,0,384224082,0,384215066,17681,48100,0,0,0,0,0,798775717,753139100,384233218,22301,81900,0,0,0,4620,0,0,0,0,384660554,523397,501800,975300,384670081,111921,384679989,410861,14685,586,33,0,0,0,15400,0
1786000724.791172321,397936640,0,397590356,0,397582215,17676,48100,0,0,0,0,0,798778815,753139104,397599616,22295,81900,0,0,0,4619,0,0,0,0,398024781,523187,501700,974300,398033901,111881,398040616,410692,14681,586,33,0,0,0,15400,0
1786000725.826403891,411377882,0,411031599,0,411023400,17669,48100,0,0,0,0,0,798781922,753139104,411040947,22286,81800,0,0,0,4617,0,0,0,0,411466366,522938,501600,973200,411476241,111828,411484845,410496,14675,586,33,0,0,0,15400,0
1786000726.859127486,424697754,0,424351470,0,424343366,17664,48100,0,0,0,0,0,798785021,753139105,424361614,22280,81800,0,0,0,4615,0,0,0,0,424788251,522758,501600,972300,424797964,111796,424806473,410348,14671,586,33,0,0,0,15400,0
1786000727.889814989,437426857,0,437080573,0,437073983,17684,48200,0,0,0,0,0,798788109,753139125,437093757,22307,82000,0,0,0,4622,0,0,0,0,437520541,523477,501800,975500,437531707,111951,437541096,410911,14688,586,33,0,0,0,15400,0
1786000728.932015958,450728699,0,450382416,0,450374285,17686,48200,0,0,0,0,0,798791233,753139127,450393232,22311,82000,0,0,0,4624,0,0,0,0,450820462,523612,501900,975900,450829880,111959,450841123,411037,14690,586,33,0,0,0,15400,0
1786000729.965341267,464167309,0,463821025,0,463813040,17682,48200,0,0,0,0,0,798794335,753139128,463830411,22304,82000,0,0,0,4622,0,0,0,0,464257134,523326,501700,974800,464266238,111930,464274123,410780,14686,586,33,0,0,0,15400,0
1786000730.995221646,477490704,0,477144420,0,477136442,17677,48200,0,0,0,0,0,798797422,753139135,477155016,22298,81900,0,0,0,4620,0,0,0,0,477582109,523169,501700,974000,477592181,111892,477601519,410661,14682,586,33,0,0,0,15400,0
1786000732.025799321,490798704,0,490452420,0,490444249,17673,48200,0,0,0,0,0,798800511,753139135,490459760,22293,81900,0,0,0,4619,0,0,0,0,490884489,523085,501700,973200,490892955,111861,490902374,410610,14678,586,33,0,0,0,15400,0
1786000733.063101663,504103759,0,503757475,0,503749702,17672,48100,0,0,0,0,0,798803613,753139143,503769244,22292,81900,0,0,0,4619,0,0,0,0,504194601,523065,501800,972900,504202954,111852,504212270,410600,14678,586,33,0,0,0,15400,0
1786000734.091968490,516829789,0,516483506,0,516475719,17688,48200,0,0,0,0,0,798806711,753139147,516494990,22313,82100,0,0,0,4625,0,0,0,0,516922996,523724,502000,975800,516932024,111963,516942246,411147,14691,586,33,0,0,0,15400,0
1786000735.126380355,530141648,0,529795364,0,529786987,17685,48200,0,0,0,0,0,798809811,753139147,529804722,22310,82100,0,0,0,4624,0,0,0,0,530229511,523729,502200,975500,530240760,111939,530249461,411175,14689,586,33,0,0,0,15400,0
1786000736.163291261,543550242,0,543203958,0,543195772,17681,48200,0,0,0,0,0,798812923,753139148,543213533,22305,82100,0,0,0,4623,0,0,0,0,543640442,523595,502200,974800,543649865,111898,543658815,411082,14685,586,33,0,0,0,15400,0
1786000737.197042809,556881734,0,556535450,0,556527599,17678,48200,0,0,0,0,0,798816021,753139148,556546021,22301,82000,0,0,0,4623,0,0,0,0,556972642,523506,502200,974300,556981490,111868,556991820,411023,14682,586,33,0,0,0,15400,0
1786000738.230233433,570246102,0,569899818,0,569892555,17674,48200,0,0,0,0,0,798819122,753139148,569912927,22296,82000,0,0,0,4622,0,0,0,0,570341792,523440,502300,973800,570352509,111848,570361779,410976,14679,586,33,0,0,0,15400,0
1786000739.262982668,583309754,0,582963470,0,582955790,17678,48200,0,0,0,0,0,798822220,753139153,582974395,22303,82100,0,0,0,4624,0,0,0,0,583400382,523696,502400,974600,583409896,111893,583418611,411188,14683,586,33,0,0,0,15400,0
1786000740.295721435,596153650,0,595807366,0,595799417,17690,48200,0,0,0,0,0,798825318,753139167,595816905,22318,82200,0,0,0,4627,0,0,0,0,596242605,524109,502600,976600,596251621,111976,596259753,411517,14693,586,33,0,0,0,15400,0
1786000741.327306594,609418012,0,609071728,0,609063603,17689,48200,0,0,0,0,0,798828411,753139167,609081001,22316,82200,0,0,0,4627,0,0,0,0,609507240,524076,502600,976100,609516747,111959,609525172,411501,14692,586,33,0,0,0,15400,0
1786000742.357393128,622663851,0,622317569,0,622309709,17688,48200,0,0,0,0,0,798831502,753139174,622329566,22315,82200,0,0,0,4626,0,0,0,0,622757361,524075,502700,975700,622766491,111951,622776247,411508,14691,586,33,0,0,0,15400,0
1786000743.391569184,636015897,0,635669613,0,635661507,17684,48200,0,0,0,0,0,798834597,753139177,635678780,22310,82200,0,0,0,4625,0,0,0,0,636103523,523965,502700,975200,636113089,111917,636122045,411434,14687,586,33,0,0,0,15400,0
1786000744.424420675,649413990,0,649067706,0,649060996,17681,48200,0,0,0,0,0,798837703,753139178,649081450,22305,82200,0,0,0,4624,0,0,0,0,649509820,523828,502600,974700,649520007,111883,649531285,411329,14684,586,33,0,0,0,15400,0
1786000745.464428395,662488481,0,662142197,0,662134732,17686,48200,0,0,0,0,0,798840821,753139191,662152879,22313,82200,0,0,0,4626,0,0,0,0,662579695,524105,502700,976000,662588772,111929,662597128,411561,14688,586,33,0,0,0,15400,0
1786000746.497195618,675474072,0,675127788,0,675120589,17691,48200,0,0,0,0,0,798843919,753139203,675138628,22320,82300,0,0,0,4628,0,0,0,0,675565282,524355,502900,977100,675575710,111963,675585176,411776,14693,586,33,0,0,0,15400,0
1786000747.531678456,688830965,0,688484681,0,688476877,17688,48200,0,0,0,0,0,798847019,753139209,688494861,22316,82300,0,0,0,4628,0,0,0,0,688921467,524287,502900,976500,688930462,111939,688939756,411732,14690,586,33,0,0,0,15400,0
1786000748.565223445,702227509,0,701881225,0,701874245,17684,48200,0,0,0,0,0,798850122,753139209,701895237,22311,82200,0,0,0,4627,0,0,0,0,702323786,524136,502800,975900,702334293,111912,702344602,411608,14687,586,33,0,0,0,15400,0
1786000749.600187927,715484259,0,715137975,0,715130726,17684,48200,0,0,0,0,0,798853222,753139217,715150018,22311,82200,0,0,0,4627,0,0,0,0,715578171,524129,502800,975900,715587349,111913,715597322,411600,14687,586,33,0,0,0,15400,0
1786000750.632474388,728771974,0,728425690,0,728417476,17682,48200,0,0,0,0,0,798856321,753139225,728436265,22309,82200,0,0,0,4626,0,0,0,0,728864387,524103,502900,975500,728874930,111903,728884619,411586,14685,586,33,0,0,0,15400,0
1786000751.664569323,741510159,0,741163875,0,741156287,17691,48200,0,0,0,0,0,798859417,753139239,741173434,22321,82300,0,0,0,4630,0,0,0,0,741598861,524519,503100,977200,741608284,111974,741616026,411930,14693,586,33,0,0,0,15400,0
1786000752.696253454,754637472,0,754291188,0,754283389,17692,48300,0,0,0,0,0,798862512,753139243,754302089,22324,82300,0,0,0,4631,0,0,0,0,754729817,524639,503200,977600,754739323,111984,754748519,412039,14694,586,33,0,0,0,15400,0
1786000753.729768401,767978480,0,767632196,0,767623890,17690,48300,0,0,0,0,0,798865610,753139245,767642912,22320,82300,0,0,0,4630,0,0,0,0,768069468,524536,503100,976900,768078819,111963,768087908,411957,14692,586,33,0,0,0,15400,0
1786000754.764345019,781346664,0,781000380,0,780993143,17687,48300,0,0,0,0,0,798868705,753139245,781012685,22317,82300,0,0,0,4629,0,0,0,0,781441270,524418,503100,976500,781452473,111945,781462220,411858,14690,586,33,0,0,0,15400,0
1786000755.797185738,794741737,0,794395454,0,794386986,17685,48300,0,0,0,0,0,798871808,753139245,794403962,22314,82300,0,0,0,4628,0,0,0,0,794828407,524333,503100,976100,794838372,111927,794845235,411790,14688,586,33,0,0,0,15400,0
1786000756.831133225,808042550,0,807696266,0,807688783,17683,48300,0,0,0,0,0,798874910,753139257,807706454,22311,82200,0,0,0,4627,0,0,0,0,808133252,524212,503000,975600,808142566,111919,808151623,411679,14686,586,33,0,0,0,15400,0
1786000757.864182201,820826178,0,820479894,0,820471771,17692,48300,0,0,0,0,0,798878011,753139265,820489604,22324,82300,0,0,0,4631,0,0,0,0,820916057,524590,503200,977500,820924963,111996,820933313,411979,14694,586,33,0,0,0,15400,0
1786000758.895007292,834160662,0,833814378,0,833806792,17689,48300,0,0,0,0,0,798881101,753139266,833826118,22320,82300,0,0,0,4630,0,0,0,0,834253202,524537,503200,977200,834262924,111979,834272629,411944,14692,586,33,0,0,0,15400,0
1786000759.931288301,847466108,0,847119824,0,847112110,17687,48300,0,0,0,0,0,798884206,753139269,847130313,22318,82300,0,0,0,4630,0,0,0,0,847558861,524511,503200,977000,847568879,111962,847578006,411933,14690,586,33,0,0,0,15400,0
1786000760.963838359,860879031,0,860532747,0,860524268,17683,48200,0,0,0,0,0,798887305,753139269,860540022,22313,82300,0,0,0,4629,0,0,0,0,860965048,524446,503200,976500,860972879,111933,860981057,411898,14687,586,33,0,0,0,15400,0
1786000761.995893357,873983847,0,873637563,0,873629701,17685,48200,0,0,0,0,0,798890402,753139295,873647995,22315,82300,0,0,0,4630,0,0,0,0,874075190,524536,503300,976500,874085785,111941,874093857,411979,14688,586,33,0,0,0,15400,0
1786000763.030951669,887325132,0,886978848,0,886970547,17683,48300,0,0,0,0,0,798893510,753139297,886987692,22313,82300,0,0,0,4630,0,0,0,0,887413493,524516,503300,976300,887423145,111928,887432094,411974,14686,586,33,0,0,0,15400,0
1786000764.062162566,900090702,0,899744418,0,899736995,17690,48400,0,0,0,0,0,798896601,753139305,899754417,22323,82400,0,0,0,4632,0,0,0,0,900181220,524813,503400,977700,900190398,111987,900199579,412210,14693,586,33,0,0,0,15400,0
1786000765.093739707,913468201,0,913121918,0,913113840,17688,48500,0,0,0,0,0,798899694,753139310,913132561,22319,82500,0,0,0,4631,0,0,0,0,913559764,524708,503400,977300,913569863,111963,913579165,412129,14691,586,33,0,0,0,15400,0
1786000766.123892485,926893664,0,926547382,0,926539240,17684,48500,0,0,0,0,0,798902783,753139311,926555787,22314,82400,0,0,0,4630,0,0,0,0,926981209,524502,503200,976900,926990489,111929,926998922,411958,14688,586,33,0,0,0,15400,0
1786000767.159858412,940146332,0,939800048,0,939792323,17684,48500,0,0,0,0,0,798905887,753139331,939809990,22314,82500,0,0,0,4630,0,0,0,0,940236107,524514,503200,976800,940245534,111929,940254665,411970,14687,586,33,0,0,0,15400,0
1786000768.196695504,953496443,0,953150159,0,953142968,17682,48500,0,0,0,0,0,798909001,753139336,953163484,22313,82500,0,0,0,4630,0,0,0,0,953591998,524475,503300,976500,953602182,111917,953612740,411942,14686,586,33,0,0,0,15400,0
1786000769.230212607,966614669,0,966268385,0,966260178,17684,48500,0,0,0,0,0,798912093,753139338,966277262,22315,82500,0,0,0,4630,0,0,0,0,966703122,524543,503300,976700,966711032,111932,966719985,411995,14687,586,33,0,0,0,15400,0
1786000770.262142242,979012256,0,978665972,0,978658118,17697,48500,0,0,0,0,0,798915194,753139346,978678007,22333,82600,0,0,0,4635,0,0,0,0,979104665,525021,503400,978800,979115149,112029,979126129,412376,14699,586,33,0,0,0,15400,0
1786000771.294976944,992281318,0,991935034,0,991927177,17696,48500,0,0,0,0,0,798918296,753139349,991946751,22331,82600,0,0,0,4635,0,0,0,0,992373939,524994,503400,978800,992384602,112024,992394840,412354,14698,586,33,0,0,0,15400,0
1786000772.323796559,1005565691,0,1005219407,0,1005211422,17694,48500,0,0,0,0,0,798921377,753139361,1005229286,22329,82600,0,0,0,4634,0,0,0,0,1005655436,524935,503400,978500,1005664966,112009,1005674437,412310,14696,586,33,0,0,0,15400,0
1786000773.361801361,1019005492,0,1018659208,0,1018652689,17691,48500,0,0,0,0,0,798924492,753139361,1018671604,22324,82500,0,0,0,4633,0,0,0,0,1019098674,524804,503300,978100,1019110834,111987,1019120217,412201,14693,586,33,0,0,0,15400,0
1786000774.393025267,1032479283,0,1032132999,0,1032125140,17687,48500,0,0,0,0,0,798927583,753139361,1032142368,22320,82500,0,0,0,4632,0,0,0,0,1032568764,524683,503300,977600,1032577919,111961,1032585783,412107,14690,586,33,0,0,0,15400,0
1786000775.428512934,1045882681,0,1045536397,0,1045527292,17684,48500,0,0,0,0,0,798930692,753139362,1045543471,22317,82500,0,0,0,4632,0,0,0,0,1045967867,524633,503300,977300,1045976537,111946,1045985513,412072,14688,586,33,0,0,0,15400,0
1786000776.462573771,1058536809,0,1058190525,0,1058182683,17693,48500,0,0,0,0,0,798933793,753139380,1058199644,22328,82600,0,0,0,4635,0,0,0,0,1058625692,524961,503400,978800,1058635179,112007,1058643323,412338,14695,586,33,0,0,0,15400,0
1786000777.493191366,1071833388,0,1071487104,0,1071478849,17691,48500,0,0,0,0,0,798936886,753139380,1071497351,22326,82500,0,0,0,4634,0,0,0,0,1071921873,524917,503400,978400,1071931534,111992,1071939371,412309,14694,586,33,0,0,0,15400,0
1786000778.523956208,1085166156,0,1084819872,0,1084811546,17688,48500,0,0,0,0,0,798939976,753139380,1084829345,22322,82500,0,0,0,4633,0,0,0,0,1085255526,524848,503400,978100,1085264900,111970,1085273639,412262,14691,586,33,0,0,0,15400,0
1786000779.562054446,1098591367,0,1098245083,0,1098236581,17686,48500,0,0,0,0,0,798943090,753139385,1098253337,22319,82500,0,0,0,4633,0,0,0,0,1098678662,524797,503400,977700,1098688260,111957,1098698192,412224,14689,586,33,0,0,0,15400,0
1786000780.593537493,1111825002,0,1111478718,0,1111470233,17685,48500,0,0,0,0,0,798946186,753139387,1111489380,22318,82500,0,0,0,4632,0,0,0,0,1111917415,524785,503400,977500,1111926247,111947,1111935960,412223,14689,586,33,0,0,0,15400,0
1786000781.624639490,1124984966,0,1124638682,0,1124630478,17686,48500,0,0,0,0,0,798949276,753139396,1124645472,22319,82500,0,0,0,4633,0,0,0,0,1125070455,524813,503400,977700,1125079803,111953,1125087996,412245,14689,586,33,0,0,0,15400,0
1786000782.657724469,1137797247,0,1137450963,0,1137442966,17691,48500,0,0,0,0,0,798952376,753139408,1137460249,22327,82500,0,0,0,4635,0,0,0,0,1137888162,525074,503600,978800,1137898244,111999,1137907339,412459,14694,586,33,0,0,0,15400,0
1786000783.689593243,1151185129,0,1150838845,0,1150830622,17688,48500,0,0,0,0,0,798955468,753139408,1150848247,22323,82500,0,0,0,4634,0,0,0,0,1151274295,524979,503500,978400,1151283218,111976,1151292398,412387,14691,586,33,0,0,0,15400,0
1786000784.720639159,1164594521,0,1164248237,0,1164239864,17686,48500,0,0,0,0,0,798958563,753139408,1164257055,22319,82500,0,0,0,4633,0,0,0,0,1164682534,524880,503500,978100,1164692249,111958,1164701087,412307,14689,586,33,0,0,0,15400,0
1786000785.751333708,1177980717,0,1177634433,0,1177626016,17684,48500,0,0,0,0,0,798961656,753139408,1177644211,22316,82500,0,0,0,4632,0,0,0,0,1178070514,524759,503400,977700,1178079589,111939,1178089225,412204,14687,586,33,0,0,0,15400,0
1786000786.784618884,1191350747,0,1191004463,0,1190995509,17682,48400,0,0,0,0,0,798964754,753139408,1191012074,22314,82400,0,0,0,4631,0,0,0,0,1191436710,524671,503400,977300,1191446304,111923,1191454267,412134,14685,586,33,0,0,0,15400,0
1786000787.821724032,1204419643,0,1204073359,0,1204065574,17685,48500,0,0,0,0,0,798967864,753139412,1204085294,22318,82500,0,0,0,4632,0,0,0,0,1204513266,524785,503500,977800,1204523562,111944,1204532399,412225,14688,586,33,0,0,0,15400,0
1786000788.856509829,1217494381,0,1217148098,0,1217140793,17687,48500,0,0,0,0,0,798970969,753139430,1217159486,22321,82500,0,0,0,4633,0,0,0,0,1217585615,524858,503500,978300,1217595295,111962,1217604971,412280,14690,586,33,0,0,0,15400,0
1786000789.886098129,1230835648,0,1230489364,0,1230480853,17685,48500,0,0,0,0,0,798974058,753139430,1230497529,22318,82500,0,0,0,4633,0,0,0,0,1230922257,524777,503400,978000,1230931348,111944,1230938766,412218,14688,586,33,0,0,0,15400,0
1786000790.917385227,1244032808,0,1243686524,0,1243677832,17685,48500,0,0,0,0,0,798977149,753139443,1243695738,22318,82500,0,0,0,4633,0,0,0,0,1244122366,524768,503400,978100,1244130861,111943,1244140365,412210,14688,586,33,0,0,0,15400,0
1786000791.952587227,1257385417,0,1257039133,0,1257031366,17684,48400,0,0,0,0,0,798980252,753139443,1257050066,22316,82400,0,0,0,4632,0,0,0,0,1257477826,524727,503400,977900,1257488560,111934,1257496615,412178,14687,586,33,0,0,0,15400,0
1786000792.987536847,1270708321,0,1270362037,0,1270355482,17683,48500,0,0,0,0,0,798983359,753139444,1270374123,22315,82400,0,0,0,4632,0,0,0,0,1270802274,524693,503400,977700,1270812969,111928,1270822146,412150,14686,586,33,0,0,0,15400,0
1786000794.029236966,1283448980,0,1283102696,0,1283094297,17689,48500,0,0,0,0,0,798986486,753139481,1283145873,22324,82500,0,0,0,4634,0,0,0,0,1283570843,524919,503500,978700,1283591167,111979,1283624080,412325,14693,586,33,0,0,0,15400,0
1786000795.062989238,1296680387,0,1296334103,0,1296325759,17690,48500,0,0,0,0,0,798989584,753139498,1296345594,22325,82500,0,0,0,4634,0,0,0,0,1296773120,524912,503400,978900,1296782530,111987,1296792383,412309,14693,586,33,0,0,0,15400,0
1786000796.097356493,1310147252,0,1309800968,0,1309793216,17688,48400,0,0,0,0,0,798992689,753139501,1309812281,22322,82400,0,0,0,4634,0,0,0,0,1310240275,524798,503400,978500,1310250651,111973,1310259974,412209,14691,586,33,0,0,0,15400,0
1786000797.127617163,1323502897,0,1323156614,0,1323148711,17686,48400,0,0,0,0,0,798995778,753139502,1323167786,22320,82400,0,0,0,4633,0,0,0,0,1323594392,524706,503300,978200,1323604852,111963,1323614301,412128,14690,586,33,0,0,0,15400,0
1786000798.158601620,1336867061,0,1336520777,0,1336512377,17684,48400,0,0,0,0,0,798998869,753139511,1336529721,22318,82400,0,0,0,4632,0,0,0,0,1336956266,524639,503300,977900,1336965516,111948,1336973885,412074,14688,586,33,0,0,0,15400,0
1786000799.198052242,1350327167,0,1349980884,0,1349972382,17682,48400,0,0,0,0,0,799001986,753139517,1349989112,22315,82400,0,0,0,4632,0,0,0,0,1350415190,524593,503300,977700,1350425708,111939,1350433834,412038,14687,586,33,0,0,0,15400,0
1786000800.236286709,1363075177,0,1362728893,0,1362720710,17688,48400,0,0,0,0,0,799005104,753139533,1362739459,22323,82400,0,0,0,4634,0,0,0,0,1363165806,524825,503400,978800,1363176376,111990,1363185058,412220,14692,586,33,0,0,0,15400,0
1786000801.266327971,1376223678,0,1375877394,0,1375869540,17689,48400,0,0,0,0,0,799008189,753139544,1375887385,22324,82400,0,0,0,4634,0,0,0,0,1376313900,524820,503300,978800,1376323052,111995,1376331718,412209,14692,586,33,0,0,0,15400,0
1786000802.303546647,1389636837,0,1389290553,0,1389283093,17687,48400,0,0,0,0,0,799011302,753139544,1389304519,22322,82400,0,0,0,4633,0,0,0,0,1389732941,524738,503300,978500,1389743508,111979,1389753155,412143,14691,586,33,0,0,0,15400,0
1786000803.335952056,1403018414,0,1402672130,0,1402664277,17686,48400,0,0,0,0,0,799014395,753139545,1402682426,22319,82400,0,0,0,4633,0,0,0,0,1403108980,524672,503300,978200,1403118433,111962,1403128247,412095,14689,586,33,0,0,0,15400,0
1786000804.375334320,1416409922,0,1416063638,0,1416056332,17684,48400,0,0,0,0,0,799017507,753139551,1416075863,22317,82400,0,0,0,4632,0,0,0,0,1416505066,524614,503300,977900,1416514924,111951,1416524143,412047,14688,586,33,0,0,0,15400,0
1786000805.416743985,1429695268,0,1429348984,0,1429341931,17684,48400,0,0,0,0,0,799020639,753139552,1429384318,22317,82400,0,0,0,4632,0,0,0,0,1429810906,524610,503300,977900,1429821502,111948,1429897324,412048,14689,586,33,0,0,0,15400,0
1786000806.453853265,1442616022,0,1442269738,0,1442261486,17689,48400,0,0,0,0,0,799023750,753139567,1442280353,22324,82400,0,0,0,4634,0,0,0,0,1442707917,524774,503300,978600,1442719194,111986,1442729129,412172,14692,586,33,0,0,0,15400,0
1786000807.493676468,1456097141,0,1455750857,0,1455742237,17687,48400,0,0,0,0,0,799026869,753139567,1455759467,22321,82400,0,0,0,4633,0,0,0,0,1456185671,524677,503300,978300,1456195053,111970,1456203643,412091,14690,586,33,0,0,0,15400,0
1786000808.529856427,1469595666,0,1469249382,0,1469242159,17685,48400,0,0,0,0,0,799029978,753139568,1469261680,22318,82400,0,0,0,4632,0,0,0,0,1469689579,524588,503200,977900,1469700567,111954,1469711042,412018,14689,586,33,0,0,0,15400,0
1786000809.562429295,1483006234,0,1482659950,0,1482651612,17684,48400,0,0,0,0,0,799033075,753139574,1482669243,22316,82400,0,0,0,4632,0,0,0,0,1483095841,524503,503200,977600,1483106594,111945,1483114954,411943,14687,586,33,0,0,0,15400,0
1786000810.592416997,1496365325,0,1496019041,0,1496011131,17682,48400,0,0,0,0,0,799036161,753139575,1496029717,22314,82300,0,0,0,4631,0,0,0,0,1496456706,524426,503100,977200,1496466076,111934,1496476118,411876,14686,586,33,0,0,0,15400,0
1786000811.626509123,1509450008,0,1509103725,0,1509094665,17684,48400,0,0,0,0,0,799039262,753139589,1509113362,22316,82400,0,0,0,4632,0,0,0,0,1509538078,524494,503100,977600,1509546209,111946,1509554748,411934,14687,586,33,0,0,0,15400,0
1786000812.662204726,1522305051,0,1521958768,0,1521950796,17687,48400,0,0,0,0,0,799042369,753139596,1521968476,22321,82400,0,0,0,4633,0,0,0,0,1522395299,524639,503200,978100,1522404970,111972,1522414547,412052,14691,586,33,0,0,0,15400,0
1786000813.691692622,1535683779,0,1535337495,0,1535329498,17686,48400,0,0,0,0,0,799045462,753139598,1535346870,22319,82400,0,0,0,4632,0,0,0,0,1535771668,524585,503200,977800,1535781019,111958,1535789268,412012,14689,586,33,0,0,0,15400,0
1786000814.723313603,1548977626,0,1548631343,0,1548623155,17685,48400,0,0,0,0,0,799048553,753139603,1548641777,22318,82400,0,0,0,4632,0,0,0,0,1549068781,524543,503200,977600,1549078356,111947,1549086931,411980,14689,586,33,0,0,0,15400,0
1786000815.760248363,1562365562,0,1562019281,0,1562012475,17684,48400,0,0,0,0,0,799051657,753139603,1562031677,22316,82400,0,0,0,4632,0,0,0,0,1562460288,524503,503200,977300,1562470248,111935,1562479692,411953,14688,586,33,0,0,0,15400,0
1786000816.794145150,1575715474,0,1575369192,0,1575361316,17683,48400,0,0,0,0,0,799054762,753139603,1575378863,22315,82400,0,0,0,4631,0,0,0,0,1575805142,524480,503200,977100,1575813956,111931,1575823121,411933,14687,586,33,0,0,0,15400,0
1786000817.829676950,1588685951,0,1588339667,0,1588330978,17686,48400,0,0,0,0,0,799057871,753139606,1588349465,22319,82400,0,0,0,4632,0,0,0,0,1588774971,524591,503300,977500,1588785261,111953,1588794856,412023,14689,586,33,0,0,0,15400,0
1786000818.865717327,1601659207,0,1601312923,0,1601305840,17689,48400,0,0,0,0,0,799060971,753139612,1601323214,22323,82400,0,0,0,4633,0,0,0,0,1601749000,524691,503300,978000,1601758262,111974,1601767607,412102,14692,586,33,0,0,0,15400,0
1786000819.897380262,1614768828,0,1614422544,0,1614414570,17690,48400,0,0,0,0,0,799064072,753139634,1614431481,22325,82400,0,0,0,4634,0,0,0,0,1614858028,524743,503400,978200,1614865966,111980,1614874193,412146,14693,586,33,0,0,0,15400,0
1786000820.933448551,1628089683,0,1627743399,0,1627735998,17689,48400,0,0,0,0,0,799067177,753139635,1627755101,22323,82400,0,0,0,4633,0,0,0,0,1628182185,524717,503400,978000,1628192096,111971,1628202177,412130,14692,586,33,0,0,0,15400,0
1786000821.964140292,1641322834,0,1640976550,0,1640967863,17689,48400,0,0,0,0,0,799070267,753139642,1640983479,22323,82400,0,0,0,4633,0,0,0,0,1641407903,524714,503400,977900,1641416524,111970,1641423363,412129,14692,586,33,0,0,0,15400,0
1786000823.001244107,1654703913,0,1654357629,0,1654350638,17688,48400,0,0,0,0,0,799073383,753139642,1654371299,22321,82400,0,0,0,4633,0,0,0,0,1654801808,524673,503400,977700,1654812763,111962,1654823261,412095,14691,586,33,0,0,0,15400,0
1786000824.031415445,1667472013,0,1667125729,0,1667116941,17692,48400,0,0,0,0,0,799076473,753139653,1667132194,22327,82500,0,0,0,4634,0,0,0,0,1667556197,524839,503400,978500,1667564551,111996,1667571581,412227,14695,586,33,0,0,0,15400,0
1786000825.061550713,1680625705,0,1680279421,0,1680271099,17692,48400,0,0,0,0,0,799079560,753139657,1680287784,22327,82500,0,0,0,4634,0,0,0,0,1680713676,524867,503500,978600,1680721093,111998,1680730469,412253,14695,586,33,0,0,0,15400,0
1786000826.101103519,1694101372,0,1693755088,0,1693746825,17690,48400,0,0,0,0,0,799082676,753139657,1693764264,22325,82400,0,0,0,4634,0,0,0,0,1694190267,524797,503400,978400,1694200227,111984,1694209416,412198,14694,586,33,0,0,0,15400,0
1786000827.133925586,1707441682,0,1707095398,0,1707086923,17689,48400,0,0,0,0,0,799085772,753139657,1707104613,22323,82400,0,0,0,4633,0,0,0,0,1707530095,524759,503400,978100,1707539796,111973,1707547703,412170,14692,586,33,0,0,0,15400,0
1786000828.166467191,1720759402,0,1720413118,0,1720405117,17688,48400,0,0,0,0,0,799088872,753139661,1720424337,22322,82400,0,0,0,4633,0,0,0,0,1720852501,524719,503400,978000,1720863509,111964,1720873700,412138,14692,586,33,0,0,0,15400,0
1786000829.200846552,1734066402,0,1733720118,0,1733712634,17687,48400,0,0,0,0,0,799091973,753139669,1733732862,22321,82400,0,0,0,4633,0,0,0,0,1734162032,524692,503400,977800,1734171198,111955,1734180512,412121,14691,586,33,0,0,0,15400,0
1786000830.234369962,1746602730,0,1746256446,0,1746247014,17693,48400,0,0,0,0,0,799095076,753139686,1746261852,22329,82500,0,0,0,4635,0,0,0,0,1746685314,524952,503500,978800,1746693064,112002,1746699818,412335,14696,586,33,0,0,0,15400,0
1786000831.266037641,1759491409,0,1759145125,0,1759137521,17696,48400,0,0,0,0,0,799098168,753139693,1759156585,22333,82500,0,0,0,4636,0,0,0,0,1759585207,525060,503500,979100,1759596022,112021,1759605890,412422,14698,586,33,0,0,0,15400,0
1786000832.301074019,1772771086,0,1772424802,0,1772417102,17695,48400,0,0,0,0,0,799101274,753139701,1772433778,22332,82500,0,0,0,4636,0,0,0,0,1772859141,525045,503500,979000,1772868203,112016,1772877282,412413,14698,586,33,0,0,0,15400,0
1786000833.330285228,1786056764,0,1785710481,0,1785702335,17694,48400,0,0,0,0,0,799104360,753139703,1785719447,22331,82500,0,0,0,4636,0,0,0,0,1786146260,525008,503500,978800,1786155059,112007,1786163560,412386,14697,586,33,0,0,0,15400,0
1786000834.369151157,1799513725,0,1799167441,0,1799160173,17692,48400,0,0,0,0,0,799107473,753139703,1799179087,22329,82500,0,0,0,4635,0,0,0,0,1799606193,524958,503500,978600,1799617494,111992,1799626804,412350,14695,586,33,0,0,0,15400,0
1786000835.404196085,1812929407,0,1812583123,0,1812574609,17691,48400,0,0,0,0,0,799110581,753139706,1812592186,22327,82400,0,0,0,4635,0,0,0,0,1813016888,524908,503500,978500,1813027065,111979,1813035430,412313,14694,586,33,0,0,0,15400,0
1786000836.451517645,1825684907,0,1825338623,0,1825330957,17695,48400,0,0,0,0,0,799113675,753139722,1825347311,22332,82500,0,0,0,4637,0,0,0,0,1825772391,525061,503500,979100,1825780792,112013,1825788185,412434,14698,586,33,0,0,0,15400,0
1786000837.488396389,1839090215,0,1838743931,0,1838736243,17695,48400,0,0,0,0,0,799116830,753139726,1838755454,22332,82500,0,0,0,4637,0,0,0,0,1839184180,525057,503500,979100,1839194688,112015,1839205380,412426,14698,586,33,0,0,0,15400,0
1786000838.520607469,1852444123,0,1852097839,0,1852090338,17694,48400,0,0,0,0,0,799119923,753139734,1852108529,22331,82400,0,0,0,4636,0,0,0,0,1852536462,525029,503500,979000,1852546476,112012,1852555186,412400,14697,586,33,0,0,0,15400,0
1786000839.560884772,1865858810,0,1865512526,0,1865505179,17693,48400,0,0,0,0,0,799123039,753139743,1865525310,22330,82400,0,0,0,4636,0,0,0,0,1865953791,524973,503500,978800,1865963814,112007,1865973714,412349,14697,586,33,0,0,0,15400,0
1786000840.591959610,1879225275,0,1878878991,0,1878871019,17692,48400,0,0,0,0,0,799126136,753139743,1878888619,22328,82400,0,0,0,4636,0,0,0,0,1879316062,524944,503500,978600,1879324999,111998,1879332933,412329,14695,586,33,0,0,0,15400,0
1786000841.624752223,1892521701,0,1892175417,0,1892166812,17691,48400,0,0,0,0,0,799129237,753139744,1892183503,22327,82400,0,0,0,4636,0,0,0,0,1892608435,524916,503500,978500,1892618676,111997,1892626874,412304,14695,586,33,0,0,0,15400,0
1786000842.653957293,1905124813,0,1904778529,0,1904769471,17696,48400,0,0,0,0,0,799132323,753139760,1904784754,22334,82400,0,0,0,4637,0,0,0,0,1905207238,525090,503600,979300,1905216848,112030,1905222641,412445,14699,586,33,0,0,0,15400,0
1786000843.688031319,1918448723,0,1918102439,0,1918094070,17695,48400,0,0,0,0,0,799135425,753139765,1918111851,22332,82400,0,0,0,4637,0,0,0,0,1918538762,525054,503500,979100,1918547683,112024,1918556087,412414,14698,586,33,0,0,0,15400,0
1786000844.726061799,1931875356,0,1931529072,0,1931520942,17694,48400,0,0,0,0,0,799138535,753139768,1931538724,22331,82400,0,0,0,4636,0,0,0,0,1931964975,524996,503500,978900,1931974926,112017,1931981876,412363,14697,586,33,0,0,0,15400,0
1786000845.764681224,1945151216,0,1944804934,0,1944797025,17694,48400,0,0,0,0,0,799141650,753139769,1944816330,22331,82400,0,0,0,4636,0,0,0,0,1945244187,524992,503500,978700,1945254159,112015,1945262993,412360,14697,586,33,0,0,0,15400,0
1786000846.796976454,1958507331,0,1958161048,0,1958152983,17693,48400,0,0,0,0,0,799144747,753139770,1958169502,22330,82400,0,0,0,4636,0,0,0,0,1958594373,524966,503500,978500,1958602309,112009,1958610235,412341,14696,586,33,0,0,0,15400,0
1786000847.833270662,1971712523,0,1971366239,0,1971358613,17693,48400,0,0,0,0,0,799147854,753139770,1971376200,22330,82400,0,0,0,4636,0,0,0,0,1971802897,524989,503600,978500,1971812894,112010,1971820929,412363,14696,586,33,0,0,0,15400,0
1786000848.867059841,1984550586,0,1984204302,0,1984196878,17696,48400,0,0,0,0,0,799150955,753139777,1984215311,22335,82400,0,0,0,4637,0,0,0,0,1984642980,525108,503600,978900,1984653064,112036,1984662381,412455,14699,586,33,0,0,0,15400,0
1786000849.902844039,1997935067,0,1997588783,0,1997580510,17695,48400,0,0,0,0,0,799154063,753139777,1997597568,22333,82400,0,0,0,4637,0,0,0,0,1998023100,525061,503600,978700,1998031668,112027,1998040296,412418,14698,586,33,0,0,0,15400,0
1786000850.934239428,2011292256,0,2010945973,0,2010938087,17694,48400,0,0,0,0,0,799157155,753139783,2010956457,22331,82400,0,0,0,4637,0,0,0,0,2011382926,525017,503600,978600,2011391186,112017,2011400686,412384,14697,586,33,0,0,0,15400,0
1786000851.965285691,2024586145,0,2024239861,0,2024231480,17693,48400,0,0,0,0,0,799160250,753139784,2024248342,22330,82400,0,0,0,4636,0,0,0,0,2024673553,525001,503600,978500,2024682544,112011,2024691343,412373,14696,586,33,0,0,0,15400,0
1786000853.003645726,2037921519,0,2037575235,0,2037567301,17693,48400,0,0,0,0,0,799163363,753139791,2037585000,22330,82400,0,0,0,4636,0,0,0,0,2038010659,524991,503600,978500,2038020624,112007,2038028841,412368,14696,586,33,0,0,0,15400,0
1786000854.040628614,2050965243,0,2050618959,0,2050609903,17694,48400,0,0,0,0,0,799166474,753139794,2050626683,22332,82400,0,0,0,4637,0,0,0,0,2051052007,525072,503600,978800,2051061024,112021,2051068009,412436,14697,586,33,0,0,0,15400,0
1786000855.078250991,2064031068,0,2063684784,0,2063676531,17696,48400,0,0,0,0,0,799169588,753139803,2063692735,22334,82500,0,0,0,4638,0,0,0,0,2064117378,525151,503700,979200,2064126232,112034,2064134358,412501,14699,586,33,0,0,0,15400,0
1786000856.116820446,2077411175,0,2077064891,0,2077057274,17695,48400,0,0,0,0,0,799172701,753139803,2077075274,22333,82400,0,0,0,4637,0,0,0,0,2077502303,525095,503700,979000,2077511386,112023,2077521889,412455,14698,586,33,0,0,0,15400,0
1786000857.154375312,2090899527,0,2090553243,0,2090545264,17693,48400,0,0,0,0,0,799175816,753139803,2090565358,22331,82400,0,0,0,4637,0,0,0,0,2090994405,525054,503600,978800,2091005156,112014,2091014990,412424,14697,586,33,0,0,0,15400,0
1786000858.192005557,2104330423,0,2103984139,0,2103976466,17692,48400,0,0,0,0,0,799178925,753139803,2103996656,22329,82400,0,0,0,4636,0,0,0,0,2104423907,524986,503600,978600,2104435243,112003,2104444705,412367,14696,586,33,0,0,0,15400,0
1786000859.226445607,2117738840,0,2117392556,0,2117384774,17691,48400,0,0,0,0,0,799182029,753139803,2117402715,22328,82500,0,0,0,4636,0,0,0,0,2117829159,524950,503600,978400,2117839505,111995,2117848289,412339,14695,586,33,0,0,0,15400,0
1786000860.262514674,2130623628,0,2130277344,0,2130269183,17693,48400,0,0,0,0,0,799185137,753139814,2130287241,22331,82500,0,0,0,4637,0,0,0,0,2130714535,525061,503700,978900,2130725508,112013,2130734289,412432,14697,586,33,0,0,0,15400,0
1786000861.295132307,2143799936,0,2143453652,0,2143445815,17693,48500,0,0,0,0,0,799188232,753139815,2143463914,22331,82500,0,0,0,4637,0,0,0,0,2143890979,525067,503700,978800,2143899954,112011,2143908773,412440,14697,586,33,0,0,0,15400,0
1786000862.330852012,2157144296,0,2156798012,0,2156789618,17692,48500,0,0,0,0,0,799191338,753139823,2156808265,22330,82500,0,0,0,4637,0,0,0,0,2157232806,525044,503700,978700,2157242521,112003,2157249674,412425,14696,586,33,0,0,0,15400,0
1786000863.364405081,2170462414,0,2170116130,0,2170107452,17692,48500,0,0,0,0,0,799194439,753139835,2170125718,22329,82500,0,0,0,4637,0,0,0,0,2170552537,525022,503600,978600,2170561666,111996,2170570540,412409,14695,586,33,0,0,0,15400,0
1786000864.396725335,2183827243,0,2183480959,0,2183472336,17690,48500,0,0,0,0,0,799197529,753139835,2183489208,22327,82500,0,0,0,4636,0,0,0,0,2183915485,524966,503600,978400,2183924724,111987,2183933427,412362,14694,586,33,0,0,0,15400,0
1786000865.429982031,2197168999,0,2196822715,0,2196814165,17689,48500,0,0,0,0,0,799200623,753139841,2196830451,22326,82500,0,0,0,4636,0,0,0,0,2197255821,524930,503600,978200,2197264330,111980,2197272186,412334,14693,586,33,0,0,0,15400,0
1786000866.459709929,2209859131,0,2209512847,0,2209504245,17693,48500,0,0,0,0,0,799203722,753139855,2209521137,22331,82500,0,0,0,4637,0,0,0,0,2209946196,525072,503700,978800,2209956466,112005,2209963823,412451,14697,586,33,0,0,0,15400,0
1786000867.495150021,2223112057,0,2222765773,0,2222757174,17693,48500,0,0,0,0,0,799206818,753139858,2222774487,22330,82500,0,0,0,4637,0,0,0,0,2223200846,525066,503700,978700,2223210110,112002,2223218213,412448,14696,586,33,0,0,0,15400,0
1786000868.528017921,2236509342,0,2236163058,0,2236155372,17692,48500,0,0,0,0,0,799209924,753139858,2236175442,22329,82500,0,0,0,4637,0,0,0,0,2236603945,525030,503700,978600,2236613862,111995,2236624123,412419,14695,586,33,0,0,0,15400,0
1786000869.562059217,2249878931,0,2249532647,0,2249524795,17690,48500,0,0,0,0,0,799213026,753139858,2249542258,22328,82500,0,0,0,4636,0,0,0,0,2249970534,525002,503700,978400,2249979541,111987,2249988085,412399,14694,586,33,0,0,0,15400,0
1786000870.596265884,2263268165,0,2262921881,0,2262913552,17689,48500,0,0,0,0,0,799216128,753139860,2262930771,22326,82500,0,0,0,4636,0,0,0,0,2263357139,524966,503700,978100,2263366146,111978,2263374592,412372,14693,586,33,0,0,0,15400,0
1786000871.629398844,2276372008,0,2276025725,0,2276017300,17690,48500,0,0,0,0,0,799219227,753139863,2276035182,22327,82500,0,0,0,4636,0,0,0,0,2276460828,525001,503700,978200,2276469218,111983,2276478433,412403,14694,586,33,0,0,0,15400,0
1786000872.660854667,2289019088,0,2288672804,0,2288664683,17694,48500,0,0,0,0,0,799222323,753139874,2288681886,22332,82500,0,0,0,4637,0,0,0,0,2289106216,525141,503800,978800,2289114184,112010,2289122838,412516,14697,586,33,0,0,0,15400,0
1786000873.685342298,2291757645,0,2291411361,0,2291398348,17694,48500,0,0,0,0,0,799225397,753142312,2291398348,22333,82500,0,0,0,4638,0,0,0,0,2291811997,525160,503800,978900,2291811998,112013,2291811645,412530,14697,586,33,0,0,0,15400,0
1786000874.709525385,2291757645,0,2291411361,0,2291398348,17694,48500,0,0,0,0,0,799228469,753145379,2291398348,22333,82500,0,0,0,4638,0,0,0,0,2291812001,525160,503800,978900,2291812002,112013,2291811645,412530,14697,586,33,0,0,0,15400,0
1786000875.739385400,2291757645,0,2291411361,0,2291398348,17694,48500,0,0,0,0,0,799231552,753148457,2291398348,22333,82500,0,0,0,4638,0,0,0,0,2291812004,525160,503800,978900,2291812005,112013,2291811645,412530,14697,586,33,0,0,0,15400,0
1786000876.770372081,2291757645,0,2291411361,0,2291398348,17694,48500,0,0,0,0,0,799234645,753151545,2291398348,22333,82500,0,0,0,4638,0,0,0,0,2291812006,525160,503800,978900,2291812007,112013,2291811645,412530,14697,586,33,0,0,0,15400,0
1786000877.802280641,2291757645,0,2291411361,0,2291398348,17694,48500,0,0,0,0,0,799237738,753154595,2291398348,22333,82500,0,0,0,4638,0,0,0,0,2291812008,525160,503800,978900,2291812009,112013,2291811645,412530,14697,586,33,0,0,0,15400,0
1786000878.834926876,2291757645,0,2291411361,0,2291398348,17694,48500,0,0,0,0,0,799240834,753157587,2291398348,22333,82500,0,0,0,4638,0,0,0,0,2291812010,525160,503800,978900,2291812011,112013,2291811645,412530,14697,586,33,0,0,0,15400,0
1786000879.866804489,2291757645,0,2291411361,0,2291398348,17694,48500,0,0,0,0,0,799243928,753160677,2291398348,22333,82500,0,0,0,4638,0,0,0,0,2291812012,525160,503800,978900,2291812013,112013,2291811645,412530,14697,586,33,0,0,0,15400,0
1786000880.899459056,2291757645,0,2291411361,0,2291398348,17694,48500,0,0,0,0,0,799247026,753163769,2291398348,22333,82500,0,0,0,4638,0,0,0,0,2291812014,525160,503800,978900,2291812015,112013,2291811645,412530,14697,586,33,0,0,0,15400,0
1786000881.931576266,2291757645,0,2291411361,0,2291398348,17694,48500,0,0,0,0,0,799250121,753166858,2291398348,22333,82500,0,0,0,4638,0,0,0,0,2291812016,525160,503800,978900,2291812017,112013,2291811645,412530,14697,586,33,0,0,0,15400,0
1786000882.962783109,2291757645,0,2291411361,0,2291398348,17694,48500,0,0,0,0,0,799253214,753169935,2291398348,22333,82500,0,0,0,4638,0,0,0,0,2291812018,525160,503800,978900,2291812019,112013,2291811645,412530,14697,586,33,0,0,0,15400,0
1786000883.995581884,2291757645,0,2291411361,0,2291398348,17694,48500,0,0,0,0,0,799256309,753172933,2291398348,22333,82500,0,0,0,4638,0,0,0,0,2291812020,525160,503800,978900,2291812021,112013,2291811645,412530,14697,586,33,0,0,0,15400,0
1786000885.027854679,2291757645,0,2291411361,0,2291398348,17694,48500,0,0,0,0,0,799259403,753175968,2291398348,22333,82500,0,0,0,4638,0,0,0,0,2291812022,525160,503800,978900,2291812023,112013,2291811645,412530,14697,586,33,0,0,0,15400,0
1786000886.060377042,2291757645,0,2291411361,0,2291398348,17694,48500,0,0,0,0,0,799262501,753179060,2291398348,22333,82500,0,0,0,4638,0,0,0,0,2291812024,525160,503800,978900,2291812025,112013,2291811645,412530,14697,586,33,0,0,0,15400,0
1786000887.093090542,2291757645,0,2291411361,0,2291398348,17694,48500,0,0,0,0,0,799265598,753182151,2291398348,22333,82500,0,0,0,4638,0,0,0,0,2291812026,525160,503800,978900,2291812027,112013,2291811645,412530,14697,586,33,0,0,0,15400,0
1786000888.125326263,2291757645,0,2291411361,0,2291398348,17694,48500,0,0,0,0,0,799268694,753185243,2291398348,22333,82500,0,0,0,4638,0,0,0,0,2291812028,525160,503800,978900,2291812029,112013,2291811645,412530,14697,586,33,0,0,0,15400,0
1786000889.156990797,2291757645,0,2291411361,0,2291398348,17694,48500,0,0,0,0,0,799271789,753188330,2291398348,22333,82500,0,0,0,4638,0,0,0,0,2291812030,525160,503800,978900,2291812031,112013,2291811645,412530,14697,586,33,0,0,0,15400,0
1786000890.188195669,2291757645,0,2291411361,0,2291398348,17694,48500,0,0,0,0,0,799274878,753191304,2291398348,22333,82500,0,0,0,4638,0,0,0,0,2291812032,525160,503800,978900,2291812033,112013,2291811645,412530,14697,586,33,0,0,0,15400,0
1786000891.220548619,2291757645,0,2291411361,0,2291398348,17694,48500,0,0,0,0,0,799277976,753194377,2291398348,22333,82500,0,0,0,4638,0,0,0,0,2291812034,525160,503800,978900,2291812035,112013,2291811645,412530,14697,586,33,0,0,0,15400,0
1786000892.254118463,2291757645,0,2291411361,0,2291398348,17694,48500,0,0,0,0,0,799281076,753197470,2291398348,22333,82500,0,0,0,4638,0,0,0,0,2291812036,525160,503800,978900,2291812037,112013,2291811645,412530,14697,586,33,0,0,0,15400,0
1786000893.285741897,2291757645,0,2291411361,0,2291398348,17694,48500,0,0,0,0,0,799284168,753200544,2291398348,22333,82500,0,0,0,4638,0,0,0,0,2291812038,525160,503800,978900,2291812039,112013,2291811645,412530,14697,586,33,0,0,0,15400,0
1786000894.317724537,2291757645,0,2291411361,0,2291398348,17694,48500,0,0,0,0,0,799287264,753203596,2291398348,22333,82500,0,0,0,4638,0,0,0,0,2291812040,525160,503800,978900,2291812041,112013,2291811645,412530,14697,586,33,0,0,0,15400,0
1786000895.349247702,2291757645,0,2291411361,0,2291398348,17694,48500,0,0,0,0,0,799290358,753206660,2291398348,22333,82500,0,0,0,4638,0,0,0,0,2291812042,525160,503800,978900,2291812043,112013,2291811645,412530,14697,586,33,0,0,0,15400,0
1786000896.379049446,2291757645,0,2291411361,0,2291398348,17694,48500,0,0,0,0,0,799293443,753209636,2291398348,22333,82500,0,0,0,4638,0,0,0,0,2291812044,525160,503800,978900,2291812045,112013,2291811645,412530,14697,586,33,0,0,0,15400,0
1786000897.408812524,2291757645,0,2291411361,0,2291398348,17694,48500,0,0,0,0,0,799296531,753212719,2291398348,22333,82500,0,0,0,4638,0,0,0,0,2291812046,525160,503800,978900,2291812047,112013,2291811645,412530,14697,586,33,0,0,0,15400,0
1786000898.441579619,2291757645,0,2291411361,0,2291398348,17694,48500,0,0,0,0,0,799299629,753215811,2291398348,22333,82500,0,0,0,4638,0,0,0,0,2291812048,525160,503800,978900,2291812049,112013,2291811645,412530,14697,586,33,0,0,0,15400,0
1786000899.474105636,2291757645,0,2291411361,0,2291398348,17694,48500,0,0,0,0,0,799302724,753218902,2291398348,22333,82500,0,0,0,4638,0,0,0,0,2291812050,525160,503800,978900,2291812051,112013,2291811645,412530,14697,586,33,0,0,0,15400,0
1786000900.507613265,2291757645,0,2291411361,0,2291398348,17694,48500,0,0,0,0,0,799305825,753221997,2291398348,22333,82500,0,0,0,4638,0,0,0,0,2291812052,525160,503800,978900,2291812053,112013,2291811645,412530,14697,586,33,0,0,0,15400,0
1786000901.536710426,2291757645,0,2291411361,0,2291398348,17694,48500,0,0,0,0,0,799308911,753225007,2291398348,22333,82500,0,0,0,4638,0,0,0,0,2291812054,525160,503800,978900,2291812055,112013,2291811645,412530,14697,586,33,0,0,0,15400,0
1786000902.563926877,2291757645,0,2291411361,0,2291398348,17694,48500,0,0,0,0,0,799311994,753228020,2291398348,22333,82500,0,0,0,4638,0,0,0,0,2291812056,525160,503800,978900,2291812057,112013,2291811645,412530,14697,586,33,0,0,0,15400,0
1786000903.592398104,2291757645,0,2291411361,0,2291398348,17694,48500,0,0,0,0,0,799315074,753231095,2291398348,22333,82500,0,0,0,4638,0,0,0,0,2291812058,525160,503800,978900,2291812059,112013,2291811645,412530,14697,586,33,0,0,0,15400,0
1786000904.622778607,2291757645,0,2291411361,0,2291398348,17694,48500,0,0,0,0,0,799318164,753234156,2291398348,22333,82500,0,0,0,4638,0,0,0,0,2291812060,525160,503800,978900,2291812061,112013,2291811645,412530,14697,586,33,0,0,0,15400,0
1786000905.655186552,2291757645,0,2291411361,0,2291398348,17694,48500,0,0,0,0,0,799321261,753237247,2291398348,22333,82500,0,0,0,4638,0,0,0,0,2291812062,525160,503800,978900,2291812063,112013,2291811645,412530,14697,586,33,0,0,0,15400,0
1786000906.687144148,2291757645,0,2291411361,0,2291398348,17694,48500,0,0,0,0,0,799324355,753240337,2291398348,22333,82500,0,0,0,4638,0,0,0,0,2291812064,525160,503800,978900,2291812065,112013,2291811645,412530,14697,586,33,0,0,0,15400,0
1786000907.715870007,2291757645,0,2291411361,0,2291398348,17694,48500,0,0,0,0,0,799327445,753243306,2291398348,22333,82500,0,0,0,4638,0,0,0,0,2291812066,525160,503800,978900,2291812067,112013,2291811645,412530,14697,586,33,0,0,0,15400,0
1786000908.746594943,2291757645,0,2291411361,0,2291398348,17694,48500,0,0,0,0,0,799330530,753246364,2291398348,22333,82500,0,0,0,4638,0,0,0,0,2291812068,525160,503800,978900,2291812069,112013,2291811645,412530,14697,586,33,0,0,0,15400,0
1786000909.779329380,2291757645,0,2291411361,0,2291398348,17694,48500,0,0,0,0,0,799333628,753249457,2291398348,22333,82500,0,0,0,4638,0,0,0,0,2291812070,525160,503800,978900,2291812071,112013,2291811645,412530,14697,586,33,0,0,0,15400,0
1786000910.810790209,2291757645,0,2291411361,0,2291398348,17694,48500,0,0,0,0,0,799336723,753252545,2291398348,22333,82500,0,0,0,4638,0,0,0,0,2291812072,525160,503800,978900,2291812073,112013,2291811645,412530,14697,586,33,0,0,0,15400,0
1786000911.842273927,2291757645,0,2291411361,0,2291398348,17694,48500,0,0,0,0,0,799339816,753255634,2291398348,22333,82500,0,0,0,4638,0,0,0,0,2291812074,525160,503800,978900,2291812075,112013,2291811645,412530,14697,586,33,0,0,0,15400,0
1786000912.874454017,2291757645,0,2291411361,0,2291398348,17694,48500,0,0,0,0,0,799342911,753258717,2291398348,22333,82500,0,0,0,4638,0,0,0,0,2291812076,525160,503800,978900,2291812077,112013,2291811645,412530,14697,586,33,0,0,0,15400,0
1786000913.904453218,2291757645,0,2291411361,0,2291398348,17694,48500,0,0,0,0,0,799346000,753261671,2291398348,22333,82500,0,0,0,4638,0,0,0,0,2291812078,525160,503800,978900,2291812079,112013,2291811645,412530,14697,586,33,0,0,0,15400,0
1786000914.934195488,2291757645,0,2291411361,0,2291398348,17694,48500,0,0,0,0,0,799349087,753264729,2291398348,22333,82500,0,0,0,4638,0,0,0,0,2291812080,525160,503800,978900,2291812081,112013,2291811645,412530,14697,586,33,0,0,0,15400,0
1786000915.966503980,2291757645,0,2291411361,0,2291398348,17694,48500,0,0,0,0,0,799352185,753267822,2291398348,22333,82500,0,0,0,4638,0,0,0,0,2291812082,525160,503800,978900,2291812083,112013,2291811645,412530,14697,586,33,0,0,0,15400,0
1786000916.997590012,2291757645,0,2291411361,0,2291398348,17694,48500,0,0,0,0,0,799355275,753270908,2291398348,22333,82500,0,0,0,4638,0,0,0,0,2291812084,525160,503800,978900,2291812085,112013,2291811645,412530,14697,586,33,0,0,0,15400,0
1786000918.030152220,2291757645,0,2291411361,0,2291398348,17694,48500,0,0,0,0,0,799358374,753274000,2291398348,22333,82500,0,0,0,4638,0,0,0,0,2291812086,525160,503800,978900,2291812087,112013,2291811645,412530,14697,586,33,0,0,0,15400,0
1786000919.061727658,2291757645,0,2291411361,0,2291398348,17694,48500,0,0,0,0,0,799361468,753277057,2291398348,22333,82500,0,0,0,4638,0,0,0,0,2291812088,525160,503800,978900,2291812089,112013,2291811645,412530,14697,586,33,0,0,0,15400,0
1786000920.092251582,2291757645,0,2291411361,0,2291398348,17694,48500,0,0,0,0,0,799364556,753280035,2291398348,22333,82500,0,0,0,4638,0,0,0,0,2291812090,525160,503800,978900,2291812091,112013,2291811645,412530,14697,586,33,0,0,0,15400,0
1786000921.125556570,2291757645,0,2291411361,0,2291398348,17694,48500,0,0,0,0,0,799367653,753283127,2291398348,22333,82500,0,0,0,4638,0,0,0,0,2291812092,525160,503800,978900,2291812093,112013,2291811645,412530,14697,586,33,0,0,0,15400,0
1786000922.157627467,2291757645,0,2291411361,0,2291398348,17694,48500,0,0,0,0,0,799370751,753286219,2291398348,22333,82500,0,0,0,4638,0,0,0,0,2291812094,525160,503800,978900,2291812095,112013,2291811645,412530,14697,586,33,0,0,0,15400,0
1786000923.190574496,2291757645,0,2291411361,0,2291398348,17694,48500,0,0,0,0,0,799373849,753289311,2291398348,22333,82500,0,0,0,4638,0,0,0,0,2291812096,525160,503800,978900,2291812097,112013,2291811645,412530,14697,586,33,0,0,0,15400,0
1786000924.223330544,2291757645,0,2291411361,0,2291398348,17694,48500,0,0,0,0,0,799376945,753292402,2291398348,22333,82500,0,0,0,4638,0,0,0,0,2291812098,525160,503800,978900,2291812099,112013,2291811645,412530,14697,586,33,0,0,0,15400,0
1786000925.256092661,2291757645,0,2291411361,0,2291398348,17694,48500,0,0,0,0,0,799380043,753295399,2291398348,22333,82500,0,0,0,4638,0,0,0,0,2291812100,525160,503800,978900,2291812101,112013,2291811645,412530,14697,586,33,0,0,0,15400,0
1786000926.288044304,2291757645,0,2291411361,0,2291398348,17694,48500,0,0,0,0,0,799383136,753298428,2291398348,22333,82500,0,0,0,4638,0,0,0,0,2291812102,525160,503800,978900,2291812103,112013,2291811645,412530,14697,586,33,0,0,0,15400,0
1786000927.321367998,2291757645,0,2291411361,0,2291398348,17694,48500,0,0,0,0,0,799386234,753301522,2291398348,22333,82500,0,0,0,4638,0,0,0,0,2291812104,525160,503800,978900,2291812105,112013,2291811645,412530,14697,586,33,0,0,0,15400,0
1786000928.354526715,2291757645,0,2291411361,0,2291398348,17694,48500,0,0,0,0,0,799389333,753304615,2291398348,22333,82500,0,0,0,4638,0,0,0,0,2291812106,525160,503800,978900,2291812107,112013,2291811645,412530,14697,586,33,0,0,0,15400,0
1786000929.387066988,2291757645,0,2291411361,0,2291398348,17694,48500,0,0,0,0,0,799392429,753307706,2291398348,22333,82500,0,0,0,4638,0,0,0,0,2291812108,525160,503800,978900,2291812109,112013,2291811645,412530,14697,586,33,0,0,0,15400,0
1786000930.420105966,2291757645,0,2291411361,0,2291398348,17694,48500,0,0,0,0,0,799395528,753310799,2291398348,22333,82500,0,0,0,4638,0,0,0,0,2291812110,525160,503800,978900,2291812111,112013,2291811645,412530,14697,586,33,0,0,0,15400,0
1786000931.451906990,2291757645,0,2291411361,0,2291398348,17694,48500,0,0,0,0,0,799398623,753313770,2291398348,22333,82500,0,0,0,4638,0,0,0,0,2291812112,525160,503800,978900,2291812113,112013,2291811645,412530,14697,586,33,0,0,0,15400,0
1786000932.484984331,2291757645,0,2291411361,0,2291398348,17694,48500,0,0,0,0,0,799401719,753316840,2291398348,22333,82500,0,0,0,4638,0,0,0,0,2291812114,525160,503800,978900,2291812115,112013,2291811645,412530,14697,586,33,0,0,0,15400,0
1786000933.517134387,2291757645,0,2291411361,0,2291398348,17694,48500,0,0,0,0,0,799404815,753319931,2291398348,22333,82500,0,0,0,4638,0,0,0,0,2291812116,525160,503800,978900,2291812117,112013,2291811645,412530,14697,586,33,0,0,0,15400,0
1786000934.545785612,2291757645,0,2291411361,0,2291398348,17694,48500,0,0,0,0,0,799407899,753323009,2291398348,22333,82500,0,0,0,4638,0,0,0,0,2291812118,525160,503800,978900,2291812119,112013,2291811645,412530,14697,586,33,0,0,0,15400,0
1786000935.578012343,2291757645,0,2291411361,0,2291398348,17694,48500,0,0,0,0,0,799410995,753326078,2291398348,22333,82500,0,0,0,4638,0,0,0,0,2291812120,525160,503800,978900,2291812121,112013,2291811645,412530,14697,586,33,0,0,0,15400,0
1786000936.610645803,2291757645,0,2291411361,0,2291398348,17694,48500,0,0,0,0,0,799414091,753329151,2291398348,22333,82500,0,0,0,4638,0,0,0,0,2291812122,525160,503800,978900,2291812123,112013,2291811645,412530,14697,586,33,0,0,0,15400,0
1786000937.642775576,2291757645,0,2291411361,0,2291398348,17694,48500,0,0,0,0,0,799417186,753332130,2291398348,22333,82500,0,0,0,4638,0,0,0,0,2291812124,525160,503800,978900,2291812125,112013,2291811645,412530,14697,586,33,0,0,0,15400,0
1786000938.675644809,2291757645,0,2291411361,0,2291398348,17694,48500,0,0,0,0,0,799420283,753335222,2291398348,22333,82500,0,0,0,4638,0,0,0,0,2291812126,525160,503800,978900,2291812127,112013,2291811645,412530,14697,586,33,0,0,0,15400,0
1786000939.708069821,2291757645,0,2291411361,0,2291398348,17694,48500,0,0,0,0,0,799423382,753338314,2291398348,22333,82500,0,0,0,4638,0,0,0,0,2291812128,525160,503800,978900,2291812129,112013,2291811645,412530,14697,586,33,0,0,0,15400,0
1786000940.740567797,2291757645,0,2291411361,0,2291398348,17694,48500,0,0,0,0,0,799426477,753341404,2291398348,22333,82500,0,0,0,4638,0,0,0,0,2291812130,525160,503800,978900,2291812131,112013,2291811645,412530,14697,586,33,0,0,0,15400,0
1786000941.773634115,2291757645,0,2291411361,0,2291398348,17694,48500,0,0,0,0,0,799429578,753344498,2291398348,22333,82500,0,0,0,4638,0,0,0,0,2291812132,525160,503800,978900,2291812133,112013,2291811645,412530,14697,586,33,0,0,0,15400,0
1786000942.801645901,2291757645,0,2291411361,0,2291398348,17694,48500,0,0,0,0,0,799432660,753347505,2291398348,22333,82500,0,0,0,4638,0,0,0,0,2291812134,525160,503800,978900,2291812135,112013,2291811645,412530,14697,586,33,0,0,0,15400,0
1786000943.831025755,2291757645,0,2291411361,0,2291398348,17694,48500,0,0,0,0,0,799435746,753350519,2291398348,22333,82500,0,0,0,4638,0,0,0,0,2291812136,525160,503800,978900,2291812137,112013,2291811645,412530,14697,586,33,0,0,0,15400,0
1786000944.859084610,2291757645,0,2291411361,0,2291398348,17694,48500,0,0,0,0,0,799438830,753353597,2291398348,22333,82500,0,0,0,4638,0,0,0,0,2291812138,525160,503800,978900,2291812139,112013,2291811645,412530,14697,586,33,0,0,0,15400,0
1786000945.889099498,2291757645,0,2291411361,0,2291398348,17694,48500,0,0,0,0,0,799441917,753356658,2291398348,22333,82500,0,0,0,4638,0,0,0,0,2291812140,525160,503800,978900,2291812141,112013,2291811645,412530,14697,586,33,0,0,0,15400,0
1786000946.919913659,2291757645,0,2291411361,0,2291398348,17694,48500,0,0,0,0,0,799445010,753359746,2291398348,22333,82500,0,0,0,4638,0,0,0,0,2291812142,525160,503800,978900,2291812143,112013,2291811645,412530,14697,586,33,0,0,0,15400,0
1786000947.952399169,2291757645,0,2291411361,0,2291398348,17694,48500,0,0,0,0,0,799448105,753362837,2291398348,22333,82500,0,0,0,4638,0,0,0,0,2291812144,525160,503800,978900,2291812145,112013,2291811645,412530,14697,586,33,0,0,0,15400,0
1786000948.982505239,2291757645,0,2291411361,0,2291398348,17694,48500,0,0,0,0,0,799451195,753365812,2291398348,22333,82500,0,0,0,4638,0,0,0,0,2291812146,525160,503800,978900,2291812147,112013,2291811645,412530,14697,586,33,0,0,0,15400,0
1786000950.014451538,2291757645,0,2291411361,0,2291398348,17694,48500,0,0,0,0,0,799454290,753368879,2291398348,22333,82500,0,0,0,4638,0,0,0,0,2291812148,525160,503800,978900,2291812149,112013,2291811645,412530,14697,586,33,0,0,0,15400,0
1786000951.046925180,2291757645,0,2291411361,0,2291398348,17694,48500,0,0,0,0,0,799457387,753371971,2291398348,22333,82500,0,0,0,4638,0,0,0,0,2291812150,525160,503800,978900,2291812151,112013,2291811645,412530,14697,586,33,0,0,0,15400,0
1786000952.078995554,2291757645,0,2291411361,0,2291398348,17694,48500,0,0,0,0,0,799460482,753375061,2291398348,22333,82500,0,0,0,4638,0,0,0,0,2291812152,525160,503800,978900,2291812153,112013,2291811645,412530,14697,586,33,0,0,0,15400,0
1786000953.111138313,2291757645,0,2291411361,0,2291398348,17694,48500,0,0,0,0,0,799463578,753378151,2291398348,22333,82500,0,0,0,4638,0,0,0,0,2291812154,525160,503800,978900,2291812155,112013,2291811645,412530,14697,586,33,0,0,0,15400,0
1786000954.143860491,2291757645,0,2291411361,0,2291398348,17694,48500,0,0,0,0,0,799466671,753381232,2291398348,22333,82500,0,0,0,4638,0,0,0,0,2291812156,525160,503800,978900,2291812157,112013,2291811645,412530,14697,586,33,0,0,0,15400,0
1786000955.171424121,2291757645,0,2291411361,0,2291398348,17694,48500,0,0,0,0,0,799469758,753384149,2291398348,22333,82500,0,0,0,4638,0,0,0,0,2291812158,525160,503800,978900,2291812159,112013,2291811645,412530,14697,586,33,0,0,0,15400,0
1786000956.201159928,2291757645,0,2291411361,0,2291398348,17694,48500,0,0,0,0,0,799472842,753387187,2291398348,22333,82500,0,0,0,4638,0,0,0,0,2291812160,525160,503800,978900,2291812161,112013,2291811645,412530,14697,586,33,0,0,0,15400,0
1786000957.233908082,2291757645,0,2291411361,0,2291398348,17694,48500,0,0,0,0,0,799475940,753390278,2291398348,22333,82500,0,0,0,4638,0,0,0,0,2291812162,525160,503800,978900,2291812163,112013,2291811645,412530,14697,586,33,0,0,0,15400,0
1786000958.266815717,2291757645,0,2291411361,0,2291398348,17694,48500,0,0,0,0,0,799479038,753393371,2291398348,22333,82500,0,0,0,4638,0,0,0,0,2291812164,525160,503800,978900,2291812165,112013,2291811645,412530,14697,586,33,0,0,0,15400,0
1786000959.298420154,2291757645,0,2291411361,0,2291398348,17694,48500,0,0,0,0,0,799482132,753396459,2291398348,22333,82500,0,0,0,4638,0,0,0,0,2291812166,525160,503800,978900,2291812167,112013,2291811645,412530,14697,586,33,0,0,0,15400,0
1786000960.330843981,2291757645,0,2291411361,0,2291398348,17694,48500,0,0,0,0,0,799485229,753399541,2291398348,22333,82500,0,0,0,4638,0,0,0,0,2291812168,525160,503800,978900,2291812169,112013,2291811645,412530,14697,586,33,0,0,0,15400,0
1786000961.361561248,2291757645,0,2291411361,0,2291398348,17694,48500,0,0,0,0,0,799488316,753402501,2291398348,22333,82500,0,0,0,4638,0,0,0,0,2291812170,525160,503800,978900,2291812171,112013,2291811645,412530,14697,586,33,0,0,0,15400,0
1786000962.393821888,2291757645,0,2291411361,0,2291398348,17694,48500,0,0,0,0,0,799491410,753405589,2291398348,22333,82500,0,0,0,4638,0,0,0,0,2291812172,525160,503800,978900,2291812173,112013,2291811645,412530,14697,586,33,0,0,0,15400,0
1786000963.426127774,2291757645,0,2291411361,0,2291398348,17694,48500,0,0,0,0,0,799494507,753408678,2291398348,22333,82500,0,0,0,4638,0,0,0,0,2291812174,525160,503800,978900,2291812175,112013,2291811645,412530,14697,586,33,0,0,0,15400,0
1786000964.458869746,2291757645,0,2291411361,0,2291398348,17694,48500,0,0,0,0,0,799497605,753411771,2291398348,22333,82500,0,0,0,4638,0,0,0,0,2291812176,525160,503800,978900,2291812177,112013,2291811645,412530,14697,586,33,0,0,0,15400,0
1786000965.488573494,2291757645,0,2291411361,0,2291398348,17694,48500,0,0,0,0,0,799500693,753414852,2291398348,22333,82500,0,0,0,4638,0,0,0,0,2291812178,525160,503800,978900,2291812179,112013,2291811645,412530,14697,586,33,0,0,0,15400,0
1786000966.517423420,2291757645,0,2291411361,0,2291398348,17694,48500,0,0,0,0,0,799503782,753417875,2291398348,22333,82500,0,0,0,4638,0,0,0,0,2291812180,525160,503800,978900,2291812181,112013,2291811645,412530,14697,586,33,0,0,0,15400,0
1786000967.550112858,2291757645,0,2291411361,0,2291398348,17694,48500,0,0,0,0,0,799506873,753420864,2291398348,22333,82500,0,0,0,4638,0,0,0,0,2291812182,525160,503800,978900,2291812183,112013,2291811645,412530,14697,586,33,0,0,0,15400,0
1786000968.581822097,2291757645,0,2291411361,0,2291398348,17694,48500,0,0,0,0,0,799509967,753423953,2291398348,22333,82500,0,0,0,4638,0,0,0,0,2291812184,525160,503800,978900,2291812185,112013,2291811645,412530,14697,586,33,0,0,0,15400,0
1786000969.613643264,2291757645,0,2291411361,0,2291398348,17694,48500,0,0,0,0,0,799513062,753427042,2291398348,22333,82500,0,0,0,4638,0,0,0,0,2291812186,525160,503800,978900,2291812187,112013,2291811645,412530,14697,586,33,0,0,0,15400,0
1786000970.645587066,2291757645,0,2291411361,0,2291398348,17694,48500,0,0,0,0,0,799516158,753430132,2291398348,22333,82500,0,0,0,4638,0,0,0,0,2291812188,525160,503800,978900,2291812189,112013,2291811645,412530,14697,586,33,0,0,0,15400,0
1786000971.677181590,2291757645,0,2291411361,0,2291398348,17694,48500,0,0,0,0,0,799519251,753433221,2291398348,22333,82500,0,0,0,4638,0,0,0,0,2291812190,525160,503800,978900,2291812191,112013,2291811645,412530,14697,586,33,0,0,0,15400,0
1786000972.708454836,2291757645,0,2291411361,0,2291398348,17694,48500,0,0,0,0,0,799522342,753436224,2291398348,22333,82500,0,0,0,4638,0,0,0,0,2291812192,525160,503800,978900,2291812193,112013,2291811645,412530,14697,586,33,0,0,0,15400,0
1786000973.741072101,2291757645,0,2291411361,0,2291398348,17694,48500,0,0,0,0,0,799525439,753439258,2291398348,22333,82500,0,0,0,4638,0,0,0,0,2291812194,525160,503800,978900,2291812195,112013,2291811645,412530,14697,586,33,0,0,0,15400,0
1786000974.769906629,2291757645,0,2291411361,0,2291398348,17694,48500,0,0,0,0,0,799528533,753442346,2291398348,22333,82500,0,0,0,4638,0,0,0,0,2291812196,525160,503800,978900,2291812197,112013,2291811645,412530,14697,586,33,0,0,0,15400,0
1786000975.795476575,2291757645,0,2291411361,0,2291398348,17694,48500,0,0,0,0,0,799531607,753445414,2291398348,22333,82500,0,0,0,4638,0,0,0,0,2291812198,525160,503800,978900,2291812199,112013,2291811645,412530,14697,586,33,0,0,0,15400,0
1786000976.824855009,2291757645,0,2291411361,0,2291398348,17694,48500,0,0,0,0,0,799534691,753448470,2291398348,22333,82500,0,0,0,4638,0,0,0,0,2291812200,525160,503800,978900,2291812201,112013,2291811645,412530,14697,586,33,0,0,0,15400,0
1786000977.848289792,2291757645,0,2291411361,0,2291398348,17694,48500,0,0,0,0,0,799537762,753451537,2291398348,22333,82500,0,0,0,4638,0,0,0,0,2291812202,525160,503800,978900,2291812203,112013,2291811645,412530,14697,586,33,0,0,0,15400,0
1786000978.879060529,2291757645,0,2291411361,0,2291398348,17694,48500,0,0,0,0,0,799540851,753454501,2291398348,22333,82500,0,0,0,4638,0,0,0,0,2291812204,525160,503800,978900,2291812205,112013,2291811645,412530,14697,586,33,0,0,0,15400,0
1786000979.911799150,2291757645,0,2291411361,0,2291398348,17694,48500,0,0,0,0,0,799543950,753457574,2291398348,22333,82500,0,0,0,4638,0,0,0,0,2291812206,525160,503800,978900,2291812207,112013,2291811645,412530,14697,586,33,0,0,0,15400,0
1786000980.944122963,2291757645,0,2291411361,0,2291398348,17694,48500,0,0,0,0,0,799547044,753460664,2291398348,22333,82500,0,0,0,4638,0,0,0,0,2291812208,525160,503800,978900,2291812209,112013,2291811645,412530,14697,586,33,0,0,0,15400,0
