ts,cmd_get,cmd_set,get_hits,get_misses,rcount,ravg,rp99,wcount,wavg,wp99,badcrc,err5,cpu_total,cpu_idle,re2ec,re2ea,re2ep99,we2ec,we2ea,we2ep99,radmit,wadmit,wret,waitenq,yields,srvc,srva,srvp50,srvp99,quec,quea,bkc,bka,rxfer,rcrypto,rsync,wxfer,wcrypto,wsync,rp50,wp50
1785996537.486615623,0,18019352,0,0,0,0,0,0,0,0,0,0,786221514,745087044,0,0,0,0,0,0,0,0,0,0,0,0,0,0,0,0,0,0,0,0,0,0,0,0,0,0,0
1785996538.509457753,0,18019352,0,0,0,0,0,0,0,0,0,0,786224582,745090017,0,0,0,0,0,0,0,0,0,0,0,0,0,0,0,0,0,0,0,0,0,0,0,0,0,0,0
1785996539.534054195,0,18019352,0,0,0,0,0,0,0,0,0,0,786227653,745093036,0,0,0,0,0,0,0,0,0,0,0,0,0,0,0,0,0,0,0,0,0,0,0,0,0,0,0
1785996540.561355591,0,18019352,0,0,0,0,0,0,0,0,0,0,786230734,745096111,0,0,0,0,0,0,0,0,0,0,0,0,0,0,0,0,0,0,0,0,0,0,0,0,0,0,0
1785996541.588366729,0,18019352,0,0,0,0,0,0,0,0,0,0,786233818,745099187,0,0,0,0,0,0,0,0,0,0,0,0,0,0,0,0,0,0,0,0,0,0,0,0,0,0,0
1785996542.611175234,0,18019352,0,0,0,0,0,0,0,0,0,0,786236891,745102256,0,0,0,0,0,0,0,0,0,0,0,0,0,0,0,0,0,0,0,0,0,0,0,0,0,0,0
1785996543.634177989,0,18019352,0,0,0,0,0,0,0,0,0,0,786239952,745105314,0,0,0,0,0,0,0,0,0,0,0,0,0,0,0,0,0,0,0,0,0,0,0,0,0,0,0
1785996544.660271130,0,18019352,0,0,0,0,0,0,0,0,0,0,786243030,745108249,0,0,0,0,0,0,0,0,0,0,0,0,0,0,0,0,0,0,0,0,0,0,0,0,0,0,0
1785996545.688305533,0,18019352,0,0,0,0,0,0,0,0,0,0,786246114,745111315,0,0,0,0,0,0,0,0,0,0,0,0,0,0,0,0,0,0,0,0,0,0,0,0,0,0,0
1785996546.716020125,0,18019352,0,0,0,0,0,0,0,0,0,0,786249196,745114391,0,0,0,0,0,0,0,0,0,0,0,0,0,0,0,0,0,0,0,0,0,0,0,0,0,0,0
1785996547.739932400,0,18019352,0,0,0,0,0,0,0,0,0,0,786252268,745117459,0,0,0,0,0,0,0,0,0,0,0,0,0,0,0,0,0,0,0,0,0,0,0,0,0,0,0
1785996548.766756331,0,18019352,0,0,0,0,0,0,0,0,0,0,786255345,745120531,0,0,0,0,0,0,0,0,0,0,0,0,0,0,0,0,0,0,0,0,0,0,0,0,0,0,0
1785996549.793364063,0,18019352,0,0,0,0,0,0,0,0,0,0,786258428,745123602,0,0,0,0,0,0,0,0,0,0,0,0,0,0,0,0,0,0,0,0,0,0,0,0,0,0,0
1785996550.819548603,0,18019352,0,0,0,0,0,0,0,0,0,0,786261501,745126543,0,0,0,0,0,0,0,0,0,0,0,0,0,0,0,0,0,0,0,0,0,0,0,0,0,0,0
1785996551.846417283,0,18019352,0,0,0,0,0,0,0,0,0,0,786264583,745129618,0,0,0,0,0,0,0,0,0,0,0,0,0,0,0,0,0,0,0,0,0,0,0,0,0,0,0
1785996552.873235375,0,18019352,0,0,0,0,0,0,0,0,0,0,786267661,745132692,0,0,0,0,0,0,0,0,0,0,0,0,0,0,0,0,0,0,0,0,0,0,0,0,0,0,0
1785996553.900591955,0,18019352,0,0,0,0,0,0,0,0,0,0,786270744,745135769,0,0,0,0,0,0,0,0,0,0,0,0,0,0,0,0,0,0,0,0,0,0,0,0,0,0,0
1785996554.925183040,0,18019352,0,0,0,0,0,0,0,0,0,0,786273818,745138784,0,0,0,0,0,0,0,0,0,0,0,0,0,0,0,0,0,0,0,0,0,0,0,0,0,0,0
1785996555.950510104,0,18019352,0,0,0,0,0,0,0,0,0,0,786276893,745141802,0,0,0,0,0,0,0,0,0,0,0,0,0,0,0,0,0,0,0,0,0,0,0,0,0,0,0
1785996556.979239296,0,18019352,0,0,0,0,0,0,0,0,0,0,786279974,745144792,0,0,0,0,0,0,0,0,0,0,0,0,0,0,0,0,0,0,0,0,0,0,0,0,0,0,0
1785996558.006201729,0,18019352,0,0,0,0,0,0,0,0,0,0,786283056,745147869,0,0,0,0,0,0,0,0,0,0,0,0,0,0,0,0,0,0,0,0,0,0,0,0,0,0,0
1785996559.033810304,0,18019352,0,0,0,0,0,0,0,0,0,0,786286138,745150945,0,0,0,0,0,0,0,0,0,0,0,0,0,0,0,0,0,0,0,0,0,0,0,0,0,0,0
1785996560.060612867,0,18019352,0,0,0,0,0,0,0,0,0,0,786289217,745154020,0,0,0,0,0,0,0,0,0,0,0,0,0,0,0,0,0,0,0,0,0,0,0,0,0,0,0
1785996561.087412989,0,18019352,0,0,0,0,0,0,0,0,0,0,786292298,745157095,0,0,0,0,0,0,0,0,0,0,0,0,0,0,0,0,0,0,0,0,0,0,0,0,0,0,0
1785996562.113329137,0,18019352,0,0,0,0,0,0,0,0,0,0,786295376,745160080,0,0,0,0,0,0,0,0,0,0,0,0,0,0,0,0,0,0,0,0,0,0,0,0,0,0,0
1785996563.139983888,0,18019352,0,0,0,0,0,0,0,0,0,0,786298455,745163109,0,0,0,0,0,0,0,0,0,0,0,0,0,0,0,0,0,0,0,0,0,0,0,0,0,0,0
1785996564.165972241,0,18019352,0,0,0,0,0,0,0,0,0,0,786301532,745166181,0,0,0,0,0,0,0,0,0,0,0,0,0,0,0,0,0,0,0,0,0,0,0,0,0,0,0
1785996565.194116242,0,18019352,0,0,0,0,0,0,0,0,0,0,786304615,745169238,0,0,0,0,0,0,0,0,0,0,0,0,0,0,0,0,0,0,0,0,0,0,0,0,0,0,0
1785996566.220565698,0,18019352,0,0,0,0,0,0,0,0,0,0,786307696,745172310,0,0,0,0,0,0,0,0,0,0,0,0,0,0,0,0,0,0,0,0,0,0,0,0,0,0,0
1785996567.247830537,0,18019352,0,0,0,0,0,0,0,0,0,0,786310776,745175386,0,0,0,0,0,0,0,0,0,0,0,0,0,0,0,0,0,0,0,0,0,0,0,0,0,0,0
1785996568.275777563,0,18019352,0,0,0,0,0,0,0,0,0,0,786313858,745178347,0,0,0,0,0,0,0,0,0,0,0,0,0,0,0,0,0,0,0,0,0,0,0,0,0,0,0
1785996569.302048240,0,18019352,0,0,0,0,0,0,0,0,0,0,786316938,745181421,0,0,0,0,0,0,0,0,0,0,0,0,0,0,0,0,0,0,0,0,0,0,0,0,0,0,0
1785996570.328921553,0,18019352,0,0,0,0,0,0,0,0,0,0,786320018,745184495,0,0,0,0,0,0,0,0,0,0,0,0,0,0,0,0,0,0,0,0,0,0,0,0,0,0,0
1785996571.356049721,0,18019352,0,0,0,0,0,0,0,0,0,0,786323097,745187571,0,0,0,0,0,0,0,0,0,0,0,0,0,0,0,0,0,0,0,0,0,0,0,0,0,0,0
1785996572.381253362,0,18019352,0,0,0,0,0,0,0,0,0,0,786326172,745190642,0,0,0,0,0,0,0,0,0,0,0,0,0,0,0,0,0,0,0,0,0,0,0,0,0,0,0
1785996573.406731876,0,18019352,0,0,0,0,0,0,0,0,0,0,786329247,745193701,0,0,0,0,0,0,0,0,0,0,0,0,0,0,0,0,0,0,0,0,0,0,0,0,0,0,0
1785996574.434252275,0,18019352,0,0,0,0,0,0,0,0,0,0,786332328,745196652,0,0,0,0,0,0,0,0,0,0,0,0,0,0,0,0,0,0,0,0,0,0,0,0,0,0,0
1785996575.461121429,0,18019352,0,0,0,0,0,0,0,0,0,0,786335407,745199710,0,0,0,0,0,0,0,0,0,0,0,0,0,0,0,0,0,0,0,0,0,0,0,0,0,0,0
1785996576.488172647,0,18019352,0,0,0,0,0,0,0,0,0,0,786338488,745202781,0,0,0,0,0,0,0,0,0,0,0,0,0,0,0,0,0,0,0,0,0,0,0,0,0,0,0
1785996577.515500680,0,18019352,0,0,0,0,0,0,0,0,0,0,786341570,745205857,0,0,0,0,0,0,0,0,0,0,0,0,0,0,0,0,0,0,0,0,0,0,0,0,0,0,0
1785996578.543748587,0,18019352,0,0,0,0,0,0,0,0,0,0,786344654,745208936,0,0,0,0,0,0,0,0,0,0,0,0,0,0,0,0,0,0,0,0,0,0,0,0,0,0,0
1785996579.571266073,0,18019352,0,0,0,0,0,0,0,0,0,0,786347734,745211956,0,0,0,0,0,0,0,0,0,0,0,0,0,0,0,0,0,0,0,0,0,0,0,0,0,0,0
1785996580.598732828,0,18019352,0,0,0,0,0,0,0,0,0,0,786350819,745214953,0,0,0,0,0,0,0,0,0,0,0,0,0,0,0,0,0,0,0,0,0,0,0,0,0,0,0
1785996581.624789321,0,18019352,0,0,0,0,0,0,0,0,0,0,786353894,745218025,0,0,0,0,0,0,0,0,0,0,0,0,0,0,0,0,0,0,0,0,0,0,0,0,0,0,0
1785996582.651475842,0,18019352,0,0,0,0,0,0,0,0,0,0,786356976,745221100,0,0,0,0,0,0,0,0,0,0,0,0,0,0,0,0,0,0,0,0,0,0,0,0,0,0,0
1785996583.678251098,0,18019352,0,0,0,0,0,0,0,0,0,0,786360056,745224175,0,0,0,0,0,0,0,0,0,0,0,0,0,0,0,0,0,0,0,0,0,0,0,0,0,0,0
1785996584.705988546,0,18019352,0,0,0,0,0,0,0,0,0,0,786363136,745227251,0,0,0,0,0,0,0,0,0,0,0,0,0,0,0,0,0,0,0,0,0,0,0,0,0,0,0
1785996585.732390560,0,18019352,0,0,0,0,0,0,0,0,0,0,786366215,745230214,0,0,0,0,0,0,0,0,0,0,0,0,0,0,0,0,0,0,0,0,0,0,0,0,0,0,0
1785996586.760181211,0,18019352,0,0,0,0,0,0,0,0,0,0,786369298,745233251,0,0,0,0,0,0,0,0,0,0,0,0,0,0,0,0,0,0,0,0,0,0,0,0,0,0,0
1785996587.783426325,0,18019352,0,0,0,0,0,0,0,0,0,0,786372373,745236320,0,0,0,0,0,0,0,0,0,0,0,0,0,0,0,0,0,0,0,0,0,0,0,0,0,0,0
1785996588.807874158,0,18019352,0,0,0,0,0,0,0,0,0,0,786375438,745239382,0,0,0,0,0,0,0,0,0,0,0,0,0,0,0,0,0,0,0,0,0,0,0,0,0,0,0
1785996589.834959168,0,18019352,0,0,0,0,0,0,0,0,0,0,786378522,745242460,0,0,0,0,0,0,0,0,0,0,0,0,0,0,0,0,0,0,0,0,0,0,0,0,0,0,0
1785996590.862334389,0,18019352,0,0,0,0,0,0,0,0,0,0,786381602,745245536,0,0,0,0,0,0,0,0,0,0,0,0,0,0,0,0,0,0,0,0,0,0,0,0,0,0,0
1785996591.888282941,0,18019352,0,0,0,0,0,0,0,0,0,0,786384678,745248473,0,0,0,0,0,0,0,0,0,0,0,0,0,0,0,0,0,0,0,0,0,0,0,0,0,0,0
1785996592.915247797,0,18019352,0,0,0,0,0,0,0,0,0,0,786387758,745251547,0,0,0,0,0,0,0,0,0,0,0,0,0,0,0,0,0,0,0,0,0,0,0,0,0,0,0
1785996593.938888569,0,18019352,0,0,0,0,0,0,0,0,0,0,786390834,745254618,0,0,0,0,0,0,0,0,0,0,0,0,0,0,0,0,0,0,0,0,0,0,0,0,0,0,0
1785996594.962503051,0,18019352,0,0,0,0,0,0,0,0,0,0,786393901,745257680,0,0,0,0,0,0,0,0,0,0,0,0,0,0,0,0,0,0,0,0,0,0,0,0,0,0,0
1785996595.988473107,0,18019352,0,0,0,0,0,0,0,0,0,0,786396978,745260744,0,0,0,0,0,0,0,0,0,0,0,0,0,0,0,0,0,0,0,0,0,0,0,0,0,0,0
1785996597.015852139,0,18019352,0,0,0,0,0,0,0,0,0,0,786400058,745263781,0,0,0,0,0,0,0,0,0,0,0,0,0,0,0,0,0,0,0,0,0,0,0,0,0,0,0
1785996598.043979689,0,18019352,0,0,0,0,0,0,0,0,0,0,786403143,745266745,0,0,0,0,0,0,0,0,0,0,0,0,0,0,0,0,0,0,0,0,0,0,0,0,0,0,0
1785996599.071150521,0,18019352,0,0,0,0,0,0,0,0,0,0,786406221,745269819,0,0,0,0,0,0,0,0,0,0,0,0,0,0,0,0,0,0,0,0,0,0,0,0,0,0,0
1785996600.098339436,0,18019352,0,0,0,0,0,0,0,0,0,0,786409306,745272897,0,0,0,0,0,0,0,0,0,0,0,0,0,0,0,0,0,0,0,0,0,0,0,0,0,0,0
1785996601.125416165,0,18019352,0,0,0,0,0,0,0,0,0,0,786412387,745275972,0,0,0,0,0,0,0,0,0,0,0,0,0,0,0,0,0,0,0,0,0,0,0,0,0,0,0
1785996602.151974053,0,18019352,0,0,0,0,0,0,0,0,0,0,786415465,745279046,0,0,0,0,0,0,0,0,0,0,0,0,0,0,0,0,0,0,0,0,0,0,0,0,0,0,0
1785996603.177198967,0,18019352,0,0,0,0,0,0,0,0,0,0,786418543,745282052,0,0,0,0,0,0,0,0,0,0,0,0,0,0,0,0,0,0,0,0,0,0,0,0,0,0,0
1785996604.204278517,0,18019352,0,0,0,0,0,0,0,0,0,0,786421624,745285056,0,0,0,0,0,0,0,0,0,0,0,0,0,0,0,0,0,0,0,0,0,0,0,0,0,0,0
1785996605.230383549,0,18019352,0,0,0,0,0,0,0,0,0,0,786424702,745288128,0,0,0,0,0,0,0,0,0,0,0,0,0,0,0,0,0,0,0,0,0,0,0,0,0,0,0
1785996606.256919771,0,18019352,0,0,0,0,0,0,0,0,0,0,786427783,745291198,0,0,0,0,0,0,0,0,0,0,0,0,0,0,0,0,0,0,0,0,0,0,0,0,0,0,0
1785996607.278602537,0,18019352,0,0,0,0,0,0,0,0,0,0,786430845,745294239,0,0,0,0,0,0,0,0,0,0,0,0,0,0,0,0,0,0,0,0,0,0,0,0,0,0,0
1785996608.304230173,0,18019352,0,0,0,0,0,0,0,0,0,0,786433920,745297310,0,0,0,0,0,0,0,0,0,0,0,0,0,0,0,0,0,0,0,0,0,0,0,0,0,0,0
1785996609.331161547,0,18019352,0,0,0,0,0,0,0,0,0,0,786437003,745300283,0,0,0,0,0,0,0,0,0,0,0,0,0,0,0,0,0,0,0,0,0,0,0,0,0,0,0
1785996610.358463235,0,18019352,0,0,0,0,0,0,0,0,0,0,786440084,745303329,0,0,0,0,0,0,0,0,0,0,0,0,0,0,0,0,0,0,0,0,0,0,0,0,0,0,0
1785996611.385284053,0,18019352,0,0,0,0,0,0,0,0,0,0,786443165,745306405,0,0,0,0,0,0,0,0,0,0,0,0,0,0,0,0,0,0,0,0,0,0,0,0,0,0,0
1785996612.412498509,0,18019352,0,0,0,0,0,0,0,0,0,0,786446246,745309481,0,0,0,0,0,0,0,0,0,0,0,0,0,0,0,0,0,0,0,0,0,0,0,0,0,0,0
1785996613.439777015,0,18019352,0,0,0,0,0,0,0,0,0,0,786449327,745312557,0,0,0,0,0,0,0,0,0,0,0,0,0,0,0,0,0,0,0,0,0,0,0,0,0,0,0
1785996614.465424492,0,18019352,0,0,0,0,0,0,0,0,0,0,786452405,745315626,0,0,0,0,0,0,0,0,0,0,0,0,0,0,0,0,0,0,0,0,0,0,0,0,0,0,0
1785996615.489452659,0,18019352,0,0,0,0,0,0,0,0,0,0,786455477,745318537,0,0,0,0,0,0,0,0,0,0,0,0,0,0,0,0,0,0,0,0,0,0,0,0,0,0,0
1785996616.515373512,0,18019352,0,0,0,0,0,0,0,0,0,0,786458555,745321576,0,0,0,0,0,0,0,0,0,0,0,0,0,0,0,0,0,0,0,0,0,0,0,0,0,0,0
1785996617.537102810,0,18019352,0,0,0,0,0,0,0,0,0,0,786461618,745324615,0,0,0,0,0,0,0,0,0,0,0,0,0,0,0,0,0,0,0,0,0,0,0,0,0,0,0
1785996618.563777099,0,18019352,0,0,0,0,0,0,0,0,0,0,786464699,745327691,0,0,0,0,0,0,0,0,0,0,0,0,0,0,0,0,0,0,0,0,0,0,0,0,0,0,0
1785996619.590614960,0,18019352,0,0,0,0,0,0,0,0,0,0,786467778,745330765,0,0,0,0,0,0,0,0,0,0,0,0,0,0,0,0,0,0,0,0,0,0,0,0,0,0,0
1785996620.614877423,0,18019352,0,0,0,0,0,0,0,0,0,0,786470854,745333835,0,0,0,0,0,0,0,0,0,0,0,0,0,0,0,0,0,0,0,0,0,0,0,0,0,0,0
1785996621.636331727,0,18019352,0,0,0,0,0,0,0,0,0,0,786473913,745336753,0,0,0,0,0,0,0,0,0,0,0,0,0,0,0,0,0,0,0,0,0,0,0,0,0,0,0
1785996622.663296351,0,18019352,0,0,0,0,0,0,0,0,0,0,786476994,745339828,0,0,0,0,0,0,0,0,0,0,0,0,0,0,0,0,0,0,0,0,0,0,0,0,0,0,0
1785996623.690258385,0,18019352,0,0,0,0,0,0,0,0,0,0,786480074,745342904,0,0,0,0,0,0,0,0,0,0,0,0,0,0,0,0,0,0,0,0,0,0,0,0,0,0,0
1785996624.718290426,0,18019352,0,0,0,0,0,0,0,0,0,0,786483158,745345982,0,0,0,0,0,0,0,0,0,0,0,0,0,0,0,0,0,0,0,0,0,0,0,0,0,0,0
1785996625.745153439,0,18019352,0,0,0,0,0,0,0,0,0,0,786486236,745349056,0,0,0,0,0,0,0,0,0,0,0,0,0,0,0,0,0,0,0,0,0,0,0,0,0,0,0
1785996626.768741858,0,18019352,0,0,0,0,0,0,0,0,0,0,786489315,745352092,0,0,0,0,0,0,0,0,0,0,0,0,0,0,0,0,0,0,0,0,0,0,0,0,0,0,0
1785996627.798374475,0,18019352,0,0,0,0,0,0,0,0,0,0,786492395,745355047,0,0,0,0,0,0,0,0,0,0,0,0,0,0,0,0,0,0,0,0,0,0,0,0,0,0,0
1785996628.825599910,0,18019352,0,0,0,0,0,0,0,0,0,0,786495475,745358124,0,0,0,0,0,0,0,0,0,0,0,0,0,0,0,0,0,0,0,0,0,0,0,0,0,0,0
1785996629.852792020,0,18019352,0,0,0,0,0,0,0,0,0,0,786498557,745361200,0,0,0,0,0,0,0,0,0,0,0,0,0,0,0,0,0,0,0,0,0,0,0,0,0,0,0
1785996630.880394426,0,18019352,0,0,0,0,0,0,0,0,0,0,786501638,745364276,0,0,0,0,0,0,0,0,0,0,0,0,0,0,0,0,0,0,0,0,0,0,0,0,0,0,0
1785996631.907126148,0,18019352,0,0,0,0,0,0,0,0,0,0,786504719,745367352,0,0,0,0,0,0,0,0,0,0,0,0,0,0,0,0,0,0,0,0,0,0,0,0,0,0,0
1785996632.931986761,0,18019352,0,0,0,0,0,0,0,0,0,0,786507793,745370346,0,0,0,0,0,0,0,0,0,0,0,0,0,0,0,0,0,0,0,0,0,0,0,0,0,0,0
1785996633.958159142,0,18019352,0,0,0,0,0,0,0,0,0,0,786510868,745373361,0,0,0,0,0,0,0,0,0,0,0,0,0,0,0,0,0,0,0,0,0,0,0,0,0,0,0
1785996634.985599453,0,18019352,0,0,0,0,0,0,0,0,0,0,786513950,745376438,0,0,0,0,0,0,0,0,0,0,0,0,0,0,0,0,0,0,0,0,0,0,0,0,0,0,0
1785996636.014027253,0,18019352,0,0,0,0,0,0,0,0,0,0,786517036,745379518,0,0,0,0,0,0,0,0,0,0,0,0,0,0,0,0,0,0,0,0,0,0,0,0,0,0,0
1785996637.040079658,0,18019352,0,0,0,0,0,0,0,0,0,0,786520113,745382588,0,0,0,0,0,0,0,0,0,0,0,0,0,0,0,0,0,0,0,0,0,0,0,0,0,0,0
1785996638.066339191,0,18019352,0,0,0,0,0,0,0,0,0,0,786523190,745385640,0,0,0,0,0,0,0,0,0,0,0,0,0,0,0,0,0,0,0,0,0,0,0,0,0,0,0
1785996639.093356832,0,18019352,0,0,0,0,0,0,0,0,0,0,786526270,745388600,0,0,0,0,0,0,0,0,0,0,0,0,0,0,0,0,0,0,0,0,0,0,0,0,0,0,0
1785996640.118241655,0,18019352,0,0,0,0,0,0,0,0,0,0,786529345,745391646,0,0,0,0,0,0,0,0,0,0,0,0,0,0,0,0,0,0,0,0,0,0,0,0,0,0,0
1785996641.146327561,0,18019352,0,0,0,0,0,0,0,0,0,0,786532426,745394723,0,0,0,0,0,0,0,0,0,0,0,0,0,0,0,0,0,0,0,0,0,0,0,0,0,0,0
1785996642.173770897,0,18019352,0,0,0,0,0,0,0,0,0,0,786535510,745397800,0,0,0,0,0,0,0,0,0,0,0,0,0,0,0,0,0,0,0,0,0,0,0,0,0,0,0
1785996643.201110152,0,18019352,0,0,0,0,0,0,0,0,0,0,786538590,745400876,0,0,0,0,0,0,0,0,0,0,0,0,0,0,0,0,0,0,0,0,0,0,0,0,0,0,0
1785996644.227214455,0,18019352,0,0,0,0,0,0,0,0,0,0,786541668,745403945,0,0,0,0,0,0,0,0,0,0,0,0,0,0,0,0,0,0,0,0,0,0,0,0,0,0,0
1785996645.254487071,0,18019352,0,0,0,0,0,0,0,0,0,0,786544750,745406895,0,0,0,0,0,0,0,0,0,0,0,0,0,0,0,0,0,0,0,0,0,0,0,0,0,0,0
1785996646.281353367,0,18019352,0,0,0,0,0,0,0,0,0,0,786547831,745409971,0,0,0,0,0,0,0,0,0,0,0,0,0,0,0,0,0,0,0,0,0,0,0,0,0,0,0
1785996647.308340782,0,18019352,0,0,0,0,0,0,0,0,0,0,786550912,745413046,0,0,0,0,0,0,0,0,0,0,0,0,0,0,0,0,0,0,0,0,0,0,0,0,0,0,0
1785996648.335484876,0,18019352,0,0,0,0,0,0,0,0,0,0,786553993,745416097,0,0,0,0,0,0,0,0,0,0,0,0,0,0,0,0,0,0,0,0,0,0,0,0,0,0,0
1785996649.361793544,0,18019352,0,0,0,0,0,0,0,0,0,0,786557071,745419171,0,0,0,0,0,0,0,0,0,0,0,0,0,0,0,0,0,0,0,0,0,0,0,0,0,0,0
1785996650.382005155,0,18019352,0,0,0,0,0,0,0,0,0,0,786560131,745422181,0,0,0,0,0,0,0,0,0,0,0,0,0,0,0,0,0,0,0,0,0,0,0,0,0,0,0
1785996651.409546300,0,18019352,0,0,0,0,0,0,0,0,0,0,786563213,745425172,0,0,0,0,0,0,0,0,0,0,0,0,0,0,0,0,0,0,0,0,0,0,0,0,0,0,0
1785996652.434451198,0,18019352,0,0,0,0,0,0,0,0,0,0,786566285,745428240,0,0,0,0,0,0,0,0,0,0,0,0,0,0,0,0,0,0,0,0,0,0,0,0,0,0,0
1785996653.458623334,0,18019352,0,0,0,0,0,0,0,0,0,0,786569358,745431308,0,0,0,0,0,0,0,0,0,0,0,0,0,0,0,0,0,0,0,0,0,0,0,0,0,0,0
1785996654.485838386,0,18019352,0,0,0,0,0,0,0,0,0,0,786572439,745434385,0,0,0,0,0,0,0,0,0,0,0,0,0,0,0,0,0,0,0,0,0,0,0,0,0,0,0
1785996655.513327120,0,18019352,0,0,0,0,0,0,0,0,0,0,786575521,745437460,0,0,0,0,0,0,0,0,0,0,0,0,0,0,0,0,0,0,0,0,0,0,0,0,0,0,0
1785996656.539965997,0,18019352,0,0,0,0,0,0,0,0,0,0,786578598,745440443,0,0,0,0,0,0,0,0,0,0,0,0,0,0,0,0,0,0,0,0,0,0,0,0,0,0,0
1785996657.564299123,0,18019352,0,0,0,0,0,0,0,0,0,0,786581670,745443463,0,0,0,0,0,0,0,0,0,0,0,0,0,0,0,0,0,0,0,0,0,0,0,0,0,0,0
1785996658.590854812,0,18019352,0,0,0,0,0,0,0,0,0,0,786584751,745446516,0,0,0,0,0,0,0,0,0,0,0,0,0,0,0,0,0,0,0,0,0,0,0,0,0,0,0
1785996659.617837238,0,18019352,0,0,0,0,0,0,0,0,0,0,786587830,745449590,0,0,0,0,0,0,0,0,0,0,0,0,0,0,0,0,0,0,0,0,0,0,0,0,0,0,0
1785996660.644509250,0,18019352,0,0,0,0,0,0,0,0,0,0,786590912,745452665,0,0,0,0,0,0,0,0,0,0,0,0,0,0,0,0,0,0,0,0,0,0,0,0,0,0,0
1785996661.671181021,0,18019352,0,0,0,0,0,0,0,0,0,0,786593991,745455740,0,0,0,0,0,0,0,0,0,0,0,0,0,0,0,0,0,0,0,0,0,0,0,0,0,0,0
1785996662.697377962,0,18019352,0,0,0,0,0,0,0,0,0,0,786597067,745458686,0,0,0,0,0,0,0,0,0,0,0,0,0,0,0,0,0,0,0,0,0,0,0,0,0,0,0
1785996663.724480402,0,18019352,0,0,0,0,0,0,0,0,0,0,786600145,745461726,0,0,0,0,0,0,0,0,0,0,0,0,0,0,0,0,0,0,0,0,0,0,0,0,0,0,0
1785996664.750745252,0,18019352,0,0,0,0,0,0,0,0,0,0,786603225,745464800,0,0,0,0,0,0,0,0,0,0,0,0,0,0,0,0,0,0,0,0,0,0,0,0,0,0,0
1785996665.775366842,0,18019352,0,0,0,0,0,0,0,0,0,0,786606299,745467869,0,0,0,0,0,0,0,0,0,0,0,0,0,0,0,0,0,0,0,0,0,0,0,0,0,0,0
1785996666.803145153,0,18019352,0,0,0,0,0,0,0,0,0,0,786609381,745470946,0,0,0,0,0,0,0,0,0,0,0,0,0,0,0,0,0,0,0,0,0,0,0,0,0,0,0
1785996667.827030781,0,18019352,0,0,0,0,0,0,0,0,0,0,786612452,745474005,0,0,0,0,0,0,0,0,0,0,0,0,0,0,0,0,0,0,0,0,0,0,0,0,0,0,0
1785996668.849162799,0,18019352,0,0,0,0,0,0,0,0,0,0,786615519,745476923,0,0,0,0,0,0,0,0,0,0,0,0,0,0,0,0,0,0,0,0,0,0,0,0,0,0,0
1785996669.876728522,0,18019352,0,0,0,0,0,0,0,0,0,0,786618601,745480000,0,0,0,0,0,0,0,0,0,0,0,0,0,0,0,0,0,0,0,0,0,0,0,0,0,0,0
1785996670.901635905,0,18019352,0,0,0,0,0,0,0,0,0,0,786621675,745483070,0,0,0,0,0,0,0,0,0,0,0,0,0,0,0,0,0,0,0,0,0,0,0,0,0,0,0
1785996671.924163793,0,18019352,0,0,0,0,0,0,0,0,0,0,786624745,745486134,0,0,0,0,0,0,0,0,0,0,0,0,0,0,0,0,0,0,0,0,0,0,0,0,0,0,0
1785996672.946081285,0,18019352,0,0,0,0,0,0,0,0,0,0,786627813,745489199,0,0,0,0,0,0,0,0,0,0,0,0,0,0,0,0,0,0,0,0,0,0,0,0,0,0,0
1785996673.969338870,0,18019352,0,0,0,0,0,0,0,0,0,0,786630878,745492208,0,0,0,0,0,0,0,0,0,0,0,0,0,0,0,0,0,0,0,0,0,0,0,0,0,0,0
1785996674.996081950,0,18019352,0,0,0,0,0,0,0,0,0,0,786633956,745495199,0,0,0,0,0,0,0,0,0,0,0,0,0,0,0,0,0,0,0,0,0,0,0,0,0,0,0
1785996676.024408482,0,18019352,0,0,0,0,0,0,0,0,0,0,786637040,745498279,0,0,0,0,0,0,0,0,0,0,0,0,0,0,0,0,0,0,0,0,0,0,0,0,0,0,0
1785996677.051790000,0,18019352,0,0,0,0,0,0,0,0,0,0,786640120,745501354,0,0,0,0,0,0,0,0,0,0,0,0,0,0,0,0,0,0,0,0,0,0,0,0,0,0,0
1785996678.079212582,0,18019352,0,0,0,0,0,0,0,0,0,0,786643202,745504431,0,0,0,0,0,0,0,0,0,0,0,0,0,0,0,0,0,0,0,0,0,0,0,0,0,0,0
1785996679.106933042,0,18019352,0,0,0,0,0,0,0,0,0,0,786646285,745507454,0,0,0,0,0,0,0,0,0,0,0,0,0,0,0,0,0,0,0,0,0,0,0,0,0,0,0
1785996685.219324981,0,0,0,0,0,0,0,0,0,0,0,0,786664604,745525419,0,0,0,0,0,0,0,0,0,0,0,0,0,0,0,0,0,0,0,0,0,0,0,0,0,0,0
1785996686.247646326,0,0,0,0,0,0,0,0,0,0,0,0,786667691,745528374,0,0,0,0,0,0,0,0,0,0,0,2,6182182,3276700,18446744073709551616,2,3060270,0,0,0,0,0,0,0,0,0,0
1785996687.273959068,0,0,0,0,0,0,0,0,0,0,0,0,786670767,745531447,0,0,0,0,0,0,0,0,0,0,0,4,4829061,3276700,18446744073709551616,4,2380003,0,0,0,0,0,0,0,0,0,0
1785996688.300167512,0,0,0,0,0,0,0,0,0,0,0,0,786673851,745534524,0,0,0,0,0,0,0,0,0,0,0,6,4383455,3276700,18446744073709551616,6,2154328,0,0,0,0,0,0,0,0,0,0
1785996689.331034309,0,0,0,0,0,0,0,0,0,0,0,0,786676937,745537584,0,0,0,0,0,0,0,0,0,0,0,8,4274568,3276700,18446744073709551616,8,2093542,0,0,0,0,0,0,0,0,0,0
1785996690.360780866,0,0,0,0,0,0,0,0,0,0,0,0,786680024,745540666,0,0,0,0,0,0,0,0,0,0,0,10,4407685,3276700,18446744073709551616,10,2154818,0,0,0,0,0,0,0,0,0,0
1785996691.390839186,0,0,0,0,0,0,0,0,0,0,0,0,786683114,745543734,0,0,0,0,0,0,0,0,0,0,0,12,4254824,3276700,18446744073709551616,12,2078803,0,0,0,0,0,0,0,0,0,0
1785996692.420480020,0,0,0,0,0,0,0,0,0,0,0,0,786686204,745546700,0,0,0,0,0,0,0,0,0,0,0,14,4189192,3276700,18446744073709551616,14,2047703,0,0,0,0,0,0,0,0,0,0
1785996693.450241164,0,0,0,0,0,0,0,0,0,0,0,0,786689291,745549749,0,0,0,0,0,0,0,0,0,0,0,16,4099297,3276700,18446744073709551616,16,2002836,0,0,0,0,0,0,0,0,0,0
1785996694.481074989,0,0,0,0,0,0,0,0,0,0,0,0,786692383,745552800,0,0,0,0,0,0,0,0,0,0,0,20,3654519,3276700,18446744073709551616,20,1780858,0,0,0,0,0,0,0,0,0,0
1785996695.510998022,0,0,0,0,0,0,0,0,0,0,0,0,786695472,745555858,0,0,0,0,0,0,0,0,0,0,0,24,3357010,3276700,18446744073709551616,24,1632805,0,0,0,0,0,0,0,0,0,0
1785996696.573235166,0,2866,0,0,0,0,0,2933,900987,18446744073709551616,0,0,786698649,745558837,0,0,0,3088,939279,18446744073709551616,0,10801,60600,0,0,2842,10123463,3276700,18446744073709551616,2948,4590112,2967,5203427,0,0,0,278924,467211,7189,0,366000
1785996697.590068469,0,963277,0,0,0,0,0,963697,36097,540100,0,0,786701476,745559781,0,0,0,964256,57550,802200,0,20983,490,0,0,964596,433404,261600,2564600,964836,83031,964936,348911,0,0,0,29596,2199,2835,0,12400
1785996698.670451460,0,25126,0,0,0,0,0,1864,10969,44600,0,0,786704713,745562908,0,0,0,1864,12728,55600,0,1650,108,0,0,1920,155144,89700,247100,1920,50750,1918,76908,0,0,0,7569,594,2643,0,8600
1785996699.703475344,0,25126,0,0,0,0,0,1864,10969,44600,0,0,786707811,745565958,0,0,0,1864,12728,55600,0,1650,108,0,0,1924,165858,89800,251700,1924,56044,1918,76908,0,0,0,7569,594,2643,0,8600
1785996700.736574960,0,25126,0,0,0,0,0,1864,10969,44600,0,0,786710910,745569025,0,0,0,1864,12728,55600,0,1650,108,0,0,1928,171262,89800,251900,1928,58690,1918,76908,0,0,0,7569,594,2643,0,8600
1785996701.769389348,0,25126,0,0,0,0,0,1864,10969,44600,0,0,786714008,745572113,0,0,0,1864,12728,55600,0,1650,108,0,0,1932,182035,89900,252300,1932,64018,1918,76908,0,0,0,7569,594,2643,0,8600
1785996702.802991865,0,25126,0,0,0,0,0,1864,10969,44600,0,0,786717108,745575159,0,0,0,1864,12728,55600,0,1650,108,0,0,1936,192120,89900,853600,1936,69017,1918,76908,0,0,0,7569,594,2643,0,8600
1785996703.829504818,0,25126,0,0,0,0,0,1864,10969,44600,0,0,786720191,745578102,0,0,0,1864,12728,55600,0,1650,108,0,0,1938,197128,89900,854100,1938,71513,1918,76908,0,0,0,7569,594,2643,0,8600
1785996704.858601479,0,25126,0,0,0,0,0,1864,10969,44600,0,0,786723278,745581183,0,0,0,1864,12728,55600,0,1650,108,0,0,1940,201143,89900,854300,1940,73508,1918,76908,0,0,0,7569,594,2643,0,8600
1785996705.894046152,0,25126,0,0,0,0,0,1864,10969,44600,0,0,786726380,745584280,0,0,0,1864,12728,55600,0,1650,108,0,0,1942,205861,89900,18446744073709551616,1942,75854,1918,76908,0,0,0,7569,594,2643,0,8600
1785996706.924194930,0,25126,0,0,0,0,0,1864,10969,44600,0,0,786729473,745587367,0,0,0,1864,12728,55600,0,1650,108,0,0,1944,211267,90000,18446744073709551616,1944,78523,1918,76908,0,0,0,7569,594,2643,0,8600
1785996707.955254195,0,25126,0,0,0,0,0,1864,10969,44600,0,0,786732566,745590455,0,0,0,1864,12728,55600,0,1650,108,0,0,1946,214424,90000,18446744073709551616,1946,80097,1918,76908,0,0,0,7569,594,2643,0,8600
1785996708.986988338,0,25126,0,0,0,0,0,1864,10969,44600,0,0,786735659,745593510,0,0,0,1864,12728,55600,0,1650,108,0,0,1948,219186,90000,18446744073709551616,1948,82453,1918,76908,0,0,0,7569,594,2643,0,8600
1785996710.020805850,0,25126,0,0,0,0,0,1864,10969,44600,0,0,786738759,745596475,0,0,0,1864,12728,55600,0,1650,108,0,0,1950,224493,90000,18446744073709551616,1950,85097,1918,76908,0,0,0,7569,594,2643,0,8600
1785996711.053600323,0,25126,0,0,0,0,0,1864,10969,44600,0,0,786741856,745599567,0,0,0,1864,12728,55600,0,1650,108,0,0,1952,229664,90000,18446744073709551616,1952,87647,1918,76908,0,0,0,7569,594,2643,0,8600
1785996712.087316740,0,25126,0,0,0,0,0,1864,10969,44600,0,0,786744957,745602662,0,0,0,1864,12728,55600,0,1650,108,0,0,1954,234774,90000,18446744073709551616,1954,90188,1918,76908,0,0,0,7569,594,2643,0,8600
1785996713.120208943,0,25126,0,0,0,0,0,1864,10969,44600,0,0,786748054,745605754,0,0,0,1864,12728,55600,0,1650,108,0,0,1956,240417,90100,18446744073709551616,1956,92977,1918,76908,0,0,0,7569,594,2643,0,8600
1785996714.153163714,0,25126,0,0,0,0,0,1864,10969,44600,0,0,786751154,745608847,0,0,0,1864,12728,55600,0,1650,108,0,0,1958,245468,90100,18446744073709551616,1958,95486,1918,76908,0,0,0,7569,594,2643,0,8600
1785996715.185926530,0,25126,0,0,0,0,0,1864,10969,44600,0,0,786754248,745611859,0,0,0,1864,12728,55600,0,1650,108,0,0,1960,251109,90100,18446744073709551616,1960,98281,1918,76908,0,0,0,7569,594,2643,0,8600
1785996716.220725677,0,25126,0,0,0,0,0,1864,10969,44600,0,0,786757353,745614906,0,0,0,1864,12728,55600,0,1650,108,0,0,1962,257142,90100,18446744073709551616,1962,101284,1918,76908,0,0,0,7569,594,2643,0,8600
1785996717.253231294,0,25126,0,0,0,0,0,1864,10969,44600,0,0,786760448,745617996,0,0,0,1864,12728,55600,0,1650,108,0,0,1964,262613,90100,18446744073709551616,1964,104008,1918,76908,0,0,0,7569,594,2643,0,8600
1785996718.283064364,0,25126,0,0,0,0,0,1864,10969,44600,0,0,786763543,745621085,0,0,0,1864,12728,55600,0,1650,108,0,0,1966,267977,90100,18446744073709551616,1966,106664,1918,76908,0,0,0,7569,594,2643,0,8600
1785996719.314834638,0,25126,0,0,0,0,0,1864,10969,44600,0,0,786766633,745624169,0,0,0,1864,12728,55600,0,1650,108,0,0,1968,273040,90200,18446744073709551616,1968,109174,1918,76908,0,0,0,7569,594,2643,0,8600
1785996720.347389574,0,25126,0,0,0,0,0,1864,10969,44600,0,0,786769728,745627238,0,0,0,1864,12728,55600,0,1650,108,0,0,1970,278370,90200,18446744073709551616,1970,111826,1918,76908,0,0,0,7569,594,2643,0,8600
1785996721.379409767,0,25126,0,0,0,0,0,1864,10969,44600,0,0,786772820,745630202,0,0,0,1864,12728,55600,0,1650,108,0,0,1972,283793,90200,18446744073709551616,1972,114525,1918,76908,0,0,0,7569,594,2643,0,8600
1785996722.410257017,0,25126,0,0,0,0,0,1864,10969,44600,0,0,786775913,745633283,0,0,0,1864,12728,55600,0,1650,108,0,0,1974,289124,90200,18446744073709551616,1974,117162,1918,76908,0,0,0,7569,594,2643,0,8600
1785996723.440105012,0,25126,0,0,0,0,0,1864,10969,44600,0,0,786779002,745636366,0,0,0,1864,12728,55600,0,1650,108,0,0,1976,293874,90200,18446744073709551616,1976,119495,1918,76908,0,0,0,7569,594,2643,0,8600
1785996724.472712067,0,25126,0,0,0,0,0,1864,10969,44600,0,0,786782098,745639457,0,0,0,1864,12728,55600,0,1650,108,0,0,1978,296901,90200,18446744073709551616,1978,121013,1918,76908,0,0,0,7569,594,2643,0,8600
1785996725.504508096,0,25126,0,0,0,0,0,1864,10969,44600,0,0,786785193,745642547,0,0,0,1864,12728,55600,0,1650,108,0,0,1980,302229,90300,18446744073709551616,1980,123628,1918,76908,0,0,0,7569,594,2643,0,8600
1785996726.536915942,0,25126,0,0,0,0,0,1864,10969,44600,0,0,786788290,745645632,0,0,0,1864,12728,55600,0,1650,108,0,0,1982,307400,90300,18446744073709551616,1982,126172,1918,76908,0,0,0,7569,594,2643,0,8600
1785996727.570079096,0,25126,0,0,0,0,0,1864,10969,44600,0,0,786791386,745648599,0,0,0,1864,12728,55600,0,1650,108,0,0,1984,312483,90300,18446744073709551616,1984,128703,1918,76908,0,0,0,7569,594,2643,0,8600
1785996728.601856936,0,25126,0,0,0,0,0,1864,10969,44600,0,0,786794482,745651689,0,0,0,1864,12728,55600,0,1650,108,0,0,1986,317596,90300,18446744073709551616,1986,131220,1918,76908,0,0,0,7569,594,2643,0,8600
1785996729.633175589,0,25126,0,0,0,0,0,1864,10969,44600,0,0,786797574,745654776,0,0,0,1864,12728,55600,0,1650,108,0,0,1988,322949,90300,18446744073709551616,1988,133872,1918,76908,0,0,0,7569,594,2643,0,8600
1785996730.666307511,0,25126,0,0,0,0,0,1864,10969,44600,0,0,786800673,745657845,0,0,0,1864,12728,55600,0,1650,108,0,0,1990,327934,90400,18446744073709551616,1990,136346,1918,76908,0,0,0,7569,594,2643,0,8600
1785996731.698599824,0,25126,0,0,0,0,0,1864,10969,44600,0,0,786803770,745660937,0,0,0,1864,12728,55600,0,1650,108,0,0,1992,332827,90400,18446744073709551616,1992,138759,1918,76908,0,0,0,7569,594,2643,0,8600
1785996732.728844028,0,25126,0,0,0,0,0,1864,10969,44600,0,0,786806858,745663966,0,0,0,1864,12728,55600,0,1650,108,0,0,1994,337477,90400,18446744073709551616,1994,141061,1918,76908,0,0,0,7569,594,2643,0,8600
1785996733.760187042,0,25126,0,0,0,0,0,1864,10969,44600,0,0,786809950,745666980,0,0,0,1864,12728,55600,0,1650,108,0,0,1996,342472,90600,18446744073709551616,1996,143529,1918,76908,0,0,0,7569,594,2643,0,8600
1785996734.794347260,0,25126,0,0,0,0,0,1864,10969,44600,0,0,786813051,745670076,0,0,0,1864,12728,55600,0,1650,108,0,0,1998,347483,90700,18446744073709551616,1998,145992,1918,76908,0,0,0,7569,594,2643,0,8600
1785996735.826549864,0,25126,0,0,0,0,0,1864,10969,44600,0,0,786816149,745673167,0,0,0,1864,12728,55600,0,1650,108,0,0,2000,352619,90800,18446744073709551616,2000,148541,1918,76908,0,0,0,7569,594,2643,0,8600
1785996736.858905715,0,25126,0,0,0,0,0,1864,10969,44600,0,0,786819244,745676257,0,0,0,1864,12728,55600,0,1650,108,0,0,2003,357130,90800,18446744073709551616,2003,150766,1918,76908,0,0,0,7569,594,2643,0,8600
1785996737.891353097,0,25126,0,0,0,0,0,1864,10969,44600,0,0,786822341,745679348,0,0,0,1864,12728,55600,0,1650,108,0,0,2007,364381,90800,18446744073709551616,2007,153035,1918,76908,0,0,0,7569,594,2643,0,8600
1785996738.922140760,0,25126,0,0,0,0,0,1864,10969,44600,0,0,786825433,745682334,0,0,0,1864,12728,55600,0,1650,108,0,0,2010,369199,90800,18446744073709551616,2010,155433,1918,76908,0,0,0,7569,594,2643,0,8600
1785996739.953630201,0,25126,0,0,0,0,0,1864,10969,44600,0,0,786828524,745685325,0,0,0,1864,12728,55600,0,1650,108,0,0,2012,374027,90800,18446744073709551616,2012,157818,1918,76908,0,0,0,7569,594,2643,0,8600
1785996740.986495073,0,25126,0,0,0,0,0,1864,10969,44600,0,0,786831620,745688394,0,0,0,1864,12728,55600,0,1650,108,0,0,2014,378886,90800,18446744073709551616,2014,160212,1918,76908,0,0,0,7569,594,2643,0,8600
1785996742.018532445,0,25126,0,0,0,0,0,1864,10969,44600,0,0,786834716,745691485,0,0,0,1864,12728,55600,0,1650,108,0,0,2016,383784,90800,18446744073709551616,2016,162623,1918,76908,0,0,0,7569,594,2643,0,8600
1785996743.047744927,0,25126,0,0,0,0,0,1864,10969,44600,0,0,786837807,745694571,0,0,0,1864,12728,55600,0,1650,108,0,0,2018,388641,90900,18446744073709551616,2018,165022,1918,76908,0,0,0,7569,594,2643,0,8600
1785996744.079588500,0,25126,0,0,0,0,0,1864,10969,44600,0,0,786840897,745697656,0,0,0,1864,12728,55600,0,1650,108,0,0,2020,393162,90900,18446744073709551616,2020,167264,1918,76908,0,0,0,7569,594,2643,0,8600
1785996745.112240968,0,25126,0,0,0,0,0,1864,10969,44600,0,0,786843993,745700647,0,0,0,1864,12728,55600,0,1650,108,0,0,2022,398108,90900,18446744073709551616,2022,169709,1918,76908,0,0,0,7569,594,2643,0,8600
1785996746.145328674,0,25126,0,0,0,0,0,1864,10969,44600,0,0,786847090,745703706,0,0,0,1864,12728,55600,0,1650,108,0,0,2024,402764,90900,18446744073709551616,2024,172022,1918,76908,0,0,0,7569,594,2643,0,8600
1785996747.176951917,0,25126,0,0,0,0,0,1864,10969,44600,0,0,786850184,745706795,0,0,0,1864,12728,55600,0,1650,108,0,0,2026,407732,90900,18446744073709551616,2026,174480,1918,76908,0,0,0,7569,594,2643,0,8600
1785996748.208432638,0,25126,0,0,0,0,0,1864,10969,44600,0,0,786853280,745709885,0,0,0,1864,12728,55600,0,1650,108,0,0,2028,412519,91000,18446744073709551616,2028,176849,1918,76908,0,0,0,7569,594,2643,0,8600
1785996749.240716613,0,25126,0,0,0,0,0,1864,10969,44600,0,0,786856375,745712974,0,0,0,1864,12728,55600,0,1650,108,0,0,2030,416933,91000,18446744073709551616,2030,179043,1918,76908,0,0,0,7569,594,2643,0,8600
1785996750.272180221,0,25126,0,0,0,0,0,1864,10969,44600,0,0,786859469,745716059,0,0,0,1864,12728,55600,0,1650,108,0,0,2032,421606,91000,18446744073709551616,2032,181330,1918,76908,0,0,0,7569,594,2643,0,8600
1785996751.304915091,0,25126,0,0,0,0,0,1864,10969,44600,0,0,786862567,745718996,0,0,0,1864,12728,55600,0,1650,108,0,0,2034,426990,91000,18446744073709551616,2034,184012,1918,76908,0,0,0,7569,594,2643,0,8600
1785996752.336566883,0,25126,0,0,0,0,0,1864,10969,44600,0,0,786865661,745722085,0,0,0,1864,12728,55600,0,1650,108,0,0,2036,432121,91000,18446744073709551616,2036,186546,1918,76908,0,0,0,7569,594,2643,0,8600
1785996753.369477257,0,25126,0,0,0,0,0,1864,10969,44600,0,0,786868760,745725177,0,0,0,1864,12728,55600,0,1650,108,0,0,2038,436389,91000,18446744073709551616,2038,188662,1918,76908,0,0,0,7569,594,2643,0,8600
1785996754.403061600,3,25126,3,0,3,108925,110300,1864,10969,44600,0,0,786871859,745728271,3,122446,128100,1864,12728,55600,13520,1650,108,0,0,2043,440871,91000,18446744073709551616,2043,190802,1921,77084,12920,16595,46792,7569,594,2643,109300,8600
1785996755.438213551,3,25126,3,0,3,108925,110300,1864,10969,44600,0,0,786874965,745731370,3,122446,128100,1864,12728,55600,13520,1650,108,0,0,2047,445548,91000,18446744073709551616,2047,193116,1921,77084,12920,16595,46792,7569,594,2643,109300,8600
1785996756.471297507,3,25126,3,0,3,108925,110300,1864,10969,44600,0,0,786878062,745734414,3,122446,128100,1864,12728,55600,13520,1650,108,0,0,2051,452863,91000,18446744073709551616,2051,195413,1921,77084,12920,16595,46792,7569,594,2643,109300,8600
1785996757.502975407,3,25126,3,0,3,108925,110300,1864,10969,44600,0,0,786881157,745737416,3,122446,128100,1864,12728,55600,13520,1650,108,0,0,2055,456723,91000,18446744073709551616,2055,197359,1921,77084,12920,16595,46792,7569,594,2643,109300,8600
1785996758.535896688,3,25126,3,0,3,108925,110300,1864,10969,44600,0,0,786884256,745740508,3,122446,128100,1864,12728,55600,13520,1650,108,0,0,2059,463628,91100,18446744073709551616,2059,199553,1921,77084,12920,16595,46792,7569,594,2643,109300,8600
1785996759.569783198,3,25126,3,0,3,108925,110300,1864,10969,44600,0,0,786887355,745743602,3,122446,128100,1864,12728,55600,13520,1650,108,0,0,2063,468031,91100,18446744073709551616,2063,201734,1921,77084,12920,16595,46792,7569,594,2643,109300,8600
1785996760.602431204,3,25126,3,0,3,108925,110300,1864,10969,44600,0,0,786890454,745746694,3,122446,128100,1864,12728,55600,13520,1650,108,0,0,2067,474952,91100,18446744073709551616,2067,203894,1921,77084,12920,16595,46792,7569,594,2643,109300,8600
1785996761.636421941,7873779,25126,7873779,0,7876388,37317,90400,1864,10969,44600,0,0,786893552,745747002,7888736,41996,125200,1864,12728,55600,4696,1650,108,0,0,7898640,848912,738900,2430700,7905186,207553,7912268,640620,24148,467,10917,7569,594,2643,34200,8600
1785996762.679530581,8749933,0,8749931,0,8742135,36489,75500,0,0,0,0,0,786896685,745747003,8761038,41022,103000,0,0,0,4545,0,0,0,0,8772020,791080,728300,1694100,8779649,184906,8785678,605636,23473,461,10811,0,0,0,34200,0
1785996763.711285077,17630365,0,17630363,0,17622411,36515,75900,0,0,0,0,0,786899778,745747004,17634194,41067,103600,0,0,0,4559,0,0,0,0,17645789,794774,731700,1688400,17651581,184633,17657948,609556,23414,460,10780,0,0,0,34200,0
1785996764.740584672,26716332,0,26716330,0,26708835,36253,75300,0,0,0,0,0,786902865,745747007,26720983,40752,101600,0,0,0,4504,0,0,0,0,26732781,788080,727800,1645800,26739136,182560,26745588,604955,23219,457,10703,0,0,0,34100,0
1785996765.771798432,35818773,0,35818771,0,35811480,36118,75000,0,0,0,0,0,786905959,745747007,35823479,40601,100900,0,0,0,4486,0,0,0,0,35836094,785686,726200,1631800,35842003,181760,35848558,603336,23117,456,10663,0,0,0,34000,0
1785996766.806847147,44947917,0,44947915,0,44939956,36037,74900,0,0,0,0,0,786909064,745747007,44951934,40513,100500,0,0,0,4477,0,0,0,0,44963365,784996,726200,1622800,44970383,181546,44975754,602874,23059,455,10637,0,0,0,34000,0
1785996767.840142865,54067887,0,54067885,0,54060023,35986,74800,0,0,0,0,0,786912164,745747007,54071801,40455,100100,0,0,0,4471,0,0,0,0,54083471,784262,725600,1613900,54090059,181422,54096777,602265,23021,454,10620,0,0,0,34000,0
1785996768.871768918,62747246,0,62747244,0,62739008,36142,75200,0,0,0,0,0,786915258,745747017,62750493,40651,101400,0,0,0,4510,0,0,0,0,62761920,788534,728000,1630500,62767768,182148,62774619,605813,23129,456,10659,0,0,0,34000,0
1785996769.901943778,71717491,0,71717489,0,71709506,36150,75100,0,0,0,0,0,786918350,745747019,71722097,40658,101400,0,0,0,4509,0,0,0,0,71732782,788748,728600,1628800,71740683,182085,71748104,606087,23132,456,10661,0,0,0,34000,0
1785996770.932423239,80791040,0,80791038,0,80783596,36110,74800,0,0,0,0,0,786921441,745747022,80795828,40607,100900,0,0,0,4498,0,0,0,0,80808895,787718,728400,1620100,80815245,181904,80822722,605233,23102,455,10651,0,0,0,34000,0
1785996771.961912715,89799167,0,89799165,0,89790954,36099,74800,0,0,0,0,0,786924529,745747022,89801375,40595,100800,0,0,0,4496,0,0,0,0,89810321,788197,728800,1617000,89815608,182009,89821560,605609,23089,455,10648,0,0,0,33900,0
1785996772.995426945,98906950,0,98906948,0,98899329,36061,74700,0,0,0,0,0,786927629,745747024,98912016,40554,100700,0,0,0,4493,0,0,0,0,98923804,787182,728000,1610000,98929369,181720,98935682,604882,23064,455,10639,0,0,0,33900,0
1785996774.028927924,107995402,0,107995400,0,107987321,36036,74600,0,0,0,0,0,786930728,745747024,107999111,40527,100500,0,0,0,4492,0,0,0,0,108010497,786605,727700,1603800,108017183,181508,108022681,604520,23048,454,10630,0,0,0,33900,0
1785996775.076465900,116708500,0,116708498,0,116700732,36150,74800,0,0,0,0,0,786933872,745747046,116713080,40666,101400,0,0,0,4516,0,0,0,0,116724787,789181,728400,1616500,116731599,181992,116737905,606611,23126,456,10657,0,0,0,33900,0
1785996776.112835597,125828564,0,125828562,0,125821085,36121,74900,0,0,0,0,0,786936976,745747046,125832870,40631,101400,0,0,0,4510,0,0,0,0,125844935,788357,727500,1613100,125851779,181817,125858034,605963,23105,455,10650,0,0,0,33900,0
1785996777.146166751,134990035,0,134990033,0,134982121,36090,74900,0,0,0,0,0,786940084,745747046,134994161,40593,101200,0,0,0,4502,0,0,0,0,135005627,787515,726800,1608900,135012018,181628,135017884,605309,23082,455,10642,0,0,0,33900,0
1785996778.180765112,144099653,0,144099651,0,144092309,36070,74900,0,0,0,0,0,786943188,745747046,144104499,40569,101100,0,0,0,4499,0,0,0,0,144116828,787203,726600,1607700,144125416,181565,144130657,605058,23069,455,10637,0,0,0,33900,0
1785996779.212191499,153201358,0,153201356,0,153193794,36049,74900,0,0,0,0,0,786946280,745747046,153205096,40545,101000,0,0,0,4496,0,0,0,0,153216491,786824,726600,1605900,153222642,181447,153228919,604798,23054,455,10631,0,0,0,33900,0
1785996780.248562770,162273460,0,162273458,0,162265536,36038,74900,0,0,0,0,0,786949383,745747046,162277268,40533,101000,0,0,0,4495,0,0,0,0,162289291,786656,726600,1606500,162294614,181414,162301798,604659,23045,455,10628,0,0,0,33800,0
1785996781.282879898,170899259,0,170899257,0,170891087,36118,75100,0,0,0,0,0,786952497,745747058,170901030,40629,101400,0,0,0,4510,0,0,0,0,170911840,788644,727500,1617500,170917984,181865,170922217,606197,23101,455,10647,0,0,0,33900,0
1785996782.314929139,179908910,0,179908908,0,179900826,36111,75000,0,0,0,0,0,786955592,745747058,179912425,40620,101400,0,0,0,4509,0,0,0,0,179923741,788481,727700,1616400,179929447,181745,179936333,606156,23096,455,10645,0,0,0,33900,0
1785996783.344831335,188950594,0,188950592,0,188942879,36096,75000,0,0,0,0,0,786958682,745747062,188953687,40603,101300,0,0,0,4507,0,0,0,0,188965325,788096,727700,1613500,188971957,181625,188976422,605890,23086,455,10641,0,0,0,33900,0
1785996784.374364215,198004700,0,198004698,0,197996801,36080,74900,0,0,0,0,0,786961769,745747066,198008267,40585,101100,0,0,0,4504,0,0,0,0,198019358,787998,728100,1611700,198026591,181546,198031426,605879,23075,455,10636,0,0,0,33900,0
1785996785.404099122,207016952,0,207016950,0,207009527,36072,74800,0,0,0,0,0,786964857,745747071,207021881,40576,101000,0,0,0,4503,0,0,0,0,207034016,788003,728500,1609400,207040661,181513,207046923,605909,23070,455,10634,0,0,0,33900,0
1785996786.434201255,215887495,0,215887493,0,215879740,36088,74800,0,0,0,0,0,786967949,745747083,215888503,40594,101000,0,0,0,4506,0,0,0,0,215897023,788637,729200,1611900,215901259,181603,215906213,606457,23080,455,10637,0,0,0,34000,0
1785996787.482168927,224794361,0,224794359,0,224786389,36118,74800,0,0,0,0,0,786971093,745747093,224797386,40630,101200,0,0,0,4511,0,0,0,0,224808838,789475,729700,1615400,224813593,181816,224819286,607076,23101,455,10646,0,0,0,34000,0
1785996788.512907974,233836907,0,233836905,0,233829202,36106,74800,0,0,0,0,0,786974184,745747093,233840041,40616,101100,0,0,0,4510,0,0,0,0,233851609,789289,729800,1611500,233857448,181723,233863304,606984,23094,455,10642,0,0,0,34000,0
1785996789.542987877,242901935,0,242901933,0,242894452,36094,74700,0,0,0,0,0,786977277,745747093,242905738,40601,100900,0,0,0,4507,0,0,0,0,242917966,789084,730000,1607900,242923980,181648,242930276,606853,23085,455,10639,0,0,0,34000,0
1785996790.577027534,252011487,0,252011485,0,252003969,36080,74600,0,0,0,0,0,786980374,745747093,252015769,40585,100800,0,0,0,4504,0,0,0,0,252027779,788916,730100,1604300,252033889,181573,252041445,606762,23076,455,10635,0,0,0,34000,0
1785996791.610103296,261149100,0,261149098,0,261141276,36066,74600,0,0,0,0,0,786983477,745747093,261153168,40567,100600,0,0,0,4500,0,0,0,0,261164823,788496,729900,1600400,261171787,181465,261177017,606452,23066,455,10632,0,0,0,34000,0
1785996792.648850640,269950639,0,269950637,0,269943216,36093,74600,0,0,0,0,0,786986588,745747099,269954769,40597,100800,0,0,0,4503,0,0,0,0,269966705,789107,730300,1602100,269973838,181604,269978585,606922,23083,455,10640,0,0,0,34100,0
1785996793.681865853,278821968,0,278821966,0,278814464,36112,74500,0,0,0,0,0,786989691,745747106,278826717,40619,100800,0,0,0,4506,0,0,0,0,278839784,789559,730600,1603200,278844654,181697,278851102,607280,23096,455,10645,0,0,0,34100,0
1785996794.718943576,287902295,0,287902293,0,287894308,36106,74500,0,0,0,0,0,786992795,745747109,287905849,40611,100700,0,0,0,4505,0,0,0,0,287917443,789394,730800,1601100,287923195,181693,287929727,607119,23091,455,10644,0,0,0,34100,0
1785996795.750996158,296963675,0,296963673,0,296955809,36100,74400,0,0,0,0,0,786995896,745747109,296968312,40605,100600,0,0,0,4504,0,0,0,0,296979952,789299,731000,1598800,296986299,181662,296992982,607056,23087,455,10643,0,0,0,34100,0
1785996796.780710566,306005510,0,306005508,0,305997707,36094,74300,0,0,0,0,0,786998986,745747109,306009478,40598,100500,0,0,0,4503,0,0,0,0,306020222,789190,731200,1597400,306027692,181650,306034461,606959,23082,455,10641,0,0,0,34100,0
1785996797.810560532,315031770,0,315031770,0,315023852,36089,74200,0,0,0,0,0,787002076,745747109,315035978,40591,100400,0,0,0,4502,0,0,0,0,315047854,789208,731500,1596200,315054478,181633,315060385,606997,23078,455,10640,0,0,0,34100,0
1785996798.844346526,323738637,0,323738637,0,323730937,36120,74300,0,0,0,0,0,787005180,745747111,323742457,40628,100600,0,0,0,4508,0,0,0,0,323755191,790045,732100,1599300,323760384,181802,323766485,607661,23099,455,10647,0,0,0,34100,0
1785996799.876627408,332661977,0,332661975,0,332655080,36127,74200,0,0,0,0,0,787008275,745747112,332666994,40636,100600,0,0,0,4509,0,0,0,0,332679028,790263,732400,1599800,332685442,181842,332692321,607840,23104,455,10650,0,0,0,34100,0
1785996800.906539282,341655382,0,341655380,0,341647615,36125,74200,0,0,0,0,0,787011364,745747112,341658379,40633,100600,0,0,0,4508,0,0,0,0,341669806,790315,732800,1599800,341674704,181858,341680564,607875,23102,455,10649,0,0,0,34100,0
1785996801.938234333,350712807,0,350712805,0,350705090,36121,74100,0,0,0,0,0,787014461,745747112,350717249,40627,100500,0,0,0,4505,0,0,0,0,350728761,790117,732800,1598500,350736391,181831,350742666,607703,23099,455,10648,0,0,0,34100,0
1785996802.970911999,359545035,0,359545033,0,359536547,36133,74100,0,0,0,0,0,787017559,745747115,359548031,40642,100500,0,0,0,4508,0,0,0,0,359558228,790458,733100,1599500,359564935,181904,359570100,607974,23108,455,10651,0,0,0,34100,0
1785996804.006825607,368621085,0,368621083,0,368613031,36128,74100,0,0,0,0,0,787020666,745747121,368624454,40635,100400,0,0,0,4506,0,0,0,0,368636321,790430,733200,1598500,368643064,181869,368647544,607977,23104,455,10649,0,0,0,34200,0
1785996805.039578640,377234888,0,377234886,0,377226813,36161,74100,0,0,0,0,0,787023766,745747143,377238662,40674,100600,0,0,0,4512,0,0,0,0,377249719,791274,733600,1602600,377256437,182033,377261974,608659,23127,456,10658,0,0,0,34200,0
1785996806.070091019,386255735,0,386255733,0,386248392,36155,74100,0,0,0,0,0,787026858,745747145,386260476,40668,100500,0,0,0,4512,0,0,0,0,386273724,791261,733700,1601600,386280925,182011,386286437,608666,23124,456,10656,0,0,0,34200,0
1785996807.103979591,395302278,0,395302277,0,395294631,36149,74100,0,0,0,0,0,787029960,745747145,395307651,40661,100500,0,0,0,4511,0,0,0,0,395320603,791196,733800,1600400,395326821,181981,395333491,608632,23120,456,10654,0,0,0,34200,0
1785996808.135075967,404334940,0,404334939,0,404327284,36144,74100,0,0,0,0,0,787033053,745747145,404338762,40656,100400,0,0,0,4511,0,0,0,0,404350048,791175,734000,1598900,404356842,181967,404363405,608625,23117,455,10652,0,0,0,34200,0
1785996809.166529294,413365081,0,413365079,0,413356995,36139,74000,0,0,0,0,0,787036146,745747145,413369299,40650,100400,0,0,0,4511,0,0,0,0,413379905,791126,734100,1598500,413387804,181954,413393313,608589,23114,455,10650,0,0,0,34200,0
1785996810.195810400,422340386,0,422340384,0,422332349,36136,74000,0,0,0,0,0,787039235,745747145,422343382,40649,100400,0,0,0,4512,0,0,0,0,422354348,791151,734300,1598200,422360607,181951,422366512,608618,23112,455,10649,0,0,0,34200,0
1785996811.235639805,430988640,0,430988638,0,430981316,36162,74100,0,0,0,0,0,787042354,745747161,430994244,40682,100700,0,0,0,4519,0,0,0,0,431007505,791948,734700,1603500,431013587,182104,431019912,609260,23131,456,10655,0,0,0,34200,0
1785996812.271083527,440072584,0,440072583,0,440064484,36157,74200,0,0,0,0,0,787045458,745747164,440076291,40674,100700,0,0,0,4517,0,0,0,0,440088025,791814,734600,1603200,440094651,182083,440098979,609148,23127,456,10654,0,0,0,34200,0
1785996813.300061342,449055926,0,449055924,0,449047891,36155,74300,0,0,0,0,0,787048547,745747168,449059336,40672,100700,0,0,0,4516,0,0,0,0,449071009,791697,734500,1602400,449077598,182063,449083614,609050,23125,456,10654,0,0,0,34200,0
1785996814.330366125,458123354,0,458123352,0,458115496,36148,74400,0,0,0,0,0,787051637,745747168,458126745,40664,100700,0,0,0,4514,0,0,0,0,458137378,791406,734400,1601400,458144075,182010,458150380,608814,23120,456,10652,0,0,0,34200,0
1785996815.358351595,467190209,0,467190207,0,467182264,36142,74500,0,0,0,0,0,787054721,745747172,467193889,40655,100700,0,0,0,4512,0,0,0,0,467204780,791113,734200,1600300,467212869,181950,467217854,608580,23116,456,10650,0,0,0,34200,0
1785996816.393631637,476135901,0,476135899,0,476127877,36147,74600,0,0,0,0,0,787057829,745747178,476139474,40660,100800,0,0,0,4513,0,0,0,0,476151480,791115,734100,1600700,476157738,181958,476163534,608575,23120,456,10651,0,0,0,34100,0
1785996817.427247687,484929737,0,484929735,0,484922287,36159,74700,0,0,0,0,0,787060925,745747187,484934406,40674,100900,0,0,0,4515,0,0,0,0,484946681,791330,734300,1602100,484954174,182011,484960140,608737,23128,456,10653,0,0,0,34100,0
1785996818.458161327,494016999,0,494016997,0,494009383,36152,74800,0,0,0,0,0,787064021,745747187,494020667,40666,100900,0,0,0,4514,0,0,0,0,494031098,791144,734300,1601800,494038871,181965,494043457,608597,23123,456,10651,0,0,0,34100,0
1785996819.488053167,503085649,0,503085647,0,503078139,36146,74900,0,0,0,0,0,787067110,745747187,503089676,40659,101000,0,0,0,4513,0,0,0,0,503101243,790887,734200,1601100,503107380,181908,503113648,608397,23119,456,10650,0,0,0,34100,0
1785996820.518566055,512136933,0,512136931,0,512129007,36142,74900,0,0,0,0,0,787070200,745747187,512141625,40654,101000,0,0,0,4511,0,0,0,0,512153966,790728,734100,1600900,512160919,181882,512168168,608264,23116,456,10649,0,0,0,34100,0
1785996821.548604010,521183492,0,521183490,0,521175537,36137,75000,0,0,0,0,0,787073293,745747187,521186585,40648,101000,0,0,0,4510,0,0,0,0,521197696,790610,734200,1600900,521204590,181849,521208695,608178,23112,456,10648,0,0,0,34100,0
1785996822.581477821,529986504,0,529986502,0,529978827,36148,75100,0,0,0,0,0,787076385,745747189,529989930,40660,101100,0,0,0,4512,0,0,0,0,530001780,790877,734300,1602800,530007208,181919,530013857,608377,23119,456,10651,0,0,0,34100,0
1785996823.618405247,538807091,0,538807089,0,538799335,36160,75100,0,0,0,0,0,787079499,745747209,538811131,40675,101200,0,0,0,4514,0,0,0,0,538822535,791158,734500,1604100,538828228,181985,538834351,608591,23128,456,10655,0,0,0,34100,0
1785996824.653107625,547918397,0,547918395,0,547910455,36154,75100,0,0,0,0,0,787082601,745747209,547922535,40668,101200,0,0,0,4513,0,0,0,0,547934193,791036,734500,1602800,547940816,181972,547947541,608483,23124,456,10653,0,0,0,34100,0
1785996825.687835222,557013438,0,557013436,0,557005592,36148,75000,0,0,0,0,0,787085702,745747209,557016968,40660,101100,0,0,0,4512,0,0,0,0,557028724,790932,734500,1601400,557034331,181956,557041300,608394,23119,456,10651,0,0,0,34100,0
1785996826.719032791,566063831,0,566063829,0,566056167,36145,75000,0,0,0,0,0,787088798,745747210,566067307,40657,101100,0,0,0,4512,0,0,0,0,566079593,790913,734600,1600900,566085762,181947,566091537,608385,23118,456,10650,0,0,0,34100,0
1785996827.748830728,575042945,0,575042943,0,575034988,36143,75000,0,0,0,0,0,787091888,745747212,575046614,40656,101100,0,0,0,4512,0,0,0,0,575057968,791007,734800,1600300,575063238,181955,575070840,608471,23117,456,10650,0,0,0,34100,0
1785996828.781396397,583727761,0,583727759,0,583720014,36160,75000,0,0,0,0,0,787094987,745747228,583730789,40676,101200,0,0,0,4515,0,0,0,0,583741625,791447,735000,1602000,583747719,182061,583753005,608805,23128,456,10654,0,0,0,34100,0
1785996829.810999094,592684988,0,592684986,0,592676737,36161,75000,0,0,0,0,0,787098078,745747229,592686536,40676,101200,0,0,0,4514,0,0,0,0,592696187,791468,734900,1602500,592700183,182063,592704439,608823,23128,456,10654,0,0,0,34100,0
1785996830.839215019,601714218,0,601714217,0,601706370,36157,75000,0,0,0,0,0,787101162,745747232,601718134,40670,101100,0,0,0,4513,0,0,0,0,601730469,791340,734900,1601500,601737590,182027,601744009,608729,23125,456,10654,0,0,0,34100,0
1785996831.871977293,610766920,0,610766918,0,610759056,36153,75000,0,0,0,0,0,787104249,745747232,610770328,40665,101100,0,0,0,4512,0,0,0,0,610782093,791231,734900,1600500,610787163,182004,610793999,608645,23122,456,10653,0,0,0,34100,0
1785996832.907945173,619845235,0,619845233,0,619837453,36150,74900,0,0,0,0,0,787107365,745747236,619848685,40662,101000,0,0,0,4511,0,0,0,0,619860704,791190,734800,1600600,619866987,181986,619872199,608622,23120,456,10652,0,0,0,34100,0
1785996833.940155369,628786271,0,628786269,0,628778537,36150,74900,0,0,0,0,0,787110464,745747238,628789736,40663,101000,0,0,0,4512,0,0,0,0,628802857,791281,734900,1600500,628808880,182004,628814031,608695,23121,456,10652,0,0,0,34100,0
1785996834.969267128,637427311,0,637427309,0,637419169,36166,74900,0,0,0,0,0,787113551,745747248,637429825,40681,101100,0,0,0,4514,0,0,0,0,637440419,791660,735100,1602700,637447217,182074,637450842,609003,23132,456,10656,0,0,0,34200,0
1785996835.999565552,646396483,0,646396481,0,646388554,36164,74900,0,0,0,0,0,787116641,745747248,646399978,40679,101100,0,0,0,4514,0,0,0,0,646410667,791622,735200,1602600,646417260,182051,646423733,608989,23130,456,10655,0,0,0,34200,0
1785996837.031173447,655488438,0,655488436,0,655480374,36159,74900,0,0,0,0,0,787119733,745747249,655490111,40672,101000,0,0,0,4513,0,0,0,0,655500800,791512,735300,1602300,655505058,182020,655509520,608910,23126,456,10654,0,0,0,34200,0
1785996838.062377865,664536593,0,664536591,0,664528924,36155,74900,0,0,0,0,0,787122828,745747254,664540575,40668,101000,0,0,0,4512,0,0,0,0,664551988,791426,735300,1601800,664558381,181996,664564352,608848,23123,456,10653,0,0,0,34200,0
1785996839.100081752,673627178,0,673627177,0,673618996,36150,74800,0,0,0,0,0,787125934,745747254,673629591,40663,101000,0,0,0,4512,0,0,0,0,673640042,791331,735300,1601500,673644469,181977,673650143,608772,23120,456,10652,0,0,0,34200,0
1785996840.128019934,682657574,0,682657572,0,682649489,36148,74800,0,0,0,0,0,787129026,745747257,682659980,40660,101000,0,0,0,4511,0,0,0,0,682670828,791285,735400,1601200,682675666,181958,682680505,608744,23118,456,10652,0,0,0,34200,0
1785996841.162925861,691339920,0,691339918,0,691332352,36162,74800,0,0,0,0,0,787132128,745747263,691344433,40677,101100,0,0,0,4514,0,0,0,0,691357193,791619,735500,1603600,691363498,182025,691369611,609011,23128,456,10656,0,0,0,34200,0
1785996842.195394721,700457062,0,700457060,0,700449411,36157,74800,0,0,0,0,0,787135227,745747263,700461850,40670,101000,0,0,0,4512,0,0,0,0,700473828,791463,735500,1603100,700480489,181996,700486909,608885,23124,456,10655,0,0,0,34200,0
1785996843.227524341,709523556,0,709523554,0,709516274,36153,74800,0,0,0,0,0,787138324,745747263,709527529,40665,101000,0,0,0,4511,0,0,0,0,709539514,791354,735400,1602400,709545114,181974,709551933,608800,23121,456,10654,0,0,0,34200,0
1785996844.259452650,718514941,0,718514939,0,718507491,36152,74800,0,0,0,0,0,787141418,745747270,718519081,40664,101000,0,0,0,4511,0,0,0,0,718530145,791346,735400,1602300,718537016,181961,718543225,608802,23121,456,10653,0,0,0,34200,0
1785996845.289000618,727500002,0,727500000,0,727492517,36151,74800,0,0,0,0,0,787144509,745747276,727504417,40663,100900,0,0,0,4511,0,0,0,0,727517605,791322,735400,1602100,727524616,181960,727530162,608780,23120,456,10653,0,0,0,34200,0
1785996846.322736013,736424231,0,736424229,0,736416407,36154,74800,0,0,0,0,0,787147612,745747278,736428563,40666,100900,0,0,0,4511,0,0,0,0,736441108,791414,735500,1602700,736448183,181984,736454183,608850,23122,456,10654,0,0,0,34200,0
1785996847.354181233,745133617,0,745133616,0,745125779,36165,74800,0,0,0,0,0,787150705,745747291,745137338,40679,101000,0,0,0,4513,0,0,0,0,745149574,791722,735600,1604900,745154811,182049,745161344,609090,23130,456,10657,0,0,0,34200,0
1785996848.385937955,754165831,0,754165829,0,754158094,36162,74800,0,0,0,0,0,787153798,745747291,754170257,40676,101000,0,0,0,4513,0,0,0,0,754183192,791594,735500,1604600,754188133,182017,754194481,608994,23127,456,10656,0,0,0,34200,0
1785996849.419238473,763182718,0,763182716,0,763174666,36160,74800,0,0,0,0,0,787156893,745747291,763185434,40674,101000,0,0,0,4512,0,0,0,0,763197508,791556,735600,1604300,763203389,182002,763209087,608971,23126,456,10655,0,0,0,34200,0
1785996850.450628589,772192410,0,772192408,0,772184626,36159,74800,0,0,0,0,0,787159993,745747291,772196251,40672,101000,0,0,0,4513,0,0,0,0,772207453,791565,735700,1603900,772214271,181989,772219888,608994,23125,456,10655,0,0,0,34100,0
1785996851.480170777,781237002,0,781237000,0,781229428,36155,74800,0,0,0,0,0,787163082,745747291,781241757,40668,101000,0,0,0,4512,0,0,0,0,781253622,791482,735600,1603500,781259910,181964,781266853,608936,23122,456,10654,0,0,0,34100,0
1785996852.512416903,790049547,0,790049545,0,790041693,36161,74800,0,0,0,0,0,787166181,745747294,790052981,40675,101000,0,0,0,4513,0,0,0,0,790069156,791651,735700,1604200,790076595,181996,790082841,609074,23126,456,10656,0,0,0,34100,0
1785996853.545060832,798915499,0,798915497,0,798908069,36165,74800,0,0,0,0,0,787169278,745747296,798919774,40680,101000,0,0,0,4515,0,0,0,0,798931455,791706,735600,1604900,798936789,182011,798943008,609114,23129,456,10656,0,0,0,34100,0
1785996854.577500978,807981356,0,807981355,0,807973519,36160,74800,0,0,0,0,0,787172373,745747296,807984738,40675,101000,0,0,0,4514,0,0,0,0,807996804,791564,735400,1604800,808002792,181977,808008486,609004,23126,456,10655,0,0,0,34100,0
1785996855.607720022,817145176,0,817145174,0,817137323,36153,74800,0,0,0,0,0,787175464,745747296,817148821,40667,101000,0,0,0,4513,0,0,0,0,817159075,791380,735200,1604300,817166082,181932,817173026,608866,23121,456,10653,0,0,0,34100,0
1785996856.644467328,826325120,0,826325118,0,826317489,36146,74800,0,0,0,0,0,787178570,745747296,826329790,40659,101000,0,0,0,4512,0,0,0,0,826341671,791242,735100,1604600,826349810,181912,826355204,608748,23117,456,10651,0,0,0,34100,0
1785996857.673799511,835480596,0,835480594,0,835472769,36139,74800,0,0,0,0,0,787181663,745747296,835484538,40650,100900,0,0,0,4511,0,0,0,0,835496458,791065,734900,1604500,835503280,181871,835508442,608612,23112,455,10649,0,0,0,34100,0
1785996858.703925254,844196223,0,844196221,0,844192635,36147,74800,0,0,0,0,0,787184751,745747315,844204332,40661,101000,0,0,0,4512,0,0,0,0,844215681,791297,734900,1606300,844219673,181936,844224875,608778,23118,456,10651,0,0,0,34100,0
1785996859.734881506,853180191,0,853180189,0,853172429,36148,74800,0,0,0,0,0,787187847,745747320,853183779,40661,101000,0,0,0,4512,0,0,0,0,853195802,791261,734800,1606400,853201777,181924,853208328,608755,23118,456,10651,0,0,0,34100,0
1785996860.765491069,862241206,0,862241204,0,862233372,36143,74800,0,0,0,0,0,787190932,745747321,862245104,40656,101000,0,0,0,4512,0,0,0,0,862256909,791168,734600,1606200,862262297,181910,862268895,608676,23115,455,10650,0,0,0,34100,0
1785996861.798489421,871384759,0,871384757,0,871376957,36138,74800,0,0,0,0,0,787194036,745747321,871388815,40650,100900,0,0,0,4511,0,0,0,0,871400307,791035,734500,1605500,871408291,181892,871413003,608561,23112,455,10649,0,0,0,34100,0
1785996862.831103248,880472327,0,880472325,0,880464815,36134,74800,0,0,0,0,0,787197134,745747327,880476928,40645,100900,0,0,0,4510,0,0,0,0,880488823,790955,734400,1605200,880496404,181875,880501614,608499,23109,455,10648,0,0,0,34100,0
1785996863.863804539,889581004,0,889581002,0,889573457,36130,74700,0,0,0,0,0,787200230,745747327,889585423,40640,100900,0,0,0,4509,0,0,0,0,889597346,790838,734300,1604600,889603027,181849,889609054,608407,23106,455,10647,0,0,0,34100,0
1785996864.902117599,898094619,0,898094617,0,898086953,36147,74800,0,0,0,0,0,787203346,745747343,898098720,40661,100900,0,0,0,4513,0,0,0,0,898110066,791249,734400,1606300,898117726,181939,898123007,608728,23118,456,10651,0,0,0,34100,0
1785996865.932494609,906950752,0,906950750,0,906943273,36152,74700,0,0,0,0,0,787206436,745747350,906955387,40666,100900,0,0,0,4513,0,0,0,0,906967415,791361,734500,1606700,906974239,181971,906979405,608807,23121,456,10653,0,0,0,34100,0
1785996866.961895768,916010051,0,916010049,0,916002661,36149,74700,0,0,0,0,0,787209525,745747350,916014101,40662,100900,0,0,0,4512,0,0,0,0,916026505,791263,734500,1606300,916031642,181956,916036841,608724,23119,456,10652,0,0,0,34100,0
1785996867.995889657,925047647,0,925047646,0,925039901,36147,74700,0,0,0,0,0,787212627,745747351,925052079,40661,100900,0,0,0,4512,0,0,0,0,925063913,791235,734500,1605800,925069707,181949,925075368,608704,23117,456,10652,0,0,0,34100,0
1785996869.028212926,934114187,0,934114185,0,934106369,36145,74700,0,0,0,0,0,787215722,745747359,934118057,40658,100900,0,0,0,4512,0,0,0,0,934129902,791160,734500,1604900,934135751,181942,934142046,608636,23115,456,10652,0,0,0,34100,0
1785996870.062098830,943187169,0,943187167,0,943179270,36143,74700,0,0,0,0,0,787218823,745747361,943190593,40654,100800,0,0,0,4511,0,0,0,0,943202182,791098,734500,1604100,943208173,181929,943214128,608586,23113,456,10651,0,0,0,34100,0
1785996871.091419644,951939379,0,951939377,0,951931683,36149,74700,0,0,0,0,0,787221912,745747366,951943530,40662,100900,0,0,0,4512,0,0,0,0,951955140,791268,734600,1604600,951961815,181968,951967137,608717,23118,456,10653,0,0,0,34100,0
1785996872.125578878,960882682,0,960882680,0,960874680,36151,74700,0,0,0,0,0,787225013,745747384,960886171,40664,100900,0,0,0,4512,0,0,0,0,960898050,791293,734600,1605000,960904781,181979,960909742,608732,23119,456,10654,0,0,0,34100,0
1785996873.156753749,970018481,0,970018479,0,970010509,36147,74700,0,0,0,0,0,787228109,745747385,970022186,40658,100800,0,0,0,4511,0,0,0,0,970033673,791129,734400,1604600,970041113,181944,970045813,608603,23115,456,10653,0,0,0,34100,0
1785996874.186228878,979095791,0,979095789,0,979087732,36144,74600,0,0,0,0,0,787231195,745747390,979099595,40654,100800,0,0,0,4510,0,0,0,0,979110441,791043,734400,1604500,979118033,181926,979124126,608536,23113,456,10652,0,0,0,34100,0
1785996875.218524389,988143316,0,988143314,0,988135404,36142,74600,0,0,0,0,0,787234292,745747394,988147998,40651,100800,0,0,0,4509,0,0,0,0,988160585,790968,734300,1604200,988167786,181911,988174683,608475,23111,456,10652,0,0,0,34100,0
1785996876.247014219,997233613,0,997233611,0,997225795,36138,74600,0,0,0,0,0,787237379,745747397,997237467,40646,100700,0,0,0,4507,0,0,0,0,997248611,790835,734200,1603800,997256157,181897,997261430,608356,23109,456,10652,0,0,0,34100,0
1785996877.279330050,1005899436,0,1005899434,0,1005891448,36148,74600,0,0,0,0,0,787240473,745747406,1005902254,40658,100800,0,0,0,4509,0,0,0,0,1005912960,791042,734300,1605000,1005919265,181951,1005923100,608509,23115,456,10655,0,0,0,34100,0
1785996878.310458382,1014952245,0,1014952243,0,1014944836,36146,74600,0,0,0,0,0,787243566,745747406,1014956726,40655,100800,0,0,0,4508,0,0,0,0,1014968573,790960,734300,1604700,1014976011,181936,1014981205,608442,23113,456,10654,0,0,0,34100,0
1785996879.340051772,1024002665,0,1024002663,0,1023995253,36144,74600,0,0,0,0,0,787246656,745747406,1024007845,40652,100800,0,0,0,4507,0,0,0,0,1024019638,790882,734300,1604300,1024026421,181928,1024033601,608373,23111,456,10654,0,0,0,34100,0
1785996880.368008023,1033087966,0,1033087964,0,1033080374,36140,74600,0,0,0,0,0,787249740,745747406,1033091876,40647,100700,0,0,0,4506,0,0,0,0,1033102989,790768,734200,1603800,1033110376,181909,1033116387,608278,23109,456,10653,0,0,0,34100,0
1785996881.398548360,1042201311,0,1042201309,0,1042193962,36137,74600,0,0,0,0,0,787252831,745747406,1042205653,40643,100700,0,0,0,4505,0,0,0,0,1042217523,790627,734100,1603100,1042224171,181891,1042230313,608155,23106,455,10653,0,0,0,34100,0
1785996882.427442546,1051221610,0,1051221608,0,1051213562,36135,74600,0,0,0,0,0,787255916,745747407,1051225057,40641,100700,0,0,0,4505,0,0,0,0,1051237943,790588,734100,1602900,1051244341,181893,1051249695,608114,23105,455,10653,0,0,0,34100,0
1785996883.457929321,1059883929,0,1059883927,0,1059876244,36144,74600,0,0,0,0,0,787259007,745747419,1059887683,40651,100800,0,0,0,4506,0,0,0,0,1059899816,790814,734200,1604200,1059905566,181947,1059911478,608286,23111,456,10655,0,0,0,34100,0
1785996884.492739677,1068926292,0,1068926290,0,1068918635,36142,74600,0,0,0,0,0,787262105,745747419,1068930873,40649,100700,0,0,0,4506,0,0,0,0,1068943308,790777,734200,1604100,1068950310,181951,1068956208,608245,23109,456,10655,0,0,0,34100,0
1785996885.523588929,1077925398,0,1077925396,0,1077917401,36142,74600,0,0,0,0,0,787265200,745747429,1077929748,40649,100700,0,0,0,4506,0,0,0,0,1077942008,790763,734200,1604400,1077947368,181945,1077953441,608236,23109,456,10654,0,0,0,34100,0
1785996886.561767719,1087120638,0,1087120637,0,1087113131,36138,74600,0,0,0,0,0,787268319,745747429,1087124813,40643,100700,0,0,0,4505,0,0,0,0,1087137169,790633,734100,1604400,1087144166,181924,1087149442,608128,23106,456,10654,0,0,0,34100,0
1785996887.592887929,1096244793,0,1096244791,0,1096236991,36134,74600,0,0,0,0,0,787271413,745747429,1096248827,40639,100700,0,0,0,4504,0,0,0,0,1096261038,790518,734000,1604300,1096266878,181903,1096272843,608034,23103,456,10653,0,0,0,34100,0
1785996888.622246463,1105190006,0,1105190004,0,1105182208,36135,74600,0,0,0,0,0,787274500,745747431,1105194129,40640,100700,0,0,0,4504,0,0,0,0,1105206088,790509,734000,1604700,1105211929,181907,1105218367,608021,23104,456,10653,0,0,0,34100,0
1785996889.651323095,1114002525,0,1114002524,0,1113994841,36139,74600,0,0,0,0,0,787277586,745747439,1114006924,40645,100700,0,0,0,4505,0,0,0,0,1114018840,790590,733900,1605600,1114025241,181930,1114031403,608079,23106,456,10654,0,0,0,34100,0
1785996890.680691984,1123111863,0,1123111861,0,1123104690,36135,74600,0,0,0,0,0,787280673,745747439,1123116714,40640,100700,0,0,0,4504,0,0,0,0,1123129637,790463,733800,1605200,1123136701,181905,1123141994,607976,23104,456,10653,0,0,0,34100,0
1785996891.716216780,1132246661,0,1132246659,0,1132238927,36132,74600,0,0,0,0,0,787283777,745747440,1132249965,40636,100700,0,0,0,4503,0,0,0,0,1132261585,790345,733700,1604700,1132268579,181881,1132273507,607883,23101,455,10653,0,0,0,34100,0
1785996892.749278904,1141391218,0,1141391216,0,1141383117,36129,74600,0,0,0,0,0,787286880,745747440,1141395531,40632,100700,0,0,0,4502,0,0,0,0,1141407074,790213,733600,1604300,1141414709,181853,1141420602,607779,23099,455,10652,0,0,0,34100,0
1785996893.779125257,1150519212,0,1150519210,0,1150511207,36125,74600,0,0,0,0,0,787289971,745747440,1150523437,40627,100600,0,0,0,4501,0,0,0,0,1150534831,790068,733400,1603700,1150543641,181827,1150547205,607661,23096,455,10651,0,0,0,34100,0
1785996894.812633484,1159392975,0,1159392973,0,1159385059,36129,74600,0,0,0,0,0,787293070,745747446,1159396106,40631,100700,0,0,0,4501,0,0,0,0,1159408655,790150,733400,1604000,1159413408,181847,1159419809,607722,23098,455,10653,0,0,0,34100,0
1785996895.843902084,1168244137,0,1168244136,0,1168236529,36132,74600,0,0,0,0,0,787296166,745747455,1168248355,40635,100700,0,0,0,4502,0,0,0,0,1168258643,790243,733400,1604700,1168266652,181872,1168271285,607790,23101,455,10654,0,0,0,34100,0
1785996896.879837514,1177403470,0,1177403468,0,1177396132,36128,74600,0,0,0,0,0,787299274,745747455,1177408457,40630,100700,0,0,0,4501,0,0,0,0,1177421186,790108,733200,1604300,1177428226,181844,1177435885,607684,23098,455,10652,0,0,0,34100,0
1785996897.911622132,1186517545,0,1186517543,0,1186509864,36124,74600,0,0,0,0,0,787302364,745747457,1186521997,40626,100600,0,0,0,4501,0,0,0,0,1186534597,790020,733100,1604100,1186540748,181824,1186546353,607616,23095,455,10651,0,0,0,34100,0
1785996898.942708400,1195651369,0,1195651367,0,1195643708,36120,74600,0,0,0,0,0,787305458,745747457,1195656435,40621,100600,0,0,0,4500,0,0,0,0,1195668471,789898,733000,1603900,1195676072,181797,1195681339,607520,23092,455,10650,0,0,0,34100,0
1785996899.974921395,1204826882,0,1204826880,0,1204819638,36115,74600,0,0,0,0,0,787308557,745747457,1204831651,40615,100600,0,0,0,4499,0,0,0,0,1204843288,789773,732800,1603700,1204849929,181770,1204856014,607423,23089,455,10649,0,0,0,34100,0
1785996901.010564622,1213674076,0,1213674074,0,1213666343,36120,74600,0,0,0,0,0,787311662,745747465,1213678777,40621,100600,0,0,0,4500,0,0,0,0,1213691885,789864,732800,1604500,1213698735,181788,1213704001,607496,23092,455,10650,0,0,0,34100,0
1785996902.040430274,1222672826,0,1222672824,0,1222664579,36119,74600,0,0,0,0,0,787314752,745747485,1222676351,40620,100600,0,0,0,4500,0,0,0,0,1222688472,789860,732800,1605100,1222694042,181784,1222700386,607495,23091,455,10650,0,0,0,34100,0
1785996903.070990798,1231824957,0,1231824955,0,1231816990,36115,74600,0,0,0,0,0,787317846,745747485,1231829272,40614,100600,0,0,0,4499,0,0,0,0,1231841954,789777,732700,1605200,1231848941,181771,1231854398,607426,23088,455,10649,0,0,0,34100,0
1785996904.103098554,1240941756,0,1240941755,0,1240933528,36111,74600,0,0,0,0,0,787320941,745747485,1240944697,40610,100600,0,0,0,4498,0,0,0,0,1240955438,789704,732600,1605400,1240961523,181759,1240968326,607365,23086,455,10648,0,0,0,34100,0
1785996905.137139642,1250043372,0,1250043370,0,1250035782,36108,74600,0,0,0,0,0,787324039,745747491,1250047452,40607,100600,0,0,0,4498,0,0,0,0,1250059805,789643,732600,1605400,1250067010,181738,1250071258,607325,23084,455,10647,0,0,0,34100,0
1785996906.172547968,1259138599,0,1259138597,0,1259130548,36106,74600,0,0,0,0,0,787327146,745747496,1259141635,40605,100600,0,0,0,4498,0,0,0,0,1259153440,789626,732500,1605700,1259159069,181735,1259165040,607312,23083,455,10646,0,0,0,34100,0
1785996907.201070607,1267779580,0,1267779578,0,1267771682,36113,74600,0,0,0,0,0,787330234,745747511,1267784047,40614,100600,0,0,0,4499,0,0,0,0,1267795695,789848,732600,1607200,1267802552,181783,1267808786,607485,23088,455,10648,0,0,0,34100,0
1785996908.228055440,1276905863,0,1276905861,0,1276897832,36109,74600,0,0,0,0,0,787333312,745747511,1276908247,40609,100600,0,0,0,4499,0,0,0,0,1276918358,789754,732500,1606900,1276923667,181764,1276928227,607410,23085,455,10647,0,0,0,34100,0
1785996909.259547671,1286073555,0,1286073553,0,1286066191,36104,74600,0,0,0,0,0,787336408,745747511,1286078389,40603,100600,0,0,0,4498,0,0,0,0,1286092071,789643,732500,1606500,1286098222,181741,1286103653,607321,23082,455,10646,0,0,0,34100,0
1785996910.287924555,1295250739,0,1295250738,0,1295242878,36100,74600,0,0,0,0,0,787339495,745747511,1295254407,40597,100600,0,0,0,4497,0,0,0,0,1295266230,789499,732400,1605900,1295272514,181710,1295279653,607209,23079,455,10644,0,0,0,34100,0
1785996911.314250139,1304395980,0,1304395978,0,1304387797,36095,74600,0,0,0,0,0,787342572,745747512,1304397599,40592,100500,0,0,0,4496,0,0,0,0,1304406269,789362,732300,1605500,1304413089,181679,1304417317,607103,23076,455,10643,0,0,0,34100,0
1785996912.347866232,1313510728,0,1313510726,0,1313502877,36093,74600,0,0,0,0,0,787345674,745747518,1313514728,40589,100500,0,0,0,4495,0,0,0,0,1313526556,789305,732200,1605400,1313532642,181669,1313536706,607056,23074,455,10642,0,0,0,34100,0
1785996913.377130832,1322170373,0,1322170371,0,1322163195,36100,74600,0,0,0,0,0,787348760,745747548,1322174966,40598,100600,0,0,0,4497,0,0,0,0,1322187942,789493,732200,1606700,1322194845,181719,1322199136,607194,23079,455,10644,0,0,0,34100,0
1785996914.407048443,1331283213,0,1331283211,0,1331275279,36097,74600,0,0,0,0,0,787351849,745747548,1331286040,40594,100500,0,0,0,4496,0,0,0,0,1331297935,789405,732100,1606400,1331303450,181708,1331309044,607118,23077,455,10643,0,0,0,34100,0
1785996915.437009745,1340371750,0,1340371748,0,1340363768,36094,74600,0,0,0,0,0,787354934,745747548,1340376040,40591,100500,0,0,0,4495,0,0,0,0,1340388251,789324,732100,1606000,1340395784,181693,1340401673,607052,23075,455,10643,0,0,0,34100,0
1785996916.468510777,1349380883,0,1349380882,0,1349373121,36095,74600,0,0,0,0,0,787358034,745747564,1349384801,40591,100500,0,0,0,4495,0,0,0,0,1349397333,789309,732000,1605900,1349402301,181689,1349409274,607040,23075,455,10643,0,0,0,34100,0
1785996917.500043110,1358423197,0,1358423195,0,1358415546,36093,74600,0,0,0,0,0,787361128,745747568,1358426886,40589,100500,0,0,0,4495,0,0,0,0,1358439267,789282,732000,1605700,1358445161,181676,1358450647,607026,23074,455,10643,0,0,0,34100,0
1785996918.532472804,1367288568,0,1367288566,0,1367280746,36096,74600,0,0,0,0,0,787364227,745747577,1367292015,40592,100500,0,0,0,4495,0,0,0,0,1367303608,789373,732100,1605900,1367310071,181689,1367314763,607105,23076,455,10644,0,0,0,34100,0
1785996919.563889365,1376149413,0,1376149411,0,1376141581,36098,74600,0,0,0,0,0,787367320,745747578,1376153113,40595,100500,0,0,0,4496,0,0,0,0,1376165196,789462,732100,1606800,1376170376,181702,1376176857,607180,23078,455,10644,0,0,0,34100,0
1785996920.596797701,1385304752,0,1385304750,0,1385296746,36095,74600,0,0,0,0,0,787370422,745747585,1385308387,40591,100500,0,0,0,4495,0,0,0,0,1385320519,789390,732100,1606700,1385326238,181689,1385332219,607121,23075,455,10643,0,0,0,34100,0
1785996921.627190257,1394429255,0,1394429253,0,1394421872,36091,74600,0,0,0,0,0,787373513,745747585,1394434060,40587,100500,0,0,0,4495,0,0,0,0,1394445581,789309,732000,1606500,1394452008,181670,1394458911,607061,23073,455,10642,0,0,0,34100,0
1785996922.658415445,1403573775,0,1403573773,0,1403565858,36088,74500,0,0,0,0,0,787376606,745747591,1403577227,40583,100500,0,0,0,4494,0,0,0,0,1403589479,789234,731900,1606400,1403595225,181653,1403600836,607001,23071,455,10641,0,0,0,34100,0
1785996923.687590504,1412712693,0,1412712692,0,1412705022,36084,74500,0,0,0,0,0,787379692,745747591,1412717371,40579,100400,0,0,0,4493,0,0,0,0,1412730816,789131,731900,1606000,1412738815,181630,1412743584,606922,23068,455,10640,0,0,0,34100,0
1785996924.722339801,1421611119,0,1421611117,0,1421603262,36088,74500,0,0,0,0,0,787382796,745747592,1421614534,40582,100500,0,0,0,4494,0,0,0,0,1421626614,789242,731900,1606600,1421632335,181651,1421638072,607011,23070,455,10641,0,0,0,34100,0
1785996925.752681252,1430270467,0,1430270465,0,1430262757,36095,74500,0,0,0,0,0,787385887,745747593,1430275160,40591,100500,0,0,0,4495,0,0,0,0,1430287729,789442,731900,1607800,1430294357,181696,1430300343,607166,23075,455,10643,0,0,0,34100,0
1785996926.784110049,1439327824,0,1439327822,0,1439321032,36094,74500,0,0,0,0,0,787388982,745747596,1439333821,40590,100500,0,0,0,4495,0,0,0,0,1439346665,789392,731900,1608000,1439352879,181687,1439359723,607125,23075,455,10643,0,0,0,34100,0
1785996927.815111307,1448431591,0,1448431590,0,1448423958,36092,74500,0,0,0,0,0,787392075,745747597,1448435201,40587,100500,0,0,0,4495,0,0,0,0,1448447587,789369,731900,1608100,1448453942,181679,1448459353,607110,23073,455,10642,0,0,0,34100,0
1785996928.845233885,1457545189,0,1457545187,0,1457537434,36089,74500,0,0,0,0,0,787395164,745747597,1457548929,40584,100400,0,0,0,4494,0,0,0,0,1457561301,789327,731900,1608200,1457567446,181671,1457571900,607077,23071,455,10642,0,0,0,34100,0
1785996929.878165717,1466640629,0,1466640628,0,1466632867,36087,74500,0,0,0,0,0,787398261,745747597,1466644402,40582,100400,0,0,0,4494,0,0,0,0,1466655233,789301,731900,1608300,1466662936,181661,1466667824,607061,23070,455,10642,0,0,0,34100,0
1785996930.911403177,1475531334,0,1475531332,0,1475523290,36090,74500,0,0,0,0,0,787401364,745747607,1475534217,40585,100500,0,0,0,4494,0,0,0,0,1475546253,789383,732000,1608900,1475551947,181682,1475556280,607122,23072,455,10642,0,0,0,34100,0
1785996931.941312420,1484402535,0,1484402533,0,1484394455,36093,74500,0,0,0,0,0,787404452,745747616,1484405957,40589,100500,0,0,0,4495,0,0,0,0,1484416512,789445,732000,1609700,1484424082,181698,1484428975,607168,23073,455,10643,0,0,0,34100,0
1785996932.974447927,1493597606,0,1493597604,0,1493589742,36089,74500,0,0,0,0,0,787407551,745747616,1493601271,40585,100500,0,0,0,4495,0,0,0,0,1493613414,789328,731800,1609500,1493619852,181671,1493625062,607078,23071,455,10642,0,0,0,34100,0
1785996934.017472783,1502844432,0,1502844431,0,1502836538,36086,74500,0,0,0,0,0,787410680,745747618,1502848392,40581,100500,0,0,0,4494,0,0,0,0,1502864792,789266,731800,1609500,1502876252,181658,1502882248,607029,23069,455,10641,0,0,0,34100,0
1785996935.052975523,1512052160,0,1512052158,0,1512044593,36082,74500,0,0,0,0,0,787413782,745747619,1512056790,40576,100500,0,0,0,4493,0,0,0,0,1512069247,789183,731700,1609500,1512077066,181640,1512083157,606963,23066,455,10640,0,0,0,34100,0
1785996936.084563982,1521271783,0,1521271781,0,1521263762,36078,74500,0,0,0,0,0,787416883,745747619,1521276156,40572,100400,0,0,0,4493,0,0,0,0,1521288803,789070,731600,1609400,1521295175,181616,1521301360,606875,23063,455,10639,0,0,0,34100,0
1785996937.114795951,1530042669,0,1530042667,0,1530034818,36083,74500,0,0,0,0,0,787419973,745747626,1530046254,40578,100500,0,0,0,4494,0,0,0,0,1530057340,789179,731600,1610400,1530065383,181643,1530070933,606957,23067,455,10641,0,0,0,34100,0
1785996938.142729187,1539013467,0,1539013465,0,1539005703,36083,74600,0,0,0,0,0,787423054,745747629,1539017225,40577,100500,0,0,0,4493,0,0,0,0,1539029392,789174,731500,1610400,1539034882,181629,1539039909,606966,23067,455,10641,0,0,0,34100,0
1785996939.170284609,1548146760,0,1548146758,0,1548138857,36080,74500,0,0,0,0,0,787426138,745747629,1548149971,40574,100500,0,0,0,4493,0,0,0,0,1548161446,789076,731400,1610000,1548167882,181606,1548173208,606891,23064,455,10640,0,0,0,34100,0
1785996940.199039608,1557294712,0,1557294710,0,1557287217,36077,74500,0,0,0,0,0,787429225,745747631,1557298903,40570,100400,0,0,0,4492,0,0,0,0,1557312100,788982,731400,1609900,1557317134,181584,1557323934,606818,23062,455,10639,0,0,0,34100,0
1785996941.223225397,1561800763,0,1561800761,0,1561790241,36075,74500,0,0,0,0,0,787432299,745749204,1561790241,40567,100400,0,0,0,4491,0,0,0,0,1561795341,788940,731300,1609900,1561795341,181574,1561794992,606787,23060,455,10639,0,0,0,34100,0
1785996942.244687340,1561800763,0,1561800761,0,1561790241,36075,74500,0,0,0,0,0,787435364,745752265,1561790241,40567,100400,0,0,0,4491,0,0,0,0,1561795345,788940,731300,1609900,1561795345,181574,1561794992,606787,23060,455,10639,0,0,0,34100,0
1785996943.270340870,1561800763,0,1561800761,0,1561790241,36075,74500,0,0,0,0,0,787438435,745755202,1561790241,40567,100400,0,0,0,4491,0,0,0,0,1561795348,788940,731300,1609900,1561795348,181574,1561794992,606787,23060,455,10639,0,0,0,34100,0
1785996944.303510164,1561800763,0,1561800761,0,1561790241,36075,74500,0,0,0,0,0,787441532,745758287,1561790241,40567,100400,0,0,0,4491,0,0,0,0,1561795350,788940,731300,1609900,1561795350,181574,1561794992,606787,23060,455,10639,0,0,0,34100,0
1785996945.335573074,1561800763,0,1561800761,0,1561790241,36075,74500,0,0,0,0,0,787444626,745761376,1561790241,40567,100400,0,0,0,4491,0,0,0,0,1561795352,788940,731300,1609900,1561795352,181574,1561794992,606787,23060,455,10639,0,0,0,34100,0
1785996946.367210980,1561800763,0,1561800761,0,1561790241,36075,74500,0,0,0,0,0,787447723,745764466,1561790241,40567,100400,0,0,0,4491,0,0,0,0,1561795354,788940,731300,1609900,1561795354,181574,1561794992,606787,23060,455,10639,0,0,0,34100,0
1785996947.392434484,1561800763,0,1561800761,0,1561790241,36075,74500,0,0,0,0,0,787450798,745767516,1561790241,40567,100400,0,0,0,4491,0,0,0,0,1561795356,788940,731300,1609900,1561795356,181574,1561794992,606787,23060,455,10639,0,0,0,34100,0
1785996948.421968999,1561800763,0,1561800761,0,1561790241,36075,74500,0,0,0,0,0,787453883,745770586,1561790241,40567,100400,0,0,0,4491,0,0,0,0,1561795358,788940,731300,1609900,1561795358,181574,1561794992,606787,23060,455,10639,0,0,0,34100,0
1785996949.453847896,1561800763,0,1561800761,0,1561790241,36075,74500,0,0,0,0,0,787456980,745773553,1561790241,40567,100400,0,0,0,4491,0,0,0,0,1561795360,788940,731300,1609900,1561795360,181574,1561794992,606787,23060,455,10639,0,0,0,34100,0
1785996950.485402615,1561800763,0,1561800761,0,1561790241,36075,74500,0,0,0,0,0,787460074,745776642,1561790241,40567,100400,0,0,0,4491,0,0,0,0,1561795362,788940,731300,1609900,1561795362,181574,1561794992,606787,23060,455,10639,0,0,0,34100,0
1785996951.517354121,1561800763,0,1561800761,0,1561790241,36075,74500,0,0,0,0,0,787463170,745779732,1561790241,40567,100400,0,0,0,4491,0,0,0,0,1561795364,788940,731300,1609900,1561795364,181574,1561794992,606787,23060,455,10639,0,0,0,34100,0
1785996952.550240464,1561800763,0,1561800761,0,1561790241,36075,74500,0,0,0,0,0,787466268,745782824,1561790241,40567,100400,0,0,0,4491,0,0,0,0,1561795366,788940,731300,1609900,1561795366,181574,1561794992,606787,23060,455,10639,0,0,0,34100,0
1785996953.580428828,1561800763,0,1561800761,0,1561790241,36075,74500,0,0,0,0,0,787469357,745785908,1561790241,40567,100400,0,0,0,4491,0,0,0,0,1561795368,788940,731300,1609900,1561795368,181574,1561794992,606787,23060,455,10639,0,0,0,34100,0
1785996954.612797957,1561800763,0,1561800761,0,1561790241,36075,74500,0,0,0,0,0,787472454,745788943,1561790241,40567,100400,0,0,0,4491,0,0,0,0,1561795370,788940,731300,1609900,1561795370,181574,1561794992,606787,23060,455,10639,0,0,0,34100,0
1785996955.643775764,1561800763,0,1561800761,0,1561790241,36075,74500,0,0,0,0,0,787475549,745791951,1561790241,40567,100400,0,0,0,4491,0,0,0,0,1561795372,788940,731300,1609900,1561795372,181574,1561794992,606787,23060,455,10639,0,0,0,34100,0
1785996956.672192773,1561800763,0,1561800761,0,1561790241,36075,74500,0,0,0,0,0,787478637,745795035,1561790241,40567,100400,0,0,0,4491,0,0,0,0,1561795374,788940,731300,1609900,1561795374,181574,1561794992,606787,23060,455,10639,0,0,0,34100,0
1785996957.703118183,1561800763,0,1561800761,0,1561790241,36075,74500,0,0,0,0,0,787481726,745798093,1561790241,40567,100400,0,0,0,4491,0,0,0,0,1561795376,788940,731300,1609900,1561795376,181574,1561794992,606787,23060,455,10639,0,0,0,34100,0
1785996958.734558737,1561800763,0,1561800761,0,1561790241,36075,74500,0,0,0,0,0,787484821,745801182,1561790241,40567,100400,0,0,0,4491,0,0,0,0,1561795378,788940,731300,1609900,1561795378,181574,1561794992,606787,23060,455,10639,0,0,0,34100,0
1785996959.767057285,1561800763,0,1561800761,0,1561790241,36075,74500,0,0,0,0,0,787487916,745804273,1561790241,40567,100400,0,0,0,4491,0,0,0,0,1561795380,788940,731300,1609900,1561795380,181574,1561794992,606787,23060,455,10639,0,0,0,34100,0
1785996960.797022735,1561800763,0,1561800761,0,1561790241,36075,74500,0,0,0,0,0,787491008,745807258,1561790241,40567,100400,0,0,0,4491,0,0,0,0,1561795382,788940,731300,1609900,1561795382,181574,1561794992,606787,23060,455,10639,0,0,0,34100,0
1785996961.829856357,1561800763,0,1561800761,0,1561790241,36075,74500,0,0,0,0,0,787494102,745810309,1561790241,40567,100400,0,0,0,4491,0,0,0,0,1561795384,788940,731300,1609900,1561795384,181574,1561794992,606787,23060,455,10639,0,0,0,34100,0
1785996962.862312591,1561800763,0,1561800761,0,1561790241,36075,74500,0,0,0,0,0,787497198,745813401,1561790241,40567,100400,0,0,0,4491,0,0,0,0,1561795386,788940,731300,1609900,1561795386,181574,1561794992,606787,23060,455,10639,0,0,0,34100,0
1785996963.894115052,1561800763,0,1561800761,0,1561790241,36075,74500,0,0,0,0,0,787500294,745816491,1561790241,40567,100400,0,0,0,4491,0,0,0,0,1561795388,788940,731300,1609900,1561795388,181574,1561794992,606787,23060,455,10639,0,0,0,34100,0
1785996964.926598782,1561800763,0,1561800761,0,1561790241,36075,74500,0,0,0,0,0,787503390,745819581,1561790241,40567,100400,0,0,0,4491,0,0,0,0,1561795390,788940,731300,1609900,1561795390,181574,1561794992,606787,23060,455,10639,0,0,0,34100,0
1785996965.958065191,1561800763,0,1561800761,0,1561790241,36075,74500,0,0,0,0,0,787506482,745822667,1561790241,40567,100400,0,0,0,4491,0,0,0,0,1561795392,788940,731300,1609900,1561795392,181574,1561794992,606787,23060,455,10639,0,0,0,34100,0
1785996966.989642232,1561800763,0,1561800761,0,1561790241,36075,74500,0,0,0,0,0,787509574,745825617,1561790241,40567,100400,0,0,0,4491,0,0,0,0,1561795394,788940,731300,1609900,1561795394,181574,1561794992,606787,23060,455,10639,0,0,0,34100,0
1785996968.021061503,1561800763,0,1561800761,0,1561790241,36075,74500,0,0,0,0,0,787512666,745828681,1561790241,40567,100400,0,0,0,4491,0,0,0,0,1561795396,788940,731300,1609900,1561795396,181574,1561794992,606787,23060,455,10639,0,0,0,34100,0
1785996969.053527871,1561800763,0,1561800761,0,1561790241,36075,74500,0,0,0,0,0,787515764,745831772,1561790241,40567,100400,0,0,0,4491,0,0,0,0,1561795398,788940,731300,1609900,1561795398,181574,1561794992,606787,23060,455,10639,0,0,0,34100,0
1785996970.085901187,1561800763,0,1561800761,0,1561790241,36075,74500,0,0,0,0,0,787518860,745834863,1561790241,40567,100400,0,0,0,4491,0,0,0,0,1561795400,788940,731300,1609900,1561795400,181574,1561794992,606787,23060,455,10639,0,0,0,34100,0
1785996971.118206501,1561800763,0,1561800761,0,1561790241,36075,74500,0,0,0,0,0,787521955,745837953,1561790241,40567,100400,0,0,0,4491,0,0,0,0,1561795402,788940,731300,1609900,1561795402,181574,1561794992,606787,23060,455,10639,0,0,0,34100,0
1785996972.150425095,1561800763,0,1561800761,0,1561790241,36075,74500,0,0,0,0,0,787525049,745840999,1561790241,40567,100400,0,0,0,4491,0,0,0,0,1561795404,788940,731300,1609900,1561795404,181574,1561794992,606787,23060,455,10639,0,0,0,34100,0
1785996973.184280415,1561800763,0,1561800761,0,1561790241,36075,74500,0,0,0,0,0,787528148,745844000,1561790241,40567,100400,0,0,0,4491,0,0,0,0,1561795406,788940,731300,1609900,1561795406,181574,1561794992,606787,23060,455,10639,0,0,0,34100,0
1785996974.214050327,1561800763,0,1561800761,0,1561790241,36075,74500,0,0,0,0,0,787531238,745847085,1561790241,40567,100400,0,0,0,4491,0,0,0,0,1561795408,788940,731300,1609900,1561795408,181574,1561794992,606787,23060,455,10639,0,0,0,34100,0
1785996975.243625636,1561800763,0,1561800761,0,1561790241,36075,74500,0,0,0,0,0,787534331,745850172,1561790241,40567,100400,0,0,0,4491,0,0,0,0,1561795410,788940,731300,1609900,1561795410,181574,1561794992,606787,23060,455,10639,0,0,0,34100,0
1785996976.274491466,1561800763,0,1561800761,0,1561790241,36075,74500,0,0,0,0,0,787537419,745853255,1561790241,40567,100400,0,0,0,4491,0,0,0,0,1561795412,788940,731300,1609900,1561795412,181574,1561794992,606787,23060,455,10639,0,0,0,34100,0
1785996977.302487925,1561800763,0,1561800761,0,1561790241,36075,74500,0,0,0,0,0,787540501,745856331,1561790241,40567,100400,0,0,0,4491,0,0,0,0,1561795415,788940,731300,1609900,1561795415,181574,1561794992,606787,23060,455,10639,0,0,0,34100,0
1785996978.331794348,1561800763,0,1561800761,0,1561790241,36075,74500,0,0,0,0,0,787543588,745859306,1561790241,40567,100400,0,0,0,4491,0,0,0,0,1561795418,788940,731300,1609900,1561795418,181574,1561794992,606787,23060,455,10639,0,0,0,34100,0
1785996979.363356793,1561800763,0,1561800761,0,1561790241,36075,74500,0,0,0,0,0,787546681,745862351,1561790241,40567,100400,0,0,0,4491,0,0,0,0,1561795420,788940,731300,1609900,1561795420,181574,1561794992,606787,23060,455,10639,0,0,0,34100,0
1785996980.394811455,1561800763,0,1561800761,0,1561790241,36075,74500,0,0,0,0,0,787549774,745865439,1561790241,40567,100400,0,0,0,4491,0,0,0,0,1561795422,788940,731300,1609900,1561795422,181574,1561794992,606787,23060,455,10639,0,0,0,34100,0
1785996981.423406756,1561800763,0,1561800761,0,1561790241,36075,74500,0,0,0,0,0,787552864,745868523,1561790241,40567,100400,0,0,0,4491,0,0,0,0,1561795424,788940,731300,1609900,1561795424,181574,1561794992,606787,23060,455,10639,0,0,0,34100,0
1785996982.453429267,1561800763,0,1561800761,0,1561790241,36075,74500,0,0,0,0,0,787555950,745871603,1561790241,40567,100400,0,0,0,4491,0,0,0,0,1561795426,788940,731300,1609900,1561795426,181574,1561794992,606787,23060,455,10639,0,0,0,34100,0
1785996983.485105613,1561800763,0,1561800761,0,1561790241,36075,74500,0,0,0,0,0,787559045,745874693,1561790241,40567,100400,0,0,0,4491,0,0,0,0,1561795428,788940,731300,1609900,1561795428,181574,1561794992,606787,23060,455,10639,0,0,0,34100,0
1785996984.515017371,1561800763,0,1561800761,0,1561790241,36075,74500,0,0,0,0,0,787562132,745877651,1561790241,40567,100400,0,0,0,4491,0,0,0,0,1561795430,788940,731300,1609900,1561795430,181574,1561794992,606787,23060,455,10639,0,0,0,34100,0
1785996985.541820318,1561800763,0,1561800761,0,1561790241,36075,74500,0,0,0,0,0,787565213,745880718,1561790241,40567,100400,0,0,0,4491,0,0,0,0,1561795432,788940,731300,1609900,1561795432,181574,1561794992,606787,23060,455,10639,0,0,0,34100,0
1785996986.574276368,1561800763,0,1561800761,0,1561790241,36075,74500,0,0,0,0,0,787568308,745883809,1561790241,40567,100400,0,0,0,4491,0,0,0,0,1561795434,788940,731300,1609900,1561795434,181574,1561794992,606787,23060,455,10639,0,0,0,34100,0
1785996987.607318671,1561800763,0,1561800761,0,1561790241,36075,74500,0,0,0,0,0,787571405,745886901,1561790241,40567,100400,0,0,0,4491,0,0,0,0,1561795436,788940,731300,1609900,1561795436,181574,1561794992,606787,23060,455,10639,0,0,0,34100,0
1785996988.638443498,1561800763,0,1561800761,0,1561790241,36075,74500,0,0,0,0,0,787574498,745889961,1561790241,40567,100400,0,0,0,4491,0,0,0,0,1561795438,788940,731300,1609900,1561795438,181574,1561794992,606787,23060,455,10639,0,0,0,34100,0
1785996989.669873997,1561800763,0,1561800761,0,1561790241,36075,74500,0,0,0,0,0,787577591,745893013,1561790241,40567,100400,0,0,0,4491,0,0,0,0,1561795440,788940,731300,1609900,1561795440,181574,1561794992,606787,23060,455,10639,0,0,0,34100,0
1785996990.702706655,1561800763,0,1561800761,0,1561790241,36075,74500,0,0,0,0,0,787580688,745895981,1561790241,40567,100400,0,0,0,4491,0,0,0,0,1561795442,788940,731300,1609900,1561795442,181574,1561794992,606787,23060,455,10639,0,0,0,34100,0
1785996991.735047234,1561800763,0,1561800761,0,1561790241,36075,74500,0,0,0,0,0,787583784,745899071,1561790241,40567,100400,0,0,0,4491,0,0,0,0,1561795444,788940,731300,1609900,1561795444,181574,1561794992,606787,23060,455,10639,0,0,0,34100,0
1785996992.767033941,1561800763,0,1561800761,0,1561790241,36075,74500,0,0,0,0,0,787586879,745902161,1561790241,40567,100400,0,0,0,4491,0,0,0,0,1561795446,788940,731300,1609900,1561795446,181574,1561794992,606787,23060,455,10639,0,0,0,34100,0
1785996993.798332055,1561800763,0,1561800761,0,1561790241,36075,74500,0,0,0,0,0,787589973,745905249,1561790241,40567,100400,0,0,0,4491,0,0,0,0,1561795448,788940,731300,1609900,1561795448,181574,1561794992,606787,23060,455,10639,0,0,0,34100,0
1785996994.829085527,1561800763,0,1561800761,0,1561790241,36075,74500,0,0,0,0,0,787593065,745908336,1561790241,40567,100400,0,0,0,4491,0,0,0,0,1561795450,788940,731300,1609900,1561795450,181574,1561794992,606787,23060,455,10639,0,0,0,34100,0
1785996995.857143931,1561800763,0,1561800761,0,1561790241,36075,74500,0,0,0,0,0,787596148,745911362,1561790241,40567,100400,0,0,0,4491,0,0,0,0,1561795452,788940,731300,1609900,1561795452,181574,1561794992,606787,23060,455,10639,0,0,0,34100,0
1785996996.888589581,1561800763,0,1561800761,0,1561790241,36075,74500,0,0,0,0,0,787599243,745914362,1561790241,40567,100400,0,0,0,4491,0,0,0,0,1561795454,788940,731300,1609900,1561795454,181574,1561794992,606787,23060,455,10639,0,0,0,34100,0
1785996997.920629975,1561800763,0,1561800761,0,1561790241,36075,74500,0,0,0,0,0,787602339,745917452,1561790241,40567,100400,0,0,0,4491,0,0,0,0,1561795456,788940,731300,1609900,1561795456,181574,1561794992,606787,23060,455,10639,0,0,0,34100,0
1785996998.950311943,1561800763,0,1561800761,0,1561790241,36075,74500,0,0,0,0,0,787605426,745920530,1561790241,40567,100400,0,0,0,4491,0,0,0,0,1561795458,788940,731300,1609900,1561795458,181574,1561794992,606787,23060,455,10639,0,0,0,34100,0
1785996999.982027112,1561800763,0,1561800761,0,1561790241,36075,74500,0,0,0,0,0,787608519,745923600,1561790241,40567,100400,0,0,0,4491,0,0,0,0,1561795460,788940,731300,1609900,1561795460,181574,1561794992,606787,23060,455,10639,0,0,0,34100,0
1785997001.014353398,1561800763,0,1561800761,0,1561790241,36075,74500,0,0,0,0,0,787611616,745926691,1561790241,40567,100400,0,0,0,4491,0,0,0,0,1561795462,788940,731300,1609900,1561795462,181574,1561794992,606787,23060,455,10639,0,0,0,34100,0
1785997002.046116654,1561800763,0,1561800761,0,1561790241,36075,74500,0,0,0,0,0,787614707,745929677,1561790241,40567,100400,0,0,0,4491,0,0,0,0,1561795464,788940,731300,1609900,1561795464,181574,1561794992,606787,23060,455,10639,0,0,0,34100,0
1785997003.078368055,1561800763,0,1561800761,0,1561790241,36075,74500,0,0,0,0,0,787617802,745932731,1561790241,40567,100400,0,0,0,4491,0,0,0,0,1561795466,788940,731300,1609900,1561795466,181574,1561794992,606787,23060,455,10639,0,0,0,34100,0
1785997004.110937573,1561800763,0,1561800761,0,1561790241,36075,74500,0,0,0,0,0,787620898,745935822,1561790241,40567,100400,0,0,0,4491,0,0,0,0,1561795468,788940,731300,1609900,1561795468,181574,1561794992,606787,23060,455,10639,0,0,0,34100,0
1785997005.143743766,1561800763,0,1561800761,0,1561790241,36075,74500,0,0,0,0,0,787623996,745938913,1561790241,40567,100400,0,0,0,4491,0,0,0,0,1561795470,788940,731300,1609900,1561795470,181574,1561794992,606787,23060,455,10639,0,0,0,34100,0
1785997006.175838322,1561800763,0,1561800761,0,1561790241,36075,74500,0,0,0,0,0,787627092,745942003,1561790241,40567,100400,0,0,0,4491,0,0,0,0,1561795472,788940,731300,1609900,1561795472,181574,1561794992,606787,23060,455,10639,0,0,0,34100,0
1785997007.207594796,1561800763,0,1561800761,0,1561790241,36075,74500,0,0,0,0,0,787630187,745945091,1561790241,40567,100400,0,0,0,4491,0,0,0,0,1561795474,788940,731300,1609900,1561795474,181574,1561794992,606787,23060,455,10639,0,0,0,34100,0
1785997008.238628249,1561800763,0,1561800761,0,1561790241,36075,74500,0,0,0,0,0,787633285,745948056,1561790241,40567,100400,0,0,0,4491,0,0,0,0,1561795476,788940,731300,1609900,1561795476,181574,1561794992,606787,23060,455,10639,0,0,0,34100,0
1785997009.262740881,1561800763,0,1561800761,0,1561790241,36075,74500,0,0,0,0,0,787636353,745951115,1561790241,40567,100400,0,0,0,4491,0,0,0,0,1561795478,788940,731300,1609900,1561795478,181574,1561794992,606787,23060,455,10639,0,0,0,34100,0
1785997010.292067451,1561800763,0,1561800761,0,1561790241,36075,74500,0,0,0,0,0,787639442,745954180,1561790241,40567,100400,0,0,0,4491,0,0,0,0,1561795480,788940,731300,1609900,1561795480,181574,1561794992,606787,23060,455,10639,0,0,0,34100,0
1785997011.317943520,1561800763,0,1561800761,0,1561790241,36075,74500,0,0,0,0,0,787642522,745957255,1561790241,40567,100400,0,0,0,4491,0,0,0,0,1561795482,788940,731300,1609900,1561795482,181574,1561794992,606787,23060,455,10639,0,0,0,34100,0
1785997012.347886047,1561800763,0,1561800761,0,1561790241,36075,74500,0,0,0,0,0,787645606,745960335,1561790241,40567,100400,0,0,0,4491,0,0,0,0,1561795484,788940,731300,1609900,1561795484,181574,1561794992,606787,23060,455,10639,0,0,0,34100,0
1785997013.378775545,1561800763,0,1561800761,0,1561790241,36075,74500,0,0,0,0,0,787648697,745963379,1561790241,40567,100400,0,0,0,4491,0,0,0,0,1561795486,788940,731300,1609900,1561795486,181574,1561794992,606787,23060,455,10639,0,0,0,34100,0
1785997014.407607653,1561800763,0,1561800761,0,1561790241,36075,74500,0,0,0,0,0,787651780,745966368,1561790241,40567,100400,0,0,0,4491,0,0,0,0,1561795488,788940,731300,1609900,1561795488,181574,1561794992,606787,23060,455,10639,0,0,0,34100,0
1785997015.437764009,1561800763,0,1561800761,0,1561790241,36075,74500,0,0,0,0,0,787654870,745969452,1561790241,40567,100400,0,0,0,4491,0,0,0,0,1561795490,788940,731300,1609900,1561795490,181574,1561794992,606787,23060,455,10639,0,0,0,34100,0
1785997016.468024859,1561800763,0,1561800761,0,1561790241,36075,74500,0,0,0,0,0,787657959,745972537,1561790241,40567,100400,0,0,0,4491,0,0,0,0,1561795492,788940,731300,1609900,1561795492,181574,1561794992,606787,23060,455,10639,0,0,0,34100,0
1785997017.500908221,1561800763,0,1561800761,0,1561790241,36075,74500,0,0,0,0,0,787661060,745975630,1561790241,40567,100400,0,0,0,4491,0,0,0,0,1561795494,788940,731300,1609900,1561795494,181574,1561794992,606787,23060,455,10639,0,0,0,34100,0
1785997018.532434616,1561800763,0,1561800761,0,1561790241,36075,74500,0,0,0,0,0,787664154,745978719,1561790241,40567,100400,0,0,0,4491,0,0,0,0,1561795496,788940,731300,1609900,1561795496,181574,1561794992,606787,23060,455,10639,0,0,0,34100,0
1785997019.560632549,1561800763,0,1561800761,0,1561790241,36075,74500,0,0,0,0,0,787667235,745981701,1561790241,40567,100400,0,0,0,4491,0,0,0,0,1561795498,788940,731300,1609900,1561795498,181574,1561794992,606787,23060,455,10639,0,0,0,34100,0
1785997020.588573923,1561800763,0,1561800761,0,1561790241,36075,74500,0,0,0,0,0,787670315,745984721,1561790241,40567,100400,0,0,0,4491,0,0,0,0,1561795500,788940,731300,1609900,1561795500,181574,1561794992,606787,23060,455,10639,0,0,0,34100,0
1785997021.621223017,1561800763,0,1561800761,0,1561790241,36075,74500,0,0,0,0,0,787673413,745987810,1561790241,40567,100400,0,0,0,4491,0,0,0,0,1561795502,788940,731300,1609900,1561795502,181574,1561794992,606787,23060,455,10639,0,0,0,34100,0
1785997022.653176634,1561800763,0,1561800761,0,1561790241,36075,74500,0,0,0,0,0,787676509,745990901,1561790241,40567,100400,0,0,0,4491,0,0,0,0,1561795504,788940,731300,1609900,1561795504,181574,1561794992,606787,23060,455,10639,0,0,0,34100,0
1785997023.685388269,1561800763,0,1561800761,0,1561790241,36075,74500,0,0,0,0,0,787679605,745993991,1561790241,40567,100400,0,0,0,4491,0,0,0,0,1561795506,788940,731300,1609900,1561795506,181574,1561794992,606787,23060,455,10639,0,0,0,34100,0
1785997024.717601762,1561800763,0,1561800761,0,1561790241,36075,74500,0,0,0,0,0,787682699,745997080,1561790241,40567,100400,0,0,0,4491,0,0,0,0,1561795508,788940,731300,1609900,1561795508,181574,1561794992,606787,23060,455,10639,0,0,0,34100,0
1785997025.748058149,1561800763,0,1561800761,0,1561790241,36075,74500,0,0,0,0,0,787685789,746000031,1561790241,40567,100400,0,0,0,4491,0,0,0,0,1561795510,788940,731300,1609900,1561795510,181574,1561794992,606787,23060,455,10639,0,0,0,34100,0
1785997026.777804265,1561800763,0,1561800761,0,1561790241,36075,74500,0,0,0,0,0,787688877,746003115,1561790241,40567,100400,0,0,0,4491,0,0,0,0,1561795512,788940,731300,1609900,1561795512,181574,1561794992,606787,23060,455,10639,0,0,0,34100,0
1785997027.808928705,1561800763,0,1561800761,0,1561790241,36075,74500,0,0,0,0,0,787691969,746006201,1561790241,40567,100400,0,0,0,4491,0,0,0,0,1561795514,788940,731300,1609900,1561795514,181574,1561794992,606787,23060,455,10639,0,0,0,34100,0
1785997028.841171561,1561800763,0,1561800761,0,1561790241,36075,74500,0,0,0,0,0,787695065,746009292,1561790241,40567,100400,0,0,0,4491,0,0,0,0,1561795516,788940,731300,1609900,1561795516,181574,1561794992,606787,23060,455,10639,0,0,0,34100,0
1785997029.873093533,1561800763,0,1561800761,0,1561790241,36075,74500,0,0,0,0,0,787698161,746012376,1561790241,40567,100400,0,0,0,4491,0,0,0,0,1561795518,788940,731300,1609900,1561795518,181574,1561794992,606787,23060,455,10639,0,0,0,34100,0
1785997030.904959375,1561800763,0,1561800761,0,1561790241,36075,74500,0,0,0,0,0,787701253,746015432,1561790241,40567,100400,0,0,0,4491,0,0,0,0,1561795520,788940,731300,1609900,1561795520,181574,1561794992,606787,23060,455,10639,0,0,0,34100,0
1785997031.936819008,1561800763,0,1561800761,0,1561790241,36075,74500,0,0,0,0,0,787704347,746018397,1561790241,40567,100400,0,0,0,4491,0,0,0,0,1561795522,788940,731300,1609900,1561795522,181574,1561794992,606787,23060,455,10639,0,0,0,34100,0
1785997032.969550793,1561800763,0,1561800761,0,1561790241,36075,74500,0,0,0,0,0,787707443,746021489,1561790241,40567,100400,0,0,0,4491,0,0,0,0,1561795524,788940,731300,1609900,1561795524,181574,1561794992,606787,23060,455,10639,0,0,0,34100,0
1785997034.000245637,1561800763,0,1561800761,0,1561790241,36075,74500,0,0,0,0,0,787710537,746024575,1561790241,40567,100400,0,0,0,4491,0,0,0,0,1561795526,788940,731300,1609900,1561795526,181574,1561794992,606787,23060,455,10639,0,0,0,34100,0
1785997035.032096222,1561800763,0,1561800761,0,1561790241,36075,74500,0,0,0,0,0,787713631,746027665,1561790241,40567,100400,0,0,0,4491,0,0,0,0,1561795528,788940,731300,1609900,1561795528,181574,1561794992,606787,23060,455,10639,0,0,0,34100,0
1785997036.065406004,1561800763,0,1561800761,0,1561790241,36075,74500,0,0,0,0,0,787716731,746030759,1561790241,40567,100400,0,0,0,4491,0,0,0,0,1561795530,788940,731300,1609900,1561795530,181574,1561794992,606787,23060,455,10639,0,0,0,34100,0
1785997037.097455945,1561800763,0,1561800761,0,1561790241,36075,74500,0,0,0,0,0,787719826,746033793,1561790241,40567,100400,0,0,0,4491,0,0,0,0,1561795532,788940,731300,1609900,1561795532,181574,1561794992,606787,23060,455,10639,0,0,0,34100,0
1785997038.128111180,1561800763,0,1561800761,0,1561790241,36075,74500,0,0,0,0,0,787722921,746036807,1561790241,40567,100400,0,0,0,4491,0,0,0,0,1561795534,788940,731300,1609900,1561795534,181574,1561794992,606787,23060,455,10639,0,0,0,34100,0
1785997039.158061333,1561800763,0,1561800761,0,1561790241,36075,74500,0,0,0,0,0,787726011,746039892,1561790241,40567,100400,0,0,0,4491,0,0,0,0,1561795536,788940,731300,1609900,1561795536,181574,1561794992,606787,23060,455,10639,0,0,0,34100,0
1785997040.187256324,1561800763,0,1561800761,0,1561790241,36075,74500,0,0,0,0,0,787729100,746042970,1561790241,40567,100400,0,0,0,4491,0,0,0,0,1561795538,788940,731300,1609900,1561795538,181574,1561794992,606787,23060,455,10639,0,0,0,34100,0
1785997041.219538660,1561800763,0,1561800761,0,1561790241,36075,74500,0,0,0,0,0,787732195,746046041,1561790241,40567,100400,0,0,0,4491,0,0,0,0,1561795540,788940,731300,1609900,1561795540,181574,1561794992,606787,23060,455,10639,0,0,0,34100,0
1785997042.252330734,1561800763,0,1561800761,0,1561790241,36075,74500,0,0,0,0,0,787735293,746049133,1561790241,40567,100400,0,0,0,4491,0,0,0,0,1561795542,788940,731300,1609900,1561795542,181574,1561794992,606787,23060,455,10639,0,0,0,34100,0
1785997043.281639532,1561800763,0,1561800761,0,1561790241,36075,74500,0,0,0,0,0,787738385,746052116,1561790241,40567,100400,0,0,0,4491,0,0,0,0,1561795544,788940,731300,1609900,1561795544,181574,1561794992,606787,23060,455,10639,0,0,0,34100,0
1785997044.311019708,1561800763,0,1561800761,0,1561790241,36075,74500,0,0,0,0,0,787741469,746055164,1561790241,40567,100400,0,0,0,4491,0,0,0,0,1561795546,788940,731300,1609900,1561795546,181574,1561794992,606787,23060,455,10639,0,0,0,34100,0
1785997045.345420722,1561800763,0,1561800761,0,1561790241,36075,74500,0,0,0,0,0,787744571,746058259,1561790241,40567,100400,0,0,0,4491,0,0,0,0,1561795548,788940,731300,1609900,1561795548,181574,1561794992,606787,23060,455,10639,0,0,0,34100,0
1785997046.377821949,1561800763,0,1561800761,0,1561790241,36075,74500,0,0,0,0,0,787747668,746061350,1561790241,40567,100400,0,0,0,4491,0,0,0,0,1561795550,788940,731300,1609900,1561795550,181574,1561794992,606787,23060,455,10639,0,0,0,34100,0
1785997047.411877920,1561800763,0,1561800761,0,1561790241,36075,74500,0,0,0,0,0,787750769,746064446,1561790241,40567,100400,0,0,0,4491,0,0,0,0,1561795552,788940,731300,1609900,1561795552,181574,1561794992,606787,23060,455,10639,0,0,0,34100,0
1785997048.442815629,1561800763,0,1561800761,0,1561790241,36075,74500,0,0,0,0,0,787753863,746067530,1561790241,40567,100400,0,0,0,4491,0,0,0,0,1561795554,788940,731300,1609900,1561795554,181574,1561794992,606787,23060,455,10639,0,0,0,34100,0
1785997049.475778369,1561800763,0,1561800761,0,1561790241,36075,74500,0,0,0,0,0,787756958,746070457,1561790241,40567,100400,0,0,0,4491,0,0,0,0,1561795556,788940,731300,1609900,1561795556,181574,1561794992,606787,23060,455,10639,0,0,0,34100,0
1785997050.510765530,1561800763,0,1561800761,0,1561790241,36075,74500,0,0,0,0,0,787760063,746073523,1561790241,40567,100400,0,0,0,4491,0,0,0,0,1561795558,788940,731300,1609900,1561795558,181574,1561794992,606787,23060,455,10639,0,0,0,34100,0
1785997051.543015963,1561800763,0,1561800761,0,1561790241,36075,74500,0,0,0,0,0,787763160,746076596,1561790241,40567,100400,0,0,0,4491,0,0,0,0,1561795560,788940,731300,1609900,1561795560,181574,1561794992,606787,23060,455,10639,0,0,0,34100,0
1785997052.575816935,1561800763,0,1561800761,0,1561790241,36075,74500,0,0,0,0,0,787766258,746079688,1561790241,40567,100400,0,0,0,4491,0,0,0,0,1561795562,788940,731300,1609900,1561795562,181574,1561794992,606787,23060,455,10639,0,0,0,34100,0
1785997053.606090610,1561800763,0,1561800761,0,1561790241,36075,74500,0,0,0,0,0,787769351,746082776,1561790241,40567,100400,0,0,0,4491,0,0,0,0,1561795564,788940,731300,1609900,1561795564,181574,1561794992,606787,23060,455,10639,0,0,0,34100,0
1785997054.634887536,1561800763,0,1561800761,0,1561790241,36075,74500,0,0,0,0,0,787772435,746085852,1561790241,40567,100400,0,0,0,4491,0,0,0,0,1561795566,788940,731300,1609900,1561795566,181574,1561794992,606787,23060,455,10639,0,0,0,34100,0
1785997055.667778672,1561800763,0,1561800761,0,1561790241,36075,74500,0,0,0,0,0,787775530,746088791,1561790241,40567,100400,0,0,0,4491,0,0,0,0,1561795568,788940,731300,1609900,1561795568,181574,1561794992,606787,23060,455,10639,0,0,0,34100,0
1785997056.700926104,1561800763,0,1561800761,0,1561790241,36075,74500,0,0,0,0,0,787778628,746091884,1561790241,40567,100400,0,0,0,4491,0,0,0,0,1561795570,788940,731300,1609900,1561795570,181574,1561794992,606787,23060,455,10639,0,0,0,34100,0
1785997057.733549393,1561800763,0,1561800761,0,1561790241,36075,74500,0,0,0,0,0,787781725,746094975,1561790241,40567,100400,0,0,0,4491,0,0,0,0,1561795572,788940,731300,1609900,1561795572,181574,1561794992,606787,23060,455,10639,0,0,0,34100,0
1785997058.761055745,1561800763,0,1561800761,0,1561790241,36075,74500,0,0,0,0,0,787784813,746098034,1561790241,40567,100400,0,0,0,4491,0,0,0,0,1561795576,788940,731300,1609900,1561795576,181574,1561794992,606787,23060,455,10639,0,0,0,34100,0
1785997064.944676398,0,0,0,0,0,0,0,0,0,0,0,0,787803333,746116081,0,0,0,0,0,0,0,0,0,0,0,0,0,0,0,0,0,0,0,0,0,0,0,0,0,0,0
1785997065.968613326,0,0,0,0,0,0,0,0,0,0,0,0,787806401,746119144,0,0,0,0,0,0,0,0,0,0,0,2,6251752,3276700,18446744073709551616,2,3091774,0,0,0,0,0,0,0,0,0,0
1785997066.996153530,0,0,0,0,0,0,0,0,0,0,0,0,787809482,746122137,0,0,0,0,0,0,0,0,0,0,0,4,4853095,3276700,18446744073709551616,4,2385449,0,0,0,0,0,0,0,0,0,0
1785997068.024140799,0,0,0,0,0,0,0,0,0,0,0,0,787812566,746125161,0,0,0,0,0,0,0,0,0,0,0,6,4516010,3276700,18446744073709551616,6,2215306,0,0,0,0,0,0,0,0,0,0
1785997069.054896091,0,0,0,0,0,0,0,0,0,0,0,0,787815656,746128246,0,0,0,0,0,0,0,0,0,0,0,8,4244163,3276700,18446744073709551616,8,2084108,0,0,0,0,0,0,0,0,0,0
1785997070.085519133,0,0,0,0,0,0,0,0,0,0,0,0,787818748,746131333,0,0,0,0,0,0,0,0,0,0,0,10,4084515,3276700,18446744073709551616,10,2002875,0,0,0,0,0,0,0,0,0,0
1785997071.116439273,0,0,0,0,0,0,0,0,0,0,0,0,787821841,746134414,0,0,0,0,0,0,0,0,0,0,0,12,3995246,3276700,18446744073709551616,12,1952879,0,0,0,0,0,0,0,0,0,0
1785997072.145577182,0,0,0,0,0,0,0,0,0,0,0,0,787824927,746137477,0,0,0,0,0,0,0,0,0,0,0,14,3919148,3276700,18446744073709551616,14,1914632,0,0,0,0,0,0,0,0,0,0
1785997073.177467891,0,0,0,0,0,0,0,0,0,0,0,0,787828024,746140421,0,0,0,0,0,0,0,0,0,0,0,16,3886540,3276700,18446744073709551616,16,1895234,0,0,0,0,0,0,0,0,0,0
1785997074.208483035,0,0,0,0,0,0,0,0,0,0,0,0,787831114,746143451,0,0,0,0,0,0,0,0,0,0,0,20,3644829,3276700,18446744073709551616,20,1773752,0,0,0,0,0,0,0,0,0,0
1785997075.239300892,0,0,0,0,0,0,0,0,0,0,0,0,787834207,746146512,0,0,0,0,0,0,0,0,0,0,0,24,3342850,3276700,18446744073709551616,24,1622168,0,0,0,0,0,0,0,0,0,0
1785997076.270024380,0,0,0,0,0,0,0,0,0,0,0,0,787837299,746149584,0,0,0,0,0,0,0,0,0,0,0,26,3356747,3276700,18446744073709551616,26,1628821,0,0,0,0,0,0,0,0,0,0
1785997077.297499411,0,796542,0,0,0,0,0,797199,36842,555200,0,0,787840155,746150687,0,0,0,798023,58115,779500,0,20872,449,0,0,798276,443759,286000,2004200,798685,86652,799056,355685,0,0,0,30005,2086,3164,0,13800
1785997078.476393197,0,187331,0,0,0,0,0,109146,20412,138600,0,0,787843638,746153777,0,0,0,109146,30705,350900,0,10141,150,0,0,109372,240647,165000,1178700,109372,45532,109370,192913,0,0,0,16692,698,2777,0,10900
1785997079.509015533,0,187331,0,0,0,0,0,109146,20412,138600,0,0,787846736,746156751,0,0,0,109146,30705,350900,0,10141,150,0,0,109376,240801,165000,1178800,109376,45610,109370,192913,0,0,0,16692,698,2777,0,10900
1785997080.541937671,0,187331,0,0,0,0,0,109146,20412,138600,0,0,787849831,746159817,0,0,0,109146,30705,350900,0,10141,150,0,0,109380,240894,165000,1179200,109380,45658,109370,192913,0,0,0,16692,698,2777,0,10900
1785997081.573571477,0,187331,0,0,0,0,0,109146,20412,138600,0,0,787852924,746162877,0,0,0,109146,30705,350900,0,10141,150,0,0,109384,241086,165000,1179500,109384,45754,109370,192913,0,0,0,16692,698,2777,0,10900
1785997082.607479880,0,187331,0,0,0,0,0,109146,20412,138600,0,0,787856024,746165929,0,0,0,109146,30705,350900,0,10141,150,0,0,109386,241180,165000,1179700,109386,45802,109370,192913,0,0,0,16692,698,2777,0,10900
1785997083.640195855,0,187331,0,0,0,0,0,109146,20412,138600,0,0,787859122,746169014,0,0,0,109146,30705,350900,0,10141,150,0,0,109390,241396,165000,1184500,109390,45910,109370,192913,0,0,0,16692,698,2777,0,10900
1785997084.670358021,0,187331,0,0,0,0,0,109146,20412,138600,0,0,787862215,746172011,0,0,0,109146,30705,350900,0,10141,150,0,0,109392,241486,165000,1184800,109392,45956,109370,192913,0,0,0,16692,698,2777,0,10900
1785997085.702899092,0,187331,0,0,0,0,0,109146,20412,138600,0,0,787865309,746175055,0,0,0,109146,30705,350900,0,10141,150,0,0,109394,241578,165100,1185100,109394,46002,109370,192913,0,0,0,16692,698,2777,0,10900
1785997086.735917482,0,187331,0,0,0,0,0,109146,20412,138600,0,0,787868405,746178142,0,0,0,109146,30705,350900,0,10141,150,0,0,109396,241669,165100,1185400,109396,46048,109370,192913,0,0,0,16692,698,2777,0,10900
1785997087.768899625,0,187331,0,0,0,0,0,109146,20412,138600,0,0,787871504,746181237,0,0,0,109146,30705,350900,0,10141,150,0,0,109398,241761,165100,1185500,109398,46095,109370,192913,0,0,0,16692,698,2777,0,10900
1785997088.802318577,0,187331,0,0,0,0,0,109146,20412,138600,0,0,787874604,746184331,0,0,0,109146,30705,350900,0,10141,150,0,0,109400,241854,165100,1185700,109400,46141,109370,192913,0,0,0,16692,698,2777,0,10900
1785997089.835370453,0,187331,0,0,0,0,0,109146,20412,138600,0,0,787877704,746187424,0,0,0,109146,30705,350900,0,10141,150,0,0,109402,241947,165100,1185900,109402,46188,109370,192913,0,0,0,16692,698,2777,0,10900
1785997090.864602867,0,187331,0,0,0,0,0,109146,20412,138600,0,0,787880791,746190374,0,0,0,109146,30705,350900,0,10141,150,0,0,109404,242043,165100,1186000,109404,46237,109370,192913,0,0,0,16692,698,2777,0,10900
1785997091.897056372,0,187331,0,0,0,0,0,109146,20412,138600,0,0,787883886,746193437,0,0,0,109146,30705,350900,0,10141,150,0,0,109406,242135,165100,1186400,109406,46284,109370,192913,0,0,0,16692,698,2777,0,10900
1785997092.928954260,0,187331,0,0,0,0,0,109146,20412,138600,0,0,787886982,746196526,0,0,0,109146,30705,350900,0,10141,150,0,0,109408,242229,165100,1186400,109408,46331,109370,192913,0,0,0,16692,698,2777,0,10900
1785997093.958803418,0,187331,0,0,0,0,0,109146,20412,138600,0,0,787890074,746199614,0,0,0,109146,30705,350900,0,10141,150,0,0,109410,242320,165100,1186800,109410,46377,109370,192913,0,0,0,16692,698,2777,0,10900
1785997094.985315399,0,187331,0,0,0,0,0,109146,20412,138600,0,0,787893152,746202685,0,0,0,109146,30705,350900,0,10141,150,0,0,109412,242404,165100,1189300,109412,46420,109370,192913,0,0,0,16692,698,2777,0,10900
1785997096.012925984,0,187331,0,0,0,0,0,109146,20412,138600,0,0,787896238,746205754,0,0,0,109146,30705,350900,0,10141,150,0,0,109414,242499,165100,1189800,109414,46467,109370,192913,0,0,0,16692,698,2777,0,10900
1785997097.044902710,0,187331,0,0,0,0,0,109146,20412,138600,0,0,787899328,746208721,0,0,0,109146,30705,350900,0,10141,150,0,0,109416,242588,165100,1190000,109416,46512,109370,192913,0,0,0,16692,698,2777,0,10900
1785997098.077298757,0,187331,0,0,0,0,0,109146,20412,138600,0,0,787902426,746211813,0,0,0,109146,30705,350900,0,10141,150,0,0,109418,242682,165100,1190000,109418,46560,109370,192913,0,0,0,16692,698,2777,0,10900
1785997099.110422028,0,187331,0,0,0,0,0,109146,20412,138600,0,0,787905526,746214906,0,0,0,109146,30705,350900,0,10141,150,0,0,109420,242779,165100,1190000,109420,46609,109370,192913,0,0,0,16692,698,2777,0,10900
1785997100.144404407,0,187331,0,0,0,0,0,109146,20412,138600,0,0,787908626,746218001,0,0,0,109146,30705,350900,0,10141,150,0,0,109422,242874,165100,1190500,109422,46657,109370,192913,0,0,0,16692,698,2777,0,10900
1785997101.177863854,0,187331,0,0,0,0,0,109146,20412,138600,0,0,787911727,746221096,0,0,0,109146,30705,350900,0,10141,150,0,0,109424,242971,165100,1190700,109424,46706,109370,192913,0,0,0,16692,698,2777,0,10900
1785997102.207922847,0,187331,0,0,0,0,0,109146,20412,138600,0,0,787914820,746224104,0,0,0,109146,30705,350900,0,10141,150,0,0,109426,243066,165100,1190800,109426,46753,109370,192913,0,0,0,16692,698,2777,0,10900
1785997103.239806719,0,187331,0,0,0,0,0,109146,20412,138600,0,0,787917913,746227118,0,0,0,109146,30705,350900,0,10141,150,0,0,109428,243162,165100,1190900,109428,46802,109370,192913,0,0,0,16692,698,2777,0,10900
1785997104.272967038,0,187331,0,0,0,0,0,109146,20412,138600,0,0,787921011,746230211,0,0,0,109146,30705,350900,0,10141,150,0,0,109430,243254,165100,1191300,109430,46848,109370,192913,0,0,0,16692,698,2777,0,10900
1785997105.304196244,0,187331,0,0,0,0,0,109146,20412,138600,0,0,787924104,746233298,0,0,0,109146,30705,350900,0,10141,150,0,0,109432,243353,165100,1191600,109432,46898,109370,192913,0,0,0,16692,698,2777,0,10900
1785997106.337069210,0,187331,0,0,0,0,0,109146,20412,138600,0,0,787927203,746236391,0,0,0,109146,30705,350900,0,10141,150,0,0,109434,243438,165100,1191900,109434,46941,109370,192913,0,0,0,16692,698,2777,0,10900
1785997107.369191751,0,187331,0,0,0,0,0,109146,20412,138600,0,0,787930300,746239482,0,0,0,109146,30705,350900,0,10141,150,0,0,109436,243531,165100,1191900,109436,46988,109370,192913,0,0,0,16692,698,2777,0,10900
1785997108.400268709,0,187331,0,0,0,0,0,109146,20412,138600,0,0,787933391,746242463,0,0,0,109146,30705,350900,0,10141,150,0,0,109438,243621,165100,1192000,109438,47033,109370,192913,0,0,0,16692,698,2777,0,10900
1785997109.430373511,0,187331,0,0,0,0,0,109146,20412,138600,0,0,787936481,746245524,0,0,0,109146,30705,350900,0,10141,150,0,0,109440,243712,165100,1192100,109440,47079,109370,192913,0,0,0,16692,698,2777,0,10900
1785997110.463370482,0,187331,0,0,0,0,0,109146,20412,138600,0,0,787939581,746248617,0,0,0,109146,30705,350900,0,10141,150,0,0,109442,243801,165100,1192300,109442,47123,109370,192913,0,0,0,16692,698,2777,0,10900
1785997111.496175923,0,187331,0,0,0,0,0,109146,20412,138600,0,0,787942680,746251709,0,0,0,109146,30705,350900,0,10141,150,0,0,109444,243890,165100,1192400,109444,47168,109370,192913,0,0,0,16692,698,2777,0,10900
1785997112.528019325,0,187331,0,0,0,0,0,109146,20412,138600,0,0,787945774,746254772,0,0,0,109146,30705,350900,0,10141,150,0,0,109446,243974,165100,1192500,109446,47211,109370,192913,0,0,0,16692,698,2777,0,10900
1785997113.559479180,0,187331,0,0,0,0,0,109146,20412,138600,0,0,787948868,746257827,0,0,0,109146,30705,350900,0,10141,150,0,0,109448,244060,165100,1192600,109448,47254,109370,192913,0,0,0,16692,698,2777,0,10900
1785997114.591635392,0,187331,0,0,0,0,0,109146,20412,138600,0,0,787951964,746260783,0,0,0,109146,30705,350900,0,10141,150,0,0,109450,244144,165100,1192600,109450,47296,109370,192913,0,0,0,16692,698,2777,0,10900
1785997115.624456619,0,187331,0,0,0,0,0,109146,20412,138600,0,0,787955060,746263874,0,0,0,109146,30705,350900,0,10141,150,0,0,109452,244231,165100,1193100,109452,47340,109370,192913,0,0,0,16692,698,2777,0,10900
1785997116.658886197,0,187331,0,0,0,0,0,109146,20412,138600,0,0,787958164,746266972,0,0,0,109146,30705,350900,0,10141,150,0,0,109454,244321,165100,1193600,109454,47385,109370,192913,0,0,0,16692,698,2777,0,10900
1785997117.691042991,0,187331,0,0,0,0,0,109146,20412,138600,0,0,787961260,746270062,0,0,0,109146,30705,350900,0,10141,150,0,0,109456,244417,165100,1193700,109456,47433,109370,192913,0,0,0,16692,698,2777,0,10900
1785997118.724006241,0,187331,0,0,0,0,0,109146,20412,138600,0,0,787964357,746273154,0,0,0,109146,30705,350900,0,10141,150,0,0,109458,244505,165100,1193900,109458,47477,109370,192913,0,0,0,16692,698,2777,0,10900
1785997119.756525002,0,187331,0,0,0,0,0,109146,20412,138600,0,0,787967458,746276198,0,0,0,109146,30705,350900,0,10141,150,0,0,109460,244596,165100,1194100,109460,47523,109370,192913,0,0,0,16692,698,2777,0,10900
1785997120.788614926,0,187331,0,0,0,0,0,109146,20412,138600,0,0,787970552,746279204,0,0,0,109146,30705,350900,0,10141,150,0,0,109462,244652,165100,1194200,109462,47552,109370,192913,0,0,0,16692,698,2777,0,10900
1785997121.820603318,0,187331,0,0,0,0,0,109146,20412,138600,0,0,787973647,746282293,0,0,0,109146,30705,350900,0,10141,150,0,0,109464,244743,165100,1194300,109464,47597,109370,192913,0,0,0,16692,698,2777,0,10900
1785997122.852525999,0,187331,0,0,0,0,0,109146,20412,138600,0,0,787976743,746285379,0,0,0,109146,30705,350900,0,10141,150,0,0,109466,244835,165100,1194500,109466,47644,109370,192913,0,0,0,16692,698,2777,0,10900
1785997123.884349382,0,187331,0,0,0,0,0,109146,20412,138600,0,0,787979836,746288447,0,0,0,109146,30705,350900,0,10141,150,0,0,109468,244923,165100,1194500,109468,47688,109370,192913,0,0,0,16692,698,2777,0,10900
1785997124.916460830,0,187331,0,0,0,0,0,109146,20412,138600,0,0,787982933,746291538,0,0,0,109146,30705,350900,0,10141,150,0,0,109470,245011,165100,1194700,109470,47732,109370,192913,0,0,0,16692,698,2777,0,10900
1785997125.946552204,0,187331,0,0,0,0,0,109146,20412,138600,0,0,787986022,746294524,0,0,0,109146,30705,350900,0,10141,150,0,0,109472,245102,165100,1194800,109472,47778,109370,192913,0,0,0,16692,698,2777,0,10900
1785997126.978535780,0,187331,0,0,0,0,0,109146,20412,138600,0,0,787989116,746297572,0,0,0,109146,30705,350900,0,10141,150,0,0,109474,245187,165100,1195100,109474,47821,109370,192913,0,0,0,16692,698,2777,0,10900
1785997128.011575751,0,187331,0,0,0,0,0,109146,20412,138600,0,0,787992215,746300665,0,0,0,109146,30705,350900,0,10141,150,0,0,109477,245273,165100,1195500,109477,47864,109370,192913,0,0,0,16692,698,2777,0,10900
1785997129.045096507,0,187331,0,0,0,0,0,109146,20412,138600,0,0,787995313,746303757,0,0,0,109146,30705,350900,0,10141,150,0,0,109481,245405,165100,1196200,109481,47908,109370,192913,0,0,0,16692,698,2777,0,10900
1785997130.077015865,0,187331,0,0,0,0,0,109146,20412,138600,0,0,787998409,746306848,0,0,0,109146,30705,350900,0,10141,150,0,0,109484,245493,165100,1196600,109484,47953,109370,192913,0,0,0,16692,698,2777,0,10900
1785997131.109342990,0,187331,0,0,0,0,0,109146,20412,138600,0,0,788001505,746309938,0,0,0,109146,30705,350900,0,10141,150,0,0,109486,245583,165100,1196900,109486,47998,109370,192913,0,0,0,16692,698,2777,0,10900
1785997132.140818130,0,187331,0,0,0,0,0,109146,20412,138600,0,0,788004596,746312887,0,0,0,109146,30705,350900,0,10141,150,0,0,109488,245671,165100,1197300,109488,48042,109370,192913,0,0,0,16692,698,2777,0,10900
1785997133.172380533,0,187331,0,0,0,0,0,109146,20412,138600,0,0,788007690,746315970,0,0,0,109146,30705,350900,0,10141,150,0,0,109490,245760,165100,1198400,109490,48087,109370,192913,0,0,0,16692,698,2777,0,10900
1785997134.202564868,0,187331,0,0,0,0,0,109146,20412,138600,0,0,788010780,746319036,0,0,0,109146,30705,350900,0,10141,150,0,0,109492,245850,165100,1198900,109492,48132,109370,192913,0,0,0,16692,698,2777,0,10900
1785997135.235039406,0,187331,0,0,0,0,0,109146,20412,138600,0,0,788013876,746322127,0,0,0,109146,30705,350900,0,10141,150,0,0,109494,245905,165200,1199000,109494,48160,109370,192913,0,0,0,16692,698,2777,0,10900
1785997136.267367725,0,187331,0,0,0,0,0,109146,20412,138600,0,0,788016974,746325219,0,0,0,109146,30705,350900,0,10141,150,0,0,109496,245995,165200,1199300,109496,48205,109370,192913,0,0,0,16692,698,2777,0,10900
1785997137.298598208,0,187331,0,0,0,0,0,109146,20412,138600,0,0,788020066,746328281,0,0,0,109146,30705,350900,0,10141,150,0,0,109498,246083,165200,1199600,109498,48250,109370,192913,0,0,0,16692,698,2777,0,10900
1785997138.328902812,0,187331,0,0,0,0,0,109146,20412,138600,0,0,788023161,746331267,0,0,0,109146,30705,350900,0,10141,150,0,0,109500,246174,165200,1199900,109500,48296,109370,192913,0,0,0,16692,698,2777,0,10900
1785997139.358911412,0,187331,0,0,0,0,0,109146,20412,138600,0,0,788026248,746334349,0,0,0,109146,30705,350900,0,10141,150,0,0,109502,246266,165200,1200000,109502,48342,109370,192913,0,0,0,16692,698,2777,0,10900
1785997140.390802319,0,187331,0,0,0,0,0,109146,20412,138600,0,0,788029344,746337440,0,0,0,109146,30705,350900,0,10141,150,0,0,109504,246347,165200,1200400,109504,48382,109370,192913,0,0,0,16692,698,2777,0,10900
1785997141.423026321,0,187331,0,0,0,0,0,109146,20412,138600,0,0,788032442,746340530,0,0,0,109146,30705,350900,0,10141,150,0,0,109506,246434,165200,1200500,109506,48426,109370,192913,0,0,0,16692,698,2777,0,10900
1785997142.454819664,3,187331,3,0,3,123644,125100,109146,20412,138600,0,0,788035535,746343619,3,142009,149600,109146,30705,350900,18364,10141,150,0,0,109511,246521,165200,1200700,109511,48470,109373,192913,14132,17831,56809,16692,698,2777,124100,10900
1785997143.484092347,3,187331,3,0,3,123644,125100,109146,20412,138600,0,0,788038621,746346619,3,142009,149600,109146,30705,350900,18364,10141,150,0,0,109515,246606,165200,1200900,109515,48514,109373,192913,14132,17831,56809,16692,698,2777,124100,10900
1785997144.517970754,3,187331,3,0,3,123644,125100,109146,20412,138600,0,0,788041721,746349639,3,142009,149600,109146,30705,350900,18364,10141,150,0,0,109519,246742,165200,1201100,109519,48559,109373,192913,14132,17831,56809,16692,698,2777,124100,10900
1785997145.550923708,3,187331,3,0,3,123644,125100,109146,20412,138600,0,0,788044818,746352731,3,142009,149600,109146,30705,350900,18364,10141,150,0,0,109523,246828,165200,1201100,109523,48603,109373,192913,14132,17831,56809,16692,698,2777,124100,10900
1785997146.582463674,3,187331,3,0,3,123644,125100,109146,20412,138600,0,0,788047913,746355820,3,142009,149600,109146,30705,350900,18364,10141,150,0,0,109527,246958,165200,1201400,109527,48646,109373,192913,14132,17831,56809,16692,698,2777,124100,10900
1785997147.612058611,3,187331,3,0,3,123644,125100,109146,20412,138600,0,0,788051003,746358904,3,142009,149600,109146,30705,350900,18364,10141,150,0,0,109531,247045,165200,1201600,109531,48691,109373,192913,14132,17831,56809,16692,698,2777,124100,10900
1785997148.644068244,3,187331,3,0,3,123644,125100,109146,20412,138600,0,0,788054096,746361992,3,142009,149600,109146,30705,350900,18364,10141,150,0,0,109535,247179,165200,1203200,109535,48735,109373,192913,14132,17831,56809,16692,698,2777,124100,10900
1785997149.677729116,5549103,187331,5549103,0,5550731,60275,167800,109146,20412,138600,0,0,788057197,746362298,5559179,65174,193000,109146,30705,350900,4924,10141,150,0,0,5671651,1246088,979000,18446744073709551616,5676347,332402,5681713,912959,35662,462,22458,16692,698,2777,56700,10900
1785997150.725266436,6456658,0,6456658,0,6451902,56815,120200,0,0,0,0,0,788060344,746362299,6459803,61254,136200,0,0,0,4453,0,0,0,0,6466741,1105043,935600,3089200,6470911,283901,6477368,820572,33260,441,21448,0,0,0,56300,0
1785997151.758919859,13081431,0,13081431,0,13076547,56585,119400,0,0,0,0,0,788063442,746362299,13084525,61002,134800,0,0,0,4424,0,0,0,0,13092323,1097772,931600,3013800,13096730,279936,13100228,817161,33046,439,21327,0,0,0,56300,0
1785997152.793907593,19716611,0,19716611,0,19711579,56515,119000,0,0,0,0,0,788066549,746362299,19719872,60933,134200,0,0,0,4422,0,0,0,0,19726370,1092590,930800,2973800,19732109,277682,19736313,814371,32986,439,21283,0,0,0,56300,0
1785997153.834034120,26354635,0,26354635,0,26349335,56510,118800,0,0,0,0,0,788069663,746362299,26356766,60942,134100,0,0,0,4434,0,0,0,0,26363858,1091040,932000,2950700,26367499,276226,26371147,814228,32971,438,21272,0,0,0,56300,0
1785997154.869492815,32942989,0,32942989,0,32938104,56567,118600,0,0,0,0,0,788072773,746362299,32945696,61016,134200,0,0,0,4451,0,0,0,0,32952122,1089886,931900,2934800,32956495,275071,32961885,814265,32998,438,21289,0,0,0,56400,0
1785997155.907524096,39268960,0,39268960,0,39264073,56937,119100,0,0,0,0,0,788075891,746362314,39270696,61443,135400,0,0,0,4507,0,0,0,0,39277682,1097002,935900,2968200,39282285,275660,39284936,820735,33226,441,21411,0,0,0,56400,0
1785997156.942164179,45847970,0,45847970,0,45842837,56924,118500,0,0,0,0,0,788078991,746362314,45850387,61422,134700,0,0,0,4498,0,0,0,0,45857285,1094772,936400,2940300,45861018,274779,45865778,819414,33213,441,21407,0,0,0,56500,0
1785997157.975908904,52409591,0,52409591,0,52404826,56910,118000,0,0,0,0,0,788082093,746362314,52412815,61399,134000,0,0,0,4489,0,0,0,0,52421387,1093512,937300,2918400,52425167,274020,52429863,818901,33202,440,21404,0,0,0,56500,0
1785997159.010919286,59000315,0,59000315,0,58995439,56909,117800,0,0,0,0,0,788085198,746362323,59003022,61394,133700,0,0,0,4486,0,0,0,0,59009428,1092118,936300,2904400,59014392,273331,59019046,818221,33199,440,21402,0,0,0,56500,0
1785997160.041351042,65570562,0,65570562,0,65565369,56885,117500,0,0,0,0,0,788088288,746362323,65572213,61370,133400,0,0,0,4485,0,0,0,0,65578922,1090538,935400,2891200,65581573,272565,65584675,817386,33181,440,21391,0,0,0,56500,0
1785997161.073313814,72108276,0,72108276,0,72103273,56886,117400,0,0,0,0,0,788091385,746362326,72111067,61372,133200,0,0,0,4486,0,0,0,0,72118502,1089172,934500,2880600,72122945,271872,72125865,816721,33183,440,21393,0,0,0,56500,0
1785997162.105919336,78475774,0,78475774,0,78470961,56989,117700,0,0,0,0,0,788094483,746362335,78479067,61494,133700,0,0,0,4505,0,0,0,0,78487062,1090620,934700,2889400,78491698,271948,78496344,818086,33252,440,21422,0,0,0,56500,0
1785997163.137735589,85128575,0,85128575,0,85123627,56902,117700,0,0,0,0,0,788097580,746362335,85131170,61404,133600,0,0,0,4501,0,0,0,0,85138770,1088740,933000,2880100,85142979,271112,85147105,817037,33203,440,21385,0,0,0,56400,0
1785997164.168969456,91707141,0,91707141,0,91702414,56848,117800,0,0,0,0,0,788100670,746362342,91710144,61349,133600,0,0,0,4501,0,0,0,0,91718289,1087198,930900,2875200,91722279,270516,91726590,816096,33174,440,21359,0,0,0,56300,0
1785997165.202300705,98374341,0,98374341,0,98369437,56797,117900,0,0,0,0,0,788103770,746362349,98376572,61295,133600,0,0,0,4498,0,0,0,0,98383447,1085302,928700,2870900,98387501,269886,98391372,814839,33145,439,21336,0,0,0,56200,0
1785997166.230937131,105017650,0,105017650,0,105012959,56727,117900,0,0,0,0,0,788106856,746362349,105021355,61220,133500,0,0,0,4493,0,0,0,0,105029395,1083252,926400,2864300,105034525,269179,105039091,813498,33105,439,21310,0,0,0,56000,0
1785997167.264347940,111559679,0,111559679,0,111554765,56734,118100,0,0,0,0,0,788109957,746362358,111562665,61229,133600,0,0,0,4495,0,0,0,0,111569551,1083136,925100,2864500,111575031,268870,111578690,813685,33110,439,21308,0,0,0,55900,0
1785997168.293285241,118009626,0,118009626,0,118004649,56769,118200,0,0,0,0,0,788113044,746362365,118012638,61270,133900,0,0,0,4501,0,0,0,0,118020312,1083552,924600,2868200,118025513,268781,118029406,814184,33136,439,21317,0,0,0,55800,0
1785997169.321913078,124682572,0,124682572,0,124677527,56714,118200,0,0,0,0,0,788116131,746362365,124685343,61209,133800,0,0,0,4495,0,0,0,0,124692390,1081985,923100,2862700,124696792,268267,124702376,813140,33104,439,21294,0,0,0,55800,0
1785997170.347487005,131324195,0,131324195,0,131319446,56665,118200,0,0,0,0,0,788119209,746362365,131326601,61155,133700,0,0,0,4490,0,0,0,0,131333304,1080555,922000,2857400,131336608,267738,131339991,812236,33075,439,21274,0,0,0,55800,0
1785997171.375332525,137984380,0,137984380,0,137979577,56622,118200,0,0,0,0,0,788122289,746362368,137987440,61107,133600,0,0,0,4485,0,0,0,0,137994845,1079173,920500,2854000,137998964,267278,138003833,811314,33051,438,21257,0,0,0,55700,0
1785997172.407241958,144674987,0,144674987,0,144670372,56579,118200,0,0,0,0,0,788125385,746362368,144678916,61059,133500,0,0,0,4480,0,0,0,0,144686313,1077726,919200,2850000,144690868,266830,144696742,810314,33027,438,21240,0,0,0,55700,0
1785997173.451805295,151238280,0,151238280,0,151234515,56597,118300,0,0,0,0,0,788128520,746362368,151259249,61082,133500,0,0,0,4485,0,0,0,0,151266985,1077647,918400,2854700,151280474,266705,151292131,810359,33046,439,21249,0,0,0,55700,0
1785997174.482745300,157520166,0,157520166,0,157515115,56696,118500,0,0,0,0,0,788131613,746362375,157523107,61194,133900,0,0,0,4498,0,0,0,0,157531124,1079149,919200,2860900,157534486,266958,157539369,811602,33101,439,21277,0,0,0,55700,0
1785997175.514702779,164103839,0,164103839,0,164099186,56689,118500,0,0,0,0,0,788134709,746362376,164107279,61187,133900,0,0,0,4497,0,0,0,0,164115205,1078316,918800,2855500,164120225,266671,164125344,811064,33097,439,21275,0,0,0,55600,0
1785997176.546907122,170739744,0,170739744,0,170734784,56671,118600,0,0,0,0,0,788137805,746362376,170742748,61165,133800,0,0,0,4494,0,0,0,0,170750923,1077381,918600,2849100,170754812,266378,170758814,810417,33085,439,21268,0,0,0,55500,0
1785997177.577898828,177358175,0,177358175,0,177353173,56654,118600,0,0,0,0,0,788140898,746362376,177360894,61146,133700,0,0,0,4491,0,0,0,0,177368123,1076512,917900,2843300,177373510,266128,177376996,809799,33074,439,21262,0,0,0,55500,0
1785997178.610338637,183984165,0,183984165,0,183979143,56637,118500,0,0,0,0,0,788143995,746362376,183986458,61126,133600,0,0,0,4488,0,0,0,0,183992360,1075617,917100,2838000,183997444,265881,184001635,809156,33062,439,21256,0,0,0,55400,0
1785997179.639946082,190495601,0,190495601,0,190490540,56649,118600,0,0,0,0,0,788147082,746362376,190497715,61140,133700,0,0,0,4491,0,0,0,0,190505464,1075480,917000,2835500,190508628,265780,190513257,809116,33070,439,21260,0,0,0,55400,0
1785997180.671210903,196864478,0,196864478,0,196859645,56703,118700,0,0,0,0,0,788150178,746362383,196867326,61201,133900,0,0,0,4498,0,0,0,0,196874758,1076284,918100,2836700,196878975,265886,196882976,809816,33102,439,21280,0,0,0,55400,0
1785997181.705611780,203420829,0,203420829,0,203415864,56707,118700,0,0,0,0,0,788153279,746362383,203423885,61205,133900,0,0,0,4498,0,0,0,0,203431562,1076081,918900,2830800,203436287,265717,203440950,809778,33103,439,21283,0,0,0,55400,0
1785997182.736738987,210005828,0,210005828,0,210000850,56708,118700,0,0,0,0,0,788156376,746362383,210008937,61206,133900,0,0,0,4497,0,0,0,0,210016595,1075698,919500,2825100,210021245,265595,210025009,809518,33102,439,21284,0,0,0,55400,0
1785997183.768877369,216560237,0,216560237,0,216555409,56713,118600,0,0,0,0,0,788159469,746362389,216563411,61212,133800,0,0,0,4498,0,0,0,0,216570985,1075408,920100,2819800,216576246,265492,216580780,809332,33104,439,21288,0,0,0,55400,0
1785997184.802142279,223117997,0,223117997,0,223113002,56721,118600,0,0,0,0,0,788162570,746362394,223119796,61221,133800,0,0,0,4499,0,0,0,0,223127498,1075222,920600,2814600,223130505,265412,223134587,809227,33107,439,21292,0,0,0,55400,0
1785997185.835198345,229513321,0,229513321,0,229508292,56766,118700,0,0,0,0,0,788165668,746362407,229516094,61270,133900,0,0,0,4504,0,0,0,0,229523162,1075679,921300,2814600,229528871,265505,229532417,809592,33134,440,21308,0,0,0,55400,0
1785997186.865723761,235916899,0,235916899,0,235912110,56797,118700,0,0,0,0,0,788168759,746362409,235919946,61306,134000,0,0,0,4509,0,0,0,0,235927909,1076012,921700,2813600,235932298,265509,235937018,809921,33153,440,21319,0,0,0,55400,0
1785997187.898347409,242503432,0,242503432,0,242498512,56790,118600,0,0,0,0,0,788171854,746362409,242506457,61299,133900,0,0,0,4509,0,0,0,0,242514109,1075500,921600,2808700,242519030,265327,242523071,809589,33149,440,21316,0,0,0,55400,0
1785997188.926615397,249068227,0,249068227,0,249062980,56785,118600,0,0,0,0,0,788174945,746362409,249069602,61294,133900,0,0,0,4508,0,0,0,0,249075942,1075009,921500,2804300,249079734,265152,249083658,809271,33145,440,21313,0,0,0,55400,0
1785997189.956973654,255571118,0,255571118,0,255566094,56789,118500,0,0,0,0,0,788178036,746362409,255573634,61300,133800,0,0,0,4510,0,0,0,0,255580477,1074815,921700,2801500,255585581,265056,255588774,809178,33150,440,21312,0,0,0,55400,0
1785997190.990519757,262165641,0,262165641,0,262160710,56783,118500,0,0,0,0,0,788181138,746362409,262168802,61293,133800,0,0,0,4509,0,0,0,0,262177131,1074353,921800,2797600,262179906,264908,262185841,808861,33147,440,21309,0,0,0,55400,0
1785997192.022334512,268537437,0,268537437,0,268532418,56818,118500,0,0,0,0,0,788184230,746362418,268539860,61333,133900,0,0,0,4514,0,0,0,0,268546851,1074881,922300,2798700,268551529,264969,268554860,809331,33168,440,21322,0,0,0,55500,0
1785997193.053253799,275068139,0,275068139,0,275063320,56818,118500,0,0,0,0,0,788187323,746362418,275071181,61334,133900,0,0,0,4515,0,0,0,0,275079407,1074794,922600,2795700,275083881,264882,275087676,809325,33169,440,21321,0,0,0,55400,0
1785997194.082475681,281672700,0,281672700,0,281668067,56803,118400,0,0,0,0,0,788190414,746362418,281675443,61318,133800,0,0,0,4514,0,0,0,0,281682127,1074272,922600,2790600,281687799,264688,281691766,809002,33160,440,21316,0,0,0,55400,0
1785997195.111304732,288248681,0,288248682,0,288243730,56794,118400,0,0,0,0,0,788193497,746362418,288251140,61309,133700,0,0,0,4514,0,0,0,0,288257910,1073964,922900,2786100,288261208,264544,288266058,808838,33154,440,21312,0,0,0,55400,0
1785997196.139832342,294815861,0,294815861,0,294811135,56786,118400,0,0,0,0,0,788196584,746362427,294818559,61300,133700,0,0,0,4513,0,0,0,0,294826692,1073700,922900,2783700,294830047,264420,294835109,808696,33150,440,21309,0,0,0,55400,0
1785997197.170881551,301443281,0,301443281,0,301438191,56769,118300,0,0,0,0,0,788199677,746362427,301445744,61282,133700,0,0,0,4512,0,0,0,0,301453533,1073272,922900,2779600,301458110,264241,301460615,808446,33139,440,21303,0,0,0,55400,0
1785997198.203243990,307793407,0,307793407,0,307788227,56801,118400,0,0,0,0,0,788202772,746362434,307794829,61319,133800,0,0,0,4517,0,0,0,0,307801154,1073863,923200,2781400,307805472,264299,307808284,808988,33159,440,21313,0,0,0,55400,0
1785997199.234146561,314370649,0,314370649,0,314365749,56797,118300,0,0,0,0,0,788205865,746362445,314373539,61313,133700,0,0,0,4515,0,0,0,0,314380576,1073658,923300,2778600,314385924,264188,314388951,808885,33157,440,21312,0,0,0,55400,0
1785997200.261823856,320963796,0,320963796,0,320958891,56786,118300,0,0,0,0,0,788208948,746362445,320966586,61300,133700,0,0,0,4514,0,0,0,0,320973678,1073392,923400,2775700,320979343,264049,320982592,808763,33150,440,21307,0,0,0,55400,0
1785997201.290615010,327569121,0,327569121,0,327564204,56773,118300,0,0,0,0,0,788212036,746362445,327572448,61285,133600,0,0,0,4512,0,0,0,0,327580237,1073275,923500,2773000,327584265,263931,327588065,808761,33143,440,21303,0,0,0,55400,0
1785997202.322581088,334192002,0,334192002,0,334186906,56761,118200,0,0,0,0,0,788215132,746362445,334194568,61272,133600,0,0,0,4510,0,0,0,0,334200999,1072963,923600,2770600,334206124,263806,334209833,808575,33136,440,21298,0,0,0,55400,0
1785997203.355851042,340791411,0,340791411,0,340786477,56753,118200,0,0,0,0,0,788218231,746362445,340794622,61263,133500,0,0,0,4509,0,0,0,0,340802214,1072661,923500,2768200,340806438,263674,340810496,808401,33131,440,21296,0,0,0,55300,0
1785997204.385822279,347152614,0,347152614,0,347147654,56779,118200,0,0,0,0,0,788221318,746362445,347155510,61292,133700,0,0,0,4513,0,0,0,0,347163336,1073070,923800,2770400,347167698,263733,347171447,808752,33147,440,21304,0,0,0,55300,0
1785997205.414847433,353781351,0,353781351,0,353776315,56766,118300,0,0,0,0,0,788224408,746362445,353784056,61278,133700,0,0,0,4511,0,0,0,0,353790515,1072661,923700,2768500,353795833,263601,353799740,808478,33139,440,21300,0,0,0,55300,0
1785997206.451640027,360400347,0,360400347,0,360395628,56761,118200,0,0,0,0,0,788227515,746362450,360404104,61271,133600,0,0,0,4510,0,0,0,0,360412525,1072446,923800,2767600,360416697,263508,360419558,808353,33136,440,21298,0,0,0,55300,0
1785997207.480977023,367027295,0,367027295,0,367022310,56749,118200,0,0,0,0,0,788230604,746362450,367029876,61257,133600,0,0,0,4507,0,0,0,0,367036718,1072044,923600,2765900,367041067,263397,367045063,808063,33129,440,21294,0,0,0,55300,0
1785997208.513465488,373628464,0,373628464,0,373623749,56739,118200,0,0,0,0,0,788233700,746362454,373631479,61246,133500,0,0,0,4506,0,0,0,0,373638813,1071761,923500,2764600,373643596,263301,373647868,807879,33123,440,21290,0,0,0,55300,0
1785997209.554032442,380219228,0,380219228,0,380213977,56743,118200,0,0,0,0,0,788236825,746362458,380221284,61251,133600,0,0,0,4507,0,0,0,0,380228128,1071807,923500,2764700,380231692,263286,380236175,807941,33125,440,21291,0,0,0,55300,0
1785997210.582477811,386564264,0,386564264,0,386559384,56768,118200,0,0,0,0,0,788239911,746362468,386567383,61278,133700,0,0,0,4510,0,0,0,0,386574717,1072264,923900,2766400,386578808,263341,386583343,808340,33140,440,21301,0,0,0,55300,0
1785997211.615039572,393123185,0,393123185,0,393118131,56769,118200,0,0,0,0,0,788242999,746362468,393125823,61278,133600,0,0,0,4508,0,0,0,0,393133127,1072201,924000,2764800,393137973,263303,393140825,808314,33140,440,21302,0,0,0,55300,0
1785997212.646173523,399691273,0,399691273,0,399686255,56770,118200,0,0,0,0,0,788246100,746362468,399693522,61278,133600,0,0,0,4507,0,0,0,0,399699835,1072128,924200,2762900,399704251,263257,399707205,808289,33139,440,21303,0,0,0,55300,0
1785997213.678642597,406259928,0,406259928,0,406254986,56771,118100,0,0,0,0,0,788249200,746362468,406262541,61278,133500,0,0,0,4506,0,0,0,0,406269206,1072017,924300,2761100,406273761,263196,406278774,808241,33139,440,21304,0,0,0,55400,0
1785997214.710972013,412820188,0,412820189,0,412815435,56772,118100,0,0,0,0,0,788252294,746362468,412823207,61278,133500,0,0,0,4505,0,0,0,0,412830318,1071910,924400,2759600,412834994,263147,412839598,808184,33139,440,21305,0,0,0,55400,0
1785997215.748389985,419231417,0,419231417,0,419226439,56793,118100,0,0,0,0,0,788255406,746362475,419234045,61301,133500,0,0,0,4507,0,0,0,0,419241858,1072285,924700,2761000,419246655,263213,419249429,808490,33152,440,21312,0,0,0,55400,0
1785997216.780787937,425706267,0,425706267,0,425701397,56800,118200,0,0,0,0,0,788258505,746362483,425710034,61309,133600,0,0,0,4509,0,0,0,0,425717998,1072553,925000,2762200,425723398,263204,425727112,808766,33158,440,21314,0,0,0,55400,0
1785997217.810754450,432413385,0,432413385,0,432408575,56781,118100,0,0,0,0,0,788261596,746362483,432416249,61287,133600,0,0,0,4506,0,0,0,0,432424031,1072122,924900,2760200,432428830,263061,432432246,808478,33146,440,21307,0,0,0,55400,0
1785997218.842574246,439128203,0,439128203,0,439123368,56762,118100,0,0,0,0,0,788264688,746362483,439131543,61265,133500,0,0,0,4503,0,0,0,0,439138784,1071631,924900,2758200,439143173,262917,439147776,808133,33135,440,21300,0,0,0,55400,0
1785997219.879857171,445860091,0,445860091,0,445855305,56746,118100,0,0,0,0,0,788267802,746362483,445863601,61246,133400,0,0,0,4500,0,0,0,0,445871922,1071167,924800,2756200,445876640,262787,445880969,807797,33125,439,21294,0,0,0,55400,0
1785997220.910372096,452583645,0,452583645,0,452578742,56725,118000,0,0,0,0,0,788270892,746362483,452586573,61223,133400,0,0,0,4497,0,0,0,0,452593685,1070673,924700,2754200,452598296,262634,452602645,807458,33113,439,21287,0,0,0,55400,0
1785997221.951694518,459078546,0,459078546,0,459073534,56736,118100,0,0,0,0,0,788274019,746362498,459100611,61235,133400,0,0,0,4498,0,0,0,0,459107570,1070790,924800,2755600,459118366,262640,459136512,807567,33123,439,21292,0,0,0,55400,0
1785997222.985432250,465768357,0,465768357,0,465763198,56726,118000,0,0,0,0,0,788277121,746362499,465770865,61223,133400,0,0,0,4496,0,0,0,0,465777539,1070561,924700,2755500,465782824,262572,465786540,807407,33115,439,21286,0,0,0,55400,0
1785997224.014933133,472482226,0,472482226,0,472477435,56706,118000,0,0,0,0,0,788280204,746362499,472485881,61200,133300,0,0,0,4494,0,0,0,0,472493423,1070207,924700,2754600,472498116,262458,472503067,807167,33104,439,21278,0,0,0,55300,0
1785997225.038776507,479178369,0,479178369,0,479173231,56686,118000,0,0,0,0,0,788283278,746362499,479179926,61178,133300,0,0,0,4492,0,0,0,0,479185536,1069812,924600,2754000,479190030,262340,479192617,806892,33092,439,21270,0,0,0,55300,0
1785997226.069014764,485852746,0,485852746,0,485847826,56669,118000,0,0,0,0,0,788286359,746362502,485855476,61159,133200,0,0,0,4490,0,0,0,0,485863471,1069402,924600,2753300,485867014,262231,485870857,806590,33082,439,21264,0,0,0,55300,0
1785997227.103340409,492556674,0,492556674,0,492551507,56655,118000,0,0,0,0,0,788289471,746362506,492558549,61144,133200,0,0,0,4488,0,0,0,0,492565980,1069072,924500,2753200,492569220,262137,492573145,806352,33074,438,21258,0,0,0,55300,0
1785997228.134423453,499005061,0,499005061,0,498999995,56668,118000,0,0,0,0,0,788292568,746362508,499007022,61159,133300,0,0,0,4490,0,0,0,0,499014200,1069373,924600,2755100,499017704,262168,499021674,806625,33082,439,21263,0,0,0,55300,0
1785997229.169148242,505672456,0,505672456,0,505667685,56657,118100,0,0,0,0,0,788295665,746362517,505675773,61147,133300,0,0,0,4489,0,0,0,0,505683514,1069087,924400,2755100,505688510,262091,505692396,806416,33077,438,21259,0,0,0,55300,0
1785997230.198127391,512347153,0,512347153,0,512342167,56644,118100,0,0,0,0,0,788298756,746362517,512350207,61133,133300,0,0,0,4488,0,0,0,0,512357024,1068794,924300,2754100,512362013,262002,512367724,806212,33069,438,21253,0,0,0,55300,0
1785997231.226336623,519039693,0,519039693,0,519034781,56629,118100,0,0,0,0,0,788301840,746362517,519042499,61116,133300,0,0,0,4487,0,0,0,0,519050013,1068461,924200,2753400,519054347,261896,519058433,805983,33060,438,21247,0,0,0,55300,0
1785997232.253611740,525730345,0,525730345,0,525725747,56614,118100,0,0,0,0,0,788304923,746362517,525733734,61099,133300,0,0,0,4485,0,0,0,0,525742901,1068035,924000,2752400,525746676,261797,525751435,805657,33052,438,21242,0,0,0,55300,0
1785997233.294002892,532471250,0,532471250,0,532466182,56602,118100,0,0,0,0,0,788308044,746362517,532473660,61087,133300,0,0,0,4483,0,0,0,0,532481887,1067769,923900,2752000,532485165,261720,532489245,805466,33045,438,21237,0,0,0,55300,0
1785997234.324964976,538685556,0,538685556,0,538680830,56633,118200,0,0,0,0,0,788311137,746362525,538688157,61122,133400,0,0,0,4488,0,0,0,0,538694887,1068426,924100,2755400,538700090,261856,538702637,805987,33064,438,21247,0,0,0,55300,0
1785997235.354350337,545167559,0,545167559,0,545162840,56640,118200,0,0,0,0,0,788314227,746362527,545170800,61129,133400,0,0,0,4489,0,0,0,0,545178616,1068515,924200,2755300,545183397,261870,545187005,806061,33068,438,21249,0,0,0,55300,0
1785997236.387628824,551712425,0,551712425,0,551707526,56643,118100,0,0,0,0,0,788317322,746362530,551715156,61132,133400,0,0,0,4489,0,0,0,0,551722360,1068551,924300,2754200,551727603,261858,551730446,806113,33069,438,21251,0,0,0,55300,0
1785997237.419544220,558211866,0,558211866,0,558207058,56650,118100,0,0,0,0,0,788320420,746362536,558215350,61140,133400,0,0,0,4489,0,0,0,0,558223032,1068663,924400,2753400,558227251,261874,558231539,806207,33073,438,21254,0,0,0,55300,0
1785997238.453394482,564767508,0,564767508,0,564762569,56652,118100,0,0,0,0,0,788323513,746362536,564770227,61142,133400,0,0,0,4490,0,0,0,0,564776925,1068633,924500,2752000,564782898,261856,564785229,806195,33073,438,21256,0,0,0,55300,0
1785997239.485228069,571340737,0,571340737,0,571335677,56654,118100,0,0,0,0,0,788326616,746362536,571342372,61144,133400,0,0,0,4490,0,0,0,0,571348961,1068587,924500,2750900,571353464,261835,571356482,806171,33074,439,21257,0,0,0,55300,0
1785997240.510956404,577584081,0,577584081,0,577578876,56678,118100,0,0,0,0,0,788329695,746362539,577586101,61172,133500,0,0,0,4493,0,0,0,0,577592262,1069123,924900,2752200,577595179,261931,577599217,806611,33088,439,21266,0,0,0,55300,0
1785997241.542167318,584111143,0,584111143,0,584106166,56680,118100,0,0,0,0,0,788332787,746362539,584114478,61174,133500,0,0,0,4493,0,0,0,0,584122147,1069103,925000,2751400,584126319,261912,584131582,806609,33089,439,21267,0,0,0,55300,0
1785997242.570491346,590645826,0,590645826,0,590640815,56680,118100,0,0,0,0,0,788335871,746362539,590648447,61175,133500,0,0,0,4494,0,0,0,0,590655629,1069128,925100,2750100,590660471,261901,590664595,806646,33089,439,21267,0,0,0,55400,0
1785997243.602735150,597230048,0,597230048,0,597224925,56679,118100,0,0,0,0,0,788338971,746362539,597232846,61173,133400,0,0,0,4494,0,0,0,0,597240514,1069020,925200,2748900,597244744,261878,597249102,806559,33088,439,21266,0,0,0,55400,0
1785997244.635107419,603815259,0,603815259,0,603810449,56677,118100,0,0,0,0,0,788342066,746362539,603818149,61172,133400,0,0,0,4494,0,0,0,0,603826075,1068997,925300,2747600,603829428,261864,603834740,806552,33087,439,21266,0,0,0,55400,0
1785997245.662865713,610339129,0,610339129,0,610334394,56679,118100,0,0,0,0,0,788345147,746362539,610342330,61174,133400,0,0,0,4494,0,0,0,0,610350862,1069008,925400,2746500,610355194,261855,610358713,806570,33087,439,21267,0,0,0,55400,0
1785997246.696827361,616600603,0,616600603,0,616595767,56705,118200,0,0,0,0,0,788348251,746362564,616603512,61203,133500,0,0,0,4498,0,0,0,0,616611731,1069495,925600,2748800,616615170,261951,616618680,806962,33104,439,21276,0,0,0,55400,0
1785997247.732004541,623160517,0,623160517,0,623155546,56706,118200,0,0,0,0,0,788351359,746362564,623164139,61204,133600,0,0,0,4498,0,0,0,0,623170916,1069503,925600,2748700,623175841,261926,623179694,806996,33104,439,21277,0,0,0,55400,0
1785997248.760823940,629745679,0,629745679,0,629740689,56704,118200,0,0,0,0,0,788354445,746362564,629748108,61202,133600,0,0,0,4498,0,0,0,0,629753816,1069442,925500,2748200,629759385,261895,629763589,806966,33102,439,21276,0,0,0,55400,0
1785997249.791367026,636304280,0,636304280,0,636299229,56703,118200,0,0,0,0,0,788357534,746362565,636306301,61201,133600,0,0,0,4497,0,0,0,0,636313720,1069442,925500,2748100,636317568,261898,636321110,806963,33101,439,21276,0,0,0,55400,0
1785997250.826628871,642881600,0,642881600,0,642876608,56703,118300,0,0,0,0,0,788360644,746362571,642884698,61202,133600,0,0,0,4497,0,0,0,0,642892239,1069481,925500,2748100,642897467,261908,642900989,806991,33101,439,21277,0,0,0,55400,0
1785997251.862879107,649364677,0,649364677,0,649359607,56711,118300,0,0,0,0,0,788363747,746362576,649367432,61211,133700,0,0,0,4498,0,0,0,0,649375313,1069697,925500,2749000,649379634,261956,649383438,807159,33105,439,21281,0,0,0,55400,0
1785997252.893579988,655774637,0,655774637,0,655769695,56722,118300,0,0,0,0,0,788366844,746362582,655776834,61223,133700,0,0,0,4500,0,0,0,0,655783810,1069939,925600,2750000,655788647,262005,655793045,807353,33111,439,21285,0,0,0,55400,0
1785997253.932766890,662394052,0,662394052,0,662389063,56719,118300,0,0,0,0,0,788369960,746362582,662397406,61221,133700,0,0,0,4500,0,0,0,0,662405120,1069923,925700,2749100,662409397,261991,662414343,807350,33109,439,21284,0,0,0,55400,0
1785997254.966288324,668979613,0,668979613,0,668974683,56717,118300,0,0,0,0,0,788373062,746362587,668982987,61218,133700,0,0,0,4501,0,0,0,0,668989584,1069947,925800,2748600,668995898,261977,668998996,807389,33108,439,21283,0,0,0,55300,0
1785997255.991213936,675526297,0,675526297,0,675521499,56714,118300,0,0,0,0,0,788376134,746362589,675529262,61215,133700,0,0,0,4501,0,0,0,0,675537014,1069887,925800,2747800,675541941,261948,675545294,807357,33105,439,21282,0,0,0,55300,0
1785997257.020028437,682079399,0,682079399,0,682074453,56712,118300,0,0,0,0,0,788379219,746362591,682081727,61213,133700,0,0,0,4500,0,0,0,0,682089002,1069781,925700,2747200,682093887,261916,682097109,807284,33104,439,21282,0,0,0,55300,0
1785997258.049877196,688469547,0,688469547,0,688464625,56722,118300,0,0,0,0,0,788382312,746362595,688472045,61225,133800,0,0,0,4502,0,0,0,0,688482660,1069961,925800,2747700,688488679,261946,688498735,807434,33111,439,21286,0,0,0,55300,0
1785997259.078287453,694904531,0,694904531,0,694899620,56731,118400,0,0,0,0,0,788385397,746362597,694907319,61234,133800,0,0,0,4503,0,0,0,0,694915128,1070088,925800,2747900,694917920,261963,694923384,807544,33115,439,21289,0,0,0,55300,0
1785997260.105085554,701451945,0,701451945,0,701447124,56729,118300,0,0,0,0,0,788388476,746362597,701454976,61232,133800,0,0,0,4502,0,0,0,0,701462579,1070006,925800,2747200,701467957,261951,701470857,807473,33114,439,21289,0,0,0,55300,0
1785997261.135896352,708033678,0,708033678,0,708028727,56728,118300,0,0,0,0,0,788391569,746362597,708036186,61231,133700,0,0,0,4502,0,0,0,0,708043994,1069965,925800,2746800,708047960,261943,708051715,807441,33113,439,21289,0,0,0,55300,0
1785997262.162516380,714580525,0,714580525,0,714575817,56727,118300,0,0,0,0,0,788394650,746362597,714583776,61229,133700,0,0,0,4501,0,0,0,0,714591025,1069892,925800,2746000,714595991,261924,714598533,807385,33112,439,21288,0,0,0,55300,0
1785997263.194752698,721157836,0,721157837,0,721153120,56725,118300,0,0,0,0,0,788397740,746362597,721161014,61227,133700,0,0,0,4501,0,0,0,0,721167760,1069778,925800,2745100,721173437,261899,721177532,807298,33110,439,21288,0,0,0,55300,0
1785997264.224246750,727502043,0,727502043,0,727497181,56739,118300,0,0,0,0,0,788400834,746362598,727505549,61243,133700,0,0,0,4503,0,0,0,0,727512531,1070117,926100,2745800,727516826,261982,727521650,807553,33119,439,21293,0,0,0,55400,0
1785997265.255072539,734002840,0,734002840,0,733997751,56743,118300,0,0,0,0,0,788403930,746362598,734005623,61248,133800,0,0,0,4504,0,0,0,0,734013905,1070205,926300,2745600,734017928,261993,734020806,807630,33121,439,21295,0,0,0,55300,0
1785997266.289213744,740608135,0,740608136,0,740603243,56741,118300,0,0,0,0,0,788407028,746362598,740611274,61245,133700,0,0,0,4503,0,0,0,0,740618715,1070116,926200,2744700,740623527,261963,740627806,807573,33120,439,21294,0,0,0,55300,0
1785997267.323054287,747168730,0,747168730,0,747163472,56740,118300,0,0,0,0,0,788410129,746362598,747169853,61244,133700,0,0,0,4503,0,0,0,0,747176221,1070122,926300,2744100,747179695,261954,747182189,807586,33119,439,21294,0,0,0,55300,0
1785997268.352300806,753709437,0,753709437,0,753704691,56740,118300,0,0,0,0,0,788413219,746362599,753712901,61245,133800,0,0,0,4504,0,0,0,0,753720772,1070132,926400,2743500,753725583,261943,753730597,807608,33119,439,21294,0,0,0,55300,0
1785997269.384590190,760289165,0,760289165,0,760284397,56739,118300,0,0,0,0,0,788416317,746362599,760292328,61243,133700,0,0,0,4503,0,0,0,0,760299427,1070093,926400,2742500,760304050,261927,760307826,807584,33118,439,21294,0,0,0,55300,0
1785997270.416622991,766579250,0,766579250,0,766574148,56757,118300,0,0,0,0,0,788419414,746362615,766582083,61263,133800,0,0,0,4506,0,0,0,0,766591604,1070447,926600,2744000,766597327,261997,766600994,807867,33129,439,21300,0,0,0,55300,0
1785997271.452484388,773156477,0,773156477,0,773151630,56758,118300,0,0,0,0,0,788422521,746362620,773159951,61264,133800,0,0,0,4505,0,0,0,0,773167206,1070427,926600,2743900,773172598,261996,773176565,807849,33129,439,21301,0,0,0,55300,0
1785997272.491021907,779767408,0,779767408,0,779762458,56757,118300,0,0,0,0,0,788425635,746362620,779770443,61263,133800,0,0,0,4505,0,0,0,0,779778549,1070324,926700,2743300,779782444,261986,779785691,807756,33128,439,21301,0,0,0,55300,0
1785997273.520334149,786358634,0,786358634,0,786353561,56756,118300,0,0,0,0,0,788428725,746362620,786361297,61261,133800,0,0,0,4504,0,0,0,0,786369855,1070243,926700,2742600,786373222,261975,786377465,807686,33127,439,21301,0,0,0,55300,0
1785997274.549528165,792935821,0,792935821,0,792930840,56754,118300,0,0,0,0,0,788431812,746362621,792938578,61259,133700,0,0,0,4503,0,0,0,0,792946831,1070170,926800,2741900,792950769,261960,792953238,807628,33126,439,21301,0,0,0,55300,0
1785997275.581881021,799516751,0,799516751,0,799512182,56753,118300,0,0,0,0,0,788434907,746362621,799520395,61257,133700,0,0,0,4503,0,0,0,0,799528622,1070091,926800,2741500,799532212,261940,799537539,807569,33125,439,21301,0,0,0,55300,0
1785997276.614983087,805787769,0,805787769,0,805782726,56771,118400,0,0,0,0,0,788438000,746362633,805790407,61277,133800,0,0,0,4505,0,0,0,0,805797540,1070435,927000,2742700,805802938,262021,805807788,807834,33135,439,21308,0,0,0,55300,0
1785997277.648811188,812355518,0,812355518,0,812350305,56773,118300,0,0,0,0,0,788441107,746362645,812356729,61278,133700,0,0,0,4504,0,0,0,0,812363082,1070426,927100,2742000,812366032,262010,812370346,807835,33136,439,21309,0,0,0,55300,0
1785997278.678298047,818869296,0,818869297,0,818864450,56774,118300,0,0,0,0,0,788444195,746362645,818871721,61279,133700,0,0,0,4504,0,0,0,0,818878727,1070422,927100,2741300,818883505,262002,818887221,807840,33136,439,21310,0,0,0,55300,0
1785997279.714053546,825453503,0,825453504,0,825448538,56774,118300,0,0,0,0,0,788447305,746362645,825456056,61279,133700,0,0,0,4504,0,0,0,0,825463187,1070403,927200,2740700,825467068,261991,825468924,807830,33136,439,21310,0,0,0,55300,0
1785997280.745851140,832017196,0,832017196,0,832012284,56774,118300,0,0,0,0,0,788450402,746362646,832019855,61278,133700,0,0,0,4504,0,0,0,0,832027130,1070346,927300,2739900,832031800,261982,832034355,807783,33135,439,21310,0,0,0,55300,0
1785997281.777896689,838458360,0,838458360,0,838453424,56779,118300,0,0,0,0,0,788453491,746362646,838461007,61285,133700,0,0,0,4505,0,0,0,0,838467969,1070503,927400,2740100,838472817,262004,838477085,807919,33139,439,21313,0,0,0,55300,0
1785997282.810927704,844858861,0,844858861,0,844854076,56789,118300,0,0,0,0,0,788456594,746362647,844862447,61296,133700,0,0,0,4506,0,0,0,0,844869852,1070684,927500,2740600,844875834,262042,844879892,808061,33144,439,21316,0,0,0,55400,0
1785997283.840770834,851399395,0,851399395,0,851394247,56789,118300,0,0,0,0,0,788459684,746362647,851401503,61296,133700,0,0,0,4506,0,0,0,0,851409354,1070689,927600,2739600,851413201,262038,851417420,808070,33144,439,21317,0,0,0,55400,0
1785997284.872536840,857914207,0,857914207,0,857909115,56792,118300,0,0,0,0,0,788462777,746362651,857917141,61298,133700,0,0,0,4506,0,0,0,0,857925592,1070698,927700,2738600,857929487,262037,857932833,808078,33145,439,21318,0,0,0,55400,0
1785997285.903326340,864440121,0,864440121,0,864434974,56793,118200,0,0,0,0,0,788465870,746362655,864442941,61299,133700,0,0,0,4505,0,0,0,0,864450464,1070659,927700,2737400,864454608,262024,864458160,808053,33145,439,21319,0,0,0,55400,0
1785997286.933979647,870979251,0,870979251,0,870974503,56794,118200,0,0,0,0,0,788468963,746362655,870981784,61300,133600,0,0,0,4505,0,0,0,0,870988504,1070654,927800,2736300,870994312,262013,870997607,808061,33146,439,21320,0,0,0,55400,0
1785997287.962582901,877327987,0,877327987,0,877322791,56805,118200,0,0,0,0,0,788472050,746362672,877328876,61312,133600,0,0,0,4506,0,0,0,0,877334071,1070888,928000,2736700,877338027,262047,877340430,808262,33152,440,21324,0,0,0,55400,0
1785997288.988804872,883724009,0,883724009,0,883719117,56810,118200,0,0,0,0,0,788475129,746362683,883726676,61318,133600,0,0,0,4507,0,0,0,0,883733312,1071043,928200,2736800,883738515,262058,883742265,808403,33155,440,21326,0,0,0,55400,0
1785997290.015484726,890329101,0,890329101,0,890324232,56804,118200,0,0,0,0,0,788478208,746362683,890331914,61312,133600,0,0,0,4506,0,0,0,0,890339645,1070931,928300,2735700,890343963,262013,890348930,808338,33152,440,21324,0,0,0,55400,0
1785997291.048246248,896984028,0,896984028,0,896979200,56798,118200,0,0,0,0,0,788481305,746362683,896987349,61304,133600,0,0,0,4506,0,0,0,0,896995297,1070792,928400,2734400,896999167,261961,897002958,808249,33148,439,21321,0,0,0,55400,0
1785997292.078932720,903629028,0,903629028,0,903624061,56791,118100,0,0,0,0,0,788484395,746362683,903632265,61297,133600,0,0,0,4505,0,0,0,0,903639011,1070616,928400,2733200,903646294,261912,903649639,808124,33144,439,21319,0,0,0,55400,0
1785997293.106337525,910232530,0,910232530,0,910227530,56786,118100,0,0,0,0,0,788487478,746362683,910235427,61292,133500,0,0,0,4505,0,0,0,0,910243736,1070560,928500,2732500,910247188,261885,910250935,808094,33141,439,21317,0,0,0,55400,0
1785997294.137179237,916609498,0,916609498,0,916604697,56794,118100,0,0,0,0,0,788490571,746362684,916612574,61302,133600,0,0,0,4506,0,0,0,0,916620298,1070769,928700,2733200,916625249,261910,916628882,808278,33146,439,21320,0,0,0,55400,0
1785997295.169193306,922821648,0,922821648,0,922816672,56814,118100,0,0,0,0,0,788493669,746362695,922824447,61324,133600,0,0,0,4508,0,0,0,0,922831456,1071138,928800,2734300,922836199,261990,922840477,808567,33158,440,21328,0,0,0,55400,0
1785997296.201818889,929379258,0,929379258,0,929374290,56814,118100,0,0,0,0,0,788496765,746362695,929382059,61323,133600,0,0,0,4508,0,0,0,0,929389185,1071106,928800,2733600,929393311,261975,929398150,808551,33157,440,21328,0,0,0,55400,0
1785997297.232135559,935932914,0,935932914,0,935928123,56814,118100,0,0,0,0,0,788499857,746362695,935936441,61323,133500,0,0,0,4508,0,0,0,0,935943187,1071086,928800,2732800,935948927,261970,935951658,808536,33157,440,21328,0,0,0,55400,0
1785997298.258347003,942466228,0,942466228,0,942460876,56814,118100,0,0,0,0,0,788502935,746362696,942467121,61323,133600,0,0,0,4507,0,0,0,0,942471684,1071074,928800,2732200,942477021,261956,942479357,808538,33156,440,21329,0,0,0,55400,0
1785997299.292929090,948979247,0,948979248,0,948974404,56817,118200,0,0,0,0,0,788506039,746362698,948982007,61325,133600,0,0,0,4507,0,0,0,0,948989495,1071129,928900,2731900,948994049,261959,948998939,808588,33158,440,21330,0,0,0,55400,0
1785997300.323416827,955380177,0,955380177,0,955375384,56824,118200,0,0,0,0,0,788509130,746362703,955383669,61333,133600,0,0,0,4508,0,0,0,0,955391697,1071270,929000,2732000,955395734,261982,955398801,808707,33162,440,21333,0,0,0,55400,0
1785997301.354614325,961766316,0,961766317,0,961761265,56832,118200,0,0,0,0,0,788512225,746362708,961769452,61342,133600,0,0,0,4509,0,0,0,0,961777198,1071405,929100,2732100,961782923,262004,961785474,808819,33167,440,21336,0,0,0,55400,0
1785997302.386232701,968320104,0,968320104,0,968315207,56833,118200,0,0,0,0,0,788515318,746362708,968322665,61343,133600,0,0,0,4509,0,0,0,0,968330598,1071320,929000,2730900,968335979,261982,968338700,808757,33167,440,21337,0,0,0,55400,0
1785997303.414784733,974876017,0,974876017,0,974871303,56833,118200,0,0,0,0,0,788518405,746362708,974878873,61341,133600,0,0,0,4508,0,0,0,0,974886478,1071229,929000,2729900,974891704,261956,974896070,808691,33166,440,21337,0,0,0,55400,0
1785997304.444956497,981437240,0,981437240,0,981432366,56832,118200,0,0,0,0,0,788521492,746362708,981440084,61340,133600,0,0,0,4507,0,0,0,0,981447810,1071117,929000,2728800,981452119,261934,981456271,808602,33166,440,21337,0,0,0,55400,0
1785997305.476983537,988017870,0,988017870,0,988012574,56832,118200,0,0,0,0,0,788524589,746362708,988019336,61339,133600,0,0,0,4507,0,0,0,0,988025858,1071044,928900,2728000,988028960,261916,988031748,808547,33165,440,21337,0,0,0,55400,0
1785997306.512729628,994351811,0,994351811,0,994346809,56845,118300,0,0,0,0,0,788527698,746362718,994354582,61353,133700,0,0,0,4507,0,0,0,0,994362608,1071280,929100,2728400,994366592,261959,994370011,808738,33173,440,21342,0,0,0,55400,0
1785997307.552215054,1000896851,0,1000896851,0,1000891804,56847,118300,0,0,0,0,0,788530814,746362725,1000900067,61355,133700,0,0,0,4507,0,0,0,0,1000907917,1071307,929100,2728200,1000912582,261955,1000916672,808771,33174,440,21343,0,0,0,55400,0
1785997308.586325649,1007469184,0,1007469184,0,1007464140,56845,118300,0,0,0,0,0,788533909,746362725,1007472236,61353,133600,0,0,0,4507,0,0,0,0,1007479104,1071263,929100,2727400,1007482940,261925,1007486621,808757,33173,440,21342,0,0,0,55400,0
1785997309.622216650,1014041841,0,1014041841,0,1014036703,56845,118300,0,0,0,0,0,788537024,746362725,1014044219,61352,133600,0,0,0,4507,0,0,0,0,1014051975,1071258,929200,2726800,1014056112,261902,1014059421,808775,33172,440,21342,0,0,0,55400,0
1785997310.654027850,1020627733,0,1020627733,0,1020622955,56842,118300,0,0,0,0,0,788540119,746362725,1020631023,61349,133600,0,0,0,4506,0,0,0,0,1020639516,1071187,929100,2726000,1020643224,261872,1020647133,808733,33171,440,21341,0,0,0,55400,0
1785997311.684505497,1027197468,0,1027197470,0,1027192677,56840,118300,0,0,0,0,0,788543210,746362725,1027200962,61346,133600,0,0,0,4506,0,0,0,0,1027209298,1071128,929100,2725200,1027213702,261846,1027217751,808701,33169,440,21340,0,0,0,55500,0
1785997312.714965951,1033430075,0,1033430075,0,1033425392,56854,118300,0,0,0,0,0,788546304,746362734,1033433655,61362,133700,0,0,0,4507,0,0,0,0,1033440100,1071450,929300,2726000,1033447009,261905,1033450865,808965,33177,440,21345,0,0,0,55500,0
1785997313.748194745,1040013500,0,1040013500,0,1040008572,56852,118300,0,0,0,0,0,788549403,746362734,1040016825,61359,133600,0,0,0,4507,0,0,0,0,1040024654,1071385,929300,2725500,1040030031,261884,1040033237,808920,33176,440,21345,0,0,0,55500,0
1785997314.778921106,1046587443,0,1046587443,0,1046582620,56850,118200,0,0,0,0,0,788552496,746362734,1046590517,61357,133600,0,0,0,4506,0,0,0,0,1046598080,1071326,929300,2724900,1046604047,261857,1046606724,808887,33175,440,21344,0,0,0,55500,0
1785997315.811459928,1053159283,0,1053159283,0,1053154315,56848,118200,0,0,0,0,0,788555592,746362734,1053161954,61354,133600,0,0,0,4506,0,0,0,0,1053169158,1071257,929300,2724300,1053174767,261832,1053177660,808844,33173,440,21343,0,0,0,55500,0
1785997316.843769309,1059760285,0,1059760287,0,1059755435,56846,118200,0,0,0,0,0,788558691,746362734,1059763006,61352,133600,0,0,0,4505,0,0,0,0,1059770040,1071206,929300,2723700,1059774121,261808,1059778018,808817,33172,440,21343,0,0,0,55500,0
1785997317.872489459,1066276307,0,1066276307,0,1066271337,56846,118200,0,0,0,0,0,788561774,746362734,1066278489,61352,133600,0,0,0,4505,0,0,0,0,1066285251,1071219,929300,2723300,1066289503,261794,1066291994,808845,33172,440,21343,0,0,0,55500,0
1785997318.903065567,1072523990,0,1072523990,0,1072518979,56858,118200,0,0,0,0,0,788564863,746362743,1072525978,61366,133600,0,0,0,4507,0,0,0,0,1072532910,1071467,929400,2724200,1072537620,261836,1072541107,809049,33179,440,21347,0,0,0,55500,0
1785997319.934888354,1078996101,0,1078996101,0,1078991097,56860,118200,0,0,0,0,0,788567957,746362747,1078998448,61368,133600,0,0,0,4507,0,0,0,0,1079004701,1071509,929500,2723900,1079009808,261834,1079013328,809094,33181,440,21348,0,0,0,55500,0
1785997320.962806598,1085547444,0,1085547444,0,1085542389,56859,118200,0,0,0,0,0,788571049,746362747,1085549811,61366,133600,0,0,0,4506,0,0,0,0,1085557409,1071460,929500,2723100,1085561630,261816,1085564597,809063,33180,440,21347,0,0,0,55500,0
1785997321.991800664,1092092493,0,1092092493,0,1092087947,56858,118200,0,0,0,0,0,788574136,746362747,1092095065,61365,133600,0,0,0,4506,0,0,0,0,1092100604,1071416,929600,2722300,1092107255,261795,1092109302,809040,33179,440,21347,0,0,0,55500,0
1785997323.022841725,1098627139,0,1098627139,0,1098622321,56857,118200,0,0,0,0,0,788577228,746362747,1098630264,61365,133500,0,0,0,4507,0,0,0,0,1098638250,1071420,929600,2721500,1098641985,261784,1098645141,809055,33178,440,21347,0,0,0,55500,0
1785997324.049428274,1105031098,0,1105031099,0,1105026285,56862,118100,0,0,0,0,0,788580310,746362748,1105034093,61370,133600,0,0,0,4507,0,0,0,0,1105042197,1071526,929800,2721100,1105047780,261792,1105051169,809153,33181,440,21349,0,0,0,55500,0
1785997325.081942169,1111399786,0,1111399787,0,1111394953,56869,118200,0,0,0,0,0,788583403,746362753,1111402554,61378,133600,0,0,0,4508,0,0,0,0,1111410154,1071656,929900,2721500,1111414757,261814,1111418407,809261,33185,440,21352,0,0,0,55500,0
1785997326.111495450,1117934365,0,1117934365,0,1117929590,56869,118200,0,0,0,0,0,788586490,746362757,1117937328,61378,133600,0,0,0,4508,0,0,0,0,1117944164,1071591,929900,2721100,1117949758,261790,1117953630,809220,33185,440,21352,0,0,0,55500,0
1785997327.141417561,1124501672,0,1124501672,0,1124496870,56868,118100,0,0,0,0,0,788589583,746362757,1124504978,61376,133600,0,0,0,4508,0,0,0,0,1124512505,1071525,929900,2720700,1124517522,261766,1124521481,809178,33184,440,21351,0,0,0,55500,0
1785997328.170008761,1131068941,0,1131068942,0,1131064026,56866,118100,0,0,0,0,0,788592669,746362757,1131071741,61374,133600,0,0,0,4507,0,0,0,0,1131079050,1071441,929800,2720300,1131084720,261738,1131087860,809122,33183,440,21351,0,0,0,55500,0
1785997329.193924769,1134742879,0,1134742879,0,1134736430,56865,118100,0,0,0,0,0,788595741,746364113,1134736430,61373,133500,0,0,0,4507,0,0,0,0,1134740836,1071398,929800,2720000,1134740836,261723,1134740487,809094,33182,440,21350,0,0,0,55500,0
1785997330.221634567,1134742879,0,1134742879,0,1134736430,56865,118100,0,0,0,0,0,788598819,746367089,1134736430,61373,133500,0,0,0,4507,0,0,0,0,1134740840,1071398,929800,2720000,1134740840,261723,1134740487,809094,33182,440,21350,0,0,0,55500,0
1785997331.253963107,1134742879,0,1134742879,0,1134736430,56865,118100,0,0,0,0,0,788601912,746370121,1134736430,61373,133500,0,0,0,4507,0,0,0,0,1134740843,1071398,929800,2720000,1134740843,261723,1134740487,809094,33182,440,21350,0,0,0,55500,0
1785997332.287211672,1134742879,0,1134742879,0,1134736430,56865,118100,0,0,0,0,0,788605012,746373215,1134736430,61373,133500,0,0,0,4507,0,0,0,0,1134740845,1071398,929800,2720000,1134740845,261723,1134740487,809094,33182,440,21350,0,0,0,55500,0
1785997333.318036568,1134742879,0,1134742879,0,1134736430,56865,118100,0,0,0,0,0,788608107,746376305,1134736430,61373,133500,0,0,0,4507,0,0,0,0,1134740847,1071398,929800,2720000,1134740847,261723,1134740487,809094,33182,440,21350,0,0,0,55500,0
1785997334.349832763,1134742879,0,1134742879,0,1134736430,56865,118100,0,0,0,0,0,788611199,746379391,1134736430,61373,133500,0,0,0,4507,0,0,0,0,1134740849,1071398,929800,2720000,1134740849,261723,1134740487,809094,33182,440,21350,0,0,0,55500,0
1785997335.382098063,1134742879,0,1134742879,0,1134736430,56865,118100,0,0,0,0,0,788614294,746382482,1134736430,61373,133500,0,0,0,4507,0,0,0,0,1134740851,1071398,929800,2720000,1134740851,261723,1134740487,809094,33182,440,21350,0,0,0,55500,0
1785997336.414997445,1134742879,0,1134742879,0,1134736430,56865,118100,0,0,0,0,0,788617387,746385449,1134736430,61373,133500,0,0,0,4507,0,0,0,0,1134740853,1071398,929800,2720000,1134740853,261723,1134740487,809094,33182,440,21350,0,0,0,55500,0
1785997337.445524646,1134742879,0,1134742879,0,1134736430,56865,118100,0,0,0,0,0,788620483,746388530,1134736430,61373,133500,0,0,0,4507,0,0,0,0,1134740855,1071398,929800,2720000,1134740855,261723,1134740487,809094,33182,440,21350,0,0,0,55500,0
1785997338.473782906,1134742879,0,1134742879,0,1134736430,56865,118100,0,0,0,0,0,788623567,746391609,1134736430,61373,133500,0,0,0,4507,0,0,0,0,1134740857,1071398,929800,2720000,1134740857,261723,1134740487,809094,33182,440,21350,0,0,0,55500,0
1785997339.504780637,1134742879,0,1134742879,0,1134736430,56865,118100,0,0,0,0,0,788626656,746394688,1134736430,61373,133500,0,0,0,4507,0,0,0,0,1134740859,1071398,929800,2720000,1134740859,261723,1134740487,809094,33182,440,21350,0,0,0,55500,0
1785997340.537560094,1134742879,0,1134742879,0,1134736430,56865,118100,0,0,0,0,0,788629756,746397760,1134736430,61373,133500,0,0,0,4507,0,0,0,0,1134740861,1071398,929800,2720000,1134740861,261723,1134740487,809094,33182,440,21350,0,0,0,55500,0
1785997341.569278357,1134742879,0,1134742879,0,1134736430,56865,118100,0,0,0,0,0,788632847,746400840,1134736430,61373,133500,0,0,0,4507,0,0,0,0,1134740863,1071398,929800,2720000,1134740863,261723,1134740487,809094,33182,440,21350,0,0,0,55500,0
1785997342.601447524,1134742879,0,1134742879,0,1134736430,56865,118100,0,0,0,0,0,788635942,746403805,1134736430,61373,133500,0,0,0,4507,0,0,0,0,1134740865,1071398,929800,2720000,1134740865,261723,1134740487,809094,33182,440,21350,0,0,0,55500,0
1785997343.632156425,1134742879,0,1134742879,0,1134736430,56865,118100,0,0,0,0,0,788639033,746406892,1134736430,61373,133500,0,0,0,4507,0,0,0,0,1134740867,1071398,929800,2720000,1134740867,261723,1134740487,809094,33182,440,21350,0,0,0,55500,0
1785997344.662275983,1134742879,0,1134742879,0,1134736430,56865,118100,0,0,0,0,0,788642127,746409980,1134736430,61373,133500,0,0,0,4507,0,0,0,0,1134740869,1071398,929800,2720000,1134740869,261723,1134740487,809094,33182,440,21350,0,0,0,55500,0
1785997345.694927296,1134742879,0,1134742879,0,1134736430,56865,118100,0,0,0,0,0,788645221,746413067,1134736430,61373,133500,0,0,0,4507,0,0,0,0,1134740871,1071398,929800,2720000,1134740871,261723,1134740487,809094,33182,440,21350,0,0,0,55500,0
1785997346.727710452,1134742879,0,1134742879,0,1134736430,56865,118100,0,0,0,0,0,788648320,746416160,1134736430,61373,133500,0,0,0,4507,0,0,0,0,1134740873,1071398,929800,2720000,1134740873,261723,1134740487,809094,33182,440,21350,0,0,0,55500,0
1785997347.756103271,1134742879,0,1134742879,0,1134736430,56865,118100,0,0,0,0,0,788651403,746419186,1134736430,61373,133500,0,0,0,4507,0,0,0,0,1134740875,1071398,929800,2720000,1134740875,261723,1134740487,809094,33182,440,21350,0,0,0,55500,0
1785997348.789917616,1134742879,0,1134742879,0,1134736430,56865,118100,0,0,0,0,0,788654503,746422201,1134736430,61373,133500,0,0,0,4507,0,0,0,0,1134740877,1071398,929800,2720000,1134740877,261723,1134740487,809094,33182,440,21350,0,0,0,55500,0
1785997349.823004808,1134742879,0,1134742879,0,1134736430,56865,118100,0,0,0,0,0,788657601,746425289,1134736430,61373,133500,0,0,0,4507,0,0,0,0,1134740879,1071398,929800,2720000,1134740879,261723,1134740487,809094,33182,440,21350,0,0,0,55500,0
1785997350.854854350,1134742879,0,1134742879,0,1134736430,56865,118100,0,0,0,0,0,788660697,746428359,1134736430,61373,133500,0,0,0,4507,0,0,0,0,1134740882,1071398,929800,2720000,1134740882,261723,1134740487,809094,33182,440,21350,0,0,0,55500,0
1785997351.886428777,1134742879,0,1134742879,0,1134736430,56865,118100,0,0,0,0,0,788663788,746431446,1134736430,61373,133500,0,0,0,4507,0,0,0,0,1134740886,1071398,929800,2720000,1134740886,261723,1134740487,809094,33182,440,21350,0,0,0,55500,0
1785997352.935137566,1134856275,12664,1134856275,0,1134850876,56868,118200,13073,71769,172900,0,0,788666930,746434410,1134856246,61380,133600,13650,72469,173900,4511,862,755,0,0,1134872262,1071826,929900,2722000,1134875872,261836,1134878269,809416,33182,440,21354,68800,1796,7078,55500,67300
1785997353.982918419,5163997,573774,5163996,0,5159659,38942,105500,573626,31007,67700,1,0,788670078,746434417,5166041,56826,157200,574325,31868,68900,17938,471,392,0,0,5748634,1264509,1107300,18446744073709551616,5753005,333686,5756433,929989,14513,514,21887,26878,780,3003,36500,30600
1785997355.015585309,10497998,1166442,10497997,0,10493612,38661,105500,1166330,30884,68100,2,0,788673179,746434420,10499886,56429,156000,1166991,31726,69300,17794,466,375,0,0,11673578,1239844,1088700,18446744073709551616,11680258,325427,11682721,913761,14314,511,21742,26739,769,2981,36400,30400
1785997356.046037848,15873815,1763760,15873814,0,15869770,38445,105000,1763655,30738,67900,2,0,788676268,746434427,15876107,56087,153800,1764367,31568,69000,17660,462,367,0,0,17648893,1225130,1077300,18446744073709551616,17653605,320431,17657049,903992,14191,508,21641,26609,766,2957,36300,30400
1785997357.081459582,21297841,2366433,21297840,0,21293567,38299,104800,2366280,30644,67800,2,0,788679373,746434427,21299807,55868,152800,2367000,31470,69000,17582,460,364,0,0,23675037,1216521,1071500,3253500,23679821,317143,23682937,898715,14113,506,21566,26519,764,2947,36300,30300
1785997358.117069262,26727345,2969703,26727344,0,26723016,38212,104600,2969597,30590,67800,2,0,788682480,746434427,26730198,55744,152300,2970366,31412,68900,17542,459,362,0,0,29708582,1211423,1067100,3216300,29713362,314965,29716407,895804,14063,505,21532,26471,763,2939,36300,30300
1785997359.165076204,32193811,3577095,32193811,0,32193176,38154,104500,3578663,30553,67800,2,0,788685624,746434430,32211161,55653,151900,3579345,31372,68900,17516,458,360,0,0,35798258,1206334,1063500,3185700,35812003,313160,35823118,892523,14041,504,21521,26447,763,2936,36300,30200
1785997360.198173040,37260160,4140024,37260159,0,37255740,38464,104800,4139864,30785,68000,2,0,788688723,746434451,37261831,56130,153100,4140506,31608,69100,17672,461,358,0,0,41410748,1216200,1067200,3251300,41413353,314521,41417960,900981,14162,507,21661,26627,770,2965,36300,30300
1785997361.233751614,42487550,4720843,42487549,0,42483317,38552,105000,4720700,30852,68000,2,0,788691830,746434452,42489552,56260,153900,4721421,31674,69200,17713,463,357,0,0,47219369,1217446,1068500,3241600,47223049,314426,47227005,902325,14192,507,21712,26685,771,2970,36300,30300
1785997362.269816684,47851810,5316867,47851810,0,47847382,38530,104900,5316699,30841,68000,2,0,788694936,746434452,47853530,56222,153500,5317388,31661,69100,17697,463,356,0,0,53178059,1214696,1067200,3202700,53182778,313378,53186786,900639,14172,507,21708,26679,770,2965,36300,30300
1785997363.301064468,53192366,5910267,53192365,0,53188198,38511,104900,5910151,30833,67900,2,0,788698031,746434452,53194502,56192,153300,5910862,31652,69100,17685,463,355,0,0,59114454,1212260,1065500,3176900,59118105,312356,59122936,899232,14156,507,21705,26675,769,2961,36300,30400
1785997364.333539873,58539846,6504429,58539845,0,58535331,38492,104800,6504203,30825,67900,2,0,788701126,746434452,58540570,56161,153100,6504793,31643,69000,17672,463,354,0,0,65052670,1209801,1064000,3156900,65056487,311500,65058349,897615,14139,507,21699,26668,768,2957,36300,30400
1785997365.365113294,63871768,7096865,63871767,0,63867619,38483,104700,7096779,30820,67800,2,0,788704222,746434452,63874495,56146,152900,7097519,31638,69000,17666,463,353,0,0,70979838,1208463,1063900,3140400,70984415,310857,70988998,896933,14130,507,21701,26668,768,2954,36300,30400
1785997366.396346367,69019524,7668836,69019523,0,69015348,38570,105000,7668698,30886,67800,3,0,788707319,746434464,69021615,56272,153700,7669439,31705,69000,17706,465,354,0,0,76700345,1210793,1064900,3141900,76704236,311022,76708163,899090,14167,508,21745,26725,769,2959,36300,30400
1785997367.434150715,74317473,8257495,74317472,0,74313173,38585,105000,8257375,30898,67800,3,0,788710428,746434464,74319633,56296,154100,8258089,31718,69000,17714,465,353,0,0,82585339,1210992,1065100,3130000,82591116,310661,82593986,899652,14167,508,21758,26737,769,2959,36400,30400
1785997368.465789827,79639625,8848847,79639624,0,79635475,38579,105000,8848739,30895,67700,3,0,788713524,746434464,79641979,56285,154100,8849451,31715,68900,17709,465,353,0,0,88499382,1210392,1065000,3113600,88504305,310151,88507987,899559,14159,508,21760,26737,769,2957,36400,30500
1785997369.496122697,84953020,9439221,84953019,0,84948717,38573,105000,9439105,30893,67700,3,0,788716613,746434464,84955310,56276,154100,9439816,31712,68800,17705,465,352,0,0,94403793,1209740,1065000,3096700,94407655,309734,94411467,899323,14151,507,21763,26736,768,2955,36400,30500
1785997370.531470048,90256724,10028528,90256723,0,90252381,38580,105000,10028371,30898,67600,3,0,788719719,746434473,90258169,56286,154200,10029029,31716,68800,17708,465,352,0,0,100295610,1209549,1064900,3089000,100298349,309515,100301395,899351,14151,507,21769,26743,768,2953,36500,30500
1785997371.562199443,95503067,10611455,95503066,0,95498701,38597,105000,10611300,30912,67600,3,0,788722812,746434479,95505087,56311,154400,10612035,31731,68800,17716,466,352,0,0,106126080,1209645,1065100,3081400,106130363,309426,106132826,899538,14153,507,21783,26757,768,2953,36500,30500
1785997372.594176349,100570599,11174511,100570598,0,100566353,38681,105200,11174408,30972,67700,3,0,788725907,746434493,100573161,56434,155100,11175138,31792,68900,17755,467,352,0,0,111756524,1211984,1066600,3088500,111761731,309913,111763076,901382,14188,508,21829,26810,769,2959,36500,30500
1785997373.621496220,105887267,11765250,105887266,0,105883028,38670,105100,11765070,30968,67700,3,0,788728990,746434494,105888305,56416,154900,11765654,31788,68800,17748,466,352,0,0,117660987,1211064,1066200,3077000,117664060,309628,117667254,900756,14178,508,21827,26804,769,2958,36500,30600
1785997374.649997233,111185721,12353972,111185721,0,111181542,38662,105100,12353823,30964,67600,3,0,788732075,746434494,111187716,56404,154800,12354512,31784,68800,17743,467,352,0,0,123550460,1210341,1066000,3065800,123554262,309389,123558544,900266,14173,508,21826,26803,769,2958,36500,30600
1785997375.675946530,116478020,12942002,116478019,0,116473749,38656,105100,12941850,30960,67600,3,0,788735152,746434495,116479742,56392,154600,12942513,31780,68700,17737,467,352,0,0,129430120,1209373,1065600,3055900,129433717,309138,129437029,899560,14168,508,21825,26799,769,2957,36600,30600
1785997376.703439443,121784389,13531597,121784388,0,121780624,38648,105000,13531501,30956,67500,3,0,788738236,746434495,121786893,56379,154500,13532209,31776,68700,17732,467,352,0,0,135326442,1208634,1065400,3047500,135330824,308888,135334613,899068,14161,507,21823,26796,769,2956,36600,30600
1785997377.731126152,127032968,14114771,127032967,0,127028666,38657,105000,14114628,30964,67500,3,0,788741315,746434498,127035122,56389,154600,14115312,31784,68700,17733,467,351,0,0,141158210,1208355,1065500,3040400,141162490,308734,141165619,898946,14165,507,21829,26801,769,2959,36600,30600
1785997378.766749091,132162711,14684745,132162710,0,132158508,38708,105100,14684608,31001,67500,4,0,788744425,746434522,132164953,56465,155000,14685353,31822,68700,17758,467,352,0,0,146858082,1209321,1065800,3045100,146863399,308903,146866410,899743,14187,508,21855,26830,770,2965,36600,30700
1785997379.794215166,137452863,15272532,137452862,0,137448851,38704,105100,15272441,30999,67500,4,0,788747505,746434522,137455255,56458,154900,15273142,31820,68600,17755,467,352,0,0,152737170,1208648,1065500,3035200,152741226,308644,152744593,899324,14184,508,21854,26828,770,2964,36600,30700
1785997380.824937207,142752751,15861411,142752750,0,142748747,38700,105000,15861322,30998,67400,4,0,788750597,746434527,142755028,56453,154800,15861999,31819,68600,17753,467,352,0,0,158625039,1208197,1065300,3027700,158629378,308408,158632253,899112,14180,508,21854,26828,769,2963,36700,30700
1785997381.851868496,148019513,16446610,148019512,0,148015253,38702,105000,16446481,31000,67400,4,0,788753679,746434527,148021334,56453,154800,16447139,31821,68500,17752,467,352,0,0,164476268,1207688,1065000,3021800,164479645,308247,164484136,898761,14180,508,21855,26829,770,2964,36700,30700
1785997382.884367298,153334414,17037155,153334413,0,153330039,38696,105000,17037017,30997,67300,4,0,788756775,746434528,153336153,56444,154700,17037671,31818,68400,17748,467,352,0,0,170381335,1207048,1064800,3014500,170385804,308025,170388552,898344,14176,508,21853,26827,770,2963,36700,30700
1785997383.914445251,158552782,17616973,158552782,0,158548566,38714,105100,17616832,31008,67300,4,0,788759865,746434536,158554585,56468,154900,17617505,31829,68400,17755,467,352,0,0,176179657,1207212,1064700,3012700,176184419,307990,176187409,898538,14183,508,21862,26836,770,2964,36700,30700
1785997384.944446343,163765364,18196154,163765364,0,163761253,38726,105100,18196044,31017,67300,4,0,788762958,746434542,163767624,56488,155100,18196751,31840,68400,17762,468,353,0,0,181972567,1207506,1064800,3012100,181976392,307950,181980720,898878,14189,508,21869,26844,770,2966,36700,30700
1785997385.973929328,169119237,18791030,169119236,0,169114920,38710,105200,18790880,31006,67300,5,0,788766044,746434542,169121314,56463,155000,18791563,31828,68400,17754,467,353,0,0,187922219,1206676,1064100,3005100,187925232,307671,187927689,898324,14181,508,21860,26834,770,2964,36700,30700
1785997387.006977965,174492083,19388014,174492082,0,174488090,38694,105100,19387904,30995,67300,5,0,788769142,746434542,174494154,56440,154900,19388585,31817,68400,17746,467,354,0,0,193890267,1205831,1063400,2999600,193895201,307428,193897515,897724,14174,508,21851,26824,769,2963,36700,30700
1785997388.037798743,179839941,19982213,179839940,0,179835921,38680,105200,19982126,30984,67300,5,0,788772233,746434549,179842827,56420,154800,19982902,31807,68400,17740,467,354,0,0,199835432,1205160,1062900,2994600,199837929,307218,199841629,897263,14169,508,21844,26815,769,2962,36700,30700
1785997389.068080553,185205986,20578440,185205985,0,185201712,38666,105200,20578337,30973,67300,5,0,788775324,746434550,185208168,56397,154700,20579109,31795,68400,17732,466,354,0,0,205796647,1204438,1062400,2989600,205801834,307002,205805074,896753,14163,508,21835,26805,769,2961,36700,30700
1785997390.097814273,190367525,21151946,190367524,0,190363286,38687,105300,21151817,30988,67300,5,0,788778414,746434557,190369754,56430,155000,21152555,31812,68500,17743,467,355,0,0,211531565,1204955,1062600,2990300,211535166,307049,211538800,897224,14172,508,21846,26818,769,2962,36700,30700
1785997391.125488408,195624255,21736026,195624254,0,195620059,38688,105400,21735907,30989,67400,6,0,788781496,746434558,195626413,56432,155100,21736633,31813,68500,17744,467,356,0,0,217372244,1204787,1062300,2988700,217376768,306944,217379995,897161,14172,508,21847,26820,769,2962,36700,30700
1785997392.161565433,200961829,22329092,200961828,0,200957505,38686,105400,22328953,30988,67400,6,0,788784607,746434559,200963757,56427,155100,22329654,31812,68600,17742,467,356,0,0,223302082,1204388,1061800,2985000,223305682,306779,223309730,896931,14170,508,21847,26819,769,2962,36700,30700
1785997393.193287397,206305583,22922844,206305582,0,206301408,38678,105500,22922698,30983,67500,6,0,788787699,746434559,206307757,56414,155000,22923429,31807,68700,17737,467,356,0,0,229239059,1203858,1061300,2980800,229243863,306594,229248432,896585,14164,508,21845,26815,769,2960,36700,30700
1785997394.222848524,211641266,23515693,211641265,0,211636885,38671,105500,23515494,30979,67600,6,0,788790786,746434559,211642081,56403,155000,23516064,31803,68800,17732,466,356,0,0,235164576,1203256,1060800,2976700,235167583,306406,235170686,896175,14159,508,21842,26811,769,2959,36700,30700
1785997395.256743888,216981063,24109004,216981062,0,216976873,38666,105600,24108883,30975,67700,6,0,788793891,746434559,216982870,56395,155000,24109562,31799,68900,17729,466,356,0,0,241100695,1202902,1060600,2973700,241105115,306240,241108305,895982,14157,508,21841,26809,768,2959,36700,30700
1785997396.291271439,222080973,24675660,222080972,0,222076641,38698,105700,24675479,30996,67900,7,0,788796991,746434571,222082316,56443,155300,24676130,31821,69100,17745,467,357,0,0,246766039,1203862,1061100,2977800,246770609,306415,246773255,896774,14172,508,21856,26826,769,2961,36700,30700
1785997397.324886019,227433232,25270359,227433231,0,227428590,38690,105800,25270138,30989,68000,7,0,788800093,746434572,227434048,56432,155300,25270734,31814,69300,17742,467,357,0,0,252711424,1203391,1060800,2974900,252715728,306269,252719009,896444,14168,508,21852,26820,769,2960,36700,30600
1785997398.354610818,232797389,25866374,232797388,0,232793181,38677,105800,25866250,30978,68200,7,0,788803182,746434577,232799593,56412,155300,25866946,31804,69400,17735,467,357,0,0,258675593,1202744,1060300,2971400,258678985,306068,258682875,895992,14163,507,21846,26811,769,2959,36700,30600
1785997399.387881130,238188196,26465354,238188196,0,238183837,38663,105900,26465192,30968,68300,7,0,788806278,746434577,238189824,56391,155300,26465895,31793,69600,17728,466,358,0,0,264664603,1202125,1060000,2967800,264667879,305885,264672152,895560,14157,507,21839,26802,768,2958,36700,30600
1785997400.421369663,243580152,27064456,243580151,0,243575860,38651,105900,27064346,30958,68500,7,0,788809382,746434577,243582317,56373,155200,27065070,31784,69800,17722,466,358,0,0,270656099,1201605,1059700,2964100,270660020,305725,270664485,895201,14152,507,21833,26794,768,2957,36600,30600
1785997401.455374798,248933891,27659322,248933890,0,248929676,38645,105900,27659170,30954,68700,7,0,788812484,746434584,248935794,56364,155200,27659887,31779,70000,17719,466,358,0,0,276603574,1201310,1059500,2961400,276608367,305618,276611618,895016,14149,507,21831,26791,768,2956,36600,30600
1785997402.484979915,254071508,28230168,254071507,0,254067103,38662,106100,28230005,30964,68800,8,0,788815570,746434596,254073289,56392,155500,28230705,31790,70100,17730,466,358,0,0,282312031,1201886,1059500,2965200,282315930,305723,282319906,895484,14159,507,21838,26798,768,2959,36600,30600
1785997403.516335631,259484559,28831615,259484558,0,259480267,38644,106100,28831516,30951,68900,8,0,788818662,746434599,259487105,56366,155400,28832257,31776,70200,17722,466,358,0,0,288326645,1201225,1058800,2962700,288332303,305530,288336421,895018,14152,507,21828,26787,768,2957,36600,30600
1785997404.553535347,264929896,29436656,264929895,0,264925687,38628,106100,29436537,30939,69000,8,0,788821777,746434599,264931983,56342,155400,29437208,31764,70300,17714,465,358,0,0,294377460,1200519,1058000,2960300,294381574,305349,294385583,894489,14146,506,21819,26776,767,2956,36600,30600
1785997405.583337044,270263538,30029281,270263537,0,270259316,38622,106200,30029152,30934,69200,8,0,788824863,746434605,270265552,56333,155300,30029819,31759,70500,17711,465,358,0,0,300303400,1200232,1057700,2958400,300307380,305262,300311381,894290,14144,506,21816,26772,767,2955,36600,30600
1785997406.612353783,275607512,30623062,275607511,0,275603203,38613,106200,30622900,30928,69400,8,0,788827946,746434605,275609081,56320,155300,30623539,31753,70700,17707,465,358,0,0,306240081,1199853,1057500,2955900,306243609,305150,306246719,894027,14140,506,21811,26766,767,2955,36600,30600
1785997407.639713654,280841975,31204661,280841974,0,280837749,38617,106300,31204474,30931,69600,9,0,788831034,746434621,280843134,56327,155400,31205121,31755,70800,17709,465,358,0,0,312055884,1199947,1057400,2956200,312058808,305152,312061697,894118,14143,506,21812,26768,767,2955,36600,30600
1785997408.671000518,286062794,31784754,286062793,0,286058515,38629,106400,31784627,30938,69700,9,0,788834127,746434640,286064686,56343,155500,31785293,31763,71000,17715,465,358,0,0,317857828,1200332,1057500,2958400,317862262,305221,317864989,894433,14148,506,21819,26775,767,2956,36600,30600
1785997409.698060978,291385641,32376174,291385640,0,291381705,38623,106400,32376058,30935,69800,9,0,788837208,746434649,291387708,56335,155400,32376751,31760,71000,17712,465,358,0,0,323772909,1200008,1057200,2956600,323776949,305132,323781525,894199,14145,506,21817,26773,767,2955,36600,30600
1785997410.726686406,296732858,32970317,296732857,0,296728611,38616,106400,32970165,30930,69900,9,0,788840295,746434649,296734612,56324,155300,32970832,31755,71100,17708,465,358,0,0,329712928,1199629,1056900,2954700,329718095,305048,329721931,893903,14141,506,21814,26769,767,2954,36600,30600
1785997411.754308590,302058709,33562077,302058708,0,302054392,38611,106400,33561918,30927,70000,9,0,788843375,746434649,302060402,56317,155300,33562603,31752,71200,17706,465,358,0,0,335630392,1199326,1056600,2952500,335635090,304993,335638256,893659,14138,506,21813,26767,767,2953,36600,30600
1785997412.783248289,307361277,34151249,307361276,0,307356966,38609,106400,34151123,30926,70100,9,0,788846462,746434652,307363434,56314,155300,34151870,31750,71300,17704,465,358,0,0,341523516,1199113,1056400,2951200,341528280,304948,341532057,893487,14137,506,21812,26766,767,2953,36600,30600
1785997413.816440744,312572884,34730316,312572883,0,312568488,38620,106500,34730180,30932,70200,9,0,788849565,746434660,312574687,56329,155400,34730876,31757,71400,17710,466,358,0,0,347313644,1199339,1056500,2951500,347317670,304989,347321235,893673,14143,506,21817,26771,767,2954,36600,30600
1785997414.843770972,317844005,35315998,317844004,0,317839858,38621,106500,35315861,30933,70300,9,0,788852644,746434664,317845996,56332,155400,35316565,31759,71500,17711,466,358,0,0,353171062,1199345,1056400,2951200,353174965,304978,353178570,893689,14143,506,21817,26772,767,2954,36600,30600
1785997415.873163267,323217510,35913054,323217509,0,323213279,38612,106600,35912917,30926,70300,9,0,788855731,746434664,323219518,56319,155400,35913607,31752,71600,17706,466,358,0,0,359141493,1198959,1056100,2949200,359145665,304866,359147779,893414,14140,506,21812,26766,767,2954,36500,30600
1785997416.904937140,328584676,36509403,328584675,0,328580538,38604,106600,36509308,30920,70400,9,0,788858817,746434664,328587153,56306,155400,36510023,31745,71600,17702,465,358,0,0,365106078,1198625,1055800,2947200,365109816,304762,365114644,893184,14137,506,21807,26760,767,2953,36500,30600
1785997417.937345062,333992041,37110223,333992040,0,333987828,38595,106600,37110083,30913,70400,9,0,788861922,746434664,333994099,56293,155300,37110816,31739,71700,17698,465,358,0,0,371114446,1198281,1055400,2945000,371117691,304659,371120450,892941,14134,506,21802,26754,767,2953,36500,30600
1785997418.968969659,339382142,37709131,339382141,0,339377945,38586,106600,37709018,30907,70500,9,0,788865017,746434665,339384426,56280,155200,37709722,31732,71700,17694,465,359,0,0,377103121,1197842,1055000,2943100,377107026,304552,377110914,892611,14130,506,21798,26748,767,2952,36500,30600
1785997420.003634396,344586997,38287439,344586996,0,344583194,38599,106600,38287362,30915,70500,9,0,788868124,746434682,344589358,56298,155300,38288039,31741,71700,17699,465,359,0,0,382885769,1198169,1054900,2944900,382889192,304620,382892478,892871,14136,506,21803,26755,767,2954,36500,30600
1785997421.034479529,349716274,38857364,349716273,0,349712179,38615,106600,38857228,30926,70500,9,0,788871217,746434690,349718035,56323,155300,38857903,31753,71700,17708,466,359,0,0,388584545,1198679,1055000,2947600,388587979,304730,388592165,893270,14143,506,21811,26765,767,2954,36500,30600
1785997422.066009168,355063457,39451497,355063457,0,355059287,38610,106600,39451349,30923,70400,9,0,788874309,746434690,355065251,56316,155300,39451975,31750,71600,17705,465,359,0,0,394524714,1198356,1054800,2945100,394528994,304668,394532819,893009,14141,506,21808,26762,767,2954,36500,30600
1785997423.100915901,360372386,40041380,360372385,0,360368301,38610,106600,40041254,30923,70300,9,0,788877413,746434695,360374645,56316,155300,40041976,31749,71600,17705,465,359,0,0,400424762,1198291,1054800,2943800,400428452,304641,400434539,892974,14142,506,21807,26761,767,2954,36500,30600
1785997424.137429709,365750801,40638982,365750800,0,365746599,38603,106500,40638862,30917,70300,9,0,788880522,746434695,365752957,56305,155200,40639598,31744,71500,17702,465,359,0,0,406401484,1197919,1054500,2942000,406405547,304539,406409050,892699,14139,506,21803,26756,767,2954,36500,30600
1785997425.166975345,371124667,41236073,371124666,0,371120156,38597,106500,41235863,30914,70200,9,0,788883612,746434698,371125439,56297,155100,41236449,31740,71500,17699,465,359,0,0,412368772,1197606,1054400,2940300,412371936,304449,412374654,892479,14137,506,21800,26753,767,2953,36500,30600
1785997426.197009621,376290188,41810019,376290188,0,376285872,38609,106500,41809876,30922,70200,9,0,788886701,746434716,376291843,56314,155200,41810523,31748,71400,17704,465,359,0,0,418109876,1197856,1054400,2941400,418113839,304486,418118049,892694,14143,506,21805,26760,768,2954,36500,30600
1785997427.236433000,381611910,42401327,381611909,0,381607584,38612,106500,42401182,30924,70100,9,0,788889819,746434720,381614056,56318,155200,42401903,31751,71400,17705,465,359,0,0,424023836,1197838,1054300,2941200,424028902,304460,424031667,892697,14144,506,21807,26762,768,2954,36500,30600
1785997428.268093503,386938836,42993203,386938835,0,386934645,38609,106400,42993058,30923,70100,9,0,788892913,746434721,386940785,56313,155100,42993771,31749,71300,17704,465,359,0,0,429942092,1197610,1054200,2939700,429947400,304398,429951219,892539,14141,506,21807,26761,768,2954,36500,30600
1785997429.302549217,392295727,43588414,392295726,0,392291427,38607,106400,43588301,30922,70100,10,0,788896015,746434721,392297674,56309,155100,43588976,31748,71300,17702,465,359,0,0,435894868,1197411,1054100,2938000,435899024,304328,435903273,892405,14140,506,21806,26760,768,2953,36500,30600
1785997430.338500154,397572384,44174709,397572383,0,397568200,38610,106400,44174570,30923,70000,10,0,788899123,746434723,397574409,56314,155100,44175281,31749,71300,17704,466,359,0,0,441758418,1197433,1054100,2937100,441761596,304307,441765235,892448,14141,506,21807,26762,768,2953,36500,30600
1785997431.374634082,402916961,44768543,402916960,0,402913007,38607,106400,44768444,30921,70000,10,0,788902232,746434723,402919525,56310,155000,44769186,31747,71200,17703,466,359,0,0,447696774,1197274,1054100,2935400,447700841,304250,447705288,892346,14140,506,21806,26760,768,2953,36500,30600
1785997432.411782431,408024540,45336058,408024539,0,408020081,38624,106400,45335860,30933,70000,10,0,788905335,746434725,408025682,56336,155200,45336529,31760,71200,17711,466,359,0,0,453370465,1197808,1054400,2937000,453374517,304348,453378139,892784,14148,506,21813,26770,768,2955,36600,30600
1785997433.452410751,413364270,45929361,413364269,0,413360127,38626,106400,45929227,30934,70000,10,0,788908466,746434731,413366490,56339,155200,45929918,31761,71200,17712,466,359,0,0,459304078,1197798,1054500,2936700,459308744,304320,459311247,892799,14148,506,21815,26772,768,2954,36600,30600
1785997434.482178934,418678059,46519782,418678058,0,418673797,38625,106400,46519655,30933,69900,10,0,788911556,746434731,418680253,56336,155200,46520373,31760,71200,17711,466,359,0,0,465208865,1197667,1054400,2935200,465213512,304257,465217772,892730,14147,506,21815,26771,768,2954,36600,30600
1785997435.513892038,423991988,47110220,423991987,0,423987820,38624,106400,47110133,30933,69900,10,0,788914652,746434731,423994364,56335,155200,47110833,31759,71200,17711,466,359,0,0,471112753,1197543,1054400,2934000,471117198,304204,471121654,892661,14146,506,21815,26771,768,2953,36600,30600
1785997436.540351281,429274508,47697167,429274507,0,429270428,38623,106400,47697021,30932,69900,10,0,788917731,746434731,429276217,56333,155200,47697680,31758,71100,17710,466,359,0,0,476981538,1197402,1054400,2932800,476986836,304158,476989680,892566,14145,506,21815,26771,768,2953,36600,30600
1785997437.570855175,434537624,48281951,434537623,0,434533439,38625,106400,48281816,30933,69900,10,0,788920818,746434734,434539540,56336,155200,48282488,31760,71100,17711,466,359,0,0,482831421,1197356,1054400,2931600,482833924,304136,482837777,892541,14145,506,21817,26773,768,2953,36600,30600
1785997438.596996099,439643820,48849311,439643819,0,439640058,38639,106400,48849230,30942,69900,12,0,788923900,746434737,439646180,56357,155300,48849919,31769,71100,17717,466,359,0,0,488504675,1197730,1054500,2933100,488507819,304218,488512113,892833,14152,506,21824,26780,768,2954,36600,30600
1785997439.627468825,444975895,49441770,444975894,0,444971852,38635,106400,49441656,30940,69800,12,0,788926993,746434738,444978084,56351,155300,49442348,31767,71100,17716,466,359,0,0,494428724,1197499,1054300,2931400,494432735,304156,494436771,892665,14149,506,21822,26778,768,2954,36600,30600
1785997440.657249485,450271842,50030206,450271841,0,450267757,38633,106400,50030097,30938,69800,12,0,788930080,746434738,450273779,56349,155300,50030712,31765,71100,17715,466,359,0,0,500312391,1197397,1054300,2930100,500316166,304115,500319860,892602,14149,506,21821,26777,768,2953,36600,30600
1785997441.686959774,455557156,50617459,455557155,0,455552943,38631,106400,50617348,30937,69800,12,0,788933169,746434738,455559688,56347,155300,50618086,31764,71000,17715,466,359,0,0,506186632,1197309,1054300,2928800,506190974,304077,506194118,892553,14148,506,21820,26776,768,2953,36600,30600
1785997442.715822813,460880953,51208993,460880952,0,460876772,38629,106300,51208854,30935,69700,12,0,788936253,746434738,460882925,56343,155200,51209546,31762,71000,17714,466,359,0,0,512100770,1197144,1054200,2927400,512103899,304023,512108716,892444,14147,506,21819,26774,768,2953,36600,30600
1785997443.751302712,466105712,51789525,466105711,0,466101608,38634,106400,51789413,30939,69700,12,0,788939360,746434739,466112762,56351,155300,51790970,31765,71000,17717,466,359,0,0,517917241,1197244,1054100,2927400,517923407,304033,517927271,892530,14149,506,21822,26778,768,2953,36600,30600
1785997444.780882259,471307277,52367475,471307276,0,471303221,38642,106400,52367340,30944,69700,12,0,788942452,746434747,471309385,56363,155300,52368030,31771,71000,17720,467,359,0,0,523685629,1197404,1054200,2928000,523689449,304061,523692196,892663,14152,506,21825,26781,768,2954,36600,30600
1785997445.811815748,476621473,52957938,476621472,0,476617304,38640,106300,52957817,30943,69700,12,0,788945543,746434752,476623651,56360,155300,52958521,31770,70900,17720,467,359,0,0,529590805,1197222,1054000,2926600,529594808,304023,529598473,892521,14151,506,21824,26781,768,2953,36600,30600
1785997446.839966904,481943843,53549314,481943842,0,481939456,38637,106300,53549088,30940,69700,12,0,788948627,746434752,481944651,56355,155300,53549683,31767,70900,17718,467,359,0,0,535501191,1197044,1053900,2925200,535504101,303968,535508126,892398,14150,506,21823,26779,768,2953,36600,30600
1785997447.873196227,487273281,54141471,487273280,0,487269150,38634,106300,54141331,30938,69600,12,0,788951725,746434752,487275625,56351,155200,54142099,31765,70900,17717,467,358,0,0,541426239,1196868,1053800,2924100,541430940,303920,541435031,892269,14149,506,21821,26777,768,2953,36600,30600
1785997448.904615991,492591591,54732398,492591590,0,492587408,38631,106300,54732302,30936,69600,12,0,788954821,746434752,492593886,56348,155200,54733028,31763,70900,17716,467,358,0,0,547335609,1196760,1053700,2923100,547339240,303892,547343431,892189,14148,506,21820,26775,768,2952,36600,30600
1785997449.939383278,497791408,55310151,497791407,0,497787117,38638,106300,55309999,30940,69600,12,0,788957926,746434760,497793133,56359,155200,55310681,31767,70900,17720,467,358,0,0,553111071,1196917,1053600,2924000,553115692,303942,553119613,892299,14152,506,21822,26778,768,2953,36600,30600
1785997450.975298846,503086151,55898459,503086150,0,503081909,38639,106300,55898340,30940,69600,12,0,788961032,746434770,503088609,56361,155300,55899120,31767,70800,17721,467,358,0,0,558996434,1196926,1053500,2924100,558999535,303947,559004872,892299,14153,506,21822,26778,768,2953,36600,30600
1785997452.011562534,508478909,56497656,508478908,0,508474711,38633,106300,56497522,30935,69600,12,0,788964143,746434770,508481055,56351,155200,56498272,31762,70800,17718,467,358,0,0,564987459,1196677,1053200,2922800,564991927,303889,564995363,892110,14151,506,21818,26774,768,2952,36600,30600
1785997453.040117918,513844229,57093808,513844228,0,513840130,38627,106200,57093694,30931,69500,12,0,788967225,746434774,513846350,56343,155100,57094390,31758,70800,17716,467,359,0,0,570949699,1196379,1052900,2921400,570953285,303840,570957519,891859,14150,506,21814,26770,768,2952,36600,30600
1785997454.072160734,519163660,57684845,519163659,0,519159448,38625,106200,57684698,30928,69500,12,0,788970317,746434777,519165761,56340,155100,57685479,31755,70800,17715,467,359,0,0,576860022,1196282,1052800,2920400,576864932,303823,576868249,891781,14149,506,21813,26768,768,2952,36600,30600
1785997455.107691634,524554092,58283785,524554091,0,524549798,38620,106200,58283631,30924,69500,12,0,788973429,746434777,524555953,56332,155100,58284357,31751,70700,17712,467,359,0,0,582848856,1196089,1052600,2919400,582852936,303779,582857060,891631,14148,506,21809,26764,768,2952,36600,30600
1785997456.141267816,529706768,58856308,529706768,0,529702709,38630,106200,58856198,30932,69500,12,0,788976527,746434787,529708977,56348,155100,58856915,31759,70700,17718,467,359,0,0,588574661,1196334,1052700,2920400,588578405,303853,588582223,891801,14152,506,21815,26770,768,2953,36600,30600
1785997457.174208859,535022669,59446959,535022668,0,535018441,38628,106200,59446790,30930,69400,12,0,788979625,746434787,535024388,56346,155100,59447456,31757,70700,17717,467,359,0,0,594479653,1196177,1052600,2919400,594483561,303826,594487570,891671,14151,506,21814,26769,768,2953,36600,30600
1785997458.206078705,540354155,60039355,540354154,0,540349784,38626,106100,60039135,30928,69400,12,0,788982718,746434787,540355037,56342,155100,60039736,31756,70700,17716,467,359,0,0,600401722,1196007,1052500,2918200,600405117,303799,600408663,891528,14150,506,21813,26767,768,2952,36600,30600
1785997459.236795489,545694442,60632708,545694441,0,545690162,38622,106100,60632564,30926,69400,12,0,788985814,746434787,545696296,56337,155000,60633256,31753,70600,17714,467,359,0,0,606337873,1195836,1052400,2917000,606341305,303760,606345678,891397,14149,506,21811,26765,768,2952,36600,30600
1785997460.268460117,551036703,61226297,551036702,0,551032460,38619,106100,61226129,30924,69300,12,0,788988906,746434787,551038435,56333,155000,61226819,31751,70600,17713,467,358,0,0,612273354,1195684,1052400,2915800,612276631,303729,612280706,891277,14147,506,21810,26763,768,2952,36600,30600
1785997461.304482695,556348863,61816536,556348863,0,556344645,38620,106000,61816400,30924,69300,12,0,788992017,746434791,556350934,56333,154900,61817134,31751,70600,17713,467,358,0,0,618176792,1195605,1052400,2914600,618181050,303717,618184191,891207,14147,506,21810,26764,768,2952,36600,30600
1785997462.334765793,561480629,62386736,561480628,0,561476529,38628,106100,62386659,30930,69300,12,0,788995108,746434794,561483299,56347,155100,62387384,31757,70600,17718,467,358,0,0,623879239,1195841,1052500,2915900,623884868,303774,623886514,891388,14152,506,21814,26768,768,2953,36600,30600
1785997463.366109481,566862517,62984719,566862516,0,566858355,38622,106100,62984604,30924,69300,12,0,788998200,746434801,566864600,56338,155000,62985313,31751,70600,17715,467,358,0,0,629857687,1195636,1052300,2915900,629862863,303727,629864632,891228,14150,506,21809,26763,768,2953,36600,30600
1785997464.401091358,572198940,63577659,572198939,0,572194807,38620,106000,63577521,30922,69300,12,0,789001306,746434807,572200973,56335,155000,63578193,31749,70500,17714,467,358,0,0,635787474,1195587,1052400,2915200,635791782,303718,635794536,891188,14151,506,21807,26761,768,2952,36600,30600
1785997465.434480525,577559157,64173241,577559156,0,577554922,38615,106000,64173106,30918,69300,12,0,789004407,746434807,577560980,56328,155000,64173768,31745,70500,17713,467,358,0,0,641743232,1195396,1052200,2914400,641747566,303688,641751363,891027,14149,506,21804,26758,768,2952,36600,30600
1785997466.469484405,582952341,64772481,582952340,0,582948188,38610,106000,64772391,30915,69200,12,0,789007510,746434807,582954704,56321,154900,64773115,31741,70500,17710,467,358,0,0,647736069,1195155,1052100,2913500,647742008,303643,647744794,890831,14147,506,21800,26754,768,2952,36600,30600
1785997467.495219395,588207031,65356345,588207030,0,588202753,38610,106000,65356159,30914,69200,13,0,789010588,746434816,588208347,56321,154900,65356770,31741,70500,17711,467,358,0,0,653573003,1195155,1052100,2913400,653576479,303650,653578758,890827,14149,506,21799,26753,768,2952,36600,30600
1785997468.525500239,593357163,65928574,593357162,0,593353163,38617,106000,65928470,30918,69200,14,0,789013680,746434818,593359146,56332,155000,65929161,31745,70500,17715,467,358,0,0,659297384,1195410,1052300,2914300,659301602,303708,659304046,891020,14153,506,21802,26756,768,2953,36600,30600
1785997469.555352023,598711273,66523472,598711272,0,598707165,38613,106000,66523364,30915,69200,14,0,789016768,746434818,598713555,56326,154900,66524061,31742,70400,17713,467,358,0,0,665246381,1195192,1052100,2913300,665250891,303664,665253711,890847,14151,506,21800,26754,768,2953,36600,30600
1785997470.584302685,604048657,67116514,604048656,0,604044400,38609,106000,67116391,30912,69200,14,0,789019852,746434818,604050848,56321,154900,67117077,31739,70400,17711,467,358,0,0,671175654,1194990,1052000,2912300,671179947,303621,671182845,890689,14150,506,21798,26751,768,2953,36600,30600
1785997471.612945711,609405673,67711740,609405672,0,609401710,38605,105900,67711664,30909,69200,14,0,789022940,746434820,609408200,56315,154800,67712398,31736,70400,17709,467,359,0,0,677130199,1194732,1051700,2911400,677133735,303571,677135626,890480,14148,506,21795,26748,768,2952,36600,30600
1785997472.637276343,614752154,68305789,614752153,0,614748006,38600,105900,68305604,30906,69100,14,0,789026016,746434820,614753031,56308,154800,68306177,31733,70400,17707,467,359,0,0,683066595,1194518,1051600,2910400,683068838,303531,683071189,890307,14146,506,21792,26745,768,2952,36600,30600
1785997473.667480368,619965648,68885071,619965648,0,619961489,38604,105900,68884923,30908,69100,14,0,789029107,746434829,619967534,56314,154800,68885604,31735,70400,17709,467,359,0,0,688861548,1194586,1051500,2910700,688864878,303548,688868762,890359,14148,506,21794,26747,768,2952,36600,30600
1785997474.695767362,625129986,69458885,625129985,0,625125704,38609,105900,69458732,30912,69200,14,0,789032191,746434833,625131599,56323,154900,69459433,31739,70400,17713,467,359,0,0,694599006,1194761,1051600,2912000,694604594,303593,694607034,890488,14151,506,21796,26750,768,2953,36600,30600
1785997475.726711389,630500991,70055669,630500990,0,630496813,38604,105900,70055533,30907,69100,14,0,789035284,746434834,630503260,56315,154800,70056261,31735,70400,17710,467,359,0,0,700568182,1194526,1051500,2911100,700572591,303547,700575538,890299,14150,506,21793,26746,768,2953,36600,30600
1785997476.755901974,635883308,70653704,635883307,0,635879104,38598,105900,70653593,30902,69100,14,0,789038370,746434834,635885712,56306,154800,70654309,31729,70400,17708,467,359,0,0,706548048,1194297,1051300,2910100,706551938,303491,706557323,890126,14148,506,21789,26742,768,2952,36600,30600
1785997477.784435486,641254153,71250459,641254152,0,641249892,38593,105900,71250308,30898,69100,14,0,789041456,746434835,641255913,56298,154800,71250973,31725,70400,17705,467,359,0,0,712514808,1194051,1051300,2908900,712518793,303428,712521803,889943,14146,506,21785,26738,767,2952,36600,30600
1785997478.813945431,646628702,71847639,646628701,0,646624489,38587,105900,71847493,30894,69100,14,0,789044546,746434835,646630415,56291,154800,71848166,31721,70300,17703,467,359,0,0,718486744,1193837,1051200,2907800,718491576,303370,718494652,889786,14144,506,21782,26734,767,2951,36600,30600
1785997479.851050118,651902881,72433653,651902880,0,651898715,38589,105900,72433511,30894,69100,15,0,789047656,746434840,651905034,56294,154800,72434231,31721,70300,17704,467,359,0,0,724347136,1193852,1051200,2907800,724351151,303361,724355007,889812,14146,506,21782,26734,767,2952,36600,30600
1785997480.885336029,657123975,73013772,657123974,0,657119810,38593,105900,73013636,30897,69100,15,0,789050751,746434852,657125907,56301,154800,73014330,31724,70300,17707,467,359,0,0,730147319,1193910,1051200,2908100,730152536,303372,730156103,889858,14147,506,21784,26737,767,2952,36600,30600
1785997481.933105552,662515446,73612820,662515445,0,662511380,38591,105900,73612963,30896,69100,15,0,789053900,746434854,662532857,56297,154800,73615117,31723,70300,17706,467,359,0,0,736154964,1193767,1051100,2907000,736160869,303338,736178598,889750,14147,506,21784,26737,767,2952,36600,30600
1785997482.965799728,667890445,74210048,667890444,0,667886289,38589,105900,74209929,30894,69100,15,0,789056999,746434855,667892845,56294,154800,74210654,31721,70300,17705,467,359,0,0,742112210,1193635,1051000,2906100,742116243,303306,742119395,889648,14146,506,21782,26734,767,2951,36600,30600
1785997483.996998961,673234603,74803842,673234602,0,673230421,38587,105900,74803694,30893,69100,15,0,789060093,746434855,673236619,56291,154800,74804394,31720,70300,17704,467,359,0,0,748049798,1193507,1050900,2905200,748053107,303276,748056978,889550,14145,506,21781,26733,767,2951,36600,30600
1785997485.029437293,678454956,75383882,678454955,0,678450878,38591,105900,75383772,30895,69000,15,0,789063186,746434856,678457421,56297,154800,75384508,31722,70300,17706,467,359,0,0,753851142,1193558,1050900,2905500,753854080,303292,753859713,889585,14147,506,21783,26735,767,2951,36600,30600
1785997486.061303729,683586139,75954017,683586138,0,683581884,38599,105900,75953884,30901,69000,16,0,789066284,746434868,683587767,56310,154800,75954527,31728,70300,17710,467,359,0,0,759550690,1193765,1051000,2906300,759554960,303333,759558492,889751,14151,506,21786,26740,768,2952,36600,30600
1785997487.090490309,688838704,76537631,688838703,0,688834606,38601,105900,76537525,30902,69000,16,0,789069370,746434877,688840927,56312,154800,76538209,31730,70300,17711,467,359,0,0,765386608,1193742,1050900,2905900,765392554,303322,765395821,889739,14152,506,21787,26741,768,2952,36600,30600
1785997488.124858861,694179724,77131077,694179723,0,694175539,38599,105900,77130944,30901,69000,16,0,789072475,746434883,694181791,56310,154800,77131630,31728,70300,17710,467,359,0,0,771321148,1193639,1050800,2905200,771325395,303289,771328538,889668,14151,506,21786,26740,768,2952,36600,30600
1785997489.156337610,699501636,77722398,699501635,0,699497464,38598,105900,77722287,30899,69000,16,0,789075568,746434883,699503935,56308,154800,77722998,31727,70300,17709,467,359,0,0,777235746,1193554,1050700,2904500,777240142,303264,777243291,889608,14150,506,21785,26739,768,2952,36600,30600
1785997490.185470003,704824118,78313790,704824117,0,704820059,38596,105800,78313667,30898,69000,16,0,789078654,746434883,704826194,56305,154800,78314383,31725,70200,17708,467,359,0,0,783148807,1193439,1050700,2903600,783153196,303228,783156830,889531,14150,506,21784,26737,768,2952,36600,30600
1785997491.224998183,710174603,78908288,710174602,0,710170548,38594,105800,78908160,30897,69000,16,0,789081772,746434884,710176781,56303,154800,78908898,31724,70200,17708,467,359,0,0,789093954,1193388,1050600,2903100,789099199,303205,789102513,889503,14149,506,21784,26736,768,2952,36600,30600
1785997492.254808157,715265501,79473944,715265500,0,715261338,38604,105900,79473815,30904,69000,17,0,789084866,746434886,715267588,56318,154900,79474545,31731,70300,17713,467,359,0,0,794752242,1193704,1050800,2904500,794755576,303277,794758228,889745,14153,506,21789,26743,768,2952,36600,30600
1785997493.283797482,720586343,80065150,720586342,0,720581972,38603,105900,80064959,30903,69000,17,0,789087950,746434886,720587396,56315,154900,80065544,31730,70300,17712,467,359,0,0,800660326,1193568,1050600,2904000,800662829,303252,800666541,889635,14152,506,21788,26741,768,2952,36500,30600
1785997494.313467085,725905994,80656225,725905993,0,725901904,38601,105900,80656082,30902,69000,17,0,789091040,746434886,725907760,56313,154900,80656773,31729,70200,17711,467,358,0,0,806573259,1193461,1050600,2903500,806576798,303229,806581147,889551,14151,506,21788,26741,768,2952,36500,30600
1785997495.341346300,731175799,81241752,731175798,0,731171559,38602,105900,81241576,30902,69000,17,0,789094126,746434886,731177341,56313,154900,81242273,31729,70200,17711,467,358,0,0,812427518,1193457,1050500,2903500,812432499,303226,812435437,889551,14151,506,21788,26741,768,2952,36500,30600
1785997496.376563690,736514837,81834983,736514836,0,736510762,38600,105900,81834845,30901,69000,17,0,789097227,746434886,736516701,56311,154800,81835531,31728,70200,17710,467,358,0,0,818360406,1193380,1050500,2903300,818364925,303210,818367719,889489,14151,506,21788,26741,768,2951,36500,30600
1785997497.408010042,741799075,82422117,741799074,0,741794806,38601,105900,82422010,30902,69000,17,0,789100323,746434886,741802039,56312,154800,82422923,31729,70200,17711,467,358,0,0,824234159,1193357,1050400,2903400,824238106,303207,824242468,889470,14151,506,21789,26741,768,2951,36500,30600
1785997498.435766179,746866385,82985153,746866384,0,746862335,38610,105900,82985082,30908,69000,17,0,789103405,746434891,746868872,56326,154900,82985797,31736,70200,17715,467,358,0,0,829862873,1193637,1050600,2904700,829867414,303273,829870718,889684,14155,506,21793,26747,768,2952,36500,30600
1785997499.465802109,752150120,83572239,752150119,0,752146068,38611,105900,83572098,30909,69000,17,0,789106497,746434894,752152112,56327,154900,83572810,31736,70200,17716,467,358,0,0,835733432,1193625,1050600,2904400,835737104,303267,835741183,889676,14155,506,21794,26747,768,2952,36500,30600
1785997500.497983153,757437589,84159731,757437588,0,757433454,38611,105900,84159595,30909,69000,17,0,789109593,746434894,757439376,56328,154900,84160248,31736,70200,17716,467,358,0,0,841607454,1193600,1050600,2904300,841611039,303264,841615134,889654,14154,506,21794,26748,768,2952,36500,30600
1785997501.539332955,762745450,84749489,762745449,0,762750085,38611,105900,84750943,30908,69000,17,0,789112720,746434901,762761289,56328,154900,84751563,31736,70200,17716,467,358,0,0,847520362,1193587,1050600,2904200,847541511,303257,847544054,889652,14155,506,21795,26748,768,2951,36500,30600
1785997502.577449389,768067300,85340808,768067299,0,768080666,38610,105900,85342595,30908,69000,17,0,789115829,746434905,768086472,56327,154900,85343270,31735,70200,17716,467,358,0,0,853443375,1193579,1050600,2903900,853457770,303241,853461373,889655,14154,506,21794,26748,768,2951,36500,30600
1785997503.605602438,773303223,85922581,773303222,0,773299230,38613,105900,85922450,30910,69000,17,0,789118917,746434910,773305117,56332,154900,85923110,31737,70200,17718,468,358,0,0,859236982,1193679,1050600,2904200,859239728,303260,859244139,889737,14155,506,21795,26749,768,2951,36500,30600
1785997504.634257038,778447386,86494156,778447385,0,778443527,38619,105900,86494050,30914,69000,17,0,789122001,746434918,778449644,56340,155000,86494742,31741,70200,17721,468,358,0,0,864952462,1193856,1050700,2904800,864956727,303294,864959093,889880,14158,506,21798,26752,768,2952,36500,30600
1785997505.661560661,783678322,87075370,783678321,0,783674162,38621,105900,87075213,30915,69000,17,0,789125081,746434930,783680232,56343,155000,87075917,31742,70200,17722,468,358,0,0,870763938,1193892,1050800,2904700,870768492,303299,870771149,889912,14159,506,21799,26754,768,2952,36500,30600
1785997506.691026130,788963991,87662667,788963990,0,788959930,38620,105900,87662516,30915,69000,17,0,789128172,746434930,788965934,56343,154900,87663206,31742,70200,17722,468,358,0,0,876636883,1193869,1050800,2904000,876642354,303295,876645788,889893,14158,506,21799,26754,768,2952,36500,30600
1785997507.720619369,794245777,88249531,794245776,0,794241737,38620,105900,88249409,30915,68900,17,0,789131263,746434930,794247766,56343,154900,88250082,31742,70200,17722,468,358,0,0,882506222,1193878,1050900,2903300,882509739,303294,882513981,889901,14158,506,21799,26754,768,2952,36500,30600
1785997508.754102113,799545327,88838371,799545326,0,799541236,38620,105900,88838221,30915,68900,17,0,789134361,746434930,799547180,56343,154900,88838930,31742,70200,17722,468,358,0,0,888395611,1193894,1051100,2902700,888399392,303293,888402920,889919,14158,506,21799,26754,768,2951,36500,30600
1785997509.787729601,804715356,89412820,804715355,0,804711166,38625,105900,89412671,30919,68900,18,0,789137460,746434931,804717266,56350,154900,89413351,31746,70200,17724,468,358,0,0,894138363,1194016,1051200,2902900,894141778,303330,894145371,890004,14160,506,21802,26757,768,2952,36500,30600
1785997510.818626416,809929009,89992107,809929008,0,809925043,38629,105900,89992008,30921,68900,18,0,789140556,746434933,809931315,56356,155000,89992700,31748,70200,17726,468,358,0,0,899932336,1194120,1051200,2903400,899936377,303360,899940126,890078,14162,506,21803,26759,768,2952,36600,30600
1785997511.850696071,815231714,90581306,815231713,0,815227616,38629,105900,90581172,30921,68900,18,0,789143651,746434933,815233492,56355,154900,90581851,31748,70200,17726,468,357,0,0,905822960,1194090,1051200,2902900,905827526,303353,905831332,890056,14162,506,21803,26759,768,2952,36600,30600
1785997512.882676297,820538073,91170894,820538073,0,820534096,38628,105900,91170795,30920,68900,18,0,789146747,746434933,820540115,56355,154900,91171467,31748,70100,17726,468,357,0,0,911720538,1194081,1051300,2902400,911723624,303343,911726788,890056,14161,506,21803,26759,768,2952,36600,30600
1785997513.911339668,825824231,91758243,825824230,0,825820004,38628,105900,91758060,30920,68900,18,0,789149831,746434933,825825855,56354,154900,91758744,31747,70100,17726,468,357,0,0,917593451,1194050,1051300,2901900,917597388,303334,917599781,890034,14161,507,21803,26759,768,2952,36600,30600
1785997514.941737815,831124234,92347141,831124233,0,831120036,38627,105800,92346982,30920,68900,18,0,789152924,746434933,831126115,56353,154900,92347699,31747,70100,17725,468,357,0,0,923482135,1193994,1051200,2901500,923487441,303318,923490945,889993,14161,507,21803,26759,768,2951,36600,30600
1785997515.976681185,836197661,92910853,836197660,0,836193610,38636,105900,92910712,30925,68900,19,0,789156029,746434948,836199508,56367,155000,92911373,31753,70100,17730,468,357,0,0,929118909,1194308,1051400,2902600,929123463,303385,929126599,890241,14164,507,21807,26764,768,2952,36600,30600
1785997517.009131530,841431531,93492391,841431530,0,841427267,38639,105900,93492227,30927,68900,19,0,789159123,746434949,841433195,56371,155000,93492900,31755,70100,17731,468,357,0,0,934934174,1194400,1051500,2902500,934937685,303396,934941255,890323,14166,507,21808,26765,768,2952,36600,30600
1785997518.042313160,846719499,94079940,846719498,0,846715175,38639,105900,94079735,30928,68900,19,0,789162223,746434949,846720228,56372,155000,94080319,31755,70100,17732,468,357,0,0,940807609,1194398,1051600,2901800,940811626,303391,940813525,890324,14166,507,21809,26766,768,2952,36600,30600
1785997519.075682408,852001063,94666777,852001062,0,851996863,38640,105900,94666658,30928,68800,19,0,789165322,746434949,852002906,56372,155000,94667314,31755,70100,17732,468,357,0,0,946677882,1194393,1051700,2901200,946682514,303381,946686508,890330,14166,507,21809,26766,768,2952,36600,30600
1785997520.104514045,857265208,95251689,857265207,0,857261076,38641,105800,95251570,30928,68800,19,0,789168411,746434949,857267444,56373,155000,95252275,31756,70100,17732,469,357,0,0,952528130,1194395,1051800,2900500,952531980,303376,952536391,890337,14166,507,21810,26767,768,2952,36600,30600
1785997521.134290730,862529107,95836565,862529106,0,862525048,38641,105800,95836433,30929,68800,19,0,789171498,746434949,862530794,56374,155000,95837074,31756,70100,17732,469,357,0,0,958375550,1194397,1051800,2899900,958379881,303370,958383276,890345,14166,507,21811,26768,768,2952,36600,30600
1785997522.164098496,867616724,96401854,867616723,0,867612717,38649,105900,96401743,30933,68800,19,0,789174589,746434954,867618980,56386,155100,96402456,31761,70100,17736,469,357,0,0,964030958,1194655,1052000,2901000,964034713,303420,964038123,890552,14169,507,21814,26772,768,2952,36600,30600
1785997523.201965112,872969853,96996654,872969852,0,872965808,38647,105900,96996536,30932,68800,19,0,789177698,746434954,872972081,56383,155100,96997231,31759,70100,17736,469,357,0,0,969977430,1194610,1052000,2900600,969981976,303401,969985687,890527,14169,507,21813,26770,768,2952,36600,30600
1785997524.233991508,878313522,97590387,878313521,0,878309631,38645,105800,97590303,30930,68800,19,0,789180798,746434954,878316053,56380,155000,97591047,31757,70000,17735,469,357,0,0,975916029,1194521,1051900,2900100,975919064,303372,975924028,890466,14168,507,21812,26769,768,2952,36600,30600
1785997525.268711330,883658724,98184300,883658723,0,883654601,38643,105800,98184153,30928,68800,19,0,789183903,746434954,883660729,56377,155000,98184850,31755,70000,17734,469,357,0,0,981853857,1194464,1051900,2899700,981859172,303345,981861510,890436,14167,507,21810,26767,768,2951,36600,30600
1785997526.301803330,888934520,98770499,888934519,0,888930439,38643,105800,98770397,30928,68800,19,0,789187002,746434960,888936883,56378,155100,98771107,31755,70000,17734,469,357,0,0,987716562,1194479,1051900,2899800,987720981,303339,987724160,890457,14168,507,21810,26767,768,2951,36600,30600
1785997527.340638164,894259614,99362177,894259613,0,894255396,38643,105800,99362000,30927,68800,19,0,789190119,746434961,894261316,56377,155100,99362715,31755,70000,17734,469,357,0,0,993633215,1194455,1051900,2899900,993636666,303326,993639079,890447,14168,507,21810,26767,768,2951,36600,30600
1785997528.372381646,899386375,99931820,899386374,0,899382337,38649,105900,99931691,30932,68800,19,0,789193213,746434970,899388431,56386,155100,99932398,31759,70000,17737,469,357,0,0,999329484,1194621,1051900,2900700,999333336,303367,999336053,890571,14171,507,21812,26770,768,2952,36600,30600
1785997529.401362567,904689425,100521041,904689424,0,904685244,38647,105800,100520892,30931,68800,19,0,789196298,746434970,904691267,56385,155100,100521574,31758,70000,17737,469,357,0,0,1005221560,1194548,1051900,2900100,1005224345,303347,1005227409,890518,14171,507,21811,26769,768,2952,36600,30600
1785997530.428989077,909987258,101109698,909987257,0,909983021,38646,105800,101109571,30930,68700,19,0,789199383,746434970,909989080,56383,155100,101110244,31757,70000,17736,469,357,0,0,1011108328,1194501,1051900,2899500,1011112258,303332,1011114994,890487,14170,507,21810,26768,768,2952,36600,30600
1785997531.455984214,915286035,101698455,915286034,0,915282035,38645,105800,101698327,30929,68700,19,0,789202463,746434971,915287946,56381,155100,101698969,31756,70000,17736,469,357,0,0,1016996035,1194428,1051900,2898900,1017000056,303310,1017001500,890435,14170,507,21809,26767,768,2952,36600,30600
1785997532.488757297,920610997,102290102,920610996,0,920606944,38643,105800,102289969,30927,68700,19,0,789205563,746434971,920612990,56379,155000,102290682,31755,70000,17735,469,357,0,0,1022912298,1194335,1051800,2898300,1022916013,303288,1022920692,890365,14169,507,21808,26766,768,2952,36600,30600
1785997533.518954391,922655704,102517292,922655703,0,922650335,38643,105800,102516653,30927,68700,19,0,789208649,746436828,922650126,56379,155000,102516653,31755,70000,17735,469,357,0,0,1025173261,1194325,1051800,2898200,1025173261,303285,1025172911,890357,14169,507,21808,26766,768,2951,36600,30600
1785997534.550897307,922655704,102517292,922655703,0,922650335,38643,105800,102516653,30927,68700,19,0,789211743,746439843,922650126,56379,155000,102516653,31755,70000,17735,469,357,0,0,1025173265,1194325,1051800,2898200,1025173265,303285,1025172911,890357,14169,507,21808,26766,768,2951,36600,30600
1785997535.583817768,922655704,102517292,922655703,0,922650335,38643,105800,102516653,30927,68700,19,0,789214844,746442936,922650126,56379,155000,102516653,31755,70000,17735,469,357,0,0,1025173268,1194325,1051800,2898200,1025173268,303286,1025172911,890357,14169,507,21808,26766,768,2951,36600,30600
1785997536.616021456,922655704,102517292,922655703,0,922650335,38643,105800,102516653,30927,68700,19,0,789217936,746446002,922650126,56379,155000,102516653,31755,70000,17735,469,357,0,0,1025173270,1194325,1051800,2898200,1025173270,303286,1025172911,890357,14169,507,21808,26766,768,2951,36600,30600
1785997537.648476330,922655704,102517292,922655703,0,922650335,38643,105800,102516653,30927,68700,19,0,789221034,746449094,922650126,56379,155000,102516653,31755,70000,17735,469,357,0,0,1025173272,1194325,1051800,2898200,1025173272,303286,1025172911,890357,14169,507,21808,26766,768,2951,36600,30600
1785997538.681990622,922655704,102517292,922655703,0,922650335,38643,105800,102516653,30927,68700,19,0,789224133,746452187,922650126,56379,155000,102516653,31755,70000,17735,469,357,0,0,1025173274,1194325,1051800,2898200,1025173274,303286,1025172911,890357,14169,507,21808,26766,768,2951,36600,30600
1785997539.711797343,922655704,102517292,922655703,0,922650335,38643,105800,102516653,30927,68700,19,0,789227220,746455168,922650126,56379,155000,102516653,31755,70000,17735,469,357,0,0,1025173276,1194325,1051800,2898200,1025173276,303286,1025172911,890357,14169,507,21808,26766,768,2951,36600,30600
1785997540.741097877,922655704,102517292,922655703,0,922650335,38643,105800,102516653,30927,68700,19,0,789230307,746458217,922650126,56379,155000,102516653,31755,70000,17735,469,357,0,0,1025173278,1194325,1051800,2898200,1025173278,303286,1025172911,890357,14169,507,21808,26766,768,2951,36600,30600
1785997541.774197863,922655704,102517292,922655703,0,922650335,38643,105800,102516653,30927,68700,19,0,789233405,746461309,922650126,56379,155000,102516653,31755,70000,17735,469,357,0,0,1025173280,1194325,1051800,2898200,1025173280,303286,1025172911,890357,14169,507,21808,26766,768,2951,36600,30600
1785997542.807452659,922655704,102517292,922655703,0,922650335,38643,105800,102516653,30927,68700,19,0,789236506,746464404,922650126,56379,155000,102516653,31755,70000,17735,469,357,0,0,1025173282,1194325,1051800,2898200,1025173282,303286,1025172911,890357,14169,507,21808,26766,768,2951,36600,30600
1785997543.838265004,922655704,102517292,922655703,0,922650335,38643,105800,102516653,30927,68700,19,0,789239597,746467488,922650126,56379,155000,102516653,31755,70000,17735,469,357,0,0,1025173284,1194325,1051800,2898200,1025173284,303286,1025172911,890357,14169,507,21808,26766,768,2951,36600,30600
1785997544.870940449,922655704,102517292,922655703,0,922650335,38643,105800,102516653,30927,68700,19,0,789242694,746470577,922650126,56379,155000,102516653,31755,70000,17735,469,357,0,0,1025173286,1194325,1051800,2898200,1025173286,303286,1025172911,890357,14169,507,21808,26766,768,2951,36600,30600
1785997545.903153321,922655704,102517292,922655703,0,922650335,38643,105800,102516653,30927,68700,19,0,789245789,746473501,922650126,56379,155000,102516653,31755,70000,17735,469,357,0,0,1025173288,1194325,1051800,2898200,1025173288,303286,1025172911,890357,14169,507,21808,26766,768,2951,36600,30600
1785997546.937965143,922655704,102517292,922655703,0,922650335,38643,105800,102516653,30927,68700,19,0,789248892,746476539,922650126,56379,155000,102516653,31755,70000,17735,469,357,0,0,1025173290,1194325,1051800,2898200,1025173290,303286,1025172911,890357,14169,507,21808,26766,768,2951,36600,30600
1785997547.972462223,922655704,102517292,922655703,0,922650335,38643,105800,102516653,30927,68700,19,0,789251994,746479635,922650126,56379,155000,102516653,31755,70000,17735,469,357,0,0,1025173292,1194325,1051800,2898200,1025173292,303286,1025172911,890357,14169,507,21808,26766,768,2951,36600,30600
1785997549.006028568,922655704,102517292,922655703,0,922650335,38643,105800,102516653,30927,68700,19,0,789255096,746482730,922650126,56379,155000,102516653,31755,70000,17735,469,357,0,0,1025173294,1194325,1051800,2898200,1025173294,303286,1025172911,890357,14169,507,21808,26766,768,2951,36600,30600
1785997550.037546678,922655704,102517292,922655703,0,922650335,38643,105800,102516653,30927,68700,19,0,789258191,746485819,922650126,56379,155000,102516653,31755,70000,17735,469,357,0,0,1025173296,1194325,1051800,2898200,1025173296,303286,1025172911,890357,14169,507,21808,26766,768,2951,36600,30600
1785997551.069388786,922655704,102517292,922655703,0,922650335,38643,105800,102516653,30927,68700,19,0,789261284,746488907,922650126,56379,155000,102516653,31755,70000,17735,469,357,0,0,1025173298,1194325,1051800,2898200,1025173298,303286,1025172911,890357,14169,507,21808,26766,768,2951,36600,30600
1785997552.097983047,922655704,102517292,922655703,0,922650335,38643,105800,102516653,30927,68700,19,0,789264368,746491854,922650126,56379,155000,102516653,31755,70000,17735,469,357,0,0,1025173300,1194325,1051800,2898200,1025173300,303286,1025172911,890357,14169,507,21808,26766,768,2951,36600,30600
1785997553.129996445,922655704,102517292,922655703,0,922650335,38643,105800,102516653,30927,68700,19,0,789267463,746494944,922650126,56379,155000,102516653,31755,70000,17735,469,357,0,0,1025173302,1194325,1051800,2898200,1025173302,303286,1025172911,890357,14169,507,21808,26766,768,2951,36600,30600
1785997554.162871039,922655704,102517292,922655703,0,922650335,38643,105800,102516653,30927,68700,19,0,789270561,746498036,922650126,56379,155000,102516653,31755,70000,17735,469,357,0,0,1025173304,1194325,1051800,2898200,1025173304,303286,1025172911,890357,14169,507,21808,26766,768,2951,36600,30600
1785997555.195157016,922655704,102517292,922655703,0,922650335,38643,105800,102516653,30927,68700,19,0,789273658,746501128,922650126,56379,155000,102516653,31755,70000,17735,469,357,0,0,1025173307,1194325,1051800,2898200,1025173307,303286,1025172911,890357,14169,507,21808,26766,768,2951,36600,30600
1785997556.231623036,922655704,102517292,922655703,0,922650335,38643,105800,102516653,30927,68700,19,0,789276762,746504226,922650126,56379,155000,102516653,31755,70000,17735,469,357,0,0,1025173311,1194325,1051800,2898200,1025173311,303286,1025172911,890357,14169,507,21808,26766,768,2951,36600,30600
1785997557.280724146,922655704,103334806,922655703,0,922650335,38643,105800,103337249,30804,68700,19,0,789279915,746506560,922650126,56379,155000,103342022,31630,69900,17735,470,355,0,0,1025990229,1196613,1052400,2911800,1025992987,303682,1025994543,892257,14169,507,21808,26631,770,2962,36600,30400
1785997558.358007825,0,3638933,0,0,0,0,0,3637976,14024,40400,0,0,789283145,746506570,0,0,0,3642042,14727,41400,0,602,100,0,0,3644200,3727183,3276700,18446744073709551616,3645698,723851,3648177,3001740,0,0,0,8824,823,3917,0,12200
1785997559.398410102,0,7383186,0,0,0,0,0,7382151,13945,39900,0,0,789286261,746506571,0,0,0,7386165,14640,40900,0,595,100,0,0,7388607,3692258,3276700,18446744073709551616,7390421,718919,7391454,2972297,0,0,0,8740,822,3900,0,12300
1785997560.446877376,0,11137509,0,0,0,0,0,11136595,13920,39700,0,0,789289399,746506572,0,0,0,11140735,14613,40700,0,593,99,0,0,11142596,3683530,3276700,18446744073709551616,11144504,717543,11148337,2964939,0,0,0,8713,821,3895,0,12300
1785997561.494834238,0,14897150,0,0,0,0,0,14895730,13905,39700,0,0,789292543,746506573,0,0,0,14899872,14596,40600,0,591,99,0,0,14901870,3676072,3276700,18446744073709551616,14904732,716628,14906744,2958351,0,0,0,8696,821,3893,0,12400
1785997562.540307480,0,18659263,0,0,0,0,0,18658282,13895,39600,0,0,789295680,746506574,0,0,0,18662799,14584,40500,0,589,99,0,0,18663078,3672933,3276700,18446744073709551616,18665818,716096,18670445,2955770,0,0,0,8686,821,3892,0,12400
1785997563.586685319,0,22328155,0,0,0,0,0,22327404,13934,39700,0,0,789298821,746506589,0,0,0,22331466,14627,40600,0,593,99,0,0,22332891,3687401,3276700,18446744073709551616,22335798,718247,22338122,2968136,0,0,0,8714,822,3897,0,12300
1785997564.627716660,0,26031622,0,0,0,0,0,26030688,13938,39700,0,0,789301939,746506592,0,0,0,26034906,14631,40600,0,593,99,0,0,26037819,3688385,3276700,18446744073709551616,26040155,718439,26042426,2968921,0,0,0,8717,822,3898,0,12300
1785997565.674356685,0,29778896,0,0,0,0,0,29778147,13929,39700,0,0,789305069,746506593,0,0,0,29782136,14621,40600,0,592,99,0,0,29783278,3684832,3276700,18446744073709551616,29786025,717919,29788246,2965882,0,0,0,8709,821,3896,0,12300
1785997566.712921778,0,33522538,0,0,0,0,0,33521252,13920,39700,0,0,789308189,746506596,0,0,0,33524833,14611,40600,0,591,99,0,0,33528932,3681432,3276700,18446744073709551616,33530211,717436,33532431,2962892,0,0,0,8702,821,3895,0,12400
1785997567.754691439,0,37242115,0,0,0,0,0,37240999,13919,39600,0,0,789311309,746506602,0,0,0,37245046,14610,40500,0,590,99,0,0,37247909,3680693,3276700,18446744073709551616,37250112,717399,37253280,2962251,0,0,0,8701,821,3894,0,12400
1785997568.798875336,0,40997451,0,0,0,0,0,40996593,13912,39600,0,0,789314439,746506603,0,0,0,41000874,14602,40500,0,589,99,0,0,41000683,3677985,3276700,18446744073709551616,41004887,716969,41007817,2959965,0,0,0,8695,821,3894,0,12400
1785997569.846074094,0,44638197,0,0,0,0,0,44637222,13939,39600,0,0,789317578,746506625,0,0,0,44641505,14630,40500,0,591,99,0,0,44643077,3686545,3276700,18446744073709551616,44645273,718413,44649007,2967074,0,0,0,8715,821,3898,0,12300
1785997570.894224589,0,48411937,0,0,0,0,0,48411012,13930,39600,0,0,789320721,746506626,0,0,0,48415270,14620,40500,0,590,99,0,0,48417797,3684029,3276700,18446744073709551616,48421414,717967,48421563,2964979,0,0,0,8708,821,3897,0,12300
1785997571.938877130,0,52165613,0,0,0,0,0,52164618,13923,39600,0,0,789323854,746506627,0,0,0,52168752,14614,40500,0,590,99,0,0,52170784,3682037,3276700,18446744073709551616,52173125,717623,52177028,2963342,0,0,0,8703,821,3896,0,12300
1785997572.985917396,0,55930870,0,0,0,0,0,55929858,13918,39600,0,0,789326992,746506628,0,0,0,55933848,14608,40500,0,589,99,0,0,55935718,3680132,3276700,18446744073709551616,55937836,717309,55940371,2961769,0,0,0,8698,821,3895,0,12300
1785997574.030438880,0,59680903,0,0,0,0,0,59680066,13913,39500,0,0,789330122,746506629,0,0,0,59684167,14602,40400,0,589,99,0,0,59685515,3678559,3276700,18446744073709551616,59689064,717010,59691340,2960494,0,0,0,8694,821,3895,0,12300
1785997575.076580768,0,63407476,0,0,0,0,0,63406392,13916,39600,0,0,789333261,746506633,0,0,0,63410391,14605,40500,0,589,99,0,0,63410126,3679468,3276700,18446744073709551616,63415608,717149,63417732,2961345,0,0,0,8696,821,3895,0,12300
1785997576.117648078,0,67076112,0,0,0,0,0,67074753,13925,39600,0,0,789336381,746506635,0,0,0,67078454,14616,40500,0,590,99,0,0,67078928,3682618,3276700,18446744073709551616,67080130,717607,67081979,2963982,0,0,0,8702,821,3898,0,12300
1785997577.165626218,0,70823996,0,0,0,0,0,70822968,13922,39600,0,0,789339523,746506638,0,0,0,70827012,14612,40500,0,590,99,0,0,70828105,3681439,3276700,18446744073709551616,70830875,717417,70832291,2962983,0,0,0,8700,821,3898,0,12300
1785997578.212110168,0,74568495,0,0,0,0,0,74567804,13922,39600,0,0,789342659,746506639,0,0,0,74572105,14612,40500,0,590,99,0,0,74574661,3681645,3276700,18446744073709551616,74576834,717415,74577386,2963189,0,0,0,8700,821,3897,0,12300
1785997579.260448772,0,78332377,0,0,0,0,0,78331571,13918,39600,0,0,789345800,746506640,0,0,0,78335693,14609,40500,0,590,99,0,0,78336941,3680917,3276700,18446744073709551616,78340116,717271,78343147,2962631,0,0,0,8698,821,3896,0,12300
1785997580.304899956,0,82087743,0,0,0,0,0,82087008,13915,39500,0,0,789348932,746506647,0,0,0,82091626,14605,40400,0,589,99,0,0,82092723,3679481,3276700,18446744073709551616,82097593,717054,82099780,2961381,0,0,0,8695,820,3895,0,12300
1785997581.351632036,0,85764912,0,0,0,0,0,85763790,13923,39600,0,0,789352071,746506671,0,0,0,85767900,14613,40500,0,590,99,0,0,85768986,3682465,3276700,18446744073709551616,85772815,717547,85774254,2963879,0,0,0,8701,821,3897,0,12300
1785997582.397798231,0,89494648,0,0,0,0,0,89493539,13924,39500,0,0,789355207,746506682,0,0,0,89497546,14614,40400,0,589,99,0,0,89499466,3682746,3276700,18446744073709551616,89501180,717625,89502452,2964078,0,0,0,8702,821,3896,0,12300
1785997583.442508092,0,93246446,0,0,0,0,0,93245546,13921,39500,0,0,789358337,746506683,0,0,0,93249669,14610,40400,0,589,99,0,0,93250527,3681607,3276700,18446744073709551616,93251439,717450,93257231,2963125,0,0,0,8699,821,3896,0,12300
1785997584.490152030,0,97005103,0,0,0,0,0,97004182,13919,39500,0,0,789361478,746506687,0,0,0,97008200,14608,40400,0,588,99,0,0,97009821,3680810,3276700,18446744073709551616,97012856,717314,97013702,2962450,0,0,0,8698,821,3896,0,12300
1785997585.540955749,0,100760981,0,0,0,0,0,100759989,13917,39500,0,0,789364619,746506691,0,0,0,100764385,14606,40400,0,588,99,0,0,100766309,3680207,3276700,18446744073709551616,100767511,717192,100770252,2961977,0,0,0,8696,821,3895,0,12300
1785997586.587849081,0,104510529,0,0,0,0,0,104509775,13915,39500,0,0,789367767,746506694,0,0,0,104514136,14604,40400,0,588,99,0,0,104515559,3679779,3276700,18446744073709551616,104518189,717099,104522045,2961661,0,0,0,8696,821,3894,0,12300
1785997587.627605073,0,108113848,0,0,0,0,0,108113034,13928,39600,0,0,789370884,746506712,0,0,0,108117083,14617,40500,0,589,99,0,0,108118883,3684299,3276700,18446744073709551616,108123110,717818,108123731,2965441,0,0,0,8705,821,3897,0,12300
1785997588.673455328,0,111855496,0,0,0,0,0,111855118,13926,39600,0,0,789374017,746506713,0,0,0,111859416,14616,40500,0,589,99,0,0,111860878,3684006,3276700,18446744073709551616,111862030,717740,111864208,2965226,0,0,0,8704,821,3896,0,12300
1785997589.719937290,0,115603627,0,0,0,0,0,115602877,13924,39600,0,0,789377156,746506717,0,0,0,115607459,14614,40500,0,589,99,0,0,115608863,3683337,3276700,18446744073709551616,115611658,717609,115613215,2964690,0,0,0,8702,821,3896,0,12300
1785997590.764780893,0,119354799,0,0,0,0,0,119353837,13923,39600,0,0,789380285,746506718,0,0,0,119357987,14612,40500,0,589,99,0,0,119360273,3683055,3276700,18446744073709551616,119362175,717518,119363568,2964490,0,0,0,8701,821,3895,0,12300
1785997591.817903094,0,123115770,0,0,0,0,0,123114958,13921,39500,0,0,789383437,746506719,0,0,0,123119273,14610,40400,0,589,99,0,0,123120837,3682316,3276700,18446744073709551616,123123131,717390,123126759,2963880,0,0,0,8700,821,3895,0,12300
1785997592.868395665,0,126868065,0,0,0,0,0,126867077,13923,39600,0,0,789386593,746506723,0,0,0,126871264,14612,40500,0,589,99,0,0,126873711,3683007,3276700,18446744073709551616,126875803,717475,126876872,2964477,0,0,0,8701,821,3896,0,12300
1785997593.914038779,0,130550050,0,0,0,0,0,130549116,13927,39600,0,0,789389728,746506738,0,0,0,130553255,14617,40500,0,589,99,0,0,130554908,3684412,3276700,18446744073709551616,130557338,717683,130559042,2965689,0,0,0,8704,821,3896,0,12300
1785997594.960971628,0,134307083,0,0,0,0,0,134306160,13925,39600,0,0,789392867,746506739,0,0,0,134310495,14615,40500,0,589,99,0,0,134312661,3683914,3276700,18446744073709551616,134314845,717583,134316419,2965284,0,0,0,8703,821,3896,0,12300
1785997595.999635106,0,138041000,0,0,0,0,0,138039608,13923,39600,0,0,789395983,746506741,0,0,0,138043251,14613,40500,0,589,99,0,0,138043468,3683158,3276700,18446744073709551616,138045564,717458,138047734,2964662,0,0,0,8701,821,3895,0,12300
1785997597.043129135,0,141789925,0,0,0,0,0,141789096,13922,39600,0,0,789399108,746506742,0,0,0,141793390,14610,40500,0,588,99,0,0,141796741,3682372,3276700,18446744073709551616,141796942,717324,141799619,2964006,0,0,0,8700,821,3895,0,12300
1785997598.087363945,0,145521669,0,0,0,0,0,145520702,13921,39600,0,0,789402238,746506748,0,0,0,145524883,14610,40500,0,588,99,0,0,145526580,3682266,3276700,18446744073709551616,145529104,717315,145530852,2963897,0,0,0,8700,821,3895,0,12300
1785997599.132449449,0,149180688,0,0,0,0,0,149179635,13927,39600,0,0,789405374,746506764,0,0,0,149183761,14616,40500,0,589,99,0,0,149185761,3684025,3276700,18446744073709551616,149186932,717633,149189575,2965354,0,0,0,8704,821,3895,0,12300
1785997600.182919569,0,152919077,0,0,0,0,0,152918309,13927,39600,0,0,789408520,746506770,0,0,0,152922445,14616,40500,0,589,99,0,0,152922547,3684208,3276700,18446744073709551616,152926508,717660,152928872,2965507,0,0,0,8705,821,3895,0,12300
1785997601.239027974,0,156682152,0,0,0,0,0,156681182,13926,39600,0,0,789411684,746506773,0,0,0,156685195,14615,40500,0,589,99,0,0,156685414,3684078,3276700,18446744073709551616,156687527,717613,156690270,2965426,0,0,0,8704,821,3895,0,12300
1785997602.282324748,0,160424434,0,0,0,0,0,160423488,13925,39600,0,0,789414814,746506775,0,0,0,160427558,14615,40500,0,589,99,0,0,160428969,3683958,3276700,18446744073709551616,160429971,717577,160431893,2965331,0,0,0,8704,821,3895,0,12300
1785997603.324710055,0,164158143,0,0,0,0,0,164157117,13924,39600,0,0,789417943,746506777,0,0,0,164161290,14614,40500,0,589,99,0,0,164163616,3683560,3276700,18446744073709551616,164166309,717504,164167500,2965003,0,0,0,8703,821,3894,0,12300
1785997604.368009524,0,167886295,0,0,0,0,0,167885405,13924,39600,0,0,789421067,746506779,0,0,0,167889474,14613,40500,0,589,99,0,0,167889224,3683472,3276700,18446744073709551616,167893763,717467,167895045,2964968,0,0,0,8703,821,3894,0,12300
1785997605.414516072,0,171496902,0,0,0,0,0,171495949,13931,39600,0,0,789424207,746506811,0,0,0,171500199,14621,40500,0,590,99,0,0,171501849,3686314,3276700,18446744073709551616,171505288,717931,171507129,2967331,0,0,0,8709,821,3895,0,12300
1785997606.456553565,0,175248332,0,0,0,0,0,175247401,13929,39600,0,0,789427328,746506811,0,0,0,175251404,14619,40500,0,589,99,0,0,175253197,3685393,3276700,18446744073709551616,175255009,717807,175258935,2966547,0,0,0,8707,821,3895,0,12300
1785997607.499751671,0,178999905,0,0,0,0,0,178998855,13927,39600,0,0,789430454,746506813,0,0,0,179002851,14616,40500,0,589,99,0,0,179005004,3684568,3276700,18446744073709551616,179006766,717693,179008657,2965828,0,0,0,8706,821,3895,0,12300
1785997608.545680979,0,182717802,0,0,0,0,0,182716973,13928,39600,0,0,789433594,746506815,0,0,0,182721148,14618,40500,0,589,99,0,0,182722269,3684936,3276700,18446744073709551616,182725279,717799,182727944,2966095,0,0,0,8706,821,3895,0,12300
1785997609.594621763,0,186474767,0,0,0,0,0,186473841,13927,39600,0,0,789436737,746506817,0,0,0,186478036,14617,40500,0,589,99,0,0,186480837,3684527,3276700,18446744073709551616,186482756,717728,186484676,2965750,0,0,0,8706,821,3895,0,12300
1785997610.645321719,0,190197422,0,0,0,0,0,190196334,13929,39600,0,0,789439886,746506830,0,0,0,190200254,14618,40500,0,589,99,0,0,190202417,3685132,3276700,18446744073709551616,190205081,717806,190206814,2966281,0,0,0,8707,821,3895,0,12300
1785997611.692136458,0,193888746,0,0,0,0,0,193887835,13931,39600,0,0,789443023,746506845,0,0,0,193892073,14621,40500,0,589,99,0,0,193894574,3685797,3276700,18446744073709551616,193896873,717930,193898863,2966821,0,0,0,8709,821,3895,0,12300
1785997612.736859306,0,197651795,0,0,0,0,0,197650827,13930,39500,0,0,789446155,746506854,0,0,0,197654432,14619,40400,0,589,99,0,0,197655943,3685184,3276700,18446744073709551616,197657515,717843,197660422,2966300,0,0,0,8707,821,3895,0,12300
1785997613.784111244,0,201420492,0,0,0,0,0,201419388,13928,39500,0,0,789449294,746506855,0,0,0,201423721,14617,40400,0,588,99,0,0,201424466,3684424,3276700,18446744073709551616,201426494,717736,201430417,2965644,0,0,0,8706,821,3895,0,12300
1785997614.831081085,0,205184575,0,0,0,0,0,205183613,13927,39500,0,0,789452432,746506856,0,0,0,205187721,14615,40400,0,588,99,0,0,205189460,3683884,3276700,18446744073709551616,205191528,717653,205194376,2965186,0,0,0,8705,821,3895,0,12300
1785997615.875677962,0,208945926,0,0,0,0,0,208944890,13925,39500,0,0,789455564,746506858,0,0,0,208948845,14614,40400,0,588,99,0,0,208950877,3683261,3276700,18446744073709551616,208953657,717560,208954331,2964652,0,0,0,8704,821,3894,0,12300
1785997616.926323163,0,212631486,0,0,0,0,0,212630468,13929,39500,0,0,789458712,746506870,0,0,0,212634657,14617,40400,0,588,99,0,0,212636154,3684406,3276700,18446744073709551616,212639514,717755,212639400,2965605,0,0,0,8706,821,3895,0,12300
1785997617.970286339,0,216370358,0,0,0,0,0,216369642,13928,39500,0,0,789461841,746506873,0,0,0,216373792,14617,40400,0,588,99,0,0,216375353,3684128,3276700,18446744073709551616,216376592,717718,216380745,2965374,0,0,0,8706,821,3895,0,12300
1785997619.015628266,0,220120387,0,0,0,0,0,220119605,13927,39500,0,0,789464978,746506876,0,0,0,220124042,14616,40400,0,588,99,0,0,220124423,3683739,3276700,18446744073709551616,220129302,717663,220133771,2965032,0,0,0,8705,821,3895,0,12300
1785997620.059591786,0,223889793,0,0,0,0,0,223888788,13925,39500,0,0,789468108,746506877,0,0,0,223892888,14613,40400,0,588,99,0,0,223892982,3682927,3276700,18446744073709551616,223895484,717544,223900193,2964348,0,0,0,8703,821,3895,0,12300
1785997621.103896685,0,227657722,0,0,0,0,0,227656915,13923,39500,0,0,789471236,746506878,0,0,0,227660996,14611,40400,0,588,99,0,0,227662912,3682193,3276700,18446744073709551616,227665045,717428,227666894,2963726,0,0,0,8701,821,3895,0,12300
1785997622.148946981,0,231419088,0,0,0,0,0,231418178,13922,39500,0,0,789474369,746506886,0,0,0,231422379,14610,40400,0,587,99,0,0,231422781,3681667,3276700,18446744073709551616,231425754,717341,231428154,2963278,0,0,0,8700,821,3894,0,12300
1785997623.207010705,0,235097487,0,0,0,0,0,235096737,13927,39500,0,0,789477535,746506925,0,0,0,235100994,14615,40400,0,588,99,0,0,235102779,3683222,3276700,18446744073709551616,235104464,717628,235107201,2964550,0,0,0,8704,821,3895,0,12300
1785997624.252831824,0,238861884,0,0,0,0,0,238860601,13925,39500,0,0,789480670,746506926,0,0,0,238864413,14613,40400,0,588,99,0,0,238865277,3682645,3276700,18446744073709551616,238867013,717546,238869684,2964062,0,0,0,8703,821,3895,0,12300
1785997625.294500813,0,242615468,0,0,0,0,0,242614707,13924,39500,0,0,789483797,746506927,0,0,0,242618894,14612,40400,0,587,99,0,0,242620958,3682066,3276700,18446744073709551616,242624279,717469,242625618,2963553,0,0,0,8702,821,3895,0,12300
1785997626.340517889,0,246387807,0,0,0,0,0,246386718,13922,39500,0,0,789486932,746506932,0,0,0,246390916,14610,40400,0,587,99,0,0,246392164,3681401,3276700,18446744073709551616,246395426,717382,246396966,2962975,0,0,0,8700,821,3895,0,12300
1785997627.381180689,0,250133291,0,0,0,0,0,250132496,13921,39500,0,0,789490049,746506933,0,0,0,250136679,14608,40400,0,587,99,0,0,250136301,3680934,3276700,18446744073709551616,250141132,717314,250143563,2962578,0,0,0,8699,821,3895,0,12300
1785997628.424091465,0,253819752,0,0,0,0,0,253818584,13923,39500,0,0,789493169,746506948,0,0,0,253822324,14610,40400,0,587,99,0,0,253824299,3681323,3276700,18446744073709551616,253826960,717384,253828761,2962887,0,0,0,8700,821,3895,0,12300
1785997629.479874757,0,257504070,0,0,0,0,0,257503081,13926,39500,0,0,789496343,746506974,0,0,0,257507123,14614,40400,0,588,99,0,0,257508724,3682800,3276700,18446744073709551616,257509881,717646,257513367,2964112,0,0,0,8703,821,3895,0,12300
1785997630.522956352,0,261250548,0,0,0,0,0,261249496,13925,39500,0,0,789499469,746506975,0,0,0,261253058,14613,40400,0,587,99,0,0,261253730,3682433,3276700,18446744073709551616,261255182,717589,261256558,2963804,0,0,0,8703,821,3895,0,12300
1785997631.581865137,0,265043530,0,0,0,0,0,265042568,13925,39500,0,0,789502644,746506977,0,0,0,265046634,14612,40400,0,587,99,0,0,265045454,3682140,3276700,18446744073709551616,265049572,717553,265053626,2963562,0,0,0,8702,821,3895,0,12300
1785997632.625966559,0,268787596,0,0,0,0,0,268786278,13924,39500,0,0,789505774,746506987,0,0,0,268790143,14611,40400,0,587,99,0,0,268790868,3681813,3276700,18446744073709551616,268792063,717498,268793386,2963274,0,0,0,8701,821,3894,0,12300
1785997633.672158091,0,272561555,0,0,0,0,0,272560580,13922,39500,0,0,789508908,746506990,0,0,0,272564756,14610,40400,0,587,99,0,0,272568205,3681347,3276700,18446744073709551616,272568899,717422,272570487,2962880,0,0,0,8700,821,3894,0,12300
1785997634.714534081,0,276224961,0,0,0,0,0,276224095,13925,39500,0,0,789512034,746507001,0,0,0,276228043,14612,40400,0,587,99,0,0,276230099,3682109,3276700,18446744073709551616,276231365,717539,276232606,2963527,0,0,0,8702,821,3895,0,12300
1785997635.757375497,0,279959210,0,0,0,0,0,279958362,13924,39500,0,0,789515157,746507003,0,0,0,279962507,14612,40400,0,587,99,0,0,279964611,3681885,3276700,18446744073709551616,279968742,717506,279969874,2963339,0,0,0,8702,821,3895,0,12300
1785997636.805438051,0,283734075,0,0,0,0,0,283733230,13923,39500,0,0,789518297,746507004,0,0,0,283737665,14610,40400,0,587,99,0,0,283740413,3681441,3276700,18446744073709551616,283741623,717432,283744017,2962965,0,0,0,8701,821,3895,0,12300
1785997637.849366354,0,287495602,0,0,0,0,0,287494588,13922,39500,0,0,789521427,746507005,0,0,0,287498595,14609,40400,0,587,99,0,0,287499978,3680961,3276700,18446744073709551616,287503219,717356,287506277,2962559,0,0,0,8700,821,3894,0,12300
1785997638.890208683,0,291238786,0,0,0,0,0,291237897,13921,39500,0,0,789524548,746507007,0,0,0,291242338,14608,40400,0,587,99,0,0,291242356,3680559,3276700,18446744073709551616,291246578,717298,291249641,2962221,0,0,0,8699,821,3894,0,12300
1785997639.939832925,0,294980689,0,0,0,0,0,294979816,13921,39500,0,0,789527695,746507020,0,0,0,294983847,14608,40400,0,587,99,0,0,294985889,3680572,3276700,18446744073709551616,294988469,717303,294989029,2962228,0,0,0,8699,821,3894,0,12300
1785997640.985495075,0,298635205,0,0,0,0,0,298634286,13924,39500,0,0,789530829,746507049,0,0,0,298638525,14611,40400,0,587,99,0,0,298640971,3681549,3276700,18446744073709551616,298642344,717489,298646129,2963015,0,0,0,8702,821,3894,0,12300
1785997642.033933716,0,302414724,0,0,0,0,0,302413873,13923,39500,0,0,789533968,746507050,0,0,0,302418578,14610,40400,0,587,99,0,0,302420593,3681039,3276700,18446744073709551616,302422612,717406,302425411,2962588,0,0,0,8701,821,3894,0,12300
1785997643.077994490,0,306177437,0,0,0,0,0,306176428,13922,39500,0,0,789537100,746507052,0,0,0,306180689,14609,40400,0,587,99,0,0,306181606,3680630,3276700,18446744073709551616,306184306,717336,306186936,2962247,0,0,0,8700,821,3894,0,12300
1785997644.125029924,0,309948604,0,0,0,0,0,309947619,13921,39500,0,0,789540240,746507053,0,0,0,309951852,14607,40400,0,586,99,0,0,309953682,3680187,3276700,18446744073709551616,309955013,717262,309958710,2961884,0,0,0,8699,821,3894,0,12300
1785997645.169580127,0,313713013,0,0,0,0,0,313712213,13920,39500,0,0,789543372,746507054,0,0,0,313716478,14606,40400,0,586,99,0,0,313717545,3679767,3276700,18446744073709551616,313719144,717193,313723986,2961531,0,0,0,8698,821,3894,0,12300
1785997646.220744644,0,317442611,0,0,0,0,0,317441338,13920,39500,0,0,789546521,746507061,0,0,0,317445436,14607,40400,0,586,99,0,0,317448807,3680115,3276700,18446744073709551616,317449793,717228,317451442,2961839,0,0,0,8698,821,3894,0,12300
1785997647.264904041,0,321145348,0,0,0,0,0,321144598,13921,39500,0,0,789549649,746507076,0,0,0,321148706,14608,40400,0,586,99,0,0,321151665,3680374,3276700,18446744073709551616,321152011,717271,321154988,2962064,0,0,0,8699,821,3894,0,12300
1785997648.311449294,0,324911575,0,0,0,0,0,324910452,13920,39500,0,0,789552789,746507077,0,0,0,324914500,14607,40400,0,586,99,0,0,324914475,3680074,3276700,18446744073709551616,324918718,717225,324923086,2961807,0,0,0,8698,821,3894,0,12300
1785997649.359399004,0,328677092,0,0,0,0,0,328676270,13919,39500,0,0,789555928,746507078,0,0,0,328680563,14606,40400,0,586,99,0,0,328683466,3679662,3276700,18446744073709551616,328684677,717164,328687047,2961452,0,0,0,8698,821,3894,0,12300
1785997650.403751912,0,332412548,0,0,0,0,0,332411550,13919,39500,0,0,789559061,746507092,0,0,0,332415703,14606,40400,0,586,99,0,0,332416356,3679673,3276700,18446744073709551616,332419326,717159,332421078,2961483,0,0,0,8698,821,3894,0,12300
1785997651.447936684,0,336176459,0,0,0,0,0,336175729,13918,39500,0,0,789562190,746507094,0,0,0,336180069,14604,40400,0,586,99,0,0,336182868,3679272,3276700,18446744073709551616,336184526,717095,336186650,2961135,0,0,0,8697,821,3894,0,12300
1785997652.493190601,0,339823309,0,0,0,0,0,339822526,13921,39500,0,0,789565322,746507114,0,0,0,339826835,14608,40400,0,586,99,0,0,339828411,3680262,3276700,18446744073709551616,339830464,717268,339833054,2961958,0,0,0,8699,821,3895,0,12300
1785997653.536952269,0,343585755,0,0,0,0,0,343584668,13920,39500,0,0,789568452,746507115,0,0,0,343588542,14606,40400,0,586,99,0,0,343589539,3679854,3276700,18446744073709551616,343591760,717201,343594016,2961612,0,0,0,8698,821,3894,0,12300
1785997654.579413447,0,347335632,0,0,0,0,0,347334740,13919,39500,0,0,789571574,746507116,0,0,0,347338941,14605,40400,0,586,99,0,0,347338709,3679525,3276700,18446744073709551616,347343509,717149,347345723,2961339,0,0,0,8697,821,3894,0,12300
1785997655.628520627,0,351093642,0,0,0,0,0,351092689,13919,39500,0,0,789574719,746507117,0,0,0,351096887,14605,40400,0,586,99,0,0,351101028,3679286,3276700,18446744073709551616,351112335,717113,351113473,2961129,0,0,0,8697,821,3894,0,12300
1785997656.674205637,0,354851114,0,0,0,0,0,354850188,13918,39500,0,0,789577855,746507120,0,0,0,354854392,14604,40400,0,586,99,0,0,354855514,3679146,3276700,18446744073709551616,354857889,717086,354860123,2961020,0,0,0,8696,821,3894,0,12300
1785997657.720192518,0,358582367,0,0,0,0,0,358581468,13918,39500,0,0,789580991,746507125,0,0,0,358585485,14604,40400,0,586,99,0,0,358586530,3679194,3276700,18446744073709551616,358587955,717103,358589320,2961054,0,0,0,8697,821,3894,0,12300
1785997658.761843104,0,362243835,0,0,0,0,0,362242852,13920,39500,0,0,789584113,746507143,0,0,0,362246806,14606,40400,0,586,99,0,0,362247733,3679857,3276700,18446744073709551616,362251195,717219,362254242,2961597,0,0,0,8698,821,3895,0,12300
1785997659.807829927,0,366009686,0,0,0,0,0,366008705,13920,39500,0,0,789587246,746507144,0,0,0,366012979,14605,40400,0,586,99,0,0,366015923,3679480,3276700,18446744073709551616,366018310,717160,366020786,2961277,0,0,0,8697,821,3894,0,12300
1785997660.858178888,0,369766683,0,0,0,0,0,369765907,13920,39500,0,0,789590396,746507158,0,0,0,369770012,14605,40400,0,586,99,0,0,369772412,3679478,3276700,18446744073709551616,369773707,717149,369775325,2961285,0,0,0,8697,821,3894,0,12300
1785997661.898089536,0,373512640,0,0,0,0,0,373511684,13919,39500,0,0,789593512,746507159,0,0,0,373515807,14605,40400,0,586,99,0,0,373519675,3679201,3276700,18446744073709551616,373522715,717101,373523857,2961054,0,0,0,8697,821,3894,0,12300
1785997662.944715430,0,377278616,0,0,0,0,0,377277860,13918,39500,0,0,789596650,746507160,0,0,0,377282132,14604,40400,0,585,99,0,0,377284957,3678923,3276700,18446744073709551616,377286537,717057,377288359,2960823,0,0,0,8696,821,3894,0,12300
1785997663.986485839,0,380948811,0,0,0,0,0,380947963,13920,39500,0,0,789599773,746507164,0,0,0,380952422,14606,40400,0,586,99,0,0,380953523,3679481,3276700,18446744073709551616,380958602,717132,380960286,2961302,0,0,0,8697,821,3895,0,12300
1785997665.035274999,0,384686934,0,0,0,0,0,384686053,13920,39500,0,0,789602916,746507166,0,0,0,384690170,14606,40400,0,586,99,0,0,384691923,3679522,3276700,18446744073709551616,384695001,717136,384696036,2961342,0,0,0,8697,821,3895,0,12300
1785997666.085542328,0,388466561,0,0,0,0,0,388465870,13919,39500,0,0,789606066,746507167,0,0,0,388470278,14605,40400,0,585,99,0,0,388472772,3679205,3276700,18446744073709551616,388474972,717090,388476666,2961068,0,0,0,8697,821,3895,0,12300
1785997667.131955598,0,392230906,0,0,0,0,0,392229902,13919,39500,0,0,789609201,746507168,0,0,0,392234103,14604,40400,0,585,99,0,0,392235003,3678897,3276700,18446744073709551616,392239414,717047,392240250,2960812,0,0,0,8696,821,3895,0,12300
1785997668.178885802,0,395993157,0,0,0,0,0,395992246,13918,39500,0,0,789612339,746507173,0,0,0,395996471,14604,40400,0,585,99,0,0,395997474,3678635,3276700,18446744073709551616,396000499,717005,396002242,2960593,0,0,0,8696,821,3895,0,12300
1785997669.223030223,0,399752048,0,0,0,0,0,399751188,13918,39500,0,0,789615468,746507176,0,0,0,399755356,14603,40400,0,585,99,0,0,399754932,3678344,3276700,18446744073709551616,399758300,716954,399761277,2960353,0,0,0,8695,821,3895,0,12300
1785997670.274230471,0,403358924,0,0,0,0,0,403357564,13921,39500,0,0,789618621,746507192,0,0,0,403366599,14607,40400,0,585,99,0,0,403374155,3679670,3276700,18446744073709551616,403374959,717188,403377627,2961443,0,0,0,8698,821,3895,0,12300
1785997671.326066092,0,407097864,0,0,0,0,0,407096977,13922,39500,0,0,789621774,746507201,0,0,0,407101169,14607,40400,0,585,99,0,0,407101774,3679963,3276700,18446744073709551616,407105254,717229,407107562,2961691,0,0,0,8699,821,3895,0,12300
1785997672.368094431,0,410836088,0,0,0,0,0,410835121,13921,39500,0,0,789624897,746507203,0,0,0,410839295,14607,40400,0,585,99,0,0,410841245,3679827,3276700,18446744073709551616,410843243,717202,410845997,2961586,0,0,0,8698,821,3895,0,12300
1785997673.415270617,0,414598875,0,0,0,0,0,414597862,13921,39500,0,0,789628035,746507204,0,0,0,414602198,14606,40400,0,585,99,0,0,414602286,3679591,3276700,18446744073709551616,414606748,717167,414608422,2961384,0,0,0,8698,821,3895,0,12300
1785997674.468385041,0,418367090,0,0,0,0,0,418366283,13920,39500,0,0,789631183,746507205,0,0,0,418370466,14606,40400,0,585,99,0,0,418373252,3679476,3276700,18446744073709551616,418376667,717145,418376699,2961290,0,0,0,8697,821,3895,0,12300
1785997675.509526204,0,422123292,0,0,0,0,0,422122531,13919,39500,0,0,789634316,746507207,0,0,0,422126542,14605,40400,0,585,99,0,0,422129172,3679203,3276700,18446744073709551616,422130358,717103,422133273,2961059,0,0,0,8697,821,3895,0,12300
1785997676.558811853,0,425785858,0,0,0,0,0,425785131,13921,39500,0,0,789637458,746507224,0,0,0,425790118,14607,40400,0,586,99,0,0,425792585,3679982,3276700,18446744073709551616,425795057,717238,425796374,2961704,0,0,0,8698,821,3895,0,12300
1785997677.607568874,0,429550777,0,0,0,0,0,429549626,13921,39500,0,0,789640600,746507224,0,0,0,429553570,14607,40400,0,585,99,0,0,429556907,3679753,3276700,18446744073709551616,429557664,717201,429558379,2961513,0,0,0,8698,821,3895,0,12300
1785997678.656997510,0,433317654,0,0,0,0,0,433316832,13921,39500,0,0,789643749,746507230,0,0,0,433321198,14606,40400,0,585,99,0,0,433324951,3679614,3276700,18446744073709551616,433326157,717173,433328890,2961400,0,0,0,8698,821,3895,0,12300
1785997679.702689915,0,437070796,0,0,0,0,0,437069812,13920,39500,0,0,789646884,746507231,0,0,0,437074073,14606,40400,0,585,99,0,0,437075989,3679429,3276700,18446744073709551616,437079858,717141,437081868,2961246,0,0,0,8697,821,3895,0,12300
1785997680.747158726,0,440794074,0,0,0,0,0,440793076,13920,39500,0,0,789650014,746507237,0,0,0,440797245,14606,40400,0,585,99,0,0,440798449,3679461,3276700,18446744073709551616,440800526,717145,440801783,2961276,0,0,0,8697,821,3895,0,12300
1785997681.793209173,0,444494400,0,0,0,0,0,444493556,13921,39500,0,0,789653153,746507249,0,0,0,444497843,14607,40400,0,585,99,0,0,444499923,3679882,3276700,18446744073709551616,444501948,717204,444504693,2961639,0,0,0,8698,821,3895,0,12300
1785997682.838012300,0,448168127,0,0,0,0,0,448167082,13923,39500,0,0,789656285,746507262,0,0,0,448171044,14609,40400,0,586,99,0,0,448175244,3680402,3276700,18446744073709551616,448177330,717294,448178413,2962065,0,0,0,8699,821,3895,0,12300
1785997683.879899429,0,451891179,0,0,0,0,0,451890265,13923,39500,0,0,789659411,746507278,0,0,0,451894480,14608,40400,0,586,99,0,0,451897959,3680300,3276700,18446744073709551616,451899134,717283,451902355,2961975,0,0,0,8699,821,3895,0,12300
1785997684.923280331,0,455640064,0,0,0,0,0,455639468,13922,39500,0,0,789662536,746507282,0,0,0,455643703,14608,40400,0,586,99,0,0,455644710,3680115,3276700,18446744073709551616,455648943,717253,455651795,2961819,0,0,0,8699,821,3895,0,12300
1785997685.964277175,0,459384206,0,0,0,0,0,459383279,13922,39500,0,0,789665658,746507286,0,0,0,459387412,14607,40400,0,585,99,0,0,459390278,3679865,3276700,18446744073709551616,459390626,717214,459394715,2961607,0,0,0,8698,821,3895,0,12300
1785997687.006508312,0,463136521,0,0,0,0,0,463135696,13921,39500,0,0,789668784,746507288,0,0,0,463140025,14607,40400,0,585,99,0,0,463142656,3679623,3276700,18446744073709551616,463144186,717179,463145106,2961401,0,0,0,8698,821,3895,0,12300
1785997688.051214797,0,466794566,0,0,0,0,0,466793581,13923,39500,0,0,789671915,746507304,0,0,0,466797933,14608,40400,0,586,99,0,0,466800170,3680261,3276700,18446744073709551616,466803966,717301,466805206,2961917,0,0,0,8699,821,3895,0,12300
1785997689.101248060,0,470535804,0,0,0,0,0,470534758,13923,39500,0,0,789675062,746507317,0,0,0,470538884,14609,40400,0,586,99,0,0,470541410,3680330,3276700,18446744073709551616,470542843,717315,470544867,2961972,0,0,0,8699,821,3895,0,12300
1785997690.146175320,0,474290878,0,0,0,0,0,474289878,13922,39500,0,0,789678194,746507318,0,0,0,474294191,14608,40400,0,585,99,0,0,474296025,3680131,3276700,18446744073709551616,474297538,717284,474300576,2961804,0,0,0,8699,821,3895,0,12300
1785997691.192950056,0,478035051,0,0,0,0,0,478034235,13922,39500,0,0,789681331,746507321,0,0,0,478038298,14608,40400,0,585,99,0,0,478039527,3680072,3276700,18446744073709551616,478042553,717277,478045086,2961754,0,0,0,8699,821,3895,0,12300
1785997692.240536207,0,481801848,0,0,0,0,0,481801053,13922,39500,0,0,789684470,746507322,0,0,0,481805269,14607,40400,0,585,99,0,0,481805951,3679834,3276700,18446744073709551616,481810083,717240,481812393,2961554,0,0,0,8698,821,3895,0,12300
1785997693.283013865,0,485548276,0,0,0,0,0,485547467,13921,39500,0,0,789687597,746507323,0,0,0,485551736,14607,40400,0,585,99,0,0,485552765,3679675,3276700,18446744073709551616,485556791,717214,485558488,2961418,0,0,0,8698,821,3895,0,12300
1785997694.329296050,0,489199588,0,0,0,0,0,489198619,13923,39500,0,0,789690732,746507348,0,0,0,489203073,14609,40400,0,585,99,0,0,489206062,3680328,3276700,18446744073709551616,489208465,717335,489209029,2961949,0,0,0,8699,821,3896,0,12300
1785997695.372523318,0,492941273,0,0,0,0,0,492940297,13923,39500,0,0,789693861,746507355,0,0,0,492944277,14608,40400,0,585,99,0,0,492945663,3680225,3276700,18446744073709551616,492950175,717316,492951182,2961867,0,0,0,8699,821,3896,0,12300
1785997696.425051469,0,496721676,0,0,0,0,0,496720875,13922,39500,0,0,789697017,746507357,0,0,0,496725232,14608,40400,0,585,99,0,0,496727715,3680031,3276700,18446744073709551616,496730357,717287,496732182,2961700,0,0,0,8699,821,3896,0,12300
1785997697.469708079,0,500475825,0,0,0,0,0,500475074,13922,39500,0,0,789700149,746507359,0,0,0,500479366,14607,40400,0,585,99,0,0,500482726,3679831,3276700,18446744073709551616,500486986,717257,500487509,2961532,0,0,0,8698,821,3896,0,12300
1785997698.508493227,0,504213087,0,0,0,0,0,504211920,13921,39500,0,0,789703263,746507360,0,0,0,504215607,14607,40400,0,585,99,0,0,504216489,3679646,3276700,18446744073709551616,504217990,717228,504218496,2961379,0,0,0,8698,821,3896,0,12300
1785997699.551098758,0,507925010,0,0,0,0,0,507924031,13922,39500,0,0,789706387,746507362,0,0,0,507928285,14607,40400,0,585,99,0,0,507931407,3679733,3276700,18446744073709551616,507932676,717238,507936196,2961451,0,0,0,8698,821,3896,0,12300
1785997700.597748845,0,511607826,0,0,0,0,0,511606884,13923,39500,0,0,789709527,746507381,0,0,0,511610926,14609,40400,0,585,99,0,0,511612563,3680125,3276700,18446744073709551616,511613046,717307,511615393,2961776,0,0,0,8699,821,3896,0,12300
1785997701.650530622,0,515376739,0,0,0,0,0,515376040,13923,39500,0,0,789712681,746507385,0,0,0,515380304,14608,40400,0,585,99,0,0,515382373,3680060,3276700,18446744073709551616,515384520,717291,515385009,2961728,0,0,0,8699,821,3896,0,12300
1785997702.697730861,0,519157190,0,0,0,0,0,519156372,13922,39500,0,0,789715818,746507386,0,0,0,519160485,14607,40300,0,585,99,0,0,519163336,3679753,3276700,18446744073709551616,519166898,717240,519166620,2961468,0,0,0,8698,821,3896,0,12300
1785997703.742691108,0,522921880,0,0,0,0,0,522921121,13921,39500,0,0,789718952,746507388,0,0,0,522925176,14607,40300,0,585,99,0,0,522927411,3679489,3276700,18446744073709551616,522929399,717200,522932264,2961246,0,0,0,8698,821,3896,0,12300
1785997704.786770718,0,526685927,0,0,0,0,0,526684968,13921,39500,0,0,789722080,746507389,0,0,0,526689052,14606,40300,0,585,99,0,0,526690710,3679268,3276700,18446744073709551616,526692324,717162,526695522,2961064,0,0,0,8697,821,3896,0,12300
1785997705.829492914,0,530348504,0,0,0,0,0,530347503,13922,39500,0,0,789725208,746507399,0,0,0,530351711,14608,40300,0,585,99,0,0,530354029,3679710,3276700,18446744073709551616,530356020,717241,530358621,2961425,0,0,0,8698,821,3896,0,12300
1785997706.874945333,0,534058957,0,0,0,0,0,534057852,13923,39500,0,0,789728340,746507423,0,0,0,534062013,14608,40300,0,585,99,0,0,534065147,3679867,3276700,18446744073709551616,534066718,717275,534067609,2961548,0,0,0,8698,821,3896,0,12300
1785997707.922900462,0,537808147,0,0,0,0,0,537807303,13922,39500,0,0,789731483,746507425,0,0,0,537811695,14608,40300,0,585,99,0,0,537814100,3679800,3276700,18446744073709551616,537817926,717258,537819982,2961498,0,0,0,8698,821,3896,0,12300
1785997708.972716625,0,541593195,0,0,0,0,0,541592297,13922,39500,0,0,789734630,746507426,0,0,0,541596953,14607,40300,0,585,99,0,0,541599534,3679552,3276700,18446744073709551616,541601482,717220,541603037,2961289,0,0,0,8698,821,3896,0,12300
1785997710.020021520,0,545370897,0,0,0,0,0,545369883,13921,39500,0,0,789737768,746507427,0,0,0,545374417,14606,40300,0,585,99,0,0,545375282,3679289,3276700,18446744073709551616,545379807,717179,545382167,2961067,0,0,0,8697,821,3896,0,12300
1785997711.067280181,0,549139688,0,0,0,0,0,549138604,13921,39500,0,0,789740906,746507429,0,0,0,549142687,14606,40300,0,585,99,0,0,549145375,3679078,3276700,18446744073709551616,549147131,717145,549149182,2960891,0,0,0,8697,821,3896,0,12300
1785997712.109350928,0,552743861,0,0,0,0,0,552742964,13923,39500,0,0,789744030,746507453,0,0,0,552747265,14608,40300,0,585,99,0,0,552749155,3679957,3276700,18446744073709551616,552752458,717278,552753884,2961635,0,0,0,8698,821,3896,0,12300
1785997713.149681245,0,556499239,0,0,0,0,0,556498435,13922,39500,0,0,789747151,746507456,0,0,0,556502303,14607,40300,0,585,99,0,0,556504417,3679714,3276700,18446744073709551616,556505835,717243,556508709,2961426,0,0,0,8698,821,3896,0,12300
1785997714.189011485,0,560244769,0,0,0,0,0,560243905,13921,39500,0,0,789750264,746507457,0,0,0,560248012,14606,40300,0,585,99,0,0,560251163,3679437,3276700,18446744073709551616,560253058,717198,560254420,2961195,0,0,0,8697,821,3896,0,12300
1785997715.229685683,0,563994996,0,0,0,0,0,563994480,13920,39500,0,0,789753381,746507459,0,0,0,563998786,14606,40300,0,585,99,0,0,564001348,3679134,3276700,18446744073709551616,564003665,717155,564004255,2960936,0,0,0,8697,821,3896,0,12300
1785997716.270939770,0,567756788,0,0,0,0,0,567755659,13920,39400,0,0,789756507,746507460,0,0,0,567759514,14605,40300,0,585,99,0,0,567761294,3678866,3276700,18446744073709551616,567763045,717113,567764283,2960712,0,0,0,8696,821,3896,0,12300
1785997717.319819770,0,571474692,0,0,0,0,0,571473788,13920,39500,0,0,789759649,746507465,0,0,0,571478043,14605,40300,0,585,99,0,0,571479552,3678974,3276700,18446744073709551616,571482230,717123,571484306,2960808,0,0,0,8696,821,3896,0,12300
1785997718.362327105,0,575157206,0,0,0,0,0,575156397,13921,39500,0,0,789762777,746507476,0,0,0,575160993,14606,40300,0,585,99,0,0,575161892,3679340,3276700,18446744073709551616,575166563,717187,575168211,2961114,0,0,0,8697,821,3896,0,12300
1785997719.404215546,0,578908530,0,0,0,0,0,578907576,13921,39400,0,0,789765898,746507477,0,0,0,578911460,14606,40300,0,585,99,0,0,578913230,3679130,3276700,18446744073709551616,578915201,717161,578917675,2960929,0,0,0,8697,821,3896,0,12300
1785997720.446806861,0,582658485,0,0,0,0,0,582657719,13920,39400,0,0,789769023,746507478,0,0,0,582662008,14605,40300,0,585,99,0,0,582665679,3678941,3276700,18446744073709551616,582667311,717134,582668818,2960766,0,0,0,8696,821,3896,0,12300
1785997721.489195689,0,586421227,0,0,0,0,0,586419980,13920,39400,0,0,789772147,746507479,0,0,0,586423783,14604,40300,0,585,99,0,0,586425617,3678684,3276700,18446744073709551616,586426920,717098,586428393,2960545,0,0,0,8696,821,3896,0,12300
1785997722.540377534,0,590182371,0,0,0,0,0,590181717,13920,39400,0,0,789775299,746507482,0,0,0,590186065,14604,40300,0,585,99,0,0,590189099,3678613,3276700,18446744073709551616,590191435,717091,590193143,2960481,0,0,0,8696,821,3896,0,12300
1785997723.582583120,0,593845050,0,0,0,0,0,593844058,13921,39400,0,0,789778425,746507494,0,0,0,593848049,14606,40300,0,585,99,0,0,593851816,3679001,3276700,18446744073709551616,593852851,717149,593854033,2960810,0,0,0,8697,821,3896,0,12300
1785997724.629904825,0,597584041,0,0,0,0,0,597583090,13921,39400,0,0,789781564,746507498,0,0,0,597587289,14606,40300,0,585,99,0,0,597589785,3679042,3276700,18446744073709551616,597591339,717158,597593476,2960843,0,0,0,8697,821,3896,0,12300
1785997725.677691676,0,601351633,0,0,0,0,0,601350627,13920,39400,0,0,789784704,746507501,0,0,0,601354746,14605,40300,0,585,99,0,0,601357306,3678866,3276700,18446744073709551616,601358508,717133,601359797,2960692,0,0,0,8696,821,3896,0,12300
1785997726.725098464,0,605116568,0,0,0,0,0,605115591,13920,39400,0,0,789787843,746507502,0,0,0,605120190,14605,40300,0,585,99,0,0,605122855,3678714,3276700,18446744073709551616,605123956,717109,605127790,2960562,0,0,0,8696,821,3896,0,12300
1785997727.771164371,0,608884137,0,0,0,0,0,608883265,13920,39400,0,0,789790978,746507503,0,0,0,608887445,14604,40300,0,585,98,0,0,608890161,3678503,3276700,18446744073709551616,608893511,717078,608896258,2960382,0,0,0,8696,821,3896,0,12300
1785997728.812152041,0,612613854,0,0,0,0,0,612612796,13919,39400,0,0,789794099,746507510,0,0,0,612616480,14604,40300,0,585,99,0,0,612619122,3678419,3276700,18446744073709551616,612620513,717067,612623383,2960311,0,0,0,8695,821,3896,0,12300
1785997729.856368321,0,616251277,0,0,0,0,0,616250309,13921,39500,0,0,789797231,746507535,0,0,0,616254436,14606,40400,0,585,99,0,0,616257465,3679036,3276700,18446744073709551616,616259459,717163,616260058,2960829,0,0,0,8697,821,3896,0,12300
1785997730.904422199,0,620025420,0,0,0,0,0,620024401,13920,39500,0,0,789800372,746507536,0,0,0,620028551,14605,40400,0,585,99,0,0,620029593,3678828,3276700,18446744073709551616,620032559,717128,620035891,2960656,0,0,0,8696,821,3896,0,12300
1785997731.947827874,0,623790316,0,0,0,0,0,623789443,13920,39500,0,0,789803497,746507537,0,0,0,623793488,14605,40400,0,585,99,0,0,623796023,3678596,3276700,18446744073709551616,623798116,717086,623800142,2960466,0,0,0,8696,821,3896,0,12300
1785997732.995882978,0,627496020,0,0,0,0,0,627495037,13920,39500,0,0,789806634,746507539,0,0,0,627499158,14605,40400,0,585,99,0,0,627500947,3678778,3276700,18446744073709551616,627504422,717120,627505103,2960615,0,0,0,8696,821,3896,0,12300
1785997734.045251663,0,631254881,0,0,0,0,0,631253993,13920,39600,0,0,789809781,746507540,0,0,0,631258170,14605,40500,0,585,99,0,0,631258146,3678716,3276700,18446744073709551616,631264351,717106,631265972,2960569,0,0,0,8696,821,3896,0,12300
1785997735.093209053,0,634951183,0,0,0,0,0,634950202,13921,39600,0,0,789812934,746507559,0,0,0,634954135,14606,40500,0,585,99,0,0,634954782,3679027,3276700,18446744073709551616,634958130,717160,634960127,2960827,0,0,0,8697,821,3896,0,12300
1785997736.134095990,0,638633054,0,0,0,0,0,638632084,13922,39600,0,0,789816054,746507570,0,0,0,638636266,14606,40500,0,585,99,0,0,638638249,3679238,3276700,18446744073709551616,638641279,717193,638641322,2961002,0,0,0,8697,821,3896,0,12300
1785997737.155698816,0,641852935,0,0,0,0,0,641848787,13921,39600,0,0,789819123,746507977,0,0,0,641848787,14606,40500,0,585,99,0,0,641859480,3679014,3276700,18446744073709551616,641859481,717157,641859136,2960815,0,0,0,8697,821,3896,0,12300
1785997738.180428890,0,641852935,0,0,0,0,0,641848787,13921,39600,0,0,789822193,746511042,0,0,0,641848787,14606,40500,0,585,99,0,0,641859484,3679014,3276700,18446744073709551616,641859485,717157,641859136,2960815,0,0,0,8697,821,3896,0,12300
1785997739.208363074,0,641852935,0,0,0,0,0,641848787,13921,39600,0,0,789825272,746514117,0,0,0,641848787,14606,40500,0,585,99,0,0,641859487,3679014,3276700,18446744073709551616,641859488,717157,641859136,2960815,0,0,0,8697,821,3896,0,12300
1785997740.239578908,0,641852935,0,0,0,0,0,641848787,13921,39600,0,0,789828369,746517208,0,0,0,641848787,14606,40500,0,585,99,0,0,641859489,3679014,3276700,18446744073709551616,641859490,717157,641859136,2960815,0,0,0,8697,821,3896,0,12300
1785997741.267971753,0,641852935,0,0,0,0,0,641848787,13921,39600,0,0,789831452,746520185,0,0,0,641848787,14606,40500,0,585,99,0,0,641859491,3679014,3276700,18446744073709551616,641859492,717157,641859136,2960815,0,0,0,8697,821,3896,0,12300
1785997742.297006350,0,641852935,0,0,0,0,0,641848787,13921,39600,0,0,789834536,746523228,0,0,0,641848787,14606,40500,0,585,99,0,0,641859493,3679014,3276700,18446744073709551616,641859494,717157,641859136,2960815,0,0,0,8697,821,3896,0,12300
1785997743.328648136,0,641852935,0,0,0,0,0,641848787,13921,39600,0,0,789837633,746526295,0,0,0,641848787,14606,40500,0,585,99,0,0,641859495,3679014,3276700,18446744073709551616,641859496,717157,641859136,2960815,0,0,0,8697,821,3896,0,12300
1785997744.360619582,0,641852935,0,0,0,0,0,641848787,13921,39600,0,0,789840729,746529386,0,0,0,641848787,14606,40500,0,585,99,0,0,641859497,3679014,3276700,18446744073709551616,641859498,717157,641859136,2960815,0,0,0,8697,821,3896,0,12300
1785997745.392080670,0,641852935,0,0,0,0,0,641848787,13921,39600,0,0,789843820,746532472,0,0,0,641848787,14606,40500,0,585,99,0,0,641859499,3679014,3276700,18446744073709551616,641859500,717157,641859136,2960815,0,0,0,8697,821,3896,0,12300
1785997746.423236204,0,641852935,0,0,0,0,0,641848787,13921,39600,0,0,789846918,746535564,0,0,0,641848787,14606,40500,0,585,99,0,0,641859501,3679014,3276700,18446744073709551616,641859502,717157,641859136,2960815,0,0,0,8697,821,3896,0,12300
1785997747.454543044,0,641852935,0,0,0,0,0,641848787,13921,39600,0,0,789850003,746538513,0,0,0,641848787,14606,40500,0,585,99,0,0,641859503,3679014,3276700,18446744073709551616,641859504,717157,641859136,2960815,0,0,0,8697,821,3896,0,12300
1785997748.487364647,0,641852935,0,0,0,0,0,641848787,13921,39600,0,0,789853101,746541604,0,0,0,641848787,14606,40500,0,585,99,0,0,641859505,3679014,3276700,18446744073709551616,641859506,717157,641859136,2960815,0,0,0,8697,821,3896,0,12300
1785997749.518996560,0,641852935,0,0,0,0,0,641848787,13921,39600,0,0,789856196,746544694,0,0,0,641848787,14606,40500,0,585,99,0,0,641859507,3679014,3276700,18446744073709551616,641859508,717157,641859136,2960815,0,0,0,8697,821,3896,0,12300
1785997750.551541923,0,641852935,0,0,0,0,0,641848787,13921,39600,0,0,789859293,746547784,0,0,0,641848787,14606,40500,0,585,99,0,0,641859509,3679014,3276700,18446744073709551616,641859510,717157,641859136,2960815,0,0,0,8697,821,3896,0,12300
1785997751.584219883,0,641852935,0,0,0,0,0,641848787,13921,39600,0,0,789862391,746550877,0,0,0,641848787,14606,40500,0,585,99,0,0,641859511,3679014,3276700,18446744073709551616,641859512,717157,641859136,2960815,0,0,0,8697,821,3896,0,12300
1785997752.618107206,0,641852935,0,0,0,0,0,641848787,13921,39600,0,0,789865490,746553937,0,0,0,641848787,14606,40500,0,585,99,0,0,641859513,3679014,3276700,18446744073709551616,641859514,717157,641859136,2960815,0,0,0,8697,821,3896,0,12300
1785997753.650176368,0,641852935,0,0,0,0,0,641848787,13921,39600,0,0,789868589,746556912,0,0,0,641848787,14606,40500,0,585,99,0,0,641859515,3679014,3276700,18446744073709551616,641859516,717157,641859136,2960815,0,0,0,8697,821,3896,0,12300
1785997754.682452712,0,641852935,0,0,0,0,0,641848787,13921,39600,0,0,789871684,746560002,0,0,0,641848787,14606,40500,0,585,99,0,0,641859517,3679014,3276700,18446744073709551616,641859518,717157,641859136,2960815,0,0,0,8697,821,3896,0,12300
1785997755.715335638,0,641852935,0,0,0,0,0,641848787,13921,39600,0,0,789874783,746563095,0,0,0,641848787,14606,40500,0,585,99,0,0,641859519,3679014,3276700,18446744073709551616,641859520,717157,641859136,2960815,0,0,0,8697,821,3896,0,12300
1785997756.747834223,0,641852935,0,0,0,0,0,641848787,13921,39600,0,0,789877879,746566186,0,0,0,641848787,14606,40500,0,585,99,0,0,641859521,3679014,3276700,18446744073709551616,641859522,717158,641859136,2960815,0,0,0,8697,821,3896,0,12300
1785997757.781003648,0,641852935,0,0,0,0,0,641848787,13921,39600,0,0,789880979,746569279,0,0,0,641848787,14606,40500,0,585,99,0,0,641859523,3679014,3276700,18446744073709551616,641859524,717158,641859136,2960815,0,0,0,8697,821,3896,0,12300
1785997758.812273757,0,641852935,0,0,0,0,0,641848787,13921,39600,0,0,789884072,746572287,0,0,0,641848787,14606,40500,0,585,99,0,0,641859525,3679014,3276700,18446744073709551616,641859526,717158,641859136,2960815,0,0,0,8697,821,3896,0,12300
1785997759.838508347,0,641852935,0,0,0,0,0,641848787,13921,39600,0,0,789887158,746575316,0,0,0,641848787,14606,40500,0,585,99,0,0,641859527,3679014,3276700,18446744073709551616,641859528,717158,641859136,2960815,0,0,0,8697,821,3896,0,12300
1785997760.868133490,0,641852935,0,0,0,0,0,641848787,13921,39600,0,0,789890242,746578394,0,0,0,641848787,14606,40500,0,585,99,0,0,641859529,3679014,3276700,18446744073709551616,641859530,717158,641859136,2960815,0,0,0,8697,821,3896,0,12300
1785997761.900423247,0,641852935,0,0,0,0,0,641848787,13921,39600,0,0,789893338,746581485,0,0,0,641848787,14606,40500,0,585,99,0,0,641859531,3679014,3276700,18446744073709551616,641859532,717158,641859136,2960815,0,0,0,8697,821,3896,0,12300
1785997762.933083332,0,641852935,0,0,0,0,0,641848787,13921,39600,0,0,789896434,746584576,0,0,0,641848787,14606,40500,0,585,99,0,0,641859533,3679014,3276700,18446744073709551616,641859534,717158,641859136,2960815,0,0,0,8697,821,3896,0,12300
1785997763.965316106,0,641852935,0,0,0,0,0,641848787,13921,39600,0,0,789899529,746587643,0,0,0,641848787,14606,40500,0,585,99,0,0,641859535,3679014,3276700,18446744073709551616,641859536,717158,641859136,2960815,0,0,0,8697,821,3896,0,12300
1785997764.996431388,0,641852935,0,0,0,0,0,641848787,13921,39600,0,0,789902621,746590605,0,0,0,641848787,14606,40500,0,585,99,0,0,641859537,3679014,3276700,18446744073709551616,641859538,717158,641859136,2960815,0,0,0,8697,821,3896,0,12300
1785997766.027162180,0,641852935,0,0,0,0,0,641848787,13921,39600,0,0,789905710,746593684,0,0,0,641848787,14606,40500,0,585,99,0,0,641859539,3679014,3276700,18446744073709551616,641859540,717158,641859136,2960815,0,0,0,8697,821,3896,0,12300
1785997767.060374443,0,641852935,0,0,0,0,0,641848787,13921,39600,0,0,789908813,746596779,0,0,0,641848787,14606,40500,0,585,99,0,0,641859541,3679014,3276700,18446744073709551616,641859542,717158,641859136,2960815,0,0,0,8697,821,3896,0,12300
1785997768.092274942,0,641852935,0,0,0,0,0,641848787,13921,39600,0,0,789911906,746599869,0,0,0,641848787,14606,40500,0,585,99,0,0,641859543,3679014,3276700,18446744073709551616,641859544,717158,641859136,2960815,0,0,0,8697,821,3896,0,12300
1785997769.125420799,0,641852935,0,0,0,0,0,641848787,13921,39600,0,0,789915007,746602962,0,0,0,641848787,14606,40500,0,585,99,0,0,641859545,3679014,3276700,18446744073709551616,641859546,717158,641859136,2960815,0,0,0,8697,821,3896,0,12300
1785997770.155442913,0,641852935,0,0,0,0,0,641848787,13921,39600,0,0,789918098,746606041,0,0,0,641848787,14606,40500,0,585,99,0,0,641859547,3679014,3276700,18446744073709551616,641859548,717158,641859136,2960815,0,0,0,8697,821,3896,0,12300
1785997771.187876733,0,641852935,0,0,0,0,0,641848787,13921,39600,0,0,789921193,746609001,0,0,0,641848787,14606,40500,0,585,99,0,0,641859549,3679014,3276700,18446744073709551616,641859550,717158,641859136,2960815,0,0,0,8697,821,3896,0,12300
1785997772.220570691,0,641852935,0,0,0,0,0,641848787,13921,39600,0,0,789924290,746612093,0,0,0,641848787,14606,40500,0,585,99,0,0,641859551,3679014,3276700,18446744073709551616,641859552,717158,641859136,2960815,0,0,0,8697,821,3896,0,12300
1785997773.253176692,0,641852935,0,0,0,0,0,641848787,13921,39600,0,0,789927387,746615184,0,0,0,641848787,14606,40500,0,585,99,0,0,641859553,3679014,3276700,18446744073709551616,641859554,717158,641859136,2960815,0,0,0,8697,821,3896,0,12300
1785997774.285511786,0,641852935,0,0,0,0,0,641848787,13921,39600,0,0,789930484,746618253,0,0,0,641848787,14606,40500,0,585,99,0,0,641859555,3679014,3276700,18446744073709551616,641859556,717158,641859136,2960815,0,0,0,8697,821,3896,0,12300
1785997775.316146819,0,641852935,0,0,0,0,0,641848787,13921,39600,0,0,789933581,746621343,0,0,0,641848787,14606,40500,0,585,99,0,0,641859557,3679014,3276700,18446744073709551616,641859558,717158,641859136,2960815,0,0,0,8697,821,3896,0,12300
1785997776.344332918,0,641852935,0,0,0,0,0,641848787,13921,39600,0,0,789936660,746624365,0,0,0,641848787,14606,40500,0,585,99,0,0,641859559,3679014,3276700,18446744073709551616,641859560,717158,641859136,2960815,0,0,0,8697,821,3896,0,12300
1785997777.377401232,0,641852935,0,0,0,0,0,641848787,13921,39600,0,0,789939755,746627379,0,0,0,641848787,14606,40500,0,585,99,0,0,641859561,3679014,3276700,18446744073709551616,641859562,717158,641859136,2960815,0,0,0,8697,821,3896,0,12300
1785997778.410290527,0,641852935,0,0,0,0,0,641848787,13921,39600,0,0,789942852,746630471,0,0,0,641848787,14606,40500,0,585,99,0,0,641859563,3679014,3276700,18446744073709551616,641859564,717158,641859136,2960815,0,0,0,8697,821,3896,0,12300
1785997779.440973452,0,641852935,0,0,0,0,0,641848787,13921,39600,0,0,789945945,746633558,0,0,0,641848787,14606,40500,0,585,99,0,0,641859565,3679014,3276700,18446744073709551616,641859566,717158,641859136,2960815,0,0,0,8697,821,3896,0,12300
1785997780.473782611,0,641852935,0,0,0,0,0,641848787,13921,39600,0,0,789949043,746636651,0,0,0,641848787,14606,40500,0,585,99,0,0,641859567,3679014,3276700,18446744073709551616,641859568,717158,641859136,2960815,0,0,0,8697,821,3896,0,12300
1785997781.501769366,0,641852935,0,0,0,0,0,641848787,13921,39600,0,0,789952130,746639733,0,0,0,641848787,14606,40500,0,585,99,0,0,641859569,3679014,3276700,18446744073709551616,641859570,717158,641859136,2960815,0,0,0,8697,821,3896,0,12300
1785997782.529117238,0,641852935,0,0,0,0,0,641848787,13921,39600,0,0,789955206,746642699,0,0,0,641848787,14606,40500,0,585,99,0,0,641859571,3679014,3276700,18446744073709551616,641859572,717158,641859136,2960815,0,0,0,8697,821,3896,0,12300
1785997783.560931483,0,641852935,0,0,0,0,0,641848787,13921,39600,0,0,789958299,746645752,0,0,0,641848787,14606,40500,0,585,99,0,0,641859573,3679014,3276700,18446744073709551616,641859574,717158,641859136,2960815,0,0,0,8697,821,3896,0,12300
1785997784.592507888,0,641852935,0,0,0,0,0,641848787,13921,39600,0,0,789961392,746648818,0,0,0,641848787,14606,40500,0,585,99,0,0,641859575,3679014,3276700,18446744073709551616,641859576,717158,641859136,2960815,0,0,0,8697,821,3896,0,12300
1785997785.621455407,0,641852935,0,0,0,0,0,641848787,13921,39600,0,0,789964481,746651903,0,0,0,641848787,14606,40500,0,585,99,0,0,641859577,3679014,3276700,18446744073709551616,641859578,717158,641859136,2960815,0,0,0,8697,821,3896,0,12300
1785997786.652375159,0,641852935,0,0,0,0,0,641848787,13921,39600,0,0,789967570,746654987,0,0,0,641848787,14606,40500,0,585,99,0,0,641859579,3679014,3276700,18446744073709551616,641859580,717158,641859136,2960815,0,0,0,8697,821,3896,0,12300
1785997787.682759753,0,641852935,0,0,0,0,0,641848787,13921,39600,0,0,789970661,746658070,0,0,0,641848787,14606,40500,0,585,99,0,0,641859581,3679014,3276700,18446744073709551616,641859582,717158,641859136,2960815,0,0,0,8697,821,3896,0,12300
1785997788.715242530,0,641852935,0,0,0,0,0,641848787,13921,39600,0,0,789973757,746661027,0,0,0,641848787,14606,40500,0,585,99,0,0,641859583,3679014,3276700,18446744073709551616,641859584,717158,641859136,2960815,0,0,0,8697,821,3896,0,12300
1785997789.748774000,0,641852935,0,0,0,0,0,641848787,13921,39600,0,0,789976856,746664121,0,0,0,641848787,14606,40500,0,585,99,0,0,641859585,3679014,3276700,18446744073709551616,641859586,717158,641859136,2960815,0,0,0,8697,821,3896,0,12300
1785997790.781732076,0,641852935,0,0,0,0,0,641848787,13921,39600,0,0,789979956,746667214,0,0,0,641848787,14606,40500,0,585,99,0,0,641859587,3679014,3276700,18446744073709551616,641859588,717158,641859136,2960815,0,0,0,8697,821,3896,0,12300
1785997791.815585562,0,641852935,0,0,0,0,0,641848787,13921,39600,0,0,789983057,746670309,0,0,0,641848787,14606,40500,0,585,99,0,0,641859589,3679014,3276700,18446744073709551616,641859590,717158,641859136,2960815,0,0,0,8697,821,3896,0,12300
1785997792.848111035,0,641852935,0,0,0,0,0,641848787,13921,39600,0,0,789986152,746673399,0,0,0,641848787,14606,40500,0,585,99,0,0,641859591,3679014,3276700,18446744073709551616,641859592,717158,641859136,2960815,0,0,0,8697,821,3896,0,12300
1785997793.879903330,0,641852935,0,0,0,0,0,641848787,13921,39600,0,0,789989246,746676446,0,0,0,641848787,14606,40500,0,585,99,0,0,641859593,3679014,3276700,18446744073709551616,641859594,717158,641859136,2960815,0,0,0,8697,821,3896,0,12300
1785997794.911933139,0,641852935,0,0,0,0,0,641848787,13921,39600,0,0,789992340,746679359,0,0,0,641848787,14606,40500,0,585,99,0,0,641859595,3679014,3276700,18446744073709551616,641859596,717158,641859136,2960815,0,0,0,8697,821,3896,0,12300
1785997795.940860331,0,641852935,0,0,0,0,0,641848787,13921,39600,0,0,789995427,746682440,0,0,0,641848787,14606,40500,0,585,99,0,0,641859597,3679014,3276700,18446744073709551616,641859598,717158,641859136,2960815,0,0,0,8697,821,3896,0,12300
1785997796.973343959,0,641852935,0,0,0,0,0,641848787,13921,39600,0,0,789998524,746685532,0,0,0,641848787,14606,40500,0,585,99,0,0,641859599,3679014,3276700,18446744073709551616,641859600,717158,641859136,2960815,0,0,0,8697,821,3896,0,12300
1785997798.004616511,0,641852935,0,0,0,0,0,641848787,13921,39600,0,0,790001618,746688621,0,0,0,641848787,14606,40500,0,585,99,0,0,641859601,3679014,3276700,18446744073709551616,641859602,717158,641859136,2960815,0,0,0,8697,821,3896,0,12300
1785997799.033347701,0,641852935,0,0,0,0,0,641848787,13921,39600,0,0,790004704,746691701,0,0,0,641848787,14606,40500,0,585,99,0,0,641859603,3679014,3276700,18446744073709551616,641859604,717158,641859136,2960815,0,0,0,8697,821,3896,0,12300
1785997800.063988099,0,641852935,0,0,0,0,0,641848787,13921,39600,0,0,790007794,746694742,0,0,0,641848787,14606,40500,0,585,99,0,0,641859605,3679014,3276700,18446744073709551616,641859606,717158,641859136,2960815,0,0,0,8697,821,3896,0,12300
1785997801.094222112,0,641852935,0,0,0,0,0,641848787,13921,39600,0,0,790010880,746697733,0,0,0,641848787,14606,40500,0,585,99,0,0,641859607,3679014,3276700,18446744073709551616,641859608,717158,641859136,2960815,0,0,0,8697,821,3896,0,12300
1785997802.126511553,0,641852935,0,0,0,0,0,641848787,13921,39600,0,0,790013974,746700822,0,0,0,641848787,14606,40500,0,585,99,0,0,641859609,3679014,3276700,18446744073709551616,641859610,717158,641859136,2960815,0,0,0,8697,821,3896,0,12300
1785997803.159928960,0,641852935,0,0,0,0,0,641848787,13921,39600,0,0,790017077,746703918,0,0,0,641848787,14606,40500,0,585,99,0,0,641859611,3679014,3276700,18446744073709551616,641859612,717158,641859136,2960815,0,0,0,8697,821,3896,0,12300
1785997804.190632981,0,641852935,0,0,0,0,0,641848787,13921,39600,0,0,790020173,746707009,0,0,0,641848787,14606,40500,0,585,99,0,0,641859613,3679014,3276700,18446744073709551616,641859614,717158,641859136,2960815,0,0,0,8697,821,3896,0,12300
1785997805.212671877,0,641852935,0,0,0,0,0,641848787,13921,39600,0,0,790023236,746710047,0,0,0,641848787,14606,40500,0,585,99,0,0,641859615,3679014,3276700,18446744073709551616,641859616,717158,641859136,2960815,0,0,0,8697,821,3896,0,12300
1785997806.241553631,0,641852935,0,0,0,0,0,641848787,13921,39600,0,0,790026318,746713045,0,0,0,641848787,14606,40500,0,585,99,0,0,641859617,3679014,3276700,18446744073709551616,641859618,717158,641859136,2960815,0,0,0,8697,821,3896,0,12300
1785997807.273189349,0,641852935,0,0,0,0,0,641848787,13921,39600,0,0,790029408,746716079,0,0,0,641848787,14606,40500,0,585,99,0,0,641859619,3679014,3276700,18446744073709551616,641859620,717158,641859136,2960815,0,0,0,8697,821,3896,0,12300
1785997808.305098545,0,641852935,0,0,0,0,0,641848787,13921,39600,0,0,790032504,746719169,0,0,0,641848787,14606,40500,0,585,99,0,0,641859621,3679014,3276700,18446744073709551616,641859622,717158,641859136,2960815,0,0,0,8697,821,3896,0,12300
1785997809.337776109,0,641852935,0,0,0,0,0,641848787,13921,39600,0,0,790035601,746722260,0,0,0,641848787,14606,40500,0,585,99,0,0,641859623,3679014,3276700,18446744073709551616,641859624,717158,641859136,2960815,0,0,0,8697,821,3896,0,12300
1785997810.370096187,0,641852935,0,0,0,0,0,641848787,13921,39600,0,0,790038696,746725351,0,0,0,641848787,14606,40500,0,585,99,0,0,641859625,3679014,3276700,18446744073709551616,641859626,717158,641859136,2960815,0,0,0,8697,821,3896,0,12300
1785997811.399982625,0,641852935,0,0,0,0,0,641848787,13921,39600,0,0,790041790,746728440,0,0,0,641848787,14606,40500,0,585,99,0,0,641859627,3679014,3276700,18446744073709551616,641859628,717158,641859136,2960815,0,0,0,8697,821,3896,0,12300
1785997812.431519835,0,641852935,0,0,0,0,0,641848787,13921,39600,0,0,790044881,746731403,0,0,0,641848787,14606,40500,0,585,99,0,0,641859629,3679014,3276700,18446744073709551616,641859630,717158,641859136,2960815,0,0,0,8697,821,3896,0,12300
1785997813.462264045,0,641852935,0,0,0,0,0,641848787,13921,39600,0,0,790047971,746734488,0,0,0,641848787,14606,40500,0,585,99,0,0,641859631,3679014,3276700,18446744073709551616,641859632,717158,641859136,2960815,0,0,0,8697,821,3896,0,12300
1785997814.493145880,0,641852935,0,0,0,0,0,641848787,13921,39600,0,0,790051065,746737576,0,0,0,641848787,14606,40500,0,585,99,0,0,641859633,3679014,3276700,18446744073709551616,641859634,717158,641859136,2960815,0,0,0,8697,821,3896,0,12300
1785997815.525852805,0,641852935,0,0,0,0,0,641848787,13921,39600,0,0,790054160,746740648,0,0,0,641848787,14606,40500,0,585,99,0,0,641859635,3679014,3276700,18446744073709551616,641859636,717158,641859136,2960815,0,0,0,8697,821,3896,0,12300
1785997816.558237252,0,641852935,0,0,0,0,0,641848787,13921,39600,0,0,790057257,746743738,0,0,0,641848787,14606,40500,0,585,99,0,0,641859637,3679014,3276700,18446744073709551616,641859638,717158,641859136,2960815,0,0,0,8697,821,3896,0,12300
1785997817.588878608,0,641852935,0,0,0,0,0,641848787,13921,39600,0,0,790060345,746746805,0,0,0,641848787,14606,40500,0,585,99,0,0,641859639,3679014,3276700,18446744073709551616,641859640,717158,641859136,2960815,0,0,0,8697,821,3896,0,12300
1785997818.619842356,0,641852935,0,0,0,0,0,641848787,13921,39600,0,0,790063438,746749777,0,0,0,641848787,14606,40500,0,585,99,0,0,641859641,3679014,3276700,18446744073709551616,641859642,717158,641859136,2960815,0,0,0,8697,821,3896,0,12300
1785997819.650282794,0,641852935,0,0,0,0,0,641848787,13921,39600,0,0,790066533,746752866,0,0,0,641848787,14606,40500,0,585,99,0,0,641859643,3679014,3276700,18446744073709551616,641859644,717158,641859136,2960815,0,0,0,8697,821,3896,0,12300
1785997820.680304520,0,641852935,0,0,0,0,0,641848787,13921,39600,0,0,790069618,746755946,0,0,0,641848787,14606,40500,0,585,99,0,0,641859645,3679014,3276700,18446744073709551616,641859646,717158,641859136,2960815,0,0,0,8697,821,3896,0,12300
1785997821.710126243,0,641852935,0,0,0,0,0,641848787,13921,39600,0,0,790072707,746759030,0,0,0,641848787,14606,40500,0,585,99,0,0,641859647,3679014,3276700,18446744073709551616,641859648,717158,641859136,2960815,0,0,0,8697,821,3896,0,12300
1785997822.740347348,0,641852935,0,0,0,0,0,641848787,13921,39600,0,0,790075798,746762116,0,0,0,641848787,14606,40500,0,585,99,0,0,641859649,3679014,3276700,18446744073709551616,641859650,717158,641859136,2960815,0,0,0,8697,821,3896,0,12300
1785997823.773596806,0,641852935,0,0,0,0,0,641848787,13921,39600,0,0,790078896,746765146,0,0,0,641848787,14606,40500,0,585,99,0,0,641859651,3679014,3276700,18446744073709551616,641859652,717158,641859136,2960815,0,0,0,8697,821,3896,0,12300
1785997824.806916100,0,641852935,0,0,0,0,0,641848787,13921,39600,0,0,790081994,746768167,0,0,0,641848787,14606,40500,0,585,99,0,0,641859653,3679014,3276700,18446744073709551616,641859654,717158,641859136,2960815,0,0,0,8697,821,3896,0,12300
1785997825.839493293,0,641852935,0,0,0,0,0,641848787,13921,39600,0,0,790085090,746771235,0,0,0,641848787,14606,40500,0,585,99,0,0,641859655,3679014,3276700,18446744073709551616,641859656,717158,641859136,2960815,0,0,0,8697,821,3896,0,12300
1785997826.872574715,0,641852935,0,0,0,0,0,641848787,13921,39600,0,0,790088190,746774327,0,0,0,641848787,14606,40500,0,585,99,0,0,641859657,3679014,3276700,18446744073709551616,641859658,717158,641859136,2960815,0,0,0,8697,821,3896,0,12300
1785997827.904519726,0,641852935,0,0,0,0,0,641848787,13921,39600,0,0,790091286,746777418,0,0,0,641848787,14606,40500,0,585,99,0,0,641859659,3679014,3276700,18446744073709551616,641859660,717158,641859136,2960815,0,0,0,8697,821,3896,0,12300
1785997828.936392285,0,641852935,0,0,0,0,0,641848787,13921,39600,0,0,790094380,746780507,0,0,0,641848787,14606,40500,0,585,99,0,0,641859661,3679014,3276700,18446744073709551616,641859662,717158,641859136,2960815,0,0,0,8697,821,3896,0,12300
1785997829.969632919,0,641852935,0,0,0,0,0,641848787,13921,39600,0,0,790097478,746783495,0,0,0,641848787,14606,40500,0,585,99,0,0,641859663,3679014,3276700,18446744073709551616,641859664,717158,641859136,2960815,0,0,0,8697,821,3896,0,12300
1785997831.003729903,0,641852935,0,0,0,0,0,641848787,13921,39600,0,0,790100579,746786570,0,0,0,641848787,14606,40500,0,585,99,0,0,641859665,3679014,3276700,18446744073709551616,641859666,717158,641859136,2960815,0,0,0,8697,821,3896,0,12300
1785997832.034788084,0,641852935,0,0,0,0,0,641848787,13921,39600,0,0,790103671,746789657,0,0,0,641848787,14606,40500,0,585,99,0,0,641859667,3679014,3276700,18446744073709551616,641859668,717158,641859136,2960815,0,0,0,8697,821,3896,0,12300
1785997833.067765775,0,641852935,0,0,0,0,0,641848787,13921,39600,0,0,790106770,746792750,0,0,0,641848787,14606,40500,0,585,99,0,0,641859669,3679014,3276700,18446744073709551616,641859670,717158,641859136,2960815,0,0,0,8697,821,3896,0,12300
1785997834.100966909,0,641852935,0,0,0,0,0,641848787,13921,39600,0,0,790109870,746795843,0,0,0,641848787,14606,40500,0,585,99,0,0,641859671,3679014,3276700,18446744073709551616,641859672,717158,641859136,2960815,0,0,0,8697,821,3896,0,12300
1785997835.132649337,0,641852935,0,0,0,0,0,641848787,13921,39600,0,0,790112964,746798926,0,0,0,641848787,14606,40500,0,585,99,0,0,641859673,3679014,3276700,18446744073709551616,641859674,717158,641859136,2960815,0,0,0,8697,821,3896,0,12300
1785997836.164266986,0,641852935,0,0,0,0,0,641848787,13921,39600,0,0,790116054,746801870,0,0,0,641848787,14606,40500,0,585,99,0,0,641859675,3679014,3276700,18446744073709551616,641859676,717158,641859136,2960815,0,0,0,8697,821,3896,0,12300
1785997837.189263327,0,641852935,0,0,0,0,0,641848787,13921,39600,0,0,790119135,746804946,0,0,0,641848787,14606,40500,0,585,99,0,0,641859677,3679014,3276700,18446744073709551616,641859678,717158,641859136,2960815,0,0,0,8697,821,3896,0,12300
1785997838.216556202,0,641852935,0,0,0,0,0,641848787,13921,39600,0,0,790122211,746808018,0,0,0,641848787,14606,40500,0,585,99,0,0,641859679,3679014,3276700,18446744073709551616,641859680,717158,641859136,2960815,0,0,0,8697,821,3896,0,12300
1785997839.249709670,0,641852935,0,0,0,0,0,641848787,13921,39600,0,0,790125308,746811109,0,0,0,641848787,14606,40500,0,585,99,0,0,641859681,3679014,3276700,18446744073709551616,641859682,717158,641859136,2960815,0,0,0,8697,821,3896,0,12300
1785997840.281820139,0,641852935,0,0,0,0,0,641848787,13921,39600,0,0,790128408,746814203,0,0,0,641848787,14606,40500,0,585,99,0,0,641859683,3679014,3276700,18446744073709551616,641859684,717158,641859136,2960815,0,0,0,8697,821,3896,0,12300
1785997841.309709260,0,641852935,0,0,0,0,0,641848787,13921,39600,0,0,790131486,746817224,0,0,0,641848787,14606,40500,0,585,99,0,0,641859685,3679014,3276700,18446744073709551616,641859686,717158,641859136,2960815,0,0,0,8697,821,3896,0,12300
1785997842.339998948,0,641852935,0,0,0,0,0,641848787,13921,39600,0,0,790134575,746820224,0,0,0,641848787,14606,40500,0,585,99,0,0,641859687,3679014,3276700,18446744073709551616,641859688,717158,641859136,2960815,0,0,0,8697,821,3896,0,12300
1785997843.371532443,0,641852935,0,0,0,0,0,641848787,13921,39600,0,0,790137669,746823313,0,0,0,641848787,14606,40500,0,585,99,0,0,641859689,3679014,3276700,18446744073709551616,641859690,717158,641859136,2960815,0,0,0,8697,821,3896,0,12300
1785997844.404552271,0,641852935,0,0,0,0,0,641848787,13921,39600,0,0,790140770,746826406,0,0,0,641848787,14606,40500,0,585,99,0,0,641859691,3679014,3276700,18446744073709551616,641859692,717158,641859136,2960815,0,0,0,8697,821,3896,0,12300
1785997845.434355200,0,641852935,0,0,0,0,0,641848787,13921,39600,0,0,790143859,746829490,0,0,0,641848787,14606,40500,0,585,99,0,0,641859693,3679014,3276700,18446744073709551616,641859694,717158,641859136,2960815,0,0,0,8697,821,3896,0,12300
1785997846.462941137,0,641852935,0,0,0,0,0,641848787,13921,39600,0,0,790146942,746832545,0,0,0,641848787,14606,40500,0,585,99,0,0,641859695,3679014,3276700,18446744073709551616,641859696,717158,641859136,2960815,0,0,0,8697,821,3896,0,12300
1785997847.493876252,0,641852935,0,0,0,0,0,641848787,13921,39600,0,0,790150030,746835538,0,0,0,641848787,14606,40500,0,585,99,0,0,641859697,3679014,3276700,18446744073709551616,641859698,717158,641859136,2960815,0,0,0,8697,821,3896,0,12300
1785997848.526854587,0,641852935,0,0,0,0,0,641848787,13921,39600,0,0,790153130,746838592,0,0,0,641848787,14606,40500,0,585,99,0,0,641859699,3679014,3276700,18446744073709551616,641859700,717158,641859136,2960815,0,0,0,8697,821,3896,0,12300
1785997849.557633235,0,641852935,0,0,0,0,0,641848787,13921,39600,0,0,790156220,746841678,0,0,0,641848787,14606,40500,0,585,99,0,0,641859701,3679014,3276700,18446744073709551616,641859702,717158,641859136,2960815,0,0,0,8697,821,3896,0,12300
1785997850.590234921,0,641852935,0,0,0,0,0,641848787,13921,39600,0,0,790159319,746844769,0,0,0,641848787,14606,40500,0,585,99,0,0,641859703,3679014,3276700,18446744073709551616,641859704,717158,641859136,2960815,0,0,0,8697,821,3896,0,12300
1785997851.624997789,0,641852935,0,0,0,0,0,641848787,13921,39600,0,0,790162418,746847863,0,0,0,641848787,14606,40500,0,585,99,0,0,641859705,3679014,3276700,18446744073709551616,641859706,717158,641859136,2960815,0,0,0,8697,821,3896,0,12300
1785997852.657902173,0,641852935,0,0,0,0,0,641848787,13921,39600,0,0,790165521,746850960,0,0,0,641848787,14606,40500,0,585,99,0,0,641859707,3679014,3276700,18446744073709551616,641859708,717158,641859136,2960815,0,0,0,8697,821,3896,0,12300
1785997853.689270607,0,641852935,0,0,0,0,0,641848787,13921,39600,0,0,790168613,746853915,0,0,0,641848787,14606,40500,0,585,99,0,0,641859709,3679014,3276700,18446744073709551616,641859710,717158,641859136,2960815,0,0,0,8697,821,3896,0,12300
1785997854.719289191,0,641852935,0,0,0,0,0,641848787,13921,39600,0,0,790171702,746856999,0,0,0,641848787,14606,40500,0,585,99,0,0,641859711,3679014,3276700,18446744073709551616,641859712,717158,641859136,2960815,0,0,0,8697,821,3896,0,12300
1785997855.748930952,0,641852935,0,0,0,0,0,641848787,13921,39600,0,0,790174791,746860083,0,0,0,641848787,14606,40500,0,585,99,0,0,641859713,3679014,3276700,18446744073709551616,641859714,717158,641859136,2960815,0,0,0,8697,821,3896,0,12300
1785997856.781731791,0,641852935,0,0,0,0,0,641848787,13921,39600,0,0,790177886,746863119,0,0,0,641848787,14606,40500,0,585,99,0,0,641859715,3679014,3276700,18446744073709551616,641859716,717158,641859136,2960815,0,0,0,8697,821,3896,0,12300
1785997857.815193214,0,641852935,0,0,0,0,0,641848787,13921,39600,0,0,790180987,746866214,0,0,0,641848787,14606,40500,0,585,99,0,0,641859717,3679014,3276700,18446744073709551616,641859718,717158,641859136,2960815,0,0,0,8697,821,3896,0,12300
1785997858.846856137,0,641852935,0,0,0,0,0,641848787,13921,39600,0,0,790184082,746869278,0,0,0,641848787,14606,40500,0,585,99,0,0,641859719,3679014,3276700,18446744073709551616,641859720,717158,641859136,2960815,0,0,0,8697,821,3896,0,12300
1785997859.879419251,0,641852935,0,0,0,0,0,641848787,13921,39600,0,0,790187178,746872259,0,0,0,641848787,14606,40500,0,585,99,0,0,641859721,3679014,3276700,18446744073709551616,641859722,717158,641859136,2960815,0,0,0,8697,821,3896,0,12300
1785997860.913297761,0,641852935,0,0,0,0,0,641848787,13921,39600,0,0,790190277,746875354,0,0,0,641848787,14606,40500,0,585,99,0,0,641859723,3679014,3276700,18446744073709551616,641859724,717158,641859136,2960815,0,0,0,8697,821,3896,0,12300
1785997861.946404869,0,641852935,0,0,0,0,0,641848787,13921,39600,0,0,790193375,746878447,0,0,0,641848787,14606,40500,0,585,99,0,0,641859725,3679014,3276700,18446744073709551616,641859726,717158,641859136,2960815,0,0,0,8697,821,3896,0,12300
1785997862.975539564,0,641852935,0,0,0,0,0,641848787,13921,39600,0,0,790196462,746881529,0,0,0,641848787,14606,40500,0,585,99,0,0,641859727,3679014,3276700,18446744073709551616,641859728,717158,641859136,2960815,0,0,0,8697,821,3896,0,12300
1785997864.006968897,0,641852935,0,0,0,0,0,641848787,13921,39600,0,0,790199557,746884618,0,0,0,641848787,14606,40500,0,585,99,0,0,641859729,3679014,3276700,18446744073709551616,641859730,717158,641859136,2960815,0,0,0,8697,821,3896,0,12300
1785997865.034266393,0,641852935,0,0,0,0,0,641848787,13921,39600,0,0,790202635,746887624,0,0,0,641848787,14606,40500,0,585,99,0,0,641859731,3679014,3276700,18446744073709551616,641859732,717158,641859136,2960815,0,0,0,8697,821,3896,0,12300
1785997866.067551701,0,641852935,0,0,0,0,0,641848787,13921,39600,0,0,790205734,746890663,0,0,0,641848787,14606,40500,0,585,99,0,0,641859733,3679014,3276700,18446744073709551616,641859734,717158,641859136,2960815,0,0,0,8697,821,3896,0,12300
1785997867.099962813,0,641852935,0,0,0,0,0,641848787,13921,39600,0,0,790208831,746893731,0,0,0,641848787,14606,40500,0,585,99,0,0,641859735,3679014,3276700,18446744073709551616,641859736,717158,641859136,2960815,0,0,0,8697,821,3896,0,12300
1785997868.132293688,0,641852935,0,0,0,0,0,641848787,13921,39600,0,0,790211927,746896822,0,0,0,641848787,14606,40500,0,585,99,0,0,641859737,3679014,3276700,18446744073709551616,641859738,717158,641859136,2960815,0,0,0,8697,821,3896,0,12300
1785997869.164596169,0,641852935,0,0,0,0,0,641848787,13921,39600,0,0,790215023,746899913,0,0,0,641848787,14606,40500,0,585,99,0,0,641859739,3679014,3276700,18446744073709551616,641859740,717158,641859136,2960815,0,0,0,8697,821,3896,0,12300
1785997870.196590996,0,641852935,0,0,0,0,0,641848787,13921,39600,0,0,790218118,746903003,0,0,0,641848787,14606,40500,0,585,99,0,0,641859741,3679014,3276700,18446744073709551616,641859742,717158,641859136,2960815,0,0,0,8697,821,3896,0,12300
1785997871.228873498,0,641852935,0,0,0,0,0,641848787,13921,39600,0,0,790221212,746905966,0,0,0,641848787,14606,40500,0,585,99,0,0,641859743,3679014,3276700,18446744073709551616,641859744,717158,641859136,2960815,0,0,0,8697,821,3896,0,12300
1785997872.262277969,0,641852935,0,0,0,0,0,641848787,13921,39600,0,0,790224313,746909053,0,0,0,641848787,14606,40500,0,585,99,0,0,641859745,3679014,3276700,18446744073709551616,641859746,717158,641859136,2960815,0,0,0,8697,821,3896,0,12300
1785997873.295174407,0,641852935,0,0,0,0,0,641848787,13921,39600,0,0,790227410,746912143,0,0,0,641848787,14606,40500,0,585,99,0,0,641859747,3679014,3276700,18446744073709551616,641859748,717158,641859136,2960815,0,0,0,8697,821,3896,0,12300
1785997874.327421952,0,641852935,0,0,0,0,0,641848787,13921,39600,0,0,790230506,746915234,0,0,0,641848787,14606,40500,0,585,99,0,0,641859749,3679014,3276700,18446744073709551616,641859750,717158,641859136,2960815,0,0,0,8697,821,3896,0,12300
1785997875.358458711,0,641852935,0,0,0,0,0,641848787,13921,39600,0,0,790233603,746918323,0,0,0,641848787,14606,40500,0,585,99,0,0,641859751,3679014,3276700,18446744073709551616,641859752,717158,641859136,2960815,0,0,0,8697,821,3896,0,12300
1785997876.388190633,0,641852935,0,0,0,0,0,641848787,13921,39600,0,0,790236688,746921397,0,0,0,641848787,14606,40500,0,585,99,0,0,641859753,3679014,3276700,18446744073709551616,641859754,717158,641859136,2960815,0,0,0,8697,821,3896,0,12300
1785997877.419759626,0,641852935,0,0,0,0,0,641848787,13921,39600,0,0,790239779,746924343,0,0,0,641848787,14606,40500,0,585,99,0,0,641859755,3679014,3276700,18446744073709551616,641859756,717158,641859136,2960815,0,0,0,8697,821,3896,0,12300
1785997878.452432906,0,641852935,0,0,0,0,0,641848787,13921,39600,0,0,790242876,746927434,0,0,0,641848787,14606,40500,0,585,99,0,0,641859757,3679014,3276700,18446744073709551616,641859758,717158,641859136,2960815,0,0,0,8697,821,3896,0,12300
1785997879.484163697,0,641852935,0,0,0,0,0,641848787,13921,39600,0,0,790245973,746930525,0,0,0,641848787,14606,40500,0,585,99,0,0,641859759,3679014,3276700,18446744073709551616,641859760,717158,641859136,2960815,0,0,0,8697,821,3896,0,12300
1785997880.516509340,0,641852935,0,0,0,0,0,641848787,13921,39600,0,0,790249067,746933615,0,0,0,641848787,14606,40500,0,585,99,0,0,641859761,3679014,3276700,18446744073709551616,641859762,717158,641859136,2960815,0,0,0,8697,821,3896,0,12300
1785997881.548901016,0,641852935,0,0,0,0,0,641848787,13921,39600,0,0,790252165,746936706,0,0,0,641848787,14606,40500,0,585,99,0,0,641859763,3679014,3276700,18446744073709551616,641859764,717158,641859136,2960815,0,0,0,8697,821,3896,0,12300
1785997882.579461505,0,641852935,0,0,0,0,0,641848787,13921,39600,0,0,790255259,746939737,0,0,0,641848787,14606,40500,0,585,99,0,0,641859765,3679014,3276700,18446744073709551616,641859766,717158,641859136,2960815,0,0,0,8697,821,3896,0,12300
1785997883.606756718,0,641852935,0,0,0,0,0,641848787,13921,39600,0,0,790258339,746942737,0,0,0,641848787,14606,40500,0,585,99,0,0,641859767,3679014,3276700,18446744073709551616,641859768,717158,641859136,2960815,0,0,0,8697,821,3896,0,12300
1785997884.639122913,0,641852935,0,0,0,0,0,641848787,13921,39600,0,0,790261431,746945824,0,0,0,641848787,14606,40500,0,585,99,0,0,641859769,3679014,3276700,18446744073709551616,641859770,717158,641859136,2960815,0,0,0,8697,821,3896,0,12300
1785997885.666795230,0,641852935,0,0,0,0,0,641848787,13921,39600,0,0,790264512,746948900,0,0,0,641848787,14606,40500,0,585,99,0,0,641859771,3679014,3276700,18446744073709551616,641859772,717158,641859136,2960815,0,0,0,8697,821,3896,0,12300
1785997886.699395486,0,641852935,0,0,0,0,0,641848787,13921,39600,0,0,790267608,746951992,0,0,0,641848787,14606,40500,0,585,99,0,0,641859773,3679014,3276700,18446744073709551616,641859774,717158,641859136,2960815,0,0,0,8697,821,3896,0,12300
1785997887.731258029,0,641852935,0,0,0,0,0,641848787,13921,39600,0,0,790270704,746955058,0,0,0,641848787,14606,40500,0,585,99,0,0,641859775,3679014,3276700,18446744073709551616,641859776,717158,641859136,2960815,0,0,0,8697,821,3896,0,12300
1785997888.760904832,0,641852935,0,0,0,0,0,641848787,13921,39600,0,0,790273792,746958042,0,0,0,641848787,14606,40500,0,585,99,0,0,641859777,3679014,3276700,18446744073709551616,641859778,717158,641859136,2960815,0,0,0,8697,821,3896,0,12300
1785997889.789562881,0,641852935,0,0,0,0,0,641848787,13921,39600,0,0,790276881,746961090,0,0,0,641848787,14606,40500,0,585,99,0,0,641859779,3679014,3276700,18446744073709551616,641859780,717158,641859136,2960815,0,0,0,8697,821,3896,0,12300
1785997890.818834521,0,641852935,0,0,0,0,0,641848787,13921,39600,0,0,790279967,746964173,0,0,0,641848787,14606,40500,0,585,99,0,0,641859781,3679014,3276700,18446744073709551616,641859782,717158,641859136,2960815,0,0,0,8697,821,3896,0,12300
1785997891.848126349,0,641852935,0,0,0,0,0,641848787,13921,39600,0,0,790283054,746967255,0,0,0,641848787,14606,40500,0,585,99,0,0,641859783,3679014,3276700,18446744073709551616,641859784,717158,641859136,2960815,0,0,0,8697,821,3896,0,12300
1785997892.880224925,0,641852935,0,0,0,0,0,641848787,13921,39600,0,0,790286149,746970345,0,0,0,641848787,14606,40500,0,585,99,0,0,641859785,3679014,3276700,18446744073709551616,641859786,717158,641859136,2960815,0,0,0,8697,821,3896,0,12300
1785997893.909588336,0,641852935,0,0,0,0,0,641848787,13921,39600,0,0,790289240,746973429,0,0,0,641848787,14606,40500,0,585,99,0,0,641859787,3679014,3276700,18446744073709551616,641859788,717158,641859136,2960815,0,0,0,8697,821,3896,0,12300
1785997894.939020198,0,641852935,0,0,0,0,0,641848787,13921,39600,0,0,790292321,746976375,0,0,0,641848787,14606,40500,0,585,99,0,0,641859789,3679014,3276700,18446744073709551616,641859790,717158,641859136,2960815,0,0,0,8697,821,3896,0,12300
1785997895.970954870,0,641852935,0,0,0,0,0,641848787,13921,39600,0,0,790295417,746979466,0,0,0,641848787,14606,40500,0,585,99,0,0,641859791,3679014,3276700,18446744073709551616,641859792,717158,641859136,2960815,0,0,0,8697,821,3896,0,12300
1785997897.003831946,0,641852935,0,0,0,0,0,641848787,13921,39600,0,0,790298514,746982557,0,0,0,641848787,14606,40500,0,585,99,0,0,641859793,3679014,3276700,18446744073709551616,641859794,717158,641859136,2960815,0,0,0,8697,821,3896,0,12300
1785997898.035789979,0,641852935,0,0,0,0,0,641848787,13921,39600,0,0,790301609,746985625,0,0,0,641848787,14606,40500,0,585,99,0,0,641859795,3679014,3276700,18446744073709551616,641859796,717158,641859136,2960815,0,0,0,8697,821,3896,0,12300
1785997899.068136734,0,641852935,0,0,0,0,0,641848787,13921,39600,0,0,790304706,746988716,0,0,0,641848787,14606,40500,0,585,99,0,0,641859797,3679014,3276700,18446744073709551616,641859798,717158,641859136,2960815,0,0,0,8697,821,3896,0,12300
1785997900.097186861,0,641852935,0,0,0,0,0,641848787,13921,39600,0,0,790307795,746991754,0,0,0,641848787,14606,40500,0,585,99,0,0,641859799,3679014,3276700,18446744073709551616,641859800,717158,641859136,2960815,0,0,0,8697,821,3896,0,12300
1785997901.124571162,0,641852935,0,0,0,0,0,641848787,13921,39600,0,0,790310872,746994744,0,0,0,641848787,14606,40500,0,585,99,0,0,641859801,3679014,3276700,18446744073709551616,641859802,717158,641859136,2960815,0,0,0,8697,821,3896,0,12300
1785997902.157567799,0,641852935,0,0,0,0,0,641848787,13921,39600,0,0,790313973,746997838,0,0,0,641848787,14606,40500,0,585,99,0,0,641859803,3679014,3276700,18446744073709551616,641859804,717158,641859136,2960815,0,0,0,8697,821,3896,0,12300
1785997903.190014768,0,641852935,0,0,0,0,0,641848787,13921,39600,0,0,790317069,747000930,0,0,0,641848787,14606,40500,0,585,99,0,0,641859805,3679014,3276700,18446744073709551616,641859806,717158,641859136,2960815,0,0,0,8697,821,3896,0,12300
1785997904.222956665,0,641852935,0,0,0,0,0,641848787,13921,39600,0,0,790320166,747004020,0,0,0,641848787,14606,40500,0,585,99,0,0,641859807,3679014,3276700,18446744073709551616,641859808,717158,641859136,2960815,0,0,0,8697,821,3896,0,12300
1785997905.255730433,0,641852935,0,0,0,0,0,641848787,13921,39600,0,0,790323264,747007112,0,0,0,641848787,14606,40500,0,585,99,0,0,641859809,3679014,3276700,18446744073709551616,641859810,717158,641859136,2960815,0,0,0,8697,821,3896,0,12300
1785997906.285644472,0,641852935,0,0,0,0,0,641848787,13921,39600,0,0,790326350,747010106,0,0,0,641848787,14606,40500,0,585,99,0,0,641859811,3679014,3276700,18446744073709551616,641859812,717158,641859136,2960815,0,0,0,8697,821,3896,0,12300
1785997907.318158072,0,641852935,0,0,0,0,0,641848787,13921,39600,0,0,790329449,747013162,0,0,0,641848787,14606,40500,0,585,99,0,0,641859813,3679014,3276700,18446744073709551616,641859814,717158,641859136,2960815,0,0,0,8697,821,3896,0,12300
1785997908.350168705,0,641852935,0,0,0,0,0,641848787,13921,39600,0,0,790332543,747016230,0,0,0,641848787,14606,40500,0,585,99,0,0,641859815,3679014,3276700,18446744073709551616,641859816,717158,641859136,2960815,0,0,0,8697,821,3896,0,12300
1785997909.382315705,0,641852935,0,0,0,0,0,641848787,13921,39600,0,0,790335639,747019320,0,0,0,641848787,14606,40500,0,585,99,0,0,641859817,3679014,3276700,18446744073709551616,641859818,717158,641859136,2960815,0,0,0,8697,821,3896,0,12300
1785997910.407610757,0,641852935,0,0,0,0,0,641848787,13921,39600,0,0,790338713,747022390,0,0,0,641848787,14606,40500,0,585,99,0,0,641859819,3679014,3276700,18446744073709551616,641859820,717158,641859136,2960815,0,0,0,8697,821,3896,0,12300
1785997911.439801512,0,641852935,0,0,0,0,0,641848787,13921,39600,0,0,790341811,747025482,0,0,0,641848787,14606,40500,0,585,99,0,0,641859821,3679014,3276700,18446744073709551616,641859822,717158,641859136,2960815,0,0,0,8697,821,3896,0,12300
1785997912.472523094,0,641852935,0,0,0,0,0,641848787,13921,39600,0,0,790344905,747028445,0,0,0,641848787,14606,40500,0,585,99,0,0,641859823,3679014,3276700,18446744073709551616,641859824,717158,641859136,2960815,0,0,0,8697,821,3896,0,12300
1785997913.505404032,0,641852935,0,0,0,0,0,641848787,13921,39600,0,0,790348004,747031537,0,0,0,641848787,14606,40500,0,585,99,0,0,641859825,3679015,3276700,18446744073709551616,641859826,717158,641859136,2960815,0,0,0,8697,821,3896,0,12300
1785997914.534110404,0,641852935,0,0,0,0,0,641848787,13921,39600,0,0,790351095,747034623,0,0,0,641848787,14606,40500,0,585,99,0,0,641859827,3679015,3276700,18446744073709551616,641859828,717158,641859136,2960815,0,0,0,8697,821,3896,0,12300
1785997915.562566498,0,641852935,0,0,0,0,0,641848787,13921,39600,0,0,790354175,747037699,0,0,0,641848787,14606,40500,0,585,99,0,0,641859829,3679015,3276700,18446744073709551616,641859830,717158,641859136,2960815,0,0,0,8697,821,3896,0,12300
1785997916.594719013,0,641852935,0,0,0,0,0,641848787,13921,39600,0,0,790357269,747040788,0,0,0,641848787,14606,40500,0,585,99,0,0,641859831,3679015,3276700,18446744073709551616,641859832,717158,641859136,2960815,0,0,0,8697,821,3896,0,12300
1785997917.626940561,0,641852935,0,0,0,0,0,641848787,13921,39600,0,0,790360367,747043849,0,0,0,641848787,14606,40500,0,585,99,0,0,641859833,3679015,3276700,18446744073709551616,641859834,717158,641859136,2960815,0,0,0,8697,821,3896,0,12300
1785997918.659603194,0,641852935,0,0,0,0,0,641848787,13921,39600,0,0,790363457,747046755,0,0,0,641848787,14606,40500,0,585,99,0,0,641859835,3679015,3276700,18446744073709551616,641859836,717158,641859136,2960815,0,0,0,8697,821,3896,0,12300
1785997919.691254260,0,641852935,0,0,0,0,0,641848787,13921,39600,0,0,790366551,747049844,0,0,0,641848787,14606,40500,0,585,99,0,0,641859837,3679015,3276700,18446744073709551616,641859838,717158,641859136,2960815,0,0,0,8697,821,3896,0,12300
1785997920.723740599,0,641852935,0,0,0,0,0,641848787,13921,39600,0,0,790369647,747052935,0,0,0,641848787,14606,40500,0,585,99,0,0,641859839,3679015,3276700,18446744073709551616,641859840,717158,641859136,2960815,0,0,0,8697,821,3896,0,12300
1785997921.754867925,0,641852935,0,0,0,0,0,641848787,13921,39600,0,0,790372741,747056024,0,0,0,641848787,14606,40500,0,585,99,0,0,641859841,3679015,3276700,18446744073709551616,641859842,717158,641859136,2960815,0,0,0,8697,821,3896,0,12300
1785997922.786646840,0,641852935,0,0,0,0,0,641848787,13921,39600,0,0,790375835,747059113,0,0,0,641848787,14606,40500,0,585,99,0,0,641859843,3679015,3276700,18446744073709551616,641859844,717158,641859136,2960815,0,0,0,8697,821,3896,0,12300
1785997923.817877546,0,641852935,0,0,0,0,0,641848787,13921,39600,0,0,790378929,747062166,0,0,0,641848787,14606,40500,0,585,99,0,0,641859845,3679015,3276700,18446744073709551616,641859846,717158,641859136,2960815,0,0,0,8697,821,3896,0,12300
1785997924.850334183,0,641852935,0,0,0,0,0,641848787,13921,39600,0,0,790382025,747065165,0,0,0,641848787,14606,40500,0,585,99,0,0,641859847,3679015,3276700,18446744073709551616,641859848,717158,641859136,2960815,0,0,0,8697,821,3896,0,12300
1785997925.881634382,0,641852935,0,0,0,0,0,641848787,13921,39600,0,0,790385118,747068253,0,0,0,641848787,14606,40500,0,585,99,0,0,641859849,3679015,3276700,18446744073709551616,641859850,717158,641859136,2960815,0,0,0,8697,821,3896,0,12300
1785997926.913044030,0,641852935,0,0,0,0,0,641848787,13921,39600,0,0,790388211,747071341,0,0,0,641848787,14606,40500,0,585,99,0,0,641859851,3679015,3276700,18446744073709551616,641859852,717158,641859136,2960815,0,0,0,8697,821,3896,0,12300
1785997927.946390578,0,641852935,0,0,0,0,0,641848787,13921,39600,0,0,790391311,747074435,0,0,0,641848787,14606,40500,0,585,99,0,0,641859853,3679015,3276700,18446744073709551616,641859854,717158,641859136,2960815,0,0,0,8697,821,3896,0,12300
1785997928.978296321,0,641852935,0,0,0,0,0,641848787,13921,39600,0,0,790394407,747077502,0,0,0,641848787,14606,40500,0,585,99,0,0,641859855,3679015,3276700,18446744073709551616,641859856,717158,641859136,2960815,0,0,0,8697,821,3896,0,12300
1785997930.006590693,0,641852935,0,0,0,0,0,641848787,13921,39600,0,0,790397489,747080494,0,0,0,641848787,14606,40500,0,585,99,0,0,641859857,3679015,3276700,18446744073709551616,641859858,717158,641859136,2960815,0,0,0,8697,821,3896,0,12300
1785997931.038139804,0,641852935,0,0,0,0,0,641848787,13921,39600,0,0,790400581,747083533,0,0,0,641848787,14606,40500,0,585,99,0,0,641859859,3679015,3276700,18446744073709551616,641859860,717158,641859136,2960815,0,0,0,8697,821,3896,0,12300
1785997932.070718710,0,641852935,0,0,0,0,0,641848787,13921,39600,0,0,790403680,747086625,0,0,0,641848787,14606,40500,0,585,99,0,0,641859861,3679015,3276700,18446744073709551616,641859862,717158,641859136,2960815,0,0,0,8697,821,3896,0,12300
1785997933.103433602,0,641852935,0,0,0,0,0,641848787,13921,39600,0,0,790406776,747089716,0,0,0,641848787,14606,40500,0,585,99,0,0,641859863,3679015,3276700,18446744073709551616,641859864,717158,641859136,2960815,0,0,0,8697,821,3896,0,12300
1785997934.136310724,0,641852935,0,0,0,0,0,641848787,13921,39600,0,0,790409873,747092808,0,0,0,641848787,14606,40500,0,585,99,0,0,641859865,3679015,3276700,18446744073709551616,641859866,717158,641859136,2960815,0,0,0,8697,821,3896,0,12300
1785997935.169435445,0,641852935,0,0,0,0,0,641848787,13921,39600,0,0,790412973,747095900,0,0,0,641848787,14606,40500,0,585,99,0,0,641859867,3679015,3276700,18446744073709551616,641859868,717158,641859136,2960815,0,0,0,8697,821,3896,0,12300
1785997936.197863015,0,641852935,0,0,0,0,0,641848787,13921,39600,0,0,790416057,747098849,0,0,0,641848787,14606,40500,0,585,99,0,0,641859869,3679015,3276700,18446744073709551616,641859870,717158,641859136,2960815,0,0,0,8697,821,3896,0,12300
1785997937.229118964,0,641852935,0,0,0,0,0,641848787,13921,39600,0,0,790419148,747101919,0,0,0,641848787,14606,40500,0,585,99,0,0,641859871,3679015,3276700,18446744073709551616,641859872,717158,641859136,2960815,0,0,0,8697,821,3896,0,12300
1785997938.261005348,0,641852935,0,0,0,0,0,641848787,13921,39600,0,0,790422243,747105009,0,0,0,641848787,14606,40500,0,585,99,0,0,641859873,3679015,3276700,18446744073709551616,641859874,717158,641859136,2960815,0,0,0,8697,821,3896,0,12300
1785997939.294160347,0,641852935,0,0,0,0,0,641848787,13921,39600,0,0,790425342,747108081,0,0,0,641848787,14606,40500,0,585,99,0,0,641859875,3679015,3276700,18446744073709551616,641859876,717159,641859136,2960815,0,0,0,8697,821,3896,0,12300
1785997940.325081958,0,641852935,0,0,0,0,0,641848787,13921,39600,0,0,790428432,747111167,0,0,0,641848787,14606,40500,0,585,99,0,0,641859877,3679015,3276700,18446744073709551616,641859878,717159,641859136,2960815,0,0,0,8697,821,3896,0,12300
1785997941.354552745,0,641852935,0,0,0,0,0,641848787,13921,39600,0,0,790431523,747114242,0,0,0,641848787,14606,40500,0,585,99,0,0,641859879,3679015,3276700,18446744073709551616,641859880,717159,641859136,2960815,0,0,0,8697,821,3896,0,12300
1785997942.381603222,0,641852935,0,0,0,0,0,641848787,13921,39600,0,0,790434600,747117204,0,0,0,641848787,14606,40500,0,585,99,0,0,641859881,3679015,3276700,18446744073709551616,641859882,717159,641859136,2960815,0,0,0,8697,821,3896,0,12300
1785997943.412467761,0,641852935,0,0,0,0,0,641848787,13921,39600,0,0,790437693,747120291,0,0,0,641848787,14606,40500,0,585,99,0,0,641859883,3679015,3276700,18446744073709551616,641859884,717159,641859136,2960815,0,0,0,8697,821,3896,0,12300
1785997944.445112003,0,641852935,0,0,0,0,0,641848787,13921,39600,0,0,790440790,747123383,0,0,0,641848787,14606,40500,0,585,99,0,0,641859885,3679015,3276700,18446744073709551616,641859886,717159,641859136,2960815,0,0,0,8697,821,3896,0,12300
1785997945.473019262,0,641852935,0,0,0,0,0,641848787,13921,39600,0,0,790443878,747126465,0,0,0,641848787,14606,40500,0,585,99,0,0,641859887,3679015,3276700,18446744073709551616,641859888,717159,641859136,2960815,0,0,0,8697,821,3896,0,12300
1785997946.502149875,0,641852935,0,0,0,0,0,641848787,13921,39600,0,0,790446960,747129542,0,0,0,641848787,14606,40500,0,585,99,0,0,641859889,3679015,3276700,18446744073709551616,641859890,717159,641859136,2960815,0,0,0,8697,821,3896,0,12300
1785997947.533431246,0,641852935,0,0,0,0,0,641848787,13921,39600,0,0,790450053,747132573,0,0,0,641848787,14606,40500,0,585,99,0,0,641859891,3679015,3276700,18446744073709551616,641859892,717159,641859136,2960815,0,0,0,8697,821,3896,0,12300
1785997948.566420999,0,641852935,0,0,0,0,0,641848787,13921,39600,0,0,790453148,747135588,0,0,0,641848787,14606,40500,0,585,99,0,0,641859893,3679015,3276700,18446744073709551616,641859894,717159,641859136,2960815,0,0,0,8697,821,3896,0,12300
1785997949.598450397,0,641852935,0,0,0,0,0,641848787,13921,39600,0,0,790456244,747138654,0,0,0,641848787,14606,40500,0,585,99,0,0,641859895,3679015,3276700,18446744073709551616,641859896,717159,641859136,2960815,0,0,0,8697,821,3896,0,12300
1785997950.625498802,0,641852935,0,0,0,0,0,641848787,13921,39600,0,0,790459325,747141731,0,0,0,641848787,14606,40500,0,585,99,0,0,641859897,3679015,3276700,18446744073709551616,641859898,717159,641859136,2960815,0,0,0,8697,821,3896,0,12300
1785997951.652308113,0,641852935,0,0,0,0,0,641848787,13921,39600,0,0,790462404,747144805,0,0,0,641848787,14606,40500,0,585,99,0,0,641859899,3679015,3276700,18446744073709551616,641859900,717159,641859136,2960815,0,0,0,8697,821,3896,0,12300
1785997952.685362015,0,641852935,0,0,0,0,0,641848787,13921,39600,0,0,790465502,747147898,0,0,0,641848787,14606,40500,0,585,99,0,0,641859901,3679015,3276700,18446744073709551616,641859902,717159,641859136,2960815,0,0,0,8697,821,3896,0,12300
1785997953.717258235,0,641852935,0,0,0,0,0,641848787,13921,39600,0,0,790468594,747150881,0,0,0,641848787,14606,40500,0,585,99,0,0,641859903,3679015,3276700,18446744073709551616,641859904,717159,641859136,2960815,0,0,0,8697,821,3896,0,12300
1785997954.749519592,0,641852935,0,0,0,0,0,641848787,13921,39600,0,0,790471692,747153943,0,0,0,641848787,14606,40500,0,585,99,0,0,641859905,3679015,3276700,18446744073709551616,641859906,717159,641859136,2960815,0,0,0,8697,821,3896,0,12300
1785997955.781270870,0,641852935,0,0,0,0,0,641848787,13921,39600,0,0,790474787,747157031,0,0,0,641848787,14606,40500,0,585,99,0,0,641859907,3679015,3276700,18446744073709551616,641859908,717159,641859136,2960815,0,0,0,8697,821,3896,0,12300
1785997956.814072766,0,641852935,0,0,0,0,0,641848787,13921,39600,0,0,790477883,747160123,0,0,0,641848787,14606,40500,0,585,99,0,0,641859909,3679015,3276700,18446744073709551616,641859910,717159,641859136,2960815,0,0,0,8697,821,3896,0,12300
1785997957.847110553,0,641852935,0,0,0,0,0,641848787,13921,39600,0,0,790480983,747163216,0,0,0,641848787,14606,40500,0,585,99,0,0,641859911,3679015,3276700,18446744073709551616,641859912,717159,641859136,2960815,0,0,0,8697,821,3896,0,12300
1785997958.877846720,0,641852935,0,0,0,0,0,641848787,13921,39600,0,0,790484074,747166299,0,0,0,641848787,14606,40500,0,585,99,0,0,641859913,3679015,3276700,18446744073709551616,641859914,717159,641859136,2960815,0,0,0,8697,821,3896,0,12300
1785997959.909057948,0,641852935,0,0,0,0,0,641848787,13921,39600,0,0,790487164,747169232,0,0,0,641848787,14606,40500,0,585,99,0,0,641859915,3679015,3276700,18446744073709551616,641859916,717159,641859136,2960815,0,0,0,8697,821,3896,0,12300
1785997960.939050734,0,641852935,0,0,0,0,0,641848787,13921,39600,0,0,790490254,747172316,0,0,0,641848787,14606,40500,0,585,99,0,0,641859917,3679015,3276700,18446744073709551616,641859918,717159,641859136,2960815,0,0,0,8697,821,3896,0,12300
1785997961.971903218,0,641852935,0,0,0,0,0,641848787,13921,39600,0,0,790493353,747175409,0,0,0,641848787,14606,40500,0,585,99,0,0,641859919,3679015,3276700,18446744073709551616,641859920,717159,641859136,2960815,0,0,0,8697,821,3896,0,12300
1785997963.004312269,0,641852935,0,0,0,0,0,641848787,13921,39600,0,0,790496448,747178500,0,0,0,641848787,14606,40500,0,585,99,0,0,641859921,3679015,3276700,18446744073709551616,641859922,717159,641859136,2960815,0,0,0,8697,821,3896,0,12300
1785997964.032794120,0,641852935,0,0,0,0,0,641848787,13921,39600,0,0,790499538,747181585,0,0,0,641848787,14606,40500,0,585,99,0,0,641859923,3679015,3276700,18446744073709551616,641859924,717159,641859136,2960815,0,0,0,8697,821,3896,0,12300
1785997965.062481097,0,641852935,0,0,0,0,0,641848787,13921,39600,0,0,790502621,747184616,0,0,0,641848787,14606,40500,0,585,99,0,0,641859925,3679015,3276700,18446744073709551616,641859926,717159,641859136,2960815,0,0,0,8697,821,3896,0,12300
1785997966.090347187,0,641852935,0,0,0,0,0,641848787,13921,39600,0,0,790505703,747187605,0,0,0,641848787,14606,40500,0,585,99,0,0,641859927,3679015,3276700,18446744073709551616,641859928,717159,641859136,2960815,0,0,0,8697,821,3896,0,12300
1785997967.122461038,0,641852935,0,0,0,0,0,641848787,13921,39600,0,0,790508799,747190696,0,0,0,641848787,14606,40500,0,585,99,0,0,641859929,3679015,3276700,18446744073709551616,641859930,717159,641859136,2960815,0,0,0,8697,821,3896,0,12300
1785997968.154431793,0,641852935,0,0,0,0,0,641848787,13921,39600,0,0,790511896,747193786,0,0,0,641848787,14606,40500,0,585,99,0,0,641859931,3679015,3276700,18446744073709551616,641859932,717159,641859136,2960815,0,0,0,8697,821,3896,0,12300
1785997969.184942353,0,641852935,0,0,0,0,0,641848787,13921,39600,0,0,790514985,747196870,0,0,0,641848787,14606,40500,0,585,99,0,0,641859933,3679015,3276700,18446744073709551616,641859934,717159,641859136,2960815,0,0,0,8697,821,3896,0,12300
1785997970.215818769,0,641852935,0,0,0,0,0,641848787,13921,39600,0,0,790518076,747199933,0,0,0,641848787,14606,40500,0,585,99,0,0,641859935,3679015,3276700,18446744073709551616,641859936,717159,641859136,2960815,0,0,0,8697,821,3896,0,12300
1785997971.244141414,0,641852935,0,0,0,0,0,641848787,13921,39600,0,0,790521162,747202926,0,0,0,641848787,14606,40500,0,585,99,0,0,641859937,3679015,3276700,18446744073709551616,641859938,717159,641859136,2960815,0,0,0,8697,821,3896,0,12300
1785997972.274236263,0,641852935,0,0,0,0,0,641848787,13921,39600,0,0,790524246,747205968,0,0,0,641848787,14606,40500,0,585,99,0,0,641859939,3679015,3276700,18446744073709551616,641859940,717159,641859136,2960815,0,0,0,8697,821,3896,0,12300
1785997973.306134514,0,641852935,0,0,0,0,0,641848787,13921,39600,0,0,790527343,747209058,0,0,0,641848787,14606,40500,0,585,99,0,0,641859941,3679015,3276700,18446744073709551616,641859942,717159,641859136,2960815,0,0,0,8697,821,3896,0,12300
1785997974.337582280,0,641852935,0,0,0,0,0,641848787,13921,39600,0,0,790530437,747212147,0,0,0,641848787,14606,40500,0,585,99,0,0,641859943,3679015,3276700,18446744073709551616,641859944,717159,641859136,2960815,0,0,0,8697,821,3896,0,12300
1785997975.368834159,0,641852935,0,0,0,0,0,641848787,13921,39600,0,0,790533528,747215233,0,0,0,641848787,14606,40500,0,585,99,0,0,641859945,3679015,3276700,18446744073709551616,641859946,717159,641859136,2960815,0,0,0,8697,821,3896,0,12300
1785997976.399935694,0,641852935,0,0,0,0,0,641848787,13921,39600,0,0,790536621,747218321,0,0,0,641848787,14606,40500,0,585,99,0,0,641859947,3679015,3276700,18446744073709551616,641859948,717159,641859136,2960815,0,0,0,8697,821,3896,0,12300
1785997977.430359116,0,641852935,0,0,0,0,0,641848787,13921,39600,0,0,790539713,747221275,0,0,0,641848787,14606,40500,0,585,99,0,0,641859949,3679015,3276700,18446744073709551616,641859950,717159,641859136,2960815,0,0,0,8697,821,3896,0,12300
1785997978.460745366,0,641852935,0,0,0,0,0,641848787,13921,39600,0,0,790542803,747224360,0,0,0,641848787,14606,40500,0,585,99,0,0,641859951,3679015,3276700,18446744073709551616,641859952,717159,641859136,2960815,0,0,0,8697,821,3896,0,12300
1785997979.492195074,0,641852935,0,0,0,0,0,641848787,13921,39600,0,0,790545898,747227449,0,0,0,641848787,14606,40500,0,585,99,0,0,641859953,3679015,3276700,18446744073709551616,641859954,717159,641859136,2960815,0,0,0,8697,821,3896,0,12300
1785997980.525049244,0,641852935,0,0,0,0,0,641848787,13921,39600,0,0,790548994,747230487,0,0,0,641848787,14606,40500,0,585,99,0,0,641859955,3679015,3276700,18446744073709551616,641859956,717159,641859136,2960815,0,0,0,8697,821,3896,0,12300
1785997981.557321398,0,641852935,0,0,0,0,0,641848787,13921,39600,0,0,790552091,747233578,0,0,0,641848787,14606,40500,0,585,99,0,0,641859957,3679015,3276700,18446744073709551616,641859958,717159,641859136,2960815,0,0,0,8697,821,3896,0,12300
1785997982.588483762,0,641852935,0,0,0,0,0,641848787,13921,39600,0,0,790555183,747236641,0,0,0,641848787,14606,40500,0,585,99,0,0,641859959,3679015,3276700,18446744073709551616,641859960,717159,641859136,2960815,0,0,0,8697,821,3896,0,12300
1785997983.620892270,0,641852935,0,0,0,0,0,641848787,13921,39600,0,0,790558283,747239623,0,0,0,641848787,14606,40500,0,585,99,0,0,641859961,3679015,3276700,18446744073709551616,641859962,717159,641859136,2960815,0,0,0,8697,821,3896,0,12300
1785997984.653012629,0,641852935,0,0,0,0,0,641848787,13921,39600,0,0,790561379,747242713,0,0,0,641848787,14606,40500,0,585,99,0,0,641859963,3679015,3276700,18446744073709551616,641859964,717159,641859136,2960815,0,0,0,8697,821,3896,0,12300
1785997985.683430208,0,641852935,0,0,0,0,0,641848787,13921,39600,0,0,790564470,747245798,0,0,0,641848787,14606,40500,0,585,99,0,0,641859965,3679015,3276700,18446744073709551616,641859966,717159,641859136,2960815,0,0,0,8697,821,3896,0,12300
1785997986.715046672,0,641852935,0,0,0,0,0,641848787,13921,39600,0,0,790567565,747248887,0,0,0,641848787,14606,40500,0,585,99,0,0,641859967,3679015,3276700,18446744073709551616,641859968,717159,641859136,2960815,0,0,0,8697,821,3896,0,12300
1785997987.747533376,0,641852935,0,0,0,0,0,641848787,13921,39600,0,0,790570660,747251978,0,0,0,641848787,14606,40500,0,585,99,0,0,641859969,3679015,3276700,18446744073709551616,641859970,717159,641859136,2960815,0,0,0,8697,821,3896,0,12300
1785997988.778743919,0,641852935,0,0,0,0,0,641848787,13921,39600,0,0,790573753,747254992,0,0,0,641848787,14606,40500,0,585,99,0,0,641859971,3679015,3276700,18446744073709551616,641859972,717159,641859136,2960815,0,0,0,8697,821,3896,0,12300
1785997989.810750882,0,641852935,0,0,0,0,0,641848787,13921,39600,0,0,790576847,747258015,0,0,0,641848787,14606,40500,0,585,99,0,0,641859973,3679015,3276700,18446744073709551616,641859974,717159,641859136,2960815,0,0,0,8697,821,3896,0,12300
1785997990.842647164,0,641852935,0,0,0,0,0,641848787,13921,39600,0,0,790579943,747261081,0,0,0,641848787,14606,40500,0,585,99,0,0,641859975,3679015,3276700,18446744073709551616,641859976,717159,641859136,2960815,0,0,0,8697,821,3896,0,12300
1785997991.875237159,0,641852935,0,0,0,0,0,641848787,13921,39600,0,0,790583039,747264168,0,0,0,641848787,14606,40500,0,585,99,0,0,641859977,3679015,3276700,18446744073709551616,641859978,717159,641859136,2960815,0,0,0,8697,821,3896,0,12300
1785997992.906990132,0,641852935,0,0,0,0,0,641848787,13921,39600,0,0,790586132,747267257,0,0,0,641848787,14606,40500,0,585,99,0,0,641859979,3679015,3276700,18446744073709551616,641859980,717159,641859136,2960815,0,0,0,8697,821,3896,0,12300
1785997993.939224383,0,641852935,0,0,0,0,0,641848787,13921,39600,0,0,790589229,747270348,0,0,0,641848787,14606,40500,0,585,99,0,0,641859981,3679015,3276700,18446744073709551616,641859982,717159,641859136,2960815,0,0,0,8697,821,3896,0,12300
1785997994.970214200,0,641852935,0,0,0,0,0,641848787,13921,39600,0,0,790592322,747273319,0,0,0,641848787,14606,40500,0,585,99,0,0,641859983,3679015,3276700,18446744073709551616,641859984,717159,641859136,2960815,0,0,0,8697,821,3896,0,12300
1785997996.003898911,0,641852935,0,0,0,0,0,641848787,13921,39600,0,0,790595423,747276396,0,0,0,641848787,14606,40500,0,585,99,0,0,641859985,3679015,3276700,18446744073709551616,641859986,717159,641859136,2960815,0,0,0,8697,821,3896,0,12300
1785997997.036976349,0,641852935,0,0,0,0,0,641848787,13921,39600,0,0,790598520,747279488,0,0,0,641848787,14606,40500,0,585,99,0,0,641859987,3679015,3276700,18446744073709551616,641859988,717159,641859136,2960815,0,0,0,8697,821,3896,0,12300
1785997998.069209736,0,641852935,0,0,0,0,0,641848787,13921,39600,0,0,790601616,747282578,0,0,0,641848787,14606,40500,0,585,99,0,0,641859989,3679015,3276700,18446744073709551616,641859990,717159,641859136,2960815,0,0,0,8697,821,3896,0,12300
1785997999.101397873,0,641852935,0,0,0,0,0,641848787,13921,39600,0,0,790604713,747285669,0,0,0,641848787,14606,40500,0,585,99,0,0,641859991,3679015,3276700,18446744073709551616,641859992,717159,641859136,2960815,0,0,0,8697,821,3896,0,12300
1785998000.132047366,0,641852935,0,0,0,0,0,641848787,13921,39600,0,0,790607805,747288749,0,0,0,641848787,14606,40500,0,585,99,0,0,641859993,3679015,3276700,18446744073709551616,641859994,717159,641859136,2960815,0,0,0,8697,821,3896,0,12300
1785998001.165717988,0,641852935,0,0,0,0,0,641848787,13921,39600,0,0,790610903,747291694,0,0,0,641848787,14606,40500,0,585,99,0,0,641859995,3679015,3276700,18446744073709551616,641859996,717159,641859136,2960815,0,0,0,8697,821,3896,0,12300
1785998002.198543086,0,641852935,0,0,0,0,0,641848787,13921,39600,0,0,790614000,747294786,0,0,0,641848787,14606,40500,0,585,99,0,0,641859997,3679015,3276700,18446744073709551616,641859998,717159,641859136,2960815,0,0,0,8697,821,3896,0,12300
1785998003.230881539,0,641852935,0,0,0,0,0,641848787,13921,39600,0,0,790617098,747297877,0,0,0,641848787,14606,40500,0,585,99,0,0,641859999,3679015,3276700,18446744073709551616,641860000,717159,641859136,2960815,0,0,0,8697,821,3896,0,12300
1785998004.264198648,0,641852935,0,0,0,0,0,641848787,13921,39600,0,0,790620195,747300970,0,0,0,641848787,14606,40500,0,585,99,0,0,641860001,3679015,3276700,18446744073709551616,641860002,717159,641859136,2960815,0,0,0,8697,821,3896,0,12300
1785998005.296563682,0,641852935,0,0,0,0,0,641848787,13921,39600,0,0,790623293,747304061,0,0,0,641848787,14606,40500,0,585,99,0,0,641860003,3679015,3276700,18446744073709551616,641860004,717159,641859136,2960815,0,0,0,8697,821,3896,0,12300
1785998006.329074041,0,641852935,0,0,0,0,0,641848787,13921,39600,0,0,790626390,747307099,0,0,0,641848787,14606,40500,0,585,99,0,0,641860005,3679015,3276700,18446744073709551616,641860006,717159,641859136,2960815,0,0,0,8697,821,3896,0,12300
1785998007.358308493,0,641852935,0,0,0,0,0,641848787,13921,39600,0,0,790629476,747310100,0,0,0,641848787,14606,40500,0,585,99,0,0,641860007,3679015,3276700,18446744073709551616,641860008,717159,641859136,2960815,0,0,0,8697,821,3896,0,12300
1785998008.390380852,0,641852935,0,0,0,0,0,641848787,13921,39600,0,0,790632572,747313190,0,0,0,641848787,14606,40500,0,585,99,0,0,641860009,3679015,3276700,18446744073709551616,641860010,717159,641859136,2960815,0,0,0,8697,821,3896,0,12300
1785998009.421402432,0,641852935,0,0,0,0,0,641848787,13921,39600,0,0,790635662,747316276,0,0,0,641848787,14606,40500,0,585,99,0,0,641860011,3679015,3276700,18446744073709551616,641860012,717159,641859136,2960815,0,0,0,8697,821,3896,0,12300
1785998010.454073170,0,641852935,0,0,0,0,0,641848787,13921,39600,0,0,790638760,747319367,0,0,0,641848787,14606,40500,0,585,99,0,0,641860013,3679015,3276700,18446744073709551616,641860014,717159,641859136,2960815,0,0,0,8697,821,3896,0,12300
1785998011.484125468,0,641852935,0,0,0,0,0,641848787,13921,39600,0,0,790641850,747322429,0,0,0,641848787,14606,40500,0,585,99,0,0,641860015,3679015,3276700,18446744073709551616,641860016,717159,641859136,2960815,0,0,0,8697,821,3896,0,12300
1785998012.510903061,0,641852935,0,0,0,0,0,641848787,13921,39600,0,0,790644935,747325410,0,0,0,641848787,14606,40500,0,585,99,0,0,641860017,3679015,3276700,18446744073709551616,641860018,717159,641859136,2960815,0,0,0,8697,821,3896,0,12300
1785998013.541380690,0,641852935,0,0,0,0,0,641848787,13921,39600,0,0,790648019,747328452,0,0,0,641848787,14606,40500,0,585,99,0,0,641860019,3679015,3276700,18446744073709551616,641860020,717159,641859136,2960815,0,0,0,8697,821,3896,0,12300
1785998014.574307691,0,641852935,0,0,0,0,0,641848787,13921,39600,0,0,790651117,747331544,0,0,0,641848787,14606,40500,0,585,99,0,0,641860021,3679015,3276700,18446744073709551616,641860022,717159,641859136,2960815,0,0,0,8697,821,3896,0,12300
1785998015.606019735,0,641852935,0,0,0,0,0,641848787,13921,39600,0,0,790654211,747334634,0,0,0,641848787,14606,40500,0,585,99,0,0,641860023,3679015,3276700,18446744073709551616,641860024,717159,641859136,2960815,0,0,0,8697,821,3896,0,12300
1785998016.638205202,0,641852935,0,0,0,0,0,641848787,13921,39600,0,0,790657306,747337724,0,0,0,641848787,14606,40500,0,585,99,0,0,641860025,3679015,3276700,18446744073709551616,641860026,717159,641859136,2960815,0,0,0,8697,821,3896,0,12300
1785998017.671249814,0,641852935,0,0,0,0,0,641848787,13921,39600,0,0,790660405,747340816,0,0,0,641848787,14606,40500,0,585,99,0,0,641860027,3679015,3276700,18446744073709551616,641860028,717159,641859136,2960815,0,0,0,8697,821,3896,0,12300
1785998018.702370775,0,641852935,0,0,0,0,0,641848787,13921,39600,0,0,790663499,747343785,0,0,0,641848787,14606,40500,0,585,99,0,0,641860029,3679015,3276700,18446744073709551616,641860030,717159,641859136,2960815,0,0,0,8697,821,3896,0,12300
1785998019.730826058,0,641852935,0,0,0,0,0,641848787,13921,39600,0,0,790666584,747346864,0,0,0,641848787,14606,40500,0,585,99,0,0,641860031,3679015,3276700,18446744073709551616,641860032,717159,641859136,2960815,0,0,0,8697,821,3896,0,12300
1785998020.762447768,0,641852935,0,0,0,0,0,641848787,13921,39600,0,0,790669678,747349952,0,0,0,641848787,14606,40500,0,585,99,0,0,641860033,3679015,3276700,18446744073709551616,641860034,717159,641859136,2960815,0,0,0,8697,821,3896,0,12300
1785998021.794952944,0,641852935,0,0,0,0,0,641848787,13921,39600,0,0,790672774,747353020,0,0,0,641848787,14606,40500,0,585,99,0,0,641860035,3679015,3276700,18446744073709551616,641860036,717159,641859136,2960815,0,0,0,8697,821,3896,0,12300
1785998022.827053650,0,641852935,0,0,0,0,0,641848787,13921,39600,0,0,790675869,747356110,0,0,0,641848787,14606,40500,0,585,99,0,0,641860037,3679015,3276700,18446744073709551616,641860038,717159,641859136,2960815,0,0,0,8697,821,3896,0,12300
1785998023.857372697,0,641852935,0,0,0,0,0,641848787,13921,39600,0,0,790678959,747359148,0,0,0,641848787,14606,40500,0,585,99,0,0,641860039,3679015,3276700,18446744073709551616,641860040,717159,641859136,2960815,0,0,0,8697,821,3896,0,12300
1785998024.889933912,0,641852935,0,0,0,0,0,641848787,13921,39600,0,0,790682053,747362150,0,0,0,641848787,14606,40500,0,585,99,0,0,641860041,3679015,3276700,18446744073709551616,641860042,717159,641859136,2960815,0,0,0,8697,821,3896,0,12300
1785998025.921518979,0,641852935,0,0,0,0,0,641848787,13921,39600,0,0,790685148,747365239,0,0,0,641848787,14606,40500,0,585,99,0,0,641860043,3679015,3276700,18446744073709551616,641860044,717159,641859136,2960815,0,0,0,8697,821,3896,0,12300
1785998026.953911227,0,641852935,0,0,0,0,0,641848787,13921,39600,0,0,790688245,747368330,0,0,0,641848787,14606,40500,0,585,99,0,0,641860045,3679015,3276700,18446744073709551616,641860046,717159,641859136,2960815,0,0,0,8697,821,3896,0,12300
1785998027.987191016,0,641852935,0,0,0,0,0,641848787,13921,39600,0,0,790691343,747371423,0,0,0,641848787,14606,40500,0,585,99,0,0,641860047,3679015,3276700,18446744073709551616,641860048,717159,641859136,2960815,0,0,0,8697,821,3896,0,12300
1785998029.018435336,0,641852935,0,0,0,0,0,641848787,13921,39600,0,0,790694438,747374511,0,0,0,641848787,14606,40500,0,585,99,0,0,641860049,3679015,3276700,18446744073709551616,641860050,717159,641859136,2960815,0,0,0,8697,821,3896,0,12300
1785998030.049988197,0,641852935,0,0,0,0,0,641848787,13921,39600,0,0,790697531,747377517,0,0,0,641848787,14606,40500,0,585,99,0,0,641860051,3679015,3276700,18446744073709551616,641860052,717159,641859136,2960815,0,0,0,8697,821,3896,0,12300
1785998031.083849186,0,641852935,0,0,0,0,0,641848787,13921,39600,0,0,790700630,747380561,0,0,0,641848787,14606,40500,0,585,99,0,0,641860053,3679015,3276700,18446744073709551616,641860054,717159,641859136,2960815,0,0,0,8697,821,3896,0,12300
1785998032.116649147,0,641852935,0,0,0,0,0,641848787,13921,39600,0,0,790703727,747383628,0,0,0,641848787,14606,40500,0,585,99,0,0,641860055,3679015,3276700,18446744073709551616,641860056,717159,641859136,2960815,0,0,0,8697,821,3896,0,12300
1785998033.149979695,0,641852935,0,0,0,0,0,641848787,13921,39600,0,0,790706826,747386720,0,0,0,641848787,14606,40500,0,585,99,0,0,641860057,3679015,3276700,18446744073709551616,641860058,717159,641859136,2960815,0,0,0,8697,821,3896,0,12300
1785998034.182614987,0,641852935,0,0,0,0,0,641848787,13921,39600,0,0,790709923,747389813,0,0,0,641848787,14606,40500,0,585,99,0,0,641860059,3679015,3276700,18446744073709551616,641860060,717159,641859136,2960815,0,0,0,8697,821,3896,0,12300
1785998035.214766105,0,641852935,0,0,0,0,0,641848787,13921,39600,0,0,790713021,747392904,0,0,0,641848787,14606,40500,0,585,99,0,0,641860061,3679015,3276700,18446744073709551616,641860062,717159,641859136,2960815,0,0,0,8697,821,3896,0,12300
1785998036.245005305,0,641852935,0,0,0,0,0,641848787,13921,39600,0,0,790716106,747395863,0,0,0,641848787,14606,40500,0,585,99,0,0,641860063,3679015,3276700,18446744073709551616,641860064,717159,641859136,2960815,0,0,0,8697,821,3896,0,12300
1785998037.276327968,0,641852935,0,0,0,0,0,641848787,13921,39600,0,0,790719201,747398947,0,0,0,641848787,14606,40500,0,585,99,0,0,641860065,3679015,3276700,18446744073709551616,641860066,717159,641859136,2960815,0,0,0,8697,821,3896,0,12300
1785998038.308751179,0,641852935,0,0,0,0,0,641848787,13921,39600,0,0,790722297,747402038,0,0,0,641848787,14606,40500,0,585,99,0,0,641860067,3679015,3276700,18446744073709551616,641860068,717159,641859136,2960815,0,0,0,8697,821,3896,0,12300
1785998039.341286767,0,641852935,0,0,0,0,0,641848787,13921,39600,0,0,790725395,747405130,0,0,0,641848787,14606,40500,0,585,99,0,0,641860069,3679015,3276700,18446744073709551616,641860070,717159,641859136,2960815,0,0,0,8697,821,3896,0,12300
1785998040.368085548,0,641852935,0,0,0,0,0,641848787,13921,39600,0,0,790728474,747408205,0,0,0,641848787,14606,40500,0,585,99,0,0,641860071,3679015,3276700,18446744073709551616,641860072,717159,641859136,2960815,0,0,0,8697,821,3896,0,12300
1785998041.394913790,0,641852935,0,0,0,0,0,641848787,13921,39600,0,0,790731555,747411272,0,0,0,641848787,14606,40500,0,585,99,0,0,641860073,3679015,3276700,18446744073709551616,641860074,717159,641859136,2960815,0,0,0,8697,821,3896,0,12300
1785998042.424965494,0,641852935,0,0,0,0,0,641848787,13921,39600,0,0,790734642,747414157,0,0,0,641848787,14606,40500,0,585,99,0,0,641860075,3679015,3276700,18446744073709551616,641860076,717159,641859136,2960815,0,0,0,8697,821,3896,0,12300
1785998043.457979690,0,641852935,0,0,0,0,0,641848787,13921,39600,0,0,790737738,747417239,0,0,0,641848787,14606,40500,0,585,99,0,0,641860077,3679015,3276700,18446744073709551616,641860078,717159,641859136,2960815,0,0,0,8697,821,3896,0,12300
1785998044.486715213,0,641852935,0,0,0,0,0,641848787,13921,39600,0,0,790740829,747420324,0,0,0,641848787,14606,40500,0,585,99,0,0,641860079,3679015,3276700,18446744073709551616,641860080,717159,641859136,2960815,0,0,0,8697,821,3896,0,12300
1785998045.519072160,0,641852935,0,0,0,0,0,641848787,13921,39600,0,0,790743920,747423410,0,0,0,641848787,14606,40500,0,585,99,0,0,641860081,3679015,3276700,18446744073709551616,641860082,717159,641859136,2960815,0,0,0,8697,821,3896,0,12300
1785998046.551018025,0,641852935,0,0,0,0,0,641848787,13921,39600,0,0,790747015,747426501,0,0,0,641848787,14606,40500,0,585,99,0,0,641860083,3679015,3276700,18446744073709551616,641860084,717159,641859136,2960815,0,0,0,8697,821,3896,0,12300
1785998047.580128727,0,641852935,0,0,0,0,0,641848787,13921,39600,0,0,790750106,747429578,0,0,0,641848787,14606,40500,0,585,99,0,0,641860085,3679015,3276700,18446744073709551616,641860086,717159,641859136,2960815,0,0,0,8697,821,3896,0,12300
1785998048.612228922,0,641852935,0,0,0,0,0,641848787,13921,39600,0,0,790753195,747432535,0,0,0,641848787,14606,40500,0,585,99,0,0,641860087,3679015,3276700,18446744073709551616,641860088,717159,641859136,2960815,0,0,0,8697,821,3896,0,12300
1785998049.644401733,0,641852935,0,0,0,0,0,641848787,13921,39600,0,0,790756292,747435626,0,0,0,641848787,14606,40500,0,585,99,0,0,641860089,3679015,3276700,18446744073709551616,641860090,717159,641859136,2960815,0,0,0,8697,821,3896,0,12300
1785998050.677446679,0,641852935,0,0,0,0,0,641848787,13921,39600,0,0,790759390,747438719,0,0,0,641848787,14606,40500,0,585,99,0,0,641860091,3679015,3276700,18446744073709551616,641860092,717159,641859136,2960815,0,0,0,8697,821,3896,0,12300
1785998051.710055558,0,641852935,0,0,0,0,0,641848787,13921,39600,0,0,790762488,747441811,0,0,0,641848787,14606,40500,0,585,99,0,0,641860093,3679015,3276700,18446744073709551616,641860094,717159,641859136,2960815,0,0,0,8697,821,3896,0,12300
1785998052.742844602,0,641852935,0,0,0,0,0,641848787,13921,39600,0,0,790765585,747444880,0,0,0,641848787,14606,40500,0,585,99,0,0,641860095,3679015,3276700,18446744073709551616,641860096,717159,641859136,2960815,0,0,0,8697,821,3896,0,12300
1785998053.774149622,0,641852935,0,0,0,0,0,641848787,13921,39600,0,0,790768676,747447915,0,0,0,641848787,14606,40500,0,585,99,0,0,641860097,3679015,3276700,18446744073709551616,641860098,717159,641859136,2960815,0,0,0,8697,821,3896,0,12300
1785998054.806001874,0,641852935,0,0,0,0,0,641848787,13921,39600,0,0,790771770,747450922,0,0,0,641848787,14606,40500,0,585,99,0,0,641860099,3679015,3276700,18446744073709551616,641860100,717159,641859136,2960815,0,0,0,8697,821,3896,0,12300
1785998055.838141297,0,641852935,0,0,0,0,0,641848787,13921,39600,0,0,790774867,747454013,0,0,0,641848787,14606,40500,0,585,99,0,0,641860101,3679015,3276700,18446744073709551616,641860102,717159,641859136,2960815,0,0,0,8697,821,3896,0,12300
1785998056.870471584,0,641852935,0,0,0,0,0,641848787,13921,39600,0,0,790777963,747457104,0,0,0,641848787,14606,40500,0,585,99,0,0,641860103,3679015,3276700,18446744073709551616,641860104,717159,641859136,2960815,0,0,0,8697,821,3896,0,12300
1785998057.902133906,0,641852935,0,0,0,0,0,641848787,13921,39600,0,0,790781056,747460192,0,0,0,641848787,14606,40500,0,585,99,0,0,641860105,3679015,3276700,18446744073709551616,641860106,717159,641859136,2960815,0,0,0,8697,821,3896,0,12300
1785998058.935564726,0,641852935,0,0,0,0,0,641848787,13921,39600,0,0,790784156,747463286,0,0,0,641848787,14606,40500,0,585,99,0,0,641860107,3679015,3276700,18446744073709551616,641860108,717159,641859136,2960815,0,0,0,8697,821,3896,0,12300
1785998059.966760651,0,641852935,0,0,0,0,0,641848787,13921,39600,0,0,790787252,747466276,0,0,0,641848787,14606,40500,0,585,99,0,0,641860109,3679015,3276700,18446744073709551616,641860110,717159,641859136,2960815,0,0,0,8697,821,3896,0,12300
1785998060.997139701,0,641852935,0,0,0,0,0,641848787,13921,39600,0,0,790790336,747469330,0,0,0,641848787,14606,40500,0,585,99,0,0,641860111,3679015,3276700,18446744073709551616,641860112,717159,641859136,2960815,0,0,0,8697,821,3896,0,12300
1785998062.029241090,0,641852935,0,0,0,0,0,641848787,13921,39600,0,0,790793434,747472421,0,0,0,641848787,14606,40500,0,585,99,0,0,641860113,3679015,3276700,18446744073709551616,641860114,717159,641859136,2960815,0,0,0,8697,821,3896,0,12300
1785998063.062209292,0,641852935,0,0,0,0,0,641848787,13921,39600,0,0,790796531,747475490,0,0,0,641848787,14606,40500,0,585,99,0,0,641860115,3679015,3276700,18446744073709551616,641860116,717159,641859136,2960815,0,0,0,8697,821,3896,0,12300
1785998064.095881281,0,641852935,0,0,0,0,0,641848787,13921,39600,0,0,790799629,747478583,0,0,0,641848787,14606,40500,0,585,99,0,0,641860117,3679015,3276700,18446744073709551616,641860118,717159,641859136,2960815,0,0,0,8697,821,3896,0,12300
1785998065.127332268,0,641852935,0,0,0,0,0,641848787,13921,39600,0,0,790802726,747481671,0,0,0,641848787,14606,40500,0,585,99,0,0,641860119,3679015,3276700,18446744073709551616,641860120,717159,641859136,2960815,0,0,0,8697,821,3896,0,12300
1785998066.154326223,0,641852935,0,0,0,0,0,641848787,13921,39600,0,0,790805803,747484608,0,0,0,641848787,14606,40500,0,585,99,0,0,641860121,3679015,3276700,18446744073709551616,641860122,717159,641859136,2960815,0,0,0,8697,821,3896,0,12300
1785998067.187313581,0,641852935,0,0,0,0,0,641848787,13921,39600,0,0,790808900,747487700,0,0,0,641848787,14606,40500,0,585,99,0,0,641860123,3679015,3276700,18446744073709551616,641860124,717159,641859136,2960815,0,0,0,8697,821,3896,0,12300
1785998068.220359006,0,641852935,0,0,0,0,0,641848787,13921,39600,0,0,790811999,747490794,0,0,0,641848787,14606,40500,0,585,99,0,0,641860125,3679015,3276700,18446744073709551616,641860126,717159,641859136,2960815,0,0,0,8697,821,3896,0,12300
1785998069.252902452,0,641852935,0,0,0,0,0,641848787,13921,39600,0,0,790815095,747493885,0,0,0,641848787,14606,40500,0,585,99,0,0,641860127,3679015,3276700,18446744073709551616,641860128,717159,641859136,2960815,0,0,0,8697,821,3896,0,12300
1785998070.283014005,0,641852935,0,0,0,0,0,641848787,13921,39600,0,0,790818186,747496970,0,0,0,641848787,14606,40500,0,585,99,0,0,641860129,3679015,3276700,18446744073709551616,641860130,717159,641859136,2960815,0,0,0,8697,821,3896,0,12300
1785998071.311504051,0,641852935,0,0,0,0,0,641848787,13921,39600,0,0,790821270,747500005,0,0,0,641848787,14606,40500,0,585,99,0,0,641860131,3679015,3276700,18446744073709551616,641860132,717159,641859136,2960815,0,0,0,8697,821,3896,0,12300
1785998072.342846968,0,641852935,0,0,0,0,0,641848787,13921,39600,0,0,790824362,747503001,0,0,0,641848787,14606,40500,0,585,99,0,0,641860133,3679015,3276700,18446744073709551616,641860134,717159,641859136,2960815,0,0,0,8697,821,3896,0,12300
1785998073.375411554,0,641852935,0,0,0,0,0,641848787,13921,39600,0,0,790827456,747506067,0,0,0,641848787,14606,40500,0,585,99,0,0,641860135,3679015,3276700,18446744073709551616,641860136,717159,641859136,2960815,0,0,0,8697,821,3896,0,12300
1785998074.407779410,0,641852935,0,0,0,0,0,641848787,13921,39600,0,0,790830553,747509159,0,0,0,641848787,14606,40500,0,585,99,0,0,641860137,3679015,3276700,18446744073709551616,641860138,717159,641859136,2960815,0,0,0,8697,821,3896,0,12300
1785998075.439481408,0,641852935,0,0,0,0,0,641848787,13921,39600,0,0,790833648,747512248,0,0,0,641848787,14606,40500,0,585,99,0,0,641860139,3679015,3276700,18446744073709551616,641860140,717159,641859136,2960815,0,0,0,8697,821,3896,0,12300
1785998076.471367125,0,641852935,0,0,0,0,0,641848787,13921,39600,0,0,790836743,747515337,0,0,0,641848787,14606,40500,0,585,99,0,0,641860141,3679015,3276700,18446744073709551616,641860142,717159,641859136,2960815,0,0,0,8697,821,3896,0,12300
1785998077.499065524,0,641852935,0,0,0,0,0,641848787,13921,39600,0,0,790839829,747518329,0,0,0,641848787,14606,40500,0,585,99,0,0,641860143,3679015,3276700,18446744073709551616,641860144,717159,641859136,2960815,0,0,0,8697,821,3896,0,12300
1785998078.527269698,0,641852935,0,0,0,0,0,641848787,13921,39600,0,0,790842907,747521355,0,0,0,641848787,14606,40500,0,585,99,0,0,641860145,3679015,3276700,18446744073709551616,641860146,717159,641859136,2960815,0,0,0,8697,821,3896,0,12300
1785998079.553346711,0,641852935,0,0,0,0,0,641848787,13921,39600,0,0,790845983,747524427,0,0,0,641848787,14606,40500,0,585,99,0,0,641860147,3679015,3276700,18446744073709551616,641860148,717159,641859136,2960815,0,0,0,8697,821,3896,0,12300
1785998080.585892728,0,641852935,0,0,0,0,0,641848787,13921,39600,0,0,790849081,747527519,0,0,0,641848787,14606,40500,0,585,99,0,0,641860149,3679015,3276700,18446744073709551616,641860150,717159,641859136,2960815,0,0,0,8697,821,3896,0,12300
1785998081.618532793,0,641852935,0,0,0,0,0,641848787,13921,39600,0,0,790852177,747530610,0,0,0,641848787,14606,40500,0,585,99,0,0,641860151,3679015,3276700,18446744073709551616,641860152,717159,641859136,2960815,0,0,0,8697,821,3896,0,12300
1785998082.650615130,0,641852935,0,0,0,0,0,641848787,13921,39600,0,0,790855275,747533701,0,0,0,641848787,14606,40500,0,585,99,0,0,641860153,3679015,3276700,18446744073709551616,641860154,717159,641859136,2960815,0,0,0,8697,821,3896,0,12300
1785998083.678155399,0,641852935,0,0,0,0,0,641848787,13921,39600,0,0,790858358,747536636,0,0,0,641848787,14606,40500,0,585,99,0,0,641860155,3679015,3276700,18446744073709551616,641860156,717159,641859136,2960815,0,0,0,8697,821,3896,0,12300
1785998084.707769312,0,641852935,0,0,0,0,0,641848787,13921,39600,0,0,790861440,747539707,0,0,0,641848787,14606,40500,0,585,99,0,0,641860157,3679015,3276700,18446744073709551616,641860158,717159,641859136,2960815,0,0,0,8697,821,3896,0,12300
1785998085.738766817,0,641852935,0,0,0,0,0,641848787,13921,39600,0,0,790864534,747542796,0,0,0,641848787,14606,40500,0,585,99,0,0,641860159,3679015,3276700,18446744073709551616,641860160,717159,641859136,2960815,0,0,0,8697,821,3896,0,12300
1785998086.770414811,0,641852935,0,0,0,0,0,641848787,13921,39600,0,0,790867627,747545882,0,0,0,641848787,14606,40500,0,585,99,0,0,641860161,3679015,3276700,18446744073709551616,641860162,717159,641859136,2960815,0,0,0,8697,821,3896,0,12300
1785998087.802413713,0,641852935,0,0,0,0,0,641848787,13921,39600,0,0,790870724,747548973,0,0,0,641848787,14606,40500,0,585,99,0,0,641860163,3679015,3276700,18446744073709551616,641860164,717159,641859136,2960815,0,0,0,8697,821,3896,0,12300
1785998088.833618232,0,641852935,0,0,0,0,0,641848787,13921,39600,0,0,790873814,747552049,0,0,0,641848787,14606,40500,0,585,99,0,0,641860165,3679015,3276700,18446744073709551616,641860166,717159,641859136,2960815,0,0,0,8697,821,3896,0,12300
1785998089.864524710,0,641852935,0,0,0,0,0,641848787,13921,39600,0,0,790876908,747555016,0,0,0,641848787,14606,40500,0,585,99,0,0,641860167,3679015,3276700,18446744073709551616,641860168,717159,641859136,2960815,0,0,0,8697,821,3896,0,12300
1785998090.895481012,0,641852935,0,0,0,0,0,641848787,13921,39600,0,0,790880001,747558105,0,0,0,641848787,14606,40500,0,585,99,0,0,641860169,3679015,3276700,18446744073709551616,641860170,717159,641859136,2960815,0,0,0,8697,821,3896,0,12300
1785998091.928386322,0,641852935,0,0,0,0,0,641848787,13921,39600,0,0,790883097,747561195,0,0,0,641848787,14606,40500,0,585,99,0,0,641860171,3679015,3276700,18446744073709551616,641860172,717159,641859136,2960815,0,0,0,8697,821,3896,0,12300
1785998092.960617698,0,641852935,0,0,0,0,0,641848787,13921,39600,0,0,790886194,747564286,0,0,0,641848787,14606,40500,0,585,99,0,0,641860173,3679015,3276700,18446744073709551616,641860174,717159,641859136,2960815,0,0,0,8697,821,3896,0,12300
1785998093.993061470,0,641852935,0,0,0,0,0,641848787,13921,39600,0,0,790889288,747567353,0,0,0,641848787,14606,40500,0,585,99,0,0,641860175,3679015,3276700,18446744073709551616,641860176,717159,641859136,2960815,0,0,0,8697,821,3896,0,12300
1785998095.025213863,0,641852935,0,0,0,0,0,641848787,13921,39600,0,0,790892385,747570385,0,0,0,641848787,14606,40500,0,585,99,0,0,641860177,3679015,3276700,18446744073709551616,641860178,717159,641859136,2960815,0,0,0,8697,821,3896,0,12300
1785998096.056518382,0,641852935,0,0,0,0,0,641848787,13921,39600,0,0,790895475,747573394,0,0,0,641848787,14606,40500,0,585,99,0,0,641860179,3679015,3276700,18446744073709551616,641860180,717159,641859136,2960815,0,0,0,8697,821,3896,0,12300
1785998097.086985870,0,641852935,0,0,0,0,0,641848787,13921,39600,0,0,790898568,747576480,0,0,0,641848787,14606,40500,0,585,99,0,0,641860181,3679015,3276700,18446744073709551616,641860182,717159,641859136,2960815,0,0,0,8697,821,3896,0,12300
1785998098.115498259,0,641852935,0,0,0,0,0,641848787,13921,39600,0,0,790901651,747579559,0,0,0,641848787,14606,40500,0,585,99,0,0,641860183,3679015,3276700,18446744073709551616,641860184,717159,641859136,2960815,0,0,0,8697,821,3896,0,12300
1785998099.148911492,0,641852935,0,0,0,0,0,641848787,13921,39600,0,0,790904751,747582653,0,0,0,641848787,14606,40500,0,585,99,0,0,641860185,3679015,3276700,18446744073709551616,641860186,717159,641859136,2960815,0,0,0,8697,821,3896,0,12300
1785998100.180475124,0,641852935,0,0,0,0,0,641848787,13921,39600,0,0,790907847,747585743,0,0,0,641848787,14606,40500,0,585,99,0,0,641860187,3679015,3276700,18446744073709551616,641860188,717159,641859136,2960815,0,0,0,8697,821,3896,0,12300
1785998101.212854029,0,641852935,0,0,0,0,0,641848787,13921,39600,0,0,790910938,747588734,0,0,0,641848787,14606,40500,0,585,99,0,0,641860189,3679015,3276700,18446744073709551616,641860190,717159,641859136,2960815,0,0,0,8697,821,3896,0,12300
1785998102.245819976,0,641852935,0,0,0,0,0,641848787,13921,39600,0,0,790914037,747591790,0,0,0,641848787,14606,40500,0,585,99,0,0,641860191,3679015,3276700,18446744073709551616,641860192,717159,641859136,2960815,0,0,0,8697,821,3896,0,12300
1785998103.277407238,0,641852935,0,0,0,0,0,641848787,13921,39600,0,0,790917132,747594880,0,0,0,641848787,14606,40500,0,585,99,0,0,641860193,3679015,3276700,18446744073709551616,641860194,717159,641859136,2960815,0,0,0,8697,821,3896,0,12300
1785998104.307006822,0,641852935,0,0,0,0,0,641848787,13921,39600,0,0,790920218,747597910,0,0,0,641848787,14606,40500,0,585,99,0,0,641860195,3679015,3276700,18446744073709551616,641860196,717159,641859136,2960815,0,0,0,8697,821,3896,0,12300
1785998105.340104251,0,641852935,0,0,0,0,0,641848787,13921,39600,0,0,790923317,747601002,0,0,0,641848787,14606,40500,0,585,99,0,0,641860197,3679015,3276700,18446744073709551616,641860198,717159,641859136,2960815,0,0,0,8697,821,3896,0,12300
1785998106.368603880,0,641852935,0,0,0,0,0,641848787,13921,39600,0,0,790926403,747604084,0,0,0,641848787,14606,40500,0,585,99,0,0,641860199,3679015,3276700,18446744073709551616,641860200,717159,641859136,2960815,0,0,0,8697,821,3896,0,12300
1785998107.397939354,0,641852935,0,0,0,0,0,641848787,13921,39600,0,0,790929486,747607027,0,0,0,641848787,14606,40500,0,585,99,0,0,641860201,3679015,3276700,18446744073709551616,641860202,717159,641859136,2960815,0,0,0,8697,821,3896,0,12300
1785998108.430034091,0,641852935,0,0,0,0,0,641848787,13921,39600,0,0,790932581,747610117,0,0,0,641848787,14606,40500,0,585,99,0,0,641860203,3679015,3276700,18446744073709551616,641860204,717159,641859136,2960815,0,0,0,8697,821,3896,0,12300
1785998109.462582180,0,641852935,0,0,0,0,0,641848787,13921,39600,0,0,790935678,747613208,0,0,0,641848787,14606,40500,0,585,99,0,0,641860205,3679015,3276700,18446744073709551616,641860206,717159,641859136,2960815,0,0,0,8697,821,3896,0,12300
1785998110.494591909,0,641852935,0,0,0,0,0,641848787,13921,39600,0,0,790938772,747616298,0,0,0,641848787,14606,40500,0,585,99,0,0,641860207,3679015,3276700,18446744073709551616,641860208,717159,641859136,2960815,0,0,0,8697,821,3896,0,12300
1785998111.526445900,0,641852935,0,0,0,0,0,641848787,13921,39600,0,0,790941870,747619389,0,0,0,641848787,14606,40500,0,585,99,0,0,641860209,3679015,3276700,18446744073709551616,641860210,717159,641859136,2960815,0,0,0,8697,821,3896,0,12300
1785998112.557958879,0,641852935,0,0,0,0,0,641848787,13921,39600,0,0,790944962,747622439,0,0,0,641848787,14606,40500,0,585,99,0,0,641860211,3679015,3276700,18446744073709551616,641860212,717159,641859136,2960815,0,0,0,8697,821,3896,0,12300
1785998113.588703761,0,641852935,0,0,0,0,0,641848787,13921,39600,0,0,790948055,747625430,0,0,0,641848787,14606,40500,0,585,99,0,0,641860213,3679015,3276700,18446744073709551616,641860214,717159,641859136,2960815,0,0,0,8697,821,3896,0,12300
1785998114.621274066,0,641852935,0,0,0,0,0,641848787,13921,39600,0,0,790951144,747628494,0,0,0,641848787,14606,40500,0,585,99,0,0,641860215,3679015,3276700,18446744073709551616,641860216,717159,641859136,2960815,0,0,0,8697,821,3896,0,12300
1785998115.654310030,0,641852935,0,0,0,0,0,641848787,13921,39600,0,0,790954242,747631586,0,0,0,641848787,14606,40500,0,585,99,0,0,641860217,3679015,3276700,18446744073709551616,641860218,717159,641859136,2960815,0,0,0,8697,821,3896,0,12300
1785998116.687157166,0,641852935,0,0,0,0,0,641848787,13921,39600,0,0,790957343,747634679,0,0,0,641848787,14606,40500,0,585,99,0,0,641860219,3679015,3276700,18446744073709551616,641860220,717159,641859136,2960815,0,0,0,8697,821,3896,0,12300
1785998117.718731441,0,641852935,0,0,0,0,0,641848787,13921,39600,0,0,790960436,747637768,0,0,0,641848787,14606,40500,0,585,99,0,0,641860221,3679015,3276700,18446744073709551616,641860222,717159,641859136,2960815,0,0,0,8697,821,3896,0,12300
1785998118.746609787,0,641852935,0,0,0,0,0,641848787,13921,39600,0,0,790963518,747640764,0,0,0,641848787,14606,40500,0,585,99,0,0,641860223,3679015,3276700,18446744073709551616,641860224,717159,641859136,2960815,0,0,0,8697,821,3896,0,12300
1785998119.778135185,0,641852935,0,0,0,0,0,641848787,13921,39600,0,0,790966611,747643796,0,0,0,641848787,14606,40500,0,585,99,0,0,641860225,3679015,3276700,18446744073709551616,641860226,717159,641859136,2960815,0,0,0,8697,821,3896,0,12300
1785998120.811499604,0,641852935,0,0,0,0,0,641848787,13921,39600,0,0,790969710,747646890,0,0,0,641848787,14606,40500,0,585,99,0,0,641860227,3679015,3276700,18446744073709551616,641860228,717160,641859136,2960815,0,0,0,8697,821,3896,0,12300
1785998121.839827403,0,641852935,0,0,0,0,0,641848787,13921,39600,0,0,790972796,747649971,0,0,0,641848787,14606,40500,0,585,99,0,0,641860229,3679015,3276700,18446744073709551616,641860230,717160,641859136,2960815,0,0,0,8697,821,3896,0,12300
1785998122.865847964,0,641852935,0,0,0,0,0,641848787,13921,39600,0,0,790975873,747653043,0,0,0,641848787,14606,40500,0,585,99,0,0,641860231,3679015,3276700,18446744073709551616,641860232,717160,641859136,2960815,0,0,0,8697,821,3896,0,12300
1785998123.898300719,0,641852935,0,0,0,0,0,641848787,13921,39600,0,0,790978970,747656135,0,0,0,641848787,14606,40500,0,585,99,0,0,641860233,3679015,3276700,18446744073709551616,641860234,717160,641859136,2960815,0,0,0,8697,821,3896,0,12300
1785998124.929509704,0,641852935,0,0,0,0,0,641848787,13921,39600,0,0,790982061,747659078,0,0,0,641848787,14606,40500,0,585,99,0,0,641860235,3679015,3276700,18446744073709551616,641860236,717160,641859136,2960815,0,0,0,8697,821,3896,0,12300
1785998125.962049517,0,641852935,0,0,0,0,0,641848787,13921,39600,0,0,790985157,747662159,0,0,0,641848787,14606,40500,0,585,99,0,0,641860237,3679015,3276700,18446744073709551616,641860238,717160,641859136,2960815,0,0,0,8697,821,3896,0,12300
1785998126.993879553,0,641852935,0,0,0,0,0,641848787,13921,39600,0,0,790988251,747665248,0,0,0,641848787,14606,40500,0,585,99,0,0,641860239,3679015,3276700,18446744073709551616,641860240,717160,641859136,2960815,0,0,0,8697,821,3896,0,12300
1785998128.026354788,0,641852935,0,0,0,0,0,641848787,13921,39600,0,0,790991350,747668341,0,0,0,641848787,14606,40500,0,585,99,0,0,641860241,3679015,3276700,18446744073709551616,641860242,717160,641859136,2960815,0,0,0,8697,821,3896,0,12300
1785998129.059045061,0,641852935,0,0,0,0,0,641848787,13921,39600,0,0,790994445,747671432,0,0,0,641848787,14606,40500,0,585,99,0,0,641860243,3679015,3276700,18446744073709551616,641860244,717160,641859136,2960815,0,0,0,8697,821,3896,0,12300
1785998130.088533743,0,641852935,0,0,0,0,0,641848787,13921,39600,0,0,790997537,747674508,0,0,0,641848787,14606,40500,0,585,99,0,0,641860245,3679015,3276700,18446744073709551616,641860246,717160,641859136,2960815,0,0,0,8697,821,3896,0,12300
1785998131.120555212,0,641852935,0,0,0,0,0,641848787,13921,39600,0,0,791000628,747677473,0,0,0,641848787,14606,40500,0,585,99,0,0,641860247,3679015,3276700,18446744073709551616,641860248,717160,641859136,2960815,0,0,0,8697,821,3896,0,12300
1785998132.152730969,0,641852935,0,0,0,0,0,641848787,13921,39600,0,0,791003725,747680563,0,0,0,641848787,14606,40500,0,585,99,0,0,641860249,3679015,3276700,18446744073709551616,641860250,717160,641859136,2960815,0,0,0,8697,821,3896,0,12300
1785998133.184984062,0,641852935,0,0,0,0,0,641848787,13921,39600,0,0,791006820,747683654,0,0,0,641848787,14606,40500,0,585,99,0,0,641860251,3679015,3276700,18446744073709551616,641860252,717160,641859136,2960815,0,0,0,8697,821,3896,0,12300
1785998134.214768003,0,641852935,0,0,0,0,0,641848787,13921,39600,0,0,791009909,747686738,0,0,0,641848787,14606,40500,0,585,99,0,0,641860253,3679016,3276700,18446744073709551616,641860254,717160,641859136,2960815,0,0,0,8697,821,3896,0,12300
1785998135.245040709,0,641852935,0,0,0,0,0,641848787,13921,39600,0,0,791013000,747689800,0,0,0,641848787,14606,40500,0,585,99,0,0,641860255,3679016,3276700,18446744073709551616,641860256,717160,641859136,2960815,0,0,0,8697,821,3896,0,12300
1785998136.275389592,0,641852935,0,0,0,0,0,641848787,13921,39600,0,0,791016091,747692834,0,0,0,641848787,14606,40500,0,585,99,0,0,641860257,3679016,3276700,18446744073709551616,641860258,717160,641859136,2960815,0,0,0,8697,821,3896,0,12300
1785998137.308557776,0,641852935,0,0,0,0,0,641848787,13921,39600,0,0,791019187,747695842,0,0,0,641848787,14606,40500,0,585,99,0,0,641860259,3679016,3276700,18446744073709551616,641860260,717160,641859136,2960815,0,0,0,8697,821,3896,0,12300
1785998138.341244906,0,641852935,0,0,0,0,0,641848787,13921,39600,0,0,791022284,747698935,0,0,0,641848787,14606,40500,0,585,99,0,0,641860261,3679016,3276700,18446744073709551616,641860262,717160,641859136,2960815,0,0,0,8697,821,3896,0,12300
1785998139.373605029,0,641852935,0,0,0,0,0,641848787,13921,39600,0,0,791025382,747702026,0,0,0,641848787,14606,40500,0,585,99,0,0,641860263,3679016,3276700,18446744073709551616,641860264,717160,641859136,2960815,0,0,0,8697,821,3896,0,12300
1785998140.405629853,0,641852935,0,0,0,0,0,641848787,13921,39600,0,0,791028477,747705117,0,0,0,641848787,14606,40500,0,585,99,0,0,641860265,3679016,3276700,18446744073709551616,641860266,717160,641859136,2960815,0,0,0,8697,821,3896,0,12300
1785998141.438710888,0,641852935,0,0,0,0,0,641848787,13921,39600,0,0,791031574,747708208,0,0,0,641848787,14606,40500,0,585,99,0,0,641860267,3679016,3276700,18446744073709551616,641860268,717160,641859136,2960815,0,0,0,8697,821,3896,0,12300
1785998142.470306439,0,641852935,0,0,0,0,0,641848787,13921,39600,0,0,791034667,747711196,0,0,0,641848787,14606,40500,0,585,99,0,0,641860269,3679016,3276700,18446744073709551616,641860270,717160,641859136,2960815,0,0,0,8697,821,3896,0,12300
1785998143.500625944,0,641852935,0,0,0,0,0,641848787,13921,39600,0,0,791037755,747714243,0,0,0,641848787,14606,40500,0,585,99,0,0,641860271,3679016,3276700,18446744073709551616,641860272,717160,641859136,2960815,0,0,0,8697,821,3896,0,12300
1785998144.534218883,0,641852935,0,0,0,0,0,641848787,13921,39600,0,0,791040855,747717338,0,0,0,641848787,14606,40500,0,585,99,0,0,641860273,3679016,3276700,18446744073709551616,641860274,717160,641859136,2960815,0,0,0,8697,821,3896,0,12300
1785998145.566619714,0,641852935,0,0,0,0,0,641848787,13921,39600,0,0,791043951,747720407,0,0,0,641848787,14606,40500,0,585,99,0,0,641860275,3679016,3276700,18446744073709551616,641860276,717160,641859136,2960815,0,0,0,8697,821,3896,0,12300
1785998146.600012742,0,641852935,0,0,0,0,0,641848787,13921,39600,0,0,791047049,747723500,0,0,0,641848787,14606,40500,0,585,99,0,0,641860277,3679016,3276700,18446744073709551616,641860278,717160,641859136,2960815,0,0,0,8697,821,3896,0,12300
1785998147.633795664,0,641852935,0,0,0,0,0,641848787,13921,39600,0,0,791050152,747726595,0,0,0,641848787,14606,40500,0,585,99,0,0,641860279,3679016,3276700,18446744073709551616,641860280,717160,641859136,2960815,0,0,0,8697,821,3896,0,12300
1785998148.665965363,0,641852935,0,0,0,0,0,641848787,13921,39600,0,0,791053245,747729560,0,0,0,641848787,14606,40500,0,585,99,0,0,641860281,3679016,3276700,18446744073709551616,641860282,717160,641859136,2960815,0,0,0,8697,821,3896,0,12300
1785998149.700091970,0,641852935,0,0,0,0,0,641848787,13921,39600,0,0,791056347,747732656,0,0,0,641848787,14606,40500,0,585,99,0,0,641860283,3679016,3276700,18446744073709551616,641860284,717160,641859136,2960815,0,0,0,8697,821,3896,0,12300
1785998150.732889189,0,641852935,0,0,0,0,0,641848787,13921,39600,0,0,791059444,747735748,0,0,0,641848787,14606,40500,0,585,99,0,0,641860285,3679016,3276700,18446744073709551616,641860286,717160,641859136,2960815,0,0,0,8697,821,3896,0,12300
1785998151.765892035,0,641852935,0,0,0,0,0,641848787,13921,39600,0,0,791062543,747738842,0,0,0,641848787,14606,40500,0,585,99,0,0,641860287,3679016,3276700,18446744073709551616,641860288,717160,641859136,2960815,0,0,0,8697,821,3896,0,12300
1785998152.798626903,0,641852935,0,0,0,0,0,641848787,13921,39600,0,0,791065641,747741934,0,0,0,641848787,14606,40500,0,585,99,0,0,641860289,3679016,3276700,18446744073709551616,641860290,717160,641859136,2960815,0,0,0,8697,821,3896,0,12300
1785998153.826915662,0,641852935,0,0,0,0,0,641848787,13921,39600,0,0,791068727,747744966,0,0,0,641848787,14606,40500,0,585,99,0,0,641860291,3679016,3276700,18446744073709551616,641860292,717160,641859136,2960815,0,0,0,8697,821,3896,0,12300
1785998154.859378917,0,641852935,0,0,0,0,0,641848787,13921,39600,0,0,791071818,747747966,0,0,0,641848787,14606,40500,0,585,99,0,0,641860293,3679016,3276700,18446744073709551616,641860294,717160,641859136,2960815,0,0,0,8697,821,3896,0,12300
1785998155.892414472,0,641852935,0,0,0,0,0,641848787,13921,39600,0,0,791074916,747751035,0,0,0,641848787,14606,40500,0,585,99,0,0,641860295,3679016,3276700,18446744073709551616,641860296,717160,641859136,2960815,0,0,0,8697,821,3896,0,12300
1785998156.925406957,0,641852935,0,0,0,0,0,641848787,13921,39600,0,0,791078014,747754128,0,0,0,641848787,14606,40500,0,585,99,0,0,641860297,3679016,3276700,18446744073709551616,641860298,717160,641859136,2960815,0,0,0,8697,821,3896,0,12300
1785998157.958169752,0,641852935,0,0,0,0,0,641848787,13921,39600,0,0,791081112,747757221,0,0,0,641848787,14606,40500,0,585,99,0,0,641860299,3679016,3276700,18446744073709551616,641860300,717160,641859136,2960815,0,0,0,8697,821,3896,0,12300
1785998158.990892821,0,641852935,0,0,0,0,0,641848787,13921,39600,0,0,791084209,747760313,0,0,0,641848787,14606,40500,0,585,99,0,0,641860301,3679016,3276700,18446744073709551616,641860302,717160,641859136,2960815,0,0,0,8697,821,3896,0,12300
1785998160.022533565,0,641852935,0,0,0,0,0,641848787,13921,39600,0,0,791087302,747763306,0,0,0,641848787,14606,40500,0,585,99,0,0,641860303,3679016,3276700,18446744073709551616,641860304,717160,641859136,2960815,0,0,0,8697,821,3896,0,12300
1785998161.050374661,0,641852935,0,0,0,0,0,641848787,13921,39600,0,0,791090386,747766344,0,0,0,641848787,14606,40500,0,585,99,0,0,641860305,3679016,3276700,18446744073709551616,641860306,717160,641859136,2960815,0,0,0,8697,821,3896,0,12300
1785998162.082851624,0,641852935,0,0,0,0,0,641848787,13921,39600,0,0,791093483,747769435,0,0,0,641848787,14606,40500,0,585,99,0,0,641860307,3679016,3276700,18446744073709551616,641860308,717160,641859136,2960815,0,0,0,8697,821,3896,0,12300
1785998163.115445709,0,641852935,0,0,0,0,0,641848787,13921,39600,0,0,791096580,747772528,0,0,0,641848787,14606,40500,0,585,99,0,0,641860309,3679016,3276700,18446744073709551616,641860310,717160,641859136,2960815,0,0,0,8697,821,3896,0,12300
1785998164.148712106,0,641852935,0,0,0,0,0,641848787,13921,39600,0,0,791099679,747775621,0,0,0,641848787,14606,40500,0,585,99,0,0,641860311,3679016,3276700,18446744073709551616,641860312,717160,641859136,2960815,0,0,0,8697,821,3896,0,12300
1785998165.179287008,0,641852935,0,0,0,0,0,641848787,13921,39600,0,0,791102770,747778706,0,0,0,641848787,14606,40500,0,585,99,0,0,641860313,3679016,3276700,18446744073709551616,641860314,717160,641859136,2960815,0,0,0,8697,821,3896,0,12300
1785998166.208744447,0,641852935,0,0,0,0,0,641848787,13921,39600,0,0,791105857,747781612,0,0,0,641848787,14606,40500,0,585,99,0,0,641860315,3679016,3276700,18446744073709551616,641860316,717160,641859136,2960815,0,0,0,8697,821,3896,0,12300
1785998167.239304120,0,641852935,0,0,0,0,0,641848787,13921,39600,0,0,791108948,747784655,0,0,0,641848787,14606,40500,0,585,99,0,0,641860317,3679016,3276700,18446744073709551616,641860318,717160,641859136,2960815,0,0,0,8697,821,3896,0,12300
1785998168.272095747,0,641852935,0,0,0,0,0,641848787,13921,39600,0,0,791112044,747787745,0,0,0,641848787,14606,40500,0,585,99,0,0,641860319,3679016,3276700,18446744073709551616,641860320,717160,641859136,2960815,0,0,0,8697,821,3896,0,12300
1785998169.305538835,0,641852935,0,0,0,0,0,641848787,13921,39600,0,0,791115144,747790839,0,0,0,641848787,14606,40500,0,585,99,0,0,641860321,3679016,3276700,18446744073709551616,641860322,717160,641859136,2960815,0,0,0,8697,821,3896,0,12300
1785998170.338969907,0,641852935,0,0,0,0,0,641848787,13921,39600,0,0,791118245,747793933,0,0,0,641848787,14606,40500,0,585,99,0,0,641860323,3679016,3276700,18446744073709551616,641860324,717160,641859136,2960815,0,0,0,8697,821,3896,0,12300
1785998171.371122161,0,641852935,0,0,0,0,0,641848787,13921,39600,0,0,791121340,747797024,0,0,0,641848787,14606,40500,0,585,99,0,0,641860325,3679016,3276700,18446744073709551616,641860326,717160,641859136,2960815,0,0,0,8697,821,3896,0,12300
1785998172.401916343,0,641852935,0,0,0,0,0,641848787,13921,39600,0,0,791124430,747799977,0,0,0,641848787,14606,40500,0,585,99,0,0,641860327,3679016,3276700,18446744073709551616,641860328,717160,641859136,2960815,0,0,0,8697,821,3896,0,12300
1785998173.433742806,0,641852935,0,0,0,0,0,641848787,13921,39600,0,0,791127524,747803067,0,0,0,641848787,14606,40500,0,585,99,0,0,641860329,3679016,3276700,18446744073709551616,641860330,717160,641859136,2960815,0,0,0,8697,821,3896,0,12300
1785998174.462496522,0,641852935,0,0,0,0,0,641848787,13921,39600,0,0,791130614,747806152,0,0,0,641848787,14606,40500,0,585,99,0,0,641860331,3679016,3276700,18446744073709551616,641860332,717160,641859136,2960815,0,0,0,8697,821,3896,0,12300
1785998175.492195485,0,641852935,0,0,0,0,0,641848787,13921,39600,0,0,791133698,747809230,0,0,0,641848787,14606,40500,0,585,99,0,0,641860333,3679016,3276700,18446744073709551616,641860334,717160,641859136,2960815,0,0,0,8697,821,3896,0,12300
1785998176.519307148,0,641852935,0,0,0,0,0,641848787,13921,39600,0,0,791136780,747812285,0,0,0,641848787,14606,40500,0,585,99,0,0,641860335,3679016,3276700,18446744073709551616,641860336,717160,641859136,2960815,0,0,0,8697,821,3896,0,12300
1785998177.551707285,0,641852935,0,0,0,0,0,641848787,13921,39600,0,0,791139873,747815357,0,0,0,641848787,14606,40500,0,585,99,0,0,641860337,3679016,3276700,18446744073709551616,641860338,717160,641859136,2960815,0,0,0,8697,821,3896,0,12300
1785998178.584849638,0,641852935,0,0,0,0,0,641848787,13921,39600,0,0,791142973,747818327,0,0,0,641848787,14606,40500,0,585,99,0,0,641860339,3679016,3276700,18446744073709551616,641860340,717160,641859136,2960815,0,0,0,8697,821,3896,0,12300
1785998179.616489515,0,641852935,0,0,0,0,0,641848787,13921,39600,0,0,791146068,747821416,0,0,0,641848787,14606,40500,0,585,99,0,0,641860341,3679016,3276700,18446744073709551616,641860342,717160,641859136,2960815,0,0,0,8697,821,3896,0,12300
1785998180.649275304,0,641852935,0,0,0,0,0,641848787,13921,39600,0,0,791149165,747824508,0,0,0,641848787,14606,40500,0,585,99,0,0,641860343,3679016,3276700,18446744073709551616,641860344,717160,641859136,2960815,0,0,0,8697,821,3896,0,12300
1785998181.683330895,0,641852935,0,0,0,0,0,641848787,13921,39600,0,0,791152266,747827603,0,0,0,641848787,14606,40500,0,585,99,0,0,641860345,3679016,3276700,18446744073709551616,641860346,717160,641859136,2960815,0,0,0,8697,821,3896,0,12300
1785998182.716074663,0,641852935,0,0,0,0,0,641848787,13921,39600,0,0,791155365,747830696,0,0,0,641848787,14606,40500,0,585,99,0,0,641860347,3679016,3276700,18446744073709551616,641860348,717160,641859136,2960815,0,0,0,8697,821,3896,0,12300
1785998183.747561340,0,641852935,0,0,0,0,0,641848787,13921,39600,0,0,791158456,747833723,0,0,0,641848787,14606,40500,0,585,99,0,0,641860349,3679016,3276700,18446744073709551616,641860350,717160,641859136,2960815,0,0,0,8697,821,3896,0,12300
1785998184.781746693,0,641852935,0,0,0,0,0,641848787,13921,39600,0,0,791161554,747836743,0,0,0,641848787,14606,40500,0,585,99,0,0,641860351,3679016,3276700,18446744073709551616,641860352,717160,641859136,2960815,0,0,0,8697,821,3896,0,12300
1785998185.813983744,0,641852935,0,0,0,0,0,641848787,13921,39600,0,0,791164651,747839835,0,0,0,641848787,14606,40500,0,585,99,0,0,641860353,3679016,3276700,18446744073709551616,641860354,717160,641859136,2960815,0,0,0,8697,821,3896,0,12300
1785998186.846045653,0,641852935,0,0,0,0,0,641848787,13921,39600,0,0,791167749,747842902,0,0,0,641848787,14606,40500,0,585,99,0,0,641860355,3679016,3276700,18446744073709551616,641860356,717160,641859136,2960815,0,0,0,8697,821,3896,0,12300
1785998187.878311674,0,641852935,0,0,0,0,0,641848787,13921,39600,0,0,791170844,747845993,0,0,0,641848787,14606,40500,0,585,99,0,0,641860357,3679016,3276700,18446744073709551616,641860358,717160,641859136,2960815,0,0,0,8697,821,3896,0,12300
1785998188.910966094,0,641852935,0,0,0,0,0,641848787,13921,39600,0,0,791173939,747849083,0,0,0,641848787,14606,40500,0,585,99,0,0,641860359,3679016,3276700,18446744073709551616,641860360,717160,641859136,2960815,0,0,0,8697,821,3896,0,12300
1785998189.944771418,0,641852935,0,0,0,0,0,641848787,13921,39600,0,0,791177039,747852072,0,0,0,641848787,14606,40500,0,585,99,0,0,641860361,3679016,3276700,18446744073709551616,641860362,717160,641859136,2960815,0,0,0,8697,821,3896,0,12300
1785998190.977988465,0,641852935,0,0,0,0,0,641848787,13921,39600,0,0,791180137,747855141,0,0,0,641848787,14606,40500,0,585,99,0,0,641860363,3679016,3276700,18446744073709551616,641860364,717160,641859136,2960815,0,0,0,8697,821,3896,0,12300
1785998192.010272093,0,641852935,0,0,0,0,0,641848787,13921,39600,0,0,791183235,747858233,0,0,0,641848787,14606,40500,0,585,99,0,0,641860365,3679016,3276700,18446744073709551616,641860366,717160,641859136,2960815,0,0,0,8697,821,3896,0,12300
1785998193.041936867,0,641852935,0,0,0,0,0,641848787,13921,39600,0,0,791186327,747861321,0,0,0,641848787,14606,40500,0,585,99,0,0,641860367,3679016,3276700,18446744073709551616,641860368,717160,641859136,2960815,0,0,0,8697,821,3896,0,12300
1785998194.074991389,0,641852935,0,0,0,0,0,641848787,13921,39600,0,0,791189426,747864415,0,0,0,641848787,14606,40500,0,585,99,0,0,641860369,3679016,3276700,18446744073709551616,641860370,717160,641859136,2960815,0,0,0,8697,821,3896,0,12300
1785998195.105476107,0,641852935,0,0,0,0,0,641848787,13921,39600,0,0,791192517,747867494,0,0,0,641848787,14606,40500,0,585,99,0,0,641860371,3679016,3276700,18446744073709551616,641860372,717160,641859136,2960815,0,0,0,8697,821,3896,0,12300
1785998196.137017102,0,641852935,0,0,0,0,0,641848787,13921,39600,0,0,791195613,747870455,0,0,0,641848787,14606,40500,0,585,99,0,0,641860373,3679016,3276700,18446744073709551616,641860374,717160,641859136,2960815,0,0,0,8697,821,3896,0,12300
1785998197.170138069,0,641852935,0,0,0,0,0,641848787,13921,39600,0,0,791198710,747873523,0,0,0,641848787,14606,40500,0,585,99,0,0,641860375,3679016,3276700,18446744073709551616,641860376,717160,641859136,2960815,0,0,0,8697,821,3896,0,12300
1785998198.203150923,0,641852935,0,0,0,0,0,641848787,13921,39600,0,0,791201809,747876617,0,0,0,641848787,14606,40500,0,585,99,0,0,641860377,3679016,3276700,18446744073709551616,641860378,717160,641859136,2960815,0,0,0,8697,821,3896,0,12300
1785998199.235351455,0,641852935,0,0,0,0,0,641848787,13921,39600,0,0,791204905,747879707,0,0,0,641848787,14606,40500,0,585,99,0,0,641860379,3679016,3276700,18446744073709551616,641860380,717160,641859136,2960815,0,0,0,8697,821,3896,0,12300
1785998200.264436334,0,641852935,0,0,0,0,0,641848787,13921,39600,0,0,791207997,747882794,0,0,0,641848787,14606,40500,0,585,99,0,0,641860381,3679016,3276700,18446744073709551616,641860382,717160,641859136,2960815,0,0,0,8697,821,3896,0,12300
1785998201.290783728,0,641852935,0,0,0,0,0,641848787,13921,39600,0,0,791211075,747885817,0,0,0,641848787,14606,40500,0,585,99,0,0,641860383,3679016,3276700,18446744073709551616,641860384,717160,641859136,2960815,0,0,0,8697,821,3896,0,12300
1785998202.321344281,0,641852935,0,0,0,0,0,641848787,13921,39600,0,0,791214164,747888813,0,0,0,641848787,14606,40500,0,585,99,0,0,641860385,3679016,3276700,18446744073709551616,641860386,717160,641859136,2960815,0,0,0,8697,821,3896,0,12300
1785998203.354483790,0,641852935,0,0,0,0,0,641848787,13921,39600,0,0,791217262,747891906,0,0,0,641848787,14606,40500,0,585,99,0,0,641860387,3679016,3276700,18446744073709551616,641860388,717160,641859136,2960815,0,0,0,8697,821,3896,0,12300
1785998204.387083306,0,641852935,0,0,0,0,0,641848787,13921,39600,0,0,791220360,747894998,0,0,0,641848787,14606,40500,0,585,99,0,0,641860389,3679016,3276700,18446744073709551616,641860390,717160,641859136,2960815,0,0,0,8697,821,3896,0,12300
1785998205.419387367,0,641852935,0,0,0,0,0,641848787,13921,39600,0,0,791223458,747898089,0,0,0,641848787,14606,40500,0,585,99,0,0,641860391,3679016,3276700,18446744073709551616,641860392,717160,641859136,2960815,0,0,0,8697,821,3896,0,12300
1785998206.453031039,0,641852935,0,0,0,0,0,641848787,13921,39600,0,0,791226557,747901184,0,0,0,641848787,14606,40500,0,585,99,0,0,641860393,3679016,3276700,18446744073709551616,641860394,717160,641859136,2960815,0,0,0,8697,821,3896,0,12300
1785998207.486266036,0,641852935,0,0,0,0,0,641848787,13921,39600,0,0,791229656,747904159,0,0,0,641848787,14606,40500,0,585,99,0,0,641860395,3679016,3276700,18446744073709551616,641860396,717160,641859136,2960815,0,0,0,8697,821,3896,0,12300
1785998208.519029533,0,641852935,0,0,0,0,0,641848787,13921,39600,0,0,791232754,747907213,0,0,0,641848787,14606,40500,0,585,99,0,0,641860397,3679016,3276700,18446744073709551616,641860398,717160,641859136,2960815,0,0,0,8697,821,3896,0,12300
1785998209.552420763,0,641852935,0,0,0,0,0,641848787,13921,39600,0,0,791235854,747910305,0,0,0,641848787,14606,40500,0,585,99,0,0,641860399,3679016,3276700,18446744073709551616,641860400,717160,641859136,2960815,0,0,0,8697,821,3896,0,12300
1785998210.585479342,0,641852935,0,0,0,0,0,641848787,13921,39600,0,0,791238952,747913398,0,0,0,641848787,14606,40500,0,585,99,0,0,641860401,3679016,3276700,18446744073709551616,641860402,717160,641859136,2960815,0,0,0,8697,821,3896,0,12300
1785998211.619131340,0,641852935,0,0,0,0,0,641848787,13921,39600,0,0,791242052,747916493,0,0,0,641848787,14606,40500,0,585,99,0,0,641860403,3679016,3276700,18446744073709551616,641860404,717160,641859136,2960815,0,0,0,8697,821,3896,0,12300
1785998212.652083558,0,641852935,0,0,0,0,0,641848787,13921,39600,0,0,791245150,747919586,0,0,0,641848787,14606,40500,0,585,99,0,0,641860405,3679016,3276700,18446744073709551616,641860406,717160,641859136,2960815,0,0,0,8697,821,3896,0,12300
1785998213.684407909,0,641852935,0,0,0,0,0,641848787,13921,39600,0,0,791248247,747922542,0,0,0,641848787,14606,40500,0,585,99,0,0,641860407,3679016,3276700,18446744073709551616,641860408,717160,641859136,2960815,0,0,0,8697,821,3896,0,12300
1785998214.717403429,0,641852935,0,0,0,0,0,641848787,13921,39600,0,0,791251344,747925635,0,0,0,641848787,14606,40500,0,585,99,0,0,641860409,3679016,3276700,18446744073709551616,641860410,717160,641859136,2960815,0,0,0,8697,821,3896,0,12300
1785998215.750888832,0,641852935,0,0,0,0,0,641848787,13921,39600,0,0,791254443,747928727,0,0,0,641848787,14606,40500,0,585,99,0,0,641860411,3679016,3276700,18446744073709551616,641860412,717160,641859136,2960815,0,0,0,8697,821,3896,0,12300
1785998216.783774344,0,641852935,0,0,0,0,0,641848787,13921,39600,0,0,791257543,747931821,0,0,0,641848787,14606,40500,0,585,99,0,0,641860413,3679016,3276700,18446744073709551616,641860414,717160,641859136,2960815,0,0,0,8697,821,3896,0,12300
1785998217.816575776,0,641852935,0,0,0,0,0,641848787,13921,39600,0,0,791260639,747934889,0,0,0,641848787,14606,40500,0,585,99,0,0,641860415,3679016,3276700,18446744073709551616,641860416,717160,641859136,2960815,0,0,0,8697,821,3896,0,12300
1785998218.848725270,0,641852935,0,0,0,0,0,641848787,13921,39600,0,0,791263734,747937953,0,0,0,641848787,14606,40500,0,585,99,0,0,641860417,3679016,3276700,18446744073709551616,641860418,717160,641859136,2960815,0,0,0,8697,821,3896,0,12300
1785998219.880618558,0,641852935,0,0,0,0,0,641848787,13921,39600,0,0,791266831,747940937,0,0,0,641848787,14606,40500,0,585,99,0,0,641860419,3679016,3276700,18446744073709551616,641860420,717160,641859136,2960815,0,0,0,8697,821,3896,0,12300
1785998220.911940054,0,641852935,0,0,0,0,0,641848787,13921,39600,0,0,791269923,747944021,0,0,0,641848787,14606,40500,0,585,99,0,0,641860421,3679016,3276700,18446744073709551616,641860422,717160,641859136,2960815,0,0,0,8697,821,3896,0,12300
1785998221.944409515,0,641852935,0,0,0,0,0,641848787,13921,39600,0,0,791273018,747947111,0,0,0,641848787,14606,40500,0,585,99,0,0,641860423,3679016,3276700,18446744073709551616,641860424,717160,641859136,2960815,0,0,0,8697,821,3896,0,12300
1785998222.977526867,0,641852935,0,0,0,0,0,641848787,13921,39600,0,0,791276117,747950205,0,0,0,641848787,14606,40500,0,585,99,0,0,641860425,3679016,3276700,18446744073709551616,641860426,717160,641859136,2960815,0,0,0,8697,821,3896,0,12300
1785998224.010935026,0,641852935,0,0,0,0,0,641848787,13921,39600,0,0,791279216,747953299,0,0,0,641848787,14606,40500,0,585,99,0,0,641860427,3679016,3276700,18446744073709551616,641860428,717160,641859136,2960815,0,0,0,8697,821,3896,0,12300
1785998225.043515931,0,641852935,0,0,0,0,0,641848787,13921,39600,0,0,791282312,747956318,0,0,0,641848787,14606,40500,0,585,99,0,0,641860429,3679016,3276700,18446744073709551616,641860430,717160,641859136,2960815,0,0,0,8697,821,3896,0,12300
1785998226.073260494,0,641852935,0,0,0,0,0,641848787,13921,39600,0,0,791285400,747959339,0,0,0,641848787,14606,40500,0,585,99,0,0,641860431,3679016,3276700,18446744073709551616,641860432,717160,641859136,2960815,0,0,0,8697,821,3896,0,12300
1785998227.105536977,0,641852935,0,0,0,0,0,641848787,13921,39600,0,0,791288497,747962429,0,0,0,641848787,14606,40500,0,585,99,0,0,641860433,3679016,3276700,18446744073709551616,641860434,717160,641859136,2960815,0,0,0,8697,821,3896,0,12300
1785998228.137040770,0,641852935,0,0,0,0,0,641848787,13921,39600,0,0,791291589,747965466,0,0,0,641848787,14606,40500,0,585,99,0,0,641860435,3679016,3276700,18446744073709551616,641860436,717160,641859136,2960815,0,0,0,8697,821,3896,0,12300
1785998229.169518577,0,641852935,0,0,0,0,0,641848787,13921,39600,0,0,791294686,747968556,0,0,0,641848787,14606,40500,0,585,99,0,0,641860437,3679016,3276700,18446744073709551616,641860438,717160,641859136,2960815,0,0,0,8697,821,3896,0,12300
1785998230.201055868,0,641852935,0,0,0,0,0,641848787,13921,39600,0,0,791297780,747971646,0,0,0,641848787,14606,40500,0,585,99,0,0,641860439,3679016,3276700,18446744073709551616,641860440,717160,641859136,2960815,0,0,0,8697,821,3896,0,12300
1785998231.232494296,0,641852935,0,0,0,0,0,641848787,13921,39600,0,0,791300872,747974616,0,0,0,641848787,14606,40500,0,585,99,0,0,641860441,3679016,3276700,18446744073709551616,641860442,717160,641859136,2960815,0,0,0,8697,821,3896,0,12300
1785998232.264915082,0,641852935,0,0,0,0,0,641848787,13921,39600,0,0,791303966,747977687,0,0,0,641848787,14606,40500,0,585,99,0,0,641860443,3679016,3276700,18446744073709551616,641860444,717160,641859136,2960815,0,0,0,8697,821,3896,0,12300
1785998233.297123728,0,641852935,0,0,0,0,0,641848787,13921,39600,0,0,791307063,747980777,0,0,0,641848787,14606,40500,0,585,99,0,0,641860445,3679016,3276700,18446744073709551616,641860446,717160,641859136,2960815,0,0,0,8697,821,3896,0,12300
1785998234.328579673,0,641852935,0,0,0,0,0,641848787,13921,39600,0,0,791310157,747983866,0,0,0,641848787,14606,40500,0,585,99,0,0,641860447,3679016,3276700,18446744073709551616,641860448,717160,641859136,2960815,0,0,0,8697,821,3896,0,12300
1785998235.360114325,0,641852935,0,0,0,0,0,641848787,13921,39600,0,0,791313252,747986955,0,0,0,641848787,14606,40500,0,585,99,0,0,641860449,3679016,3276700,18446744073709551616,641860450,717160,641859136,2960815,0,0,0,8697,821,3896,0,12300
1785998236.391462022,0,641852935,0,0,0,0,0,641848787,13921,39600,0,0,791316344,747990037,0,0,0,641848787,14606,40500,0,585,99,0,0,641860451,3679016,3276700,18446744073709551616,641860452,717160,641859136,2960815,0,0,0,8697,821,3896,0,12300
1785998237.421238950,0,641852935,0,0,0,0,0,641848787,13921,39600,0,0,791319431,747992993,0,0,0,641848787,14606,40500,0,585,99,0,0,641860453,3679016,3276700,18446744073709551616,641860454,717160,641859136,2960815,0,0,0,8697,821,3896,0,12300
1785998238.453158887,0,641852935,0,0,0,0,0,641848787,13921,39600,0,0,791322526,747996060,0,0,0,641848787,14606,40500,0,585,99,0,0,641860455,3679016,3276700,18446744073709551616,641860456,717160,641859136,2960815,0,0,0,8697,821,3896,0,12300
1785998239.485523432,0,641852935,0,0,0,0,0,641848787,13921,39600,0,0,791325624,747999151,0,0,0,641848787,14606,40500,0,585,99,0,0,641860457,3679016,3276700,18446744073709551616,641860458,717160,641859136,2960815,0,0,0,8697,821,3896,0,12300
1785998240.516237612,0,641852935,0,0,0,0,0,641848787,13921,39600,0,0,791328715,748002236,0,0,0,641848787,14606,40500,0,585,99,0,0,641860459,3679016,3276700,18446744073709551616,641860460,717160,641859136,2960815,0,0,0,8697,821,3896,0,12300
1785998241.548973303,0,641852935,0,0,0,0,0,641848787,13921,39600,0,0,791331811,748005326,0,0,0,641848787,14606,40500,0,585,99,0,0,641860461,3679016,3276700,18446744073709551616,641860462,717160,641859136,2960815,0,0,0,8697,821,3896,0,12300
1785998242.578549012,0,641852935,0,0,0,0,0,641848787,13921,39600,0,0,791334905,748008360,0,0,0,641848787,14606,40500,0,585,99,0,0,641860463,3679016,3276700,18446744073709551616,641860464,717160,641859136,2960815,0,0,0,8697,821,3896,0,12300
1785998243.609876523,0,641852935,0,0,0,0,0,641848787,13921,39600,0,0,791337993,748011359,0,0,0,641848787,14606,40500,0,585,99,0,0,641860465,3679016,3276700,18446744073709551616,641860466,717160,641859136,2960815,0,0,0,8697,821,3896,0,12300
1785998244.643591750,0,641852935,0,0,0,0,0,641848787,13921,39600,0,0,791341093,748014453,0,0,0,641848787,14606,40500,0,585,99,0,0,641860467,3679016,3276700,18446744073709551616,641860468,717160,641859136,2960815,0,0,0,8697,821,3896,0,12300
1785998245.676402518,0,641852935,0,0,0,0,0,641848787,13921,39600,0,0,791344191,748017545,0,0,0,641848787,14606,40500,0,585,99,0,0,641860469,3679016,3276700,18446744073709551616,641860470,717160,641859136,2960815,0,0,0,8697,821,3896,0,12300
1785998246.708593113,0,641852935,0,0,0,0,0,641848787,13921,39600,0,0,791347287,748020635,0,0,0,641848787,14606,40500,0,585,99,0,0,641860471,3679016,3276700,18446744073709551616,641860472,717160,641859136,2960815,0,0,0,8697,821,3896,0,12300
1785998247.742207466,0,641852935,0,0,0,0,0,641848787,13921,39600,0,0,791350386,748023729,0,0,0,641848787,14606,40500,0,585,99,0,0,641860473,3679016,3276700,18446744073709551616,641860474,717160,641859136,2960815,0,0,0,8697,821,3896,0,12300
1785998248.773868633,0,641852935,0,0,0,0,0,641848787,13921,39600,0,0,791353481,748026707,0,0,0,641848787,14606,40500,0,585,99,0,0,641860475,3679016,3276700,18446744073709551616,641860476,717160,641859136,2960815,0,0,0,8697,821,3896,0,12300
1785998249.802870815,0,641852935,0,0,0,0,0,641848787,13921,39600,0,0,791356565,748029749,0,0,0,641848787,14606,40500,0,585,99,0,0,641860477,3679016,3276700,18446744073709551616,641860478,717160,641859136,2960815,0,0,0,8697,821,3896,0,12300
1785998250.835188816,0,641852935,0,0,0,0,0,641848787,13921,39600,0,0,791359662,748032841,0,0,0,641848787,14606,40500,0,585,99,0,0,641860479,3679016,3276700,18446744073709551616,641860480,717160,641859136,2960815,0,0,0,8697,821,3896,0,12300
1785998251.867542079,0,641852935,0,0,0,0,0,641848787,13921,39600,0,0,791362759,748035932,0,0,0,641848787,14606,40500,0,585,99,0,0,641860481,3679016,3276700,18446744073709551616,641860482,717160,641859136,2960815,0,0,0,8697,821,3896,0,12300
1785998252.899043772,0,641852935,0,0,0,0,0,641848787,13921,39600,0,0,791365853,748039021,0,0,0,641848787,14606,40500,0,585,99,0,0,641860483,3679016,3276700,18446744073709551616,641860484,717160,641859136,2960815,0,0,0,8697,821,3896,0,12300
1785998253.932012728,0,641852935,0,0,0,0,0,641848787,13921,39600,0,0,791368950,748042113,0,0,0,641848787,14606,40500,0,585,99,0,0,641860485,3679016,3276700,18446744073709551616,641860486,717160,641859136,2960815,0,0,0,8697,821,3896,0,12300
1785998254.964583415,0,641852935,0,0,0,0,0,641848787,13921,39600,0,0,791372045,748045069,0,0,0,641848787,14606,40500,0,585,99,0,0,641860487,3679016,3276700,18446744073709551616,641860488,717160,641859136,2960815,0,0,0,8697,821,3896,0,12300
1785998255.996462893,0,641852935,0,0,0,0,0,641848787,13921,39600,0,0,791375140,748048159,0,0,0,641848787,14606,40500,0,585,99,0,0,641860489,3679016,3276700,18446744073709551616,641860490,717160,641859136,2960815,0,0,0,8697,821,3896,0,12300
1785998257.029311656,0,641852935,0,0,0,0,0,641848787,13921,39600,0,0,791378239,748051252,0,0,0,641848787,14606,40500,0,585,99,0,0,641860491,3679016,3276700,18446744073709551616,641860492,717160,641859136,2960815,0,0,0,8697,821,3896,0,12300
1785998258.061992945,0,641852935,0,0,0,0,0,641848787,13921,39600,0,0,791381334,748054342,0,0,0,641848787,14606,40500,0,585,99,0,0,641860493,3679016,3276700,18446744073709551616,641860494,717160,641859136,2960815,0,0,0,8697,821,3896,0,12300
1785998259.095755940,0,641852935,0,0,0,0,0,641848787,13921,39600,0,0,791384433,748057413,0,0,0,641848787,14606,40500,0,585,99,0,0,641860495,3679016,3276700,18446744073709551616,641860496,717160,641859136,2960815,0,0,0,8697,821,3896,0,12300
1785998260.128305991,0,641852935,0,0,0,0,0,641848787,13921,39600,0,0,791387533,748060468,0,0,0,641848787,14606,40500,0,585,99,0,0,641860497,3679016,3276700,18446744073709551616,641860498,717160,641859136,2960815,0,0,0,8697,821,3896,0,12300
1785998261.158523836,0,641852935,0,0,0,0,0,641848787,13921,39600,0,0,791390623,748063455,0,0,0,641848787,14606,40500,0,585,99,0,0,641860499,3679016,3276700,18446744073709551616,641860500,717160,641859136,2960815,0,0,0,8697,821,3896,0,12300
1785998262.190939243,0,641852935,0,0,0,0,0,641848787,13921,39600,0,0,791393718,748066545,0,0,0,641848787,14606,40500,0,585,99,0,0,641860501,3679016,3276700,18446744073709551616,641860502,717160,641859136,2960815,0,0,0,8697,821,3896,0,12300
1785998263.221618909,0,641852935,0,0,0,0,0,641848787,13921,39600,0,0,791396811,748069632,0,0,0,641848787,14606,40500,0,585,99,0,0,641860503,3679016,3276700,18446744073709551616,641860504,717160,641859136,2960815,0,0,0,8697,821,3896,0,12300
1785998264.253799571,0,641852935,0,0,0,0,0,641848787,13921,39600,0,0,791399906,748072722,0,0,0,641848787,14606,40500,0,585,99,0,0,641860505,3679016,3276700,18446744073709551616,641860506,717160,641859136,2960815,0,0,0,8697,821,3896,0,12300
1785998265.286778200,0,641852935,0,0,0,0,0,641848787,13921,39600,0,0,791403003,748075813,0,0,0,641848787,14606,40500,0,585,99,0,0,641860507,3679016,3276700,18446744073709551616,641860508,717160,641859136,2960815,0,0,0,8697,821,3896,0,12300
1785998266.316349952,0,641852935,0,0,0,0,0,641848787,13921,39600,0,0,791406093,748078815,0,0,0,641848787,14606,40500,0,585,99,0,0,641860509,3679016,3276700,18446744073709551616,641860510,717160,641859136,2960815,0,0,0,8697,821,3896,0,12300
1785998267.346166627,0,641852935,0,0,0,0,0,641848787,13921,39600,0,0,791409181,748081843,0,0,0,641848787,14606,40500,0,585,99,0,0,641860511,3679016,3276700,18446744073709551616,641860512,717160,641859136,2960815,0,0,0,8697,821,3896,0,12300
1785998268.377606757,0,641852935,0,0,0,0,0,641848787,13921,39600,0,0,791412276,748084932,0,0,0,641848787,14606,40500,0,585,99,0,0,641860513,3679016,3276700,18446744073709551616,641860514,717160,641859136,2960815,0,0,0,8697,821,3896,0,12300
1785998269.405925001,0,641852935,0,0,0,0,0,641848787,13921,39600,0,0,791415360,748087988,0,0,0,641848787,14606,40500,0,585,99,0,0,641860515,3679016,3276700,18446744073709551616,641860516,717160,641859136,2960815,0,0,0,8697,821,3896,0,12300
1785998270.432597600,0,641852935,0,0,0,0,0,641848787,13921,39600,0,0,791418441,748091063,0,0,0,641848787,14606,40500,0,585,99,0,0,641860517,3679016,3276700,18446744073709551616,641860518,717160,641859136,2960815,0,0,0,8697,821,3896,0,12300
1785998271.464631143,0,641852935,0,0,0,0,0,641848787,13921,39600,0,0,791421535,748094152,0,0,0,641848787,14606,40500,0,585,99,0,0,641860519,3679016,3276700,18446744073709551616,641860520,717160,641859136,2960815,0,0,0,8697,821,3896,0,12300
1785998272.496856393,0,641852935,0,0,0,0,0,641848787,13921,39600,0,0,791424625,748097118,0,0,0,641848787,14606,40500,0,585,99,0,0,641860521,3679016,3276700,18446744073709551616,641860522,717160,641859136,2960815,0,0,0,8697,821,3896,0,12300
1785998273.530156193,0,641852935,0,0,0,0,0,641848787,13921,39600,0,0,791427725,748100204,0,0,0,641848787,14606,40500,0,585,99,0,0,641860523,3679016,3276700,18446744073709551616,641860524,717160,641859136,2960815,0,0,0,8697,821,3896,0,12300
1785998274.557879130,0,641852935,0,0,0,0,0,641848787,13921,39600,0,0,791430806,748103281,0,0,0,641848787,14606,40500,0,585,99,0,0,641860525,3679016,3276700,18446744073709551616,641860526,717160,641859136,2960815,0,0,0,8697,821,3896,0,12300
1785998275.589713136,0,641852935,0,0,0,0,0,641848787,13921,39600,0,0,791433900,748106370,0,0,0,641848787,14606,40500,0,585,99,0,0,641860527,3679016,3276700,18446744073709551616,641860528,717160,641859136,2960815,0,0,0,8697,821,3896,0,12300
1785998276.622599779,0,641852935,0,0,0,0,0,641848787,13921,39600,0,0,791437000,748109464,0,0,0,641848787,14606,40500,0,585,99,0,0,641860529,3679016,3276700,18446744073709551616,641860530,717160,641859136,2960815,0,0,0,8697,821,3896,0,12300
1785998277.652407491,0,641852935,0,0,0,0,0,641848787,13921,39600,0,0,791440093,748112542,0,0,0,641848787,14606,40500,0,585,99,0,0,641860531,3679016,3276700,18446744073709551616,641860532,717160,641859136,2960815,0,0,0,8697,821,3896,0,12300
1785998278.679836266,0,641852935,0,0,0,0,0,641848787,13921,39600,0,0,791443177,748115492,0,0,0,641848787,14606,40500,0,585,99,0,0,641860533,3679016,3276700,18446744073709551616,641860534,717160,641859136,2960815,0,0,0,8697,821,3896,0,12300
1785998279.712071516,0,641852935,0,0,0,0,0,641848787,13921,39600,0,0,791446269,748118556,0,0,0,641848787,14606,40500,0,585,99,0,0,641860535,3679016,3276700,18446744073709551616,641860536,717160,641859136,2960815,0,0,0,8697,821,3896,0,12300
1785998280.744881435,0,641852935,0,0,0,0,0,641848787,13921,39600,0,0,791449366,748121648,0,0,0,641848787,14606,40500,0,585,99,0,0,641860537,3679016,3276700,18446744073709551616,641860538,717160,641859136,2960815,0,0,0,8697,821,3896,0,12300
1785998281.777389719,0,641852935,0,0,0,0,0,641848787,13921,39600,0,0,791452464,748124739,0,0,0,641848787,14606,40500,0,585,99,0,0,641860539,3679016,3276700,18446744073709551616,641860540,717160,641859136,2960815,0,0,0,8697,821,3896,0,12300
1785998282.809908028,0,641852935,0,0,0,0,0,641848787,13921,39600,0,0,791455562,748127830,0,0,0,641848787,14606,40500,0,585,99,0,0,641860541,3679016,3276700,18446744073709551616,641860542,717160,641859136,2960815,0,0,0,8697,821,3896,0,12300
1785998283.839890672,0,641852935,0,0,0,0,0,641848787,13921,39600,0,0,791458652,748130860,0,0,0,641848787,14606,40500,0,585,99,0,0,641860543,3679016,3276700,18446744073709551616,641860544,717160,641859136,2960815,0,0,0,8697,821,3896,0,12300
1785998284.870594173,0,641852935,0,0,0,0,0,641848787,13921,39600,0,0,791461741,748133863,0,0,0,641848787,14606,40500,0,585,99,0,0,641860545,3679016,3276700,18446744073709551616,641860546,717160,641859136,2960815,0,0,0,8697,821,3896,0,12300
1785998285.903924381,0,641852935,0,0,0,0,0,641848787,13921,39600,0,0,791464842,748136957,0,0,0,641848787,14606,40500,0,585,99,0,0,641860547,3679016,3276700,18446744073709551616,641860548,717160,641859136,2960815,0,0,0,8697,821,3896,0,12300
1785998286.936211679,0,641852935,0,0,0,0,0,641848787,13921,39600,0,0,791467933,748140043,0,0,0,641848787,14606,40500,0,585,99,0,0,641860549,3679016,3276700,18446744073709551616,641860550,717160,641859136,2960815,0,0,0,8697,821,3896,0,12300
1785998287.968988549,0,641852935,0,0,0,0,0,641848787,13921,39600,0,0,791471034,748143139,0,0,0,641848787,14606,40500,0,585,99,0,0,641860551,3679016,3276700,18446744073709551616,641860552,717160,641859136,2960815,0,0,0,8697,821,3896,0,12300
1785998289.002017975,0,641852935,0,0,0,0,0,641848787,13921,39600,0,0,791474134,748146233,0,0,0,641848787,14606,40500,0,585,99,0,0,641860553,3679016,3276700,18446744073709551616,641860554,717160,641859136,2960815,0,0,0,8697,821,3896,0,12300
1785998290.033073000,0,641852935,0,0,0,0,0,641848787,13921,39600,0,0,791477224,748149159,0,0,0,641848787,14606,40500,0,585,99,0,0,641860555,3679016,3276700,18446744073709551616,641860556,717160,641859136,2960815,0,0,0,8697,821,3896,0,12300
1785998291.065737882,0,641852935,0,0,0,0,0,641848787,13921,39600,0,0,791480326,748152171,0,0,0,641848787,14606,40500,0,585,99,0,0,641860557,3679016,3276700,18446744073709551616,641860558,717160,641859136,2960815,0,0,0,8697,821,3896,0,12300
1785998292.098343394,0,641852935,0,0,0,0,0,641848787,13921,39600,0,0,791483422,748155262,0,0,0,641848787,14606,40500,0,585,99,0,0,641860559,3679016,3276700,18446744073709551616,641860560,717160,641859136,2960815,0,0,0,8697,821,3896,0,12300
1785998293.132605484,0,641852935,0,0,0,0,0,641848787,13921,39600,0,0,791486524,748158358,0,0,0,641848787,14606,40500,0,585,99,0,0,641860561,3679016,3276700,18446744073709551616,641860562,717160,641859136,2960815,0,0,0,8697,821,3896,0,12300
1785998294.164406337,0,641852935,0,0,0,0,0,641848787,13921,39600,0,0,791489621,748161450,0,0,0,641848787,14606,40500,0,585,99,0,0,641860563,3679016,3276700,18446744073709551616,641860564,717160,641859136,2960815,0,0,0,8697,821,3896,0,12300
1785998295.197384290,0,641852935,0,0,0,0,0,641848787,13921,39600,0,0,791492719,748164538,0,0,0,641848787,14606,40500,0,585,99,0,0,641860565,3679016,3276700,18446744073709551616,641860566,717160,641859136,2960815,0,0,0,8697,821,3896,0,12300
1785998296.231264118,0,641852935,0,0,0,0,0,641848787,13921,39600,0,0,791495820,748167525,0,0,0,641848787,14606,40500,0,585,99,0,0,641860567,3679016,3276700,18446744073709551616,641860568,717160,641859136,2960815,0,0,0,8697,821,3896,0,12300
1785998297.263618937,0,641852935,0,0,0,0,0,641848787,13921,39600,0,0,791498917,748170591,0,0,0,641848787,14606,40500,0,585,99,0,0,641860569,3679016,3276700,18446744073709551616,641860570,717160,641859136,2960815,0,0,0,8697,821,3896,0,12300
1785998298.296598016,0,641852935,0,0,0,0,0,641848787,13921,39600,0,0,791502015,748173684,0,0,0,641848787,14606,40500,0,585,99,0,0,641860571,3679016,3276700,18446744073709551616,641860572,717161,641859136,2960815,0,0,0,8697,821,3896,0,12300
1785998299.329465750,0,641852935,0,0,0,0,0,641848787,13921,39600,0,0,791505114,748176776,0,0,0,641848787,14606,40500,0,585,99,0,0,641860573,3679016,3276700,18446744073709551616,641860574,717161,641859136,2960815,0,0,0,8697,821,3896,0,12300
1785998300.358402497,0,641852935,0,0,0,0,0,641848787,13921,39600,0,0,791508201,748179833,0,0,0,641848787,14606,40500,0,585,99,0,0,641860575,3679016,3276700,18446744073709551616,641860576,717161,641859136,2960815,0,0,0,8697,821,3896,0,12300
1785998301.385965153,0,641852935,0,0,0,0,0,641848787,13921,39600,0,0,791511286,748182906,0,0,0,641848787,14606,40500,0,585,99,0,0,641860577,3679016,3276700,18446744073709551616,641860578,717161,641859136,2960815,0,0,0,8697,821,3896,0,12300
1785998302.416320132,0,641852935,0,0,0,0,0,641848787,13921,39600,0,0,791514374,748185853,0,0,0,641848787,14606,40500,0,585,99,0,0,641860579,3679016,3276700,18446744073709551616,641860580,717161,641859136,2960815,0,0,0,8697,821,3896,0,12300
1785998303.448172081,0,641852935,0,0,0,0,0,641848787,13921,39600,0,0,791517469,748188943,0,0,0,641848787,14606,40500,0,585,99,0,0,641860581,3679016,3276700,18446744073709551616,641860582,717161,641859136,2960815,0,0,0,8697,821,3896,0,12300
1785998304.479312943,0,641852935,0,0,0,0,0,641848787,13921,39600,0,0,791520562,748192030,0,0,0,641848787,14606,40500,0,585,99,0,0,641860583,3679016,3276700,18446744073709551616,641860584,717161,641859136,2960815,0,0,0,8697,821,3896,0,12300
1785998305.511024769,0,641852935,0,0,0,0,0,641848787,13921,39600,0,0,791523655,748195118,0,0,0,641848787,14606,40500,0,585,99,0,0,641860585,3679016,3276700,18446744073709551616,641860586,717161,641859136,2960815,0,0,0,8697,821,3896,0,12300
1785998306.543364504,0,641852935,0,0,0,0,0,641848787,13921,39600,0,0,791526752,748198210,0,0,0,641848787,14606,40500,0,585,99,0,0,641860587,3679016,3276700,18446744073709551616,641860588,717161,641859136,2960815,0,0,0,8697,821,3896,0,12300
1785998307.573997381,0,641852935,0,0,0,0,0,641848787,13921,39600,0,0,791529845,748201246,0,0,0,641848787,14606,40500,0,585,99,0,0,641860589,3679016,3276700,18446744073709551616,641860590,717161,641859136,2960815,0,0,0,8697,821,3896,0,12300
1785998308.607404181,0,641852935,0,0,0,0,0,641848787,13921,39600,0,0,791532942,748204252,0,0,0,641848787,14606,40500,0,585,99,0,0,641860591,3679016,3276700,18446744073709551616,641860592,717161,641859136,2960815,0,0,0,8697,821,3896,0,12300
1785998309.640520584,0,641852935,0,0,0,0,0,641848787,13921,39600,0,0,791536042,748207346,0,0,0,641848787,14606,40500,0,585,99,0,0,641860593,3679016,3276700,18446744073709551616,641860594,717161,641859136,2960815,0,0,0,8697,821,3896,0,12300
1785998310.671383782,0,641852935,0,0,0,0,0,641848787,13921,39600,0,0,791539135,748210410,0,0,0,641848787,14606,40500,0,585,99,0,0,641860595,3679016,3276700,18446744073709551616,641860596,717161,641859136,2960815,0,0,0,8697,821,3896,0,12300
1785998311.704253642,0,641852935,0,0,0,0,0,641848787,13921,39600,0,0,791542232,748213502,0,0,0,641848787,14606,40500,0,585,99,0,0,641860597,3679016,3276700,18446744073709551616,641860598,717161,641859136,2960815,0,0,0,8697,821,3896,0,12300
1785998312.736888809,0,641852935,0,0,0,0,0,641848787,13921,39600,0,0,791545330,748216594,0,0,0,641848787,14606,40500,0,585,99,0,0,641860599,3679016,3276700,18446744073709551616,641860600,717161,641859136,2960815,0,0,0,8697,821,3896,0,12300
1785998313.765914903,0,641852935,0,0,0,0,0,641848787,13921,39600,0,0,791548416,748219579,0,0,0,641848787,14606,40500,0,585,99,0,0,641860601,3679016,3276700,18446744073709551616,641860602,717161,641859136,2960815,0,0,0,8697,821,3896,0,12300
1785998314.797505338,0,641852935,0,0,0,0,0,641848787,13921,39600,0,0,791551508,748222627,0,0,0,641848787,14606,40500,0,585,99,0,0,641860603,3679016,3276700,18446744073709551616,641860604,717161,641859136,2960815,0,0,0,8697,821,3896,0,12300
1785998315.831033894,0,641852935,0,0,0,0,0,641848787,13921,39600,0,0,791554609,748225721,0,0,0,641848787,14606,40500,0,585,99,0,0,641860605,3679016,3276700,18446744073709551616,641860606,717161,641859136,2960815,0,0,0,8697,821,3896,0,12300
1785998316.863733345,0,641852935,0,0,0,0,0,641848787,13921,39600,0,0,791557706,748228814,0,0,0,641848787,14606,40500,0,585,99,0,0,641860607,3679016,3276700,18446744073709551616,641860608,717161,641859136,2960815,0,0,0,8697,821,3896,0,12300
1785998317.895164728,0,641852935,0,0,0,0,0,641848787,13921,39600,0,0,791560800,748231902,0,0,0,641848787,14606,40500,0,585,99,0,0,641860609,3679016,3276700,18446744073709551616,641860610,717161,641859136,2960815,0,0,0,8697,821,3896,0,12300
1785998318.927112307,0,641852935,0,0,0,0,0,641848787,13921,39600,0,0,791563895,748234992,0,0,0,641848787,14606,40500,0,585,99,0,0,641860611,3679016,3276700,18446744073709551616,641860612,717161,641859136,2960815,0,0,0,8697,821,3896,0,12300
1785998319.959817323,0,641852935,0,0,0,0,0,641848787,13921,39600,0,0,791566993,748237946,0,0,0,641848787,14606,40500,0,585,99,0,0,641860613,3679016,3276700,18446744073709551616,641860614,717161,641859136,2960815,0,0,0,8697,821,3896,0,12300
1785998320.991878900,0,641852935,0,0,0,0,0,641848787,13921,39600,0,0,791570087,748241011,0,0,0,641848787,14606,40500,0,585,99,0,0,641860615,3679016,3276700,18446744073709551616,641860616,717161,641859136,2960815,0,0,0,8697,821,3896,0,12300
1785998322.024487619,0,641852935,0,0,0,0,0,641848787,13921,39600,0,0,791573185,748244104,0,0,0,641848787,14606,40500,0,585,99,0,0,641860617,3679016,3276700,18446744073709551616,641860618,717161,641859136,2960815,0,0,0,8697,821,3896,0,12300
1785998323.057865903,0,641852935,0,0,0,0,0,641848787,13921,39600,0,0,791576282,748247195,0,0,0,641848787,14606,40500,0,585,99,0,0,641860619,3679016,3276700,18446744073709551616,641860620,717161,641859136,2960815,0,0,0,8697,821,3896,0,12300
1785998324.087524597,0,641852935,0,0,0,0,0,641848787,13921,39600,0,0,791579380,748250285,0,0,0,641848787,14606,40500,0,585,99,0,0,641860621,3679016,3276700,18446744073709551616,641860622,717161,641859136,2960815,0,0,0,8697,821,3896,0,12300
1785998325.116461556,0,641852935,0,0,0,0,0,641848787,13921,39600,0,0,791582457,748253340,0,0,0,641848787,14606,40500,0,585,99,0,0,641860623,3679016,3276700,18446744073709551616,641860624,717161,641859136,2960815,0,0,0,8697,821,3896,0,12300
1785998326.149366556,0,641852935,0,0,0,0,0,641848787,13921,39600,0,0,791585556,748256313,0,0,0,641848787,14606,40500,0,585,99,0,0,641860625,3679016,3276700,18446744073709551616,641860626,717161,641859136,2960815,0,0,0,8697,821,3896,0,12300
1785998327.182201120,0,641852935,0,0,0,0,0,641848787,13921,39600,0,0,791588655,748259406,0,0,0,641848787,14606,40500,0,585,99,0,0,641860627,3679016,3276700,18446744073709551616,641860628,717161,641859136,2960815,0,0,0,8697,821,3896,0,12300
1785998328.215079889,0,641852935,0,0,0,0,0,641848787,13921,39600,0,0,791591753,748262498,0,0,0,641848787,14606,40500,0,585,99,0,0,641860629,3679016,3276700,18446744073709551616,641860630,717161,641859136,2960815,0,0,0,8697,821,3896,0,12300
1785998329.248441223,0,641852935,0,0,0,0,0,641848787,13921,39600,0,0,791594854,748265592,0,0,0,641848787,14606,40500,0,585,99,0,0,641860631,3679016,3276700,18446744073709551616,641860632,717161,641859136,2960815,0,0,0,8697,821,3896,0,12300
1785998330.273990697,0,641852935,0,0,0,0,0,641848787,13921,39600,0,0,791597936,748268669,0,0,0,641848787,14606,40500,0,585,99,0,0,641860633,3679016,3276700,18446744073709551616,641860634,717161,641859136,2960815,0,0,0,8697,821,3896,0,12300
1785998331.295053208,0,641852935,0,0,0,0,0,641848787,13921,39600,0,0,791600993,748271644,0,0,0,641848787,14606,40500,0,585,99,0,0,641860635,3679016,3276700,18446744073709551616,641860636,717161,641859136,2960815,0,0,0,8697,821,3896,0,12300
1785998332.326064857,0,641852935,0,0,0,0,0,641848787,13921,39600,0,0,791604086,748274655,0,0,0,641848787,14606,40500,0,585,99,0,0,641860637,3679016,3276700,18446744073709551616,641860638,717161,641859136,2960815,0,0,0,8697,821,3896,0,12300
1785998333.358380295,0,641852935,0,0,0,0,0,641848787,13921,39600,0,0,791607180,748277745,0,0,0,641848787,14606,40500,0,585,99,0,0,641860639,3679016,3276700,18446744073709551616,641860640,717161,641859136,2960815,0,0,0,8697,821,3896,0,12300
1785998334.390881421,0,641852935,0,0,0,0,0,641848787,13921,39600,0,0,791610279,748280837,0,0,0,641848787,14606,40500,0,585,99,0,0,641860641,3679016,3276700,18446744073709551616,641860642,717161,641859136,2960815,0,0,0,8697,821,3896,0,12300
1785998335.420743922,0,641852935,0,0,0,0,0,641848787,13921,39600,0,0,791613368,748283921,0,0,0,641848787,14606,40500,0,585,99,0,0,641860643,3679016,3276700,18446744073709551616,641860644,717161,641859136,2960815,0,0,0,8697,821,3896,0,12300
1785998336.452757233,0,641852935,0,0,0,0,0,641848787,13921,39600,0,0,791616464,748287010,0,0,0,641848787,14606,40500,0,585,99,0,0,641860645,3679016,3276700,18446744073709551616,641860646,717161,641859136,2960815,0,0,0,8697,821,3896,0,12300
1785998337.485199749,0,641852935,0,0,0,0,0,641848787,13921,39600,0,0,791619559,748290000,0,0,0,641848787,14606,40500,0,585,99,0,0,641860647,3679016,3276700,18446744073709551616,641860648,717161,641859136,2960815,0,0,0,8697,821,3896,0,12300
1785998338.518277978,0,641852935,0,0,0,0,0,641848787,13921,39600,0,0,791622658,748293062,0,0,0,641848787,14606,40500,0,585,99,0,0,641860649,3679016,3276700,18446744073709551616,641860650,717161,641859136,2960815,0,0,0,8697,821,3896,0,12300
1785998339.550928515,0,641852935,0,0,0,0,0,641848787,13921,39600,0,0,791625755,748296154,0,0,0,641848787,14606,40500,0,585,99,0,0,641860651,3679017,3276700,18446744073709551616,641860652,717161,641859136,2960815,0,0,0,8697,821,3896,0,12300
1785998340.580991642,0,641852935,0,0,0,0,0,641848787,13921,39600,0,0,791628850,748299242,0,0,0,641848787,14606,40500,0,585,99,0,0,641860653,3679017,3276700,18446744073709551616,641860654,717161,641859136,2960815,0,0,0,8697,821,3896,0,12300
1785998341.609885281,0,641852935,0,0,0,0,0,641848787,13921,39600,0,0,791631933,748302298,0,0,0,641848787,14606,40500,0,585,99,0,0,641860655,3679017,3276700,18446744073709551616,641860656,717161,641859136,2960815,0,0,0,8697,821,3896,0,12300
1785998342.638713771,0,641852935,0,0,0,0,0,641848787,13921,39600,0,0,791635018,748305376,0,0,0,641848787,14606,40500,0,585,99,0,0,641860657,3679017,3276700,18446744073709551616,641860658,717161,641859136,2960815,0,0,0,8697,821,3896,0,12300
1785998343.670908028,0,641852935,0,0,0,0,0,641848787,13921,39600,0,0,791638117,748308328,0,0,0,641848787,14606,40500,0,585,99,0,0,641860659,3679017,3276700,18446744073709551616,641860660,717161,641859136,2960815,0,0,0,8697,821,3896,0,12300
1785998344.703416277,0,641852935,0,0,0,0,0,641848787,13921,39600,0,0,791641213,748311419,0,0,0,641848787,14606,40500,0,585,99,0,0,641860661,3679017,3276700,18446744073709551616,641860662,717161,641859136,2960815,0,0,0,8697,821,3896,0,12300
1785998345.736363232,0,641852935,0,0,0,0,0,641848787,13921,39600,0,0,791644312,748314513,0,0,0,641848787,14606,40500,0,585,99,0,0,641860663,3679017,3276700,18446744073709551616,641860664,717161,641859136,2960815,0,0,0,8697,821,3896,0,12300
1785998346.769870658,0,641852935,0,0,0,0,0,641848787,13921,39600,0,0,791647413,748317606,0,0,0,641848787,14606,40500,0,585,99,0,0,641860665,3679017,3276700,18446744073709551616,641860666,717161,641859136,2960815,0,0,0,8697,821,3896,0,12300
1785998347.802113698,0,641852935,0,0,0,0,0,641848787,13921,39600,0,0,791650509,748320698,0,0,0,641848787,14606,40500,0,585,99,0,0,641860667,3679017,3276700,18446744073709551616,641860668,717161,641859136,2960815,0,0,0,8697,821,3896,0,12300
1785998348.830267538,0,641852935,0,0,0,0,0,641848787,13921,39600,0,0,791653594,748323733,0,0,0,641848787,14606,40500,0,585,99,0,0,641860669,3679017,3276700,18446744073709551616,641860670,717161,641859136,2960815,0,0,0,8697,821,3896,0,12300
1785998349.863070627,0,641852935,0,0,0,0,0,641848787,13921,39600,0,0,791656691,748326734,0,0,0,641848787,14606,40500,0,585,99,0,0,641860671,3679017,3276700,18446744073709551616,641860672,717161,641859136,2960815,0,0,0,8697,821,3896,0,12300
1785998350.902096259,0,641852935,0,0,0,0,0,641848787,13921,39600,0,0,791659807,748329844,0,0,0,641848787,14606,40500,0,585,99,0,0,641860673,3679017,3276700,18446744073709551616,641860674,717161,641859136,2960815,0,0,0,8697,821,3896,0,12300
1785998351.934312872,0,641852935,0,0,0,0,0,641848787,13921,39600,0,0,791662905,748332907,0,0,0,641848787,14606,40500,0,585,99,0,0,641860675,3679017,3276700,18446744073709551616,641860676,717161,641859136,2960815,0,0,0,8697,821,3896,0,12300
1785998352.966833222,0,641852935,0,0,0,0,0,641848787,13921,39600,0,0,791666003,748335980,0,0,0,641848787,14606,40500,0,585,99,0,0,641860677,3679017,3276700,18446744073709551616,641860678,717161,641859136,2960815,0,0,0,8697,821,3896,0,12300
1785998353.999071335,0,641852935,0,0,0,0,0,641848787,13921,39600,0,0,791669100,748339071,0,0,0,641848787,14606,40500,0,585,99,0,0,641860679,3679017,3276700,18446744073709551616,641860680,717161,641859136,2960815,0,0,0,8697,821,3896,0,12300
1785998355.030421945,0,641852935,0,0,0,0,0,641848787,13921,39600,0,0,791672200,748342070,0,0,0,641848787,14606,40500,0,585,99,0,0,641860681,3679017,3276700,18446744073709551616,641860682,717161,641859136,2960815,0,0,0,8697,821,3896,0,12300
1785998356.061614275,0,641852935,0,0,0,0,0,641848787,13921,39600,0,0,791675289,748345112,0,0,0,641848787,14606,40500,0,585,99,0,0,641860683,3679017,3276700,18446744073709551616,641860684,717161,641859136,2960815,0,0,0,8697,821,3896,0,12300
1785998357.094649975,0,641852935,0,0,0,0,0,641848787,13921,39600,0,0,791678386,748348202,0,0,0,641848787,14606,40500,0,585,99,0,0,641860685,3679017,3276700,18446744073709551616,641860686,717161,641859136,2960815,0,0,0,8697,821,3896,0,12300
1785998358.127404761,0,641852935,0,0,0,0,0,641848787,13921,39600,0,0,791681484,748351294,0,0,0,641848787,14606,40500,0,585,99,0,0,641860687,3679017,3276700,18446744073709551616,641860688,717161,641859136,2960815,0,0,0,8697,821,3896,0,12300
1785998359.159491763,0,641852935,0,0,0,0,0,641848787,13921,39600,0,0,791684579,748354383,0,0,0,641848787,14606,40500,0,585,99,0,0,641860689,3679017,3276700,18446744073709551616,641860690,717161,641859136,2960815,0,0,0,8697,821,3896,0,12300
1785998360.193553542,0,641852935,0,0,0,0,0,641848787,13921,39600,0,0,791687683,748357480,0,0,0,641848787,14606,40500,0,585,99,0,0,641860691,3679017,3276700,18446744073709551616,641860692,717161,641859136,2960815,0,0,0,8697,821,3896,0,12300
1785998361.225868596,0,641852935,0,0,0,0,0,641848787,13921,39600,0,0,791690778,748360434,0,0,0,641848787,14606,40500,0,585,99,0,0,641860693,3679017,3276700,18446744073709551616,641860694,717161,641859136,2960815,0,0,0,8697,821,3896,0,12300
1785998362.257571118,0,641852935,0,0,0,0,0,641848787,13921,39600,0,0,791693871,748363514,0,0,0,641848787,14606,40500,0,585,99,0,0,641860695,3679017,3276700,18446744073709551616,641860696,717161,641859136,2960815,0,0,0,8697,821,3896,0,12300
1785998363.290617338,0,641852935,0,0,0,0,0,641848787,13921,39600,0,0,791696969,748366590,0,0,0,641848787,14606,40500,0,585,99,0,0,641860697,3679017,3276700,18446744073709551616,641860698,717161,641859136,2960815,0,0,0,8697,821,3896,0,12300
1785998364.323196477,0,641852935,0,0,0,0,0,641848787,13921,39600,0,0,791700068,748369682,0,0,0,641848787,14606,40500,0,585,99,0,0,641860699,3679017,3276700,18446744073709551616,641860700,717161,641859136,2960815,0,0,0,8697,821,3896,0,12300
1785998365.355370143,0,641852935,0,0,0,0,0,641848787,13921,39600,0,0,791703163,748372772,0,0,0,641848787,14606,40500,0,585,99,0,0,641860701,3679017,3276700,18446744073709551616,641860702,717161,641859136,2960815,0,0,0,8697,821,3896,0,12300
1785998366.385345406,0,641852935,0,0,0,0,0,641848787,13921,39600,0,0,791706251,748375836,0,0,0,641848787,14606,40500,0,585,99,0,0,641860703,3679017,3276700,18446744073709551616,641860704,717161,641859136,2960815,0,0,0,8697,821,3896,0,12300
1785998367.418089490,0,641852935,0,0,0,0,0,641848787,13921,39600,0,0,791709346,748378806,0,0,0,641848787,14606,40500,0,585,99,0,0,641860705,3679017,3276700,18446744073709551616,641860706,717161,641859136,2960815,0,0,0,8697,821,3896,0,12300
1785998368.450512990,0,641852935,0,0,0,0,0,641848787,13921,39600,0,0,791712443,748381898,0,0,0,641848787,14606,40500,0,585,99,0,0,641860707,3679017,3276700,18446744073709551616,641860708,717161,641859136,2960815,0,0,0,8697,821,3896,0,12300
1785998369.482863309,0,641852935,0,0,0,0,0,641848787,13921,39600,0,0,791715540,748384989,0,0,0,641848787,14606,40500,0,585,99,0,0,641860709,3679017,3276700,18446744073709551616,641860710,717161,641859136,2960815,0,0,0,8697,821,3896,0,12300
1785998370.515555260,0,641852935,0,0,0,0,0,641848787,13921,39600,0,0,791718635,748388080,0,0,0,641848787,14606,40500,0,585,99,0,0,641860711,3679017,3276700,18446744073709551616,641860712,717161,641859136,2960815,0,0,0,8697,821,3896,0,12300
1785998371.544377369,0,641852935,0,0,0,0,0,641848787,13921,39600,0,0,791721728,748391166,0,0,0,641848787,14606,40500,0,585,99,0,0,641860713,3679017,3276700,18446744073709551616,641860714,717161,641859136,2960815,0,0,0,8697,821,3896,0,12300
1785998372.571183023,0,641852935,0,0,0,0,0,641848787,13921,39600,0,0,791724802,748394171,0,0,0,641848787,14606,40500,0,585,99,0,0,641860715,3679017,3276700,18446744073709551616,641860716,717161,641859136,2960815,0,0,0,8697,821,3896,0,12300
1785998373.603802133,0,641852935,0,0,0,0,0,641848787,13921,39600,0,0,791727898,748397173,0,0,0,641848787,14606,40500,0,585,99,0,0,641860717,3679017,3276700,18446744073709551616,641860718,717161,641859136,2960815,0,0,0,8697,821,3896,0,12300
1785998374.633472114,0,641852935,0,0,0,0,0,641848787,13921,39600,0,0,791730990,748400260,0,0,0,641848787,14606,40500,0,585,99,0,0,641860719,3679017,3276700,18446744073709551616,641860720,717161,641859136,2960815,0,0,0,8697,821,3896,0,12300
1785998375.665477149,0,641852935,0,0,0,0,0,641848787,13921,39600,0,0,791734084,748403349,0,0,0,641848787,14606,40500,0,585,99,0,0,641860721,3679017,3276700,18446744073709551616,641860722,717161,641859136,2960815,0,0,0,8697,821,3896,0,12300
1785998376.697794860,0,641852935,0,0,0,0,0,641848787,13921,39600,0,0,791737180,748406439,0,0,0,641848787,14606,40500,0,585,99,0,0,641860723,3679017,3276700,18446744073709551616,641860724,717161,641859136,2960815,0,0,0,8697,821,3896,0,12300
1785998377.730510351,0,641852935,0,0,0,0,0,641848787,13921,39600,0,0,791740279,748409531,0,0,0,641848787,14606,40500,0,585,99,0,0,641860725,3679017,3276700,18446744073709551616,641860726,717161,641859136,2960815,0,0,0,8697,821,3896,0,12300
1785998378.762892691,0,641852935,0,0,0,0,0,641848787,13921,39600,0,0,791743374,748412509,0,0,0,641848787,14606,40500,0,585,99,0,0,641860727,3679017,3276700,18446744073709551616,641860728,717161,641859136,2960815,0,0,0,8697,821,3896,0,12300
1785998379.796130449,0,641852935,0,0,0,0,0,641848787,13921,39600,0,0,791746474,748415576,0,0,0,641848787,14606,40500,0,585,99,0,0,641860729,3679017,3276700,18446744073709551616,641860730,717161,641859136,2960815,0,0,0,8697,821,3896,0,12300
1785998380.828211011,0,641852935,0,0,0,0,0,641848787,13921,39600,0,0,791749571,748418667,0,0,0,641848787,14606,40500,0,585,99,0,0,641860731,3679017,3276700,18446744073709551616,641860732,717161,641859136,2960815,0,0,0,8697,821,3896,0,12300
1785998381.854952693,0,641852935,0,0,0,0,0,641848787,13921,39600,0,0,791752657,748421748,0,0,0,641848787,14606,40500,0,585,99,0,0,641860733,3679017,3276700,18446744073709551616,641860734,717161,641859136,2960815,0,0,0,8697,821,3896,0,12300
1785998382.880864917,0,641852935,0,0,0,0,0,641848787,13921,39600,0,0,791755727,748424804,0,0,0,641848787,14606,40500,0,585,99,0,0,641860735,3679017,3276700,18446744073709551616,641860736,717161,641859136,2960815,0,0,0,8697,821,3896,0,12300
1785998383.911846429,0,641852935,0,0,0,0,0,641848787,13921,39600,0,0,791758818,748427874,0,0,0,641848787,14606,40500,0,585,99,0,0,641860737,3679017,3276700,18446744073709551616,641860738,717161,641859136,2960815,0,0,0,8697,821,3896,0,12300
1785998384.944154341,0,641852935,0,0,0,0,0,641848787,13921,39600,0,0,791761913,748430828,0,0,0,641848787,14606,40500,0,585,99,0,0,641860739,3679017,3276700,18446744073709551616,641860740,717161,641859136,2960815,0,0,0,8697,821,3896,0,12300
1785998385.972965255,0,641852935,0,0,0,0,0,641848787,13921,39600,0,0,791765005,748433914,0,0,0,641848787,14606,40500,0,585,99,0,0,641860741,3679017,3276700,18446744073709551616,641860742,717161,641859136,2960815,0,0,0,8697,821,3896,0,12300
1785998387.004504545,0,641852935,0,0,0,0,0,641848787,13921,39600,0,0,791768093,748436998,0,0,0,641848787,14606,40500,0,585,99,0,0,641860743,3679017,3276700,18446744073709551616,641860744,717161,641859136,2960815,0,0,0,8697,821,3896,0,12300
1785998388.037822945,0,641852935,0,0,0,0,0,641848787,13921,39600,0,0,791771190,748440090,0,0,0,641848787,14606,40500,0,585,99,0,0,641860745,3679017,3276700,18446744073709551616,641860746,717161,641859136,2960815,0,0,0,8697,821,3896,0,12300
1785998389.070754080,0,641852935,0,0,0,0,0,641848787,13921,39600,0,0,791774292,748443184,0,0,0,641848787,14606,40500,0,585,99,0,0,641860747,3679017,3276700,18446744073709551616,641860748,717161,641859136,2960815,0,0,0,8697,821,3896,0,12300
1785998390.100182542,0,641852935,0,0,0,0,0,641848787,13921,39600,0,0,791777383,748446220,0,0,0,641848787,14606,40500,0,585,99,0,0,641860749,3679017,3276700,18446744073709551616,641860750,717161,641859136,2960815,0,0,0,8697,821,3896,0,12300
1785998391.132116252,0,641852935,0,0,0,0,0,641848787,13921,39600,0,0,791780473,748449222,0,0,0,641848787,14606,40500,0,585,99,0,0,641860751,3679017,3276700,18446744073709551616,641860752,717161,641859136,2960815,0,0,0,8697,821,3896,0,12300
1785998392.165273122,0,641852935,0,0,0,0,0,641848787,13921,39600,0,0,791783572,748452315,0,0,0,641848787,14606,40500,0,585,99,0,0,641860753,3679017,3276700,18446744073709551616,641860754,717161,641859136,2960815,0,0,0,8697,821,3896,0,12300
1785998393.196236947,0,641852935,0,0,0,0,0,641848787,13921,39600,0,0,791786663,748455386,0,0,0,641848787,14606,40500,0,585,99,0,0,641860755,3679017,3276700,18446744073709551616,641860756,717161,641859136,2960815,0,0,0,8697,821,3896,0,12300
1785998394.230015536,0,641852935,0,0,0,0,0,641848787,13921,39600,0,0,791789764,748458471,0,0,0,641848787,14606,40500,0,585,99,0,0,641860757,3679017,3276700,18446744073709551616,641860758,717161,641859136,2960815,0,0,0,8697,821,3896,0,12300
1785998395.262564060,0,641852935,0,0,0,0,0,641848787,13921,39600,0,0,791792860,748461563,0,0,0,641848787,14606,40500,0,585,99,0,0,641860759,3679017,3276700,18446744073709551616,641860760,717161,641859136,2960815,0,0,0,8697,821,3896,0,12300
1785998396.292868502,0,641852935,0,0,0,0,0,641848787,13921,39600,0,0,791795950,748464552,0,0,0,641848787,14606,40500,0,585,99,0,0,641860761,3679017,3276700,18446744073709551616,641860762,717161,641859136,2960815,0,0,0,8697,821,3896,0,12300
1785998397.324182723,0,641852935,0,0,0,0,0,641848787,13921,39600,0,0,791799043,748467603,0,0,0,641848787,14606,40500,0,585,99,0,0,641860763,3679017,3276700,18446744073709551616,641860764,717161,641859136,2960815,0,0,0,8697,821,3896,0,12300
1785998398.356071236,0,641852935,0,0,0,0,0,641848787,13921,39600,0,0,791802139,748470693,0,0,0,641848787,14606,40500,0,585,99,0,0,641860765,3679017,3276700,18446744073709551616,641860766,717161,641859136,2960815,0,0,0,8697,821,3896,0,12300
1785998399.386165511,0,641852935,0,0,0,0,0,641848787,13921,39600,0,0,791805227,748473776,0,0,0,641848787,14606,40500,0,585,99,0,0,641860767,3679017,3276700,18446744073709551616,641860768,717161,641859136,2960815,0,0,0,8697,821,3896,0,12300
1785998400.418948345,0,641852935,0,0,0,0,0,641848787,13921,39600,0,0,791808326,748476869,0,0,0,641848787,14606,40500,0,585,99,0,0,641860769,3679017,3276700,18446744073709551616,641860770,717161,641859136,2960815,0,0,0,8697,821,3896,0,12300
1785998401.450568904,0,641852935,0,0,0,0,0,641848787,13921,39600,0,0,791811419,748479957,0,0,0,641848787,14606,40500,0,585,99,0,0,641860771,3679017,3276700,18446744073709551616,641860772,717161,641859136,2960815,0,0,0,8697,821,3896,0,12300
1785998402.480523004,0,641852935,0,0,0,0,0,641848787,13921,39600,0,0,791814511,748482900,0,0,0,641848787,14606,40500,0,585,99,0,0,641860773,3679017,3276700,18446744073709551616,641860774,717161,641859136,2960815,0,0,0,8697,821,3896,0,12300
1785998403.512109891,0,641852935,0,0,0,0,0,641848787,13921,39600,0,0,791817602,748485968,0,0,0,641848787,14606,40500,0,585,99,0,0,641860775,3679017,3276700,18446744073709551616,641860776,717161,641859136,2960815,0,0,0,8697,821,3896,0,12300
1785998404.544944768,0,641852935,0,0,0,0,0,641848787,13921,39600,0,0,791820700,748489053,0,0,0,641848787,14606,40500,0,585,99,0,0,641860777,3679017,3276700,18446744073709551616,641860778,717161,641859136,2960815,0,0,0,8697,821,3896,0,12300
1785998405.577739897,0,641852935,0,0,0,0,0,641848787,13921,39600,0,0,791823797,748492146,0,0,0,641848787,14606,40500,0,585,99,0,0,641860779,3679017,3276700,18446744073709551616,641860780,717161,641859136,2960815,0,0,0,8697,821,3896,0,12300
1785998406.607143758,0,641852935,0,0,0,0,0,641848787,13921,39600,0,0,791826886,748495229,0,0,0,641848787,14606,40500,0,585,99,0,0,641860781,3679017,3276700,18446744073709551616,641860782,717161,641859136,2960815,0,0,0,8697,821,3896,0,12300
1785998407.637968986,0,641852935,0,0,0,0,0,641848787,13921,39600,0,0,791829978,748498292,0,0,0,641848787,14606,40500,0,585,99,0,0,641860783,3679017,3276700,18446744073709551616,641860784,717161,641859136,2960815,0,0,0,8697,821,3896,0,12300
1785998408.671050822,0,641852935,0,0,0,0,0,641848787,13921,39600,0,0,791833077,748501275,0,0,0,641848787,14606,40500,0,585,99,0,0,641860785,3679017,3276700,18446744073709551616,641860786,717161,641859136,2960815,0,0,0,8697,821,3896,0,12300
1785998409.704217086,0,641852935,0,0,0,0,0,641848787,13921,39600,0,0,791836177,748504368,0,0,0,641848787,14606,40500,0,585,99,0,0,641860787,3679017,3276700,18446744073709551616,641860788,717161,641859136,2960815,0,0,0,8697,821,3896,0,12300
1785998410.737197535,0,641852935,0,0,0,0,0,641848787,13921,39600,0,0,791839274,748507460,0,0,0,641848787,14606,40500,0,585,99,0,0,641860789,3679017,3276700,18446744073709551616,641860790,717161,641859136,2960815,0,0,0,8697,821,3896,0,12300
1785998411.768895975,0,641852935,0,0,0,0,0,641848787,13921,39600,0,0,791842368,748510549,0,0,0,641848787,14606,40500,0,585,99,0,0,641860791,3679017,3276700,18446744073709551616,641860792,717161,641859136,2960815,0,0,0,8697,821,3896,0,12300
1785998412.801604539,0,641852935,0,0,0,0,0,641848787,13921,39600,0,0,791845465,748513641,0,0,0,641848787,14606,40500,0,585,99,0,0,641860793,3679017,3276700,18446744073709551616,641860794,717161,641859136,2960815,0,0,0,8697,821,3896,0,12300
1785998413.834859292,0,641852935,0,0,0,0,0,641848787,13921,39600,0,0,791848562,748516632,0,0,0,641848787,14606,40500,0,585,99,0,0,641860795,3679017,3276700,18446744073709551616,641860796,717161,641859136,2960815,0,0,0,8697,821,3896,0,12300
1785998414.867240320,0,641852935,0,0,0,0,0,641848787,13921,39600,0,0,791851657,748519576,0,0,0,641848787,14606,40500,0,585,99,0,0,641860797,3679017,3276700,18446744073709551616,641860798,717161,641859136,2960815,0,0,0,8697,821,3896,0,12300
1785998415.898780487,0,641852935,0,0,0,0,0,641848787,13921,39600,0,0,791854751,748522664,0,0,0,641848787,14606,40500,0,585,99,0,0,641860799,3679017,3276700,18446744073709551616,641860800,717161,641859136,2960815,0,0,0,8697,821,3896,0,12300
1785998416.931052309,0,641852935,0,0,0,0,0,641848787,13921,39600,0,0,791857849,748525755,0,0,0,641848787,14606,40500,0,585,99,0,0,641860801,3679017,3276700,18446744073709551616,641860802,717161,641859136,2960815,0,0,0,8697,821,3896,0,12300
1785998417.962352905,0,641852935,0,0,0,0,0,641848787,13921,39600,0,0,791860942,748528844,0,0,0,641848787,14606,40500,0,585,99,0,0,641860803,3679017,3276700,18446744073709551616,641860804,717161,641859136,2960815,0,0,0,8697,821,3896,0,12300
1785998418.995450325,0,641852935,0,0,0,0,0,641848787,13921,39600,0,0,791864040,748531936,0,0,0,641848787,14606,40500,0,585,99,0,0,641860805,3679017,3276700,18446744073709551616,641860806,717161,641859136,2960815,0,0,0,8697,821,3896,0,12300
1785998420.025459509,0,641852935,0,0,0,0,0,641848787,13921,39600,0,0,791867128,748534949,0,0,0,641848787,14606,40500,0,585,99,0,0,641860807,3679017,3276700,18446744073709551616,641860808,717161,641859136,2960815,0,0,0,8697,821,3896,0,12300
1785998421.058875288,0,641852935,0,0,0,0,0,641848787,13921,39600,0,0,791870227,748537977,0,0,0,641848787,14606,40500,0,585,99,0,0,641860809,3679017,3276700,18446744073709551616,641860810,717161,641859136,2960815,0,0,0,8697,821,3896,0,12300
1785998422.091472431,0,641852935,0,0,0,0,0,641848787,13921,39600,0,0,791873324,748541068,0,0,0,641848787,14606,40500,0,585,99,0,0,641860811,3679017,3276700,18446744073709551616,641860812,717161,641859136,2960815,0,0,0,8697,821,3896,0,12300
1785998423.124585279,0,641852935,0,0,0,0,0,641848787,13921,39600,0,0,791876424,748544163,0,0,0,641848787,14606,40500,0,585,99,0,0,641860813,3679017,3276700,18446744073709551616,641860814,717161,641859136,2960815,0,0,0,8697,821,3896,0,12300
1785998424.156552027,0,641852935,0,0,0,0,0,641848787,13921,39600,0,0,791879519,748547254,0,0,0,641848787,14606,40500,0,585,99,0,0,641860815,3679017,3276700,18446744073709551616,641860816,717161,641859136,2960815,0,0,0,8697,821,3896,0,12300
1785998425.189783049,0,641852935,0,0,0,0,0,641848787,13921,39600,0,0,791882615,748550321,0,0,0,641848787,14606,40500,0,585,99,0,0,641860817,3679017,3276700,18446744073709551616,641860818,717161,641859136,2960815,0,0,0,8697,821,3896,0,12300
1785998426.221990548,0,641852935,0,0,0,0,0,641848787,13921,39600,0,0,791885709,748553298,0,0,0,641848787,14606,40500,0,585,99,0,0,641860819,3679017,3276700,18446744073709551616,641860820,717161,641859136,2960815,0,0,0,8697,821,3896,0,12300
1785998427.255156105,0,641852935,0,0,0,0,0,641848787,13921,39600,0,0,791888807,748556368,0,0,0,641848787,14606,40500,0,585,99,0,0,641860821,3679017,3276700,18446744073709551616,641860822,717161,641859136,2960815,0,0,0,8697,821,3896,0,12300
1785998428.288151137,0,641852935,0,0,0,0,0,641848787,13921,39600,0,0,791891906,748559461,0,0,0,641848787,14606,40500,0,585,99,0,0,641860823,3679017,3276700,18446744073709551616,641860824,717161,641859136,2960815,0,0,0,8697,821,3896,0,12300
1785998429.320509424,0,641852935,0,0,0,0,0,641848787,13921,39600,0,0,791895001,748562552,0,0,0,641848787,14606,40500,0,585,99,0,0,641860825,3679017,3276700,18446744073709551616,641860826,717161,641859136,2960815,0,0,0,8697,821,3896,0,12300
1785998430.353236191,0,641852935,0,0,0,0,0,641848787,13921,39600,0,0,791898101,748565644,0,0,0,641848787,14606,40500,0,585,99,0,0,641860827,3679017,3276700,18446744073709551616,641860828,717161,641859136,2960815,0,0,0,8697,821,3896,0,12300
1785998431.381147282,0,641852935,0,0,0,0,0,641848787,13921,39600,0,0,791901185,748568718,0,0,0,641848787,14606,40500,0,585,99,0,0,641860829,3679017,3276700,18446744073709551616,641860830,717161,641859136,2960815,0,0,0,8697,821,3896,0,12300
1785998432.412469608,0,641852935,0,0,0,0,0,641848787,13921,39600,0,0,791904274,748571676,0,0,0,641848787,14606,40500,0,585,99,0,0,641860831,3679017,3276700,18446744073709551616,641860832,717161,641859136,2960815,0,0,0,8697,821,3896,0,12300
1785998433.443287132,0,641852935,0,0,0,0,0,641848787,13921,39600,0,0,791907365,748574762,0,0,0,641848787,14606,40500,0,585,99,0,0,641860833,3679017,3276700,18446744073709551616,641860834,717161,641859136,2960815,0,0,0,8697,821,3896,0,12300
1785998434.475162688,0,641852935,0,0,0,0,0,641848787,13921,39600,0,0,791910461,748577850,0,0,0,641848787,14606,40500,0,585,99,0,0,641860835,3679017,3276700,18446744073709551616,641860836,717161,641859136,2960815,0,0,0,8697,821,3896,0,12300
1785998435.504895159,0,641852935,0,0,0,0,0,641848787,13921,39600,0,0,791913548,748580913,0,0,0,641848787,14606,40500,0,585,99,0,0,641860837,3679017,3276700,18446744073709551616,641860838,717161,641859136,2960815,0,0,0,8697,821,3896,0,12300
1785998436.537505232,0,641852935,0,0,0,0,0,641848787,13921,39600,0,0,791916646,748584005,0,0,0,641848787,14606,40500,0,585,99,0,0,641860839,3679017,3276700,18446744073709551616,641860840,717161,641859136,2960815,0,0,0,8697,821,3896,0,12300
1785998437.568624528,0,641852935,0,0,0,0,0,641848787,13921,39600,0,0,791919738,748587044,0,0,0,641848787,14606,40500,0,585,99,0,0,641860841,3679017,3276700,18446744073709551616,641860842,717161,641859136,2960815,0,0,0,8697,821,3896,0,12300
1785998438.600308042,0,641852935,0,0,0,0,0,641848787,13921,39600,0,0,791922829,748590047,0,0,0,641848787,14606,40500,0,585,99,0,0,641860843,3679017,3276700,18446744073709551616,641860844,717161,641859136,2960815,0,0,0,8697,821,3896,0,12300
1785998439.632951778,0,641852935,0,0,0,0,0,641848787,13921,39600,0,0,791925927,748593139,0,0,0,641848787,14606,40500,0,585,99,0,0,641860845,3679017,3276700,18446744073709551616,641860846,717161,641859136,2960815,0,0,0,8697,821,3896,0,12300
1785998440.661618356,0,641852935,0,0,0,0,0,641848787,13921,39600,0,0,791929012,748596220,0,0,0,641848787,14606,40500,0,585,99,0,0,641860847,3679017,3276700,18446744073709551616,641860848,717161,641859136,2960815,0,0,0,8697,821,3896,0,12300
1785998441.690989722,0,641852935,0,0,0,0,0,641848787,13921,39600,0,0,791932100,748599302,0,0,0,641848787,14606,40500,0,585,99,0,0,641860849,3679017,3276700,18446744073709551616,641860850,717161,641859136,2960815,0,0,0,8697,821,3896,0,12300
1785998442.717618409,0,641852935,0,0,0,0,0,641848787,13921,39600,0,0,791935178,748602376,0,0,0,641848787,14606,40500,0,585,99,0,0,641860851,3679017,3276700,18446744073709551616,641860852,717161,641859136,2960815,0,0,0,8697,821,3896,0,12300
1785998443.746423325,0,641852935,0,0,0,0,0,641848787,13921,39600,0,0,791938263,748605364,0,0,0,641848787,14606,40500,0,585,99,0,0,641860853,3679017,3276700,18446744073709551616,641860854,717161,641859136,2960815,0,0,0,8697,821,3896,0,12300
1785998444.776302853,0,641852935,0,0,0,0,0,641848787,13921,39600,0,0,791941350,748608404,0,0,0,641848787,14606,40500,0,585,99,0,0,641860855,3679017,3276700,18446744073709551616,641860856,717161,641859136,2960815,0,0,0,8697,821,3896,0,12300
1785998445.809474904,0,641852935,0,0,0,0,0,641848787,13921,39600,0,0,791944447,748611476,0,0,0,641848787,14606,40500,0,585,99,0,0,641860857,3679017,3276700,18446744073709551616,641860858,717161,641859136,2960815,0,0,0,8697,821,3896,0,12300
1785998446.839074714,0,641852935,0,0,0,0,0,641848787,13921,39600,0,0,791947536,748614560,0,0,0,641848787,14606,40500,0,585,99,0,0,641860859,3679017,3276700,18446744073709551616,641860860,717161,641859136,2960815,0,0,0,8697,821,3896,0,12300
1785998447.866567455,0,641852935,0,0,0,0,0,641848787,13921,39600,0,0,791950616,748617636,0,0,0,641848787,14606,40500,0,585,99,0,0,641860861,3679017,3276700,18446744073709551616,641860862,717161,641859136,2960815,0,0,0,8697,821,3896,0,12300
1785998448.899319137,0,641852935,0,0,0,0,0,641848787,13921,39600,0,0,791953716,748620728,0,0,0,641848787,14606,40500,0,585,99,0,0,641860863,3679017,3276700,18446744073709551616,641860864,717161,641859136,2960815,0,0,0,8697,821,3896,0,12300
1785998449.931162262,0,641852935,0,0,0,0,0,641848787,13921,39600,0,0,791956809,748623679,0,0,0,641848787,14606,40500,0,585,99,0,0,641860865,3679017,3276700,18446744073709551616,641860866,717161,641859136,2960815,0,0,0,8697,821,3896,0,12300
1785998450.963213109,0,641852935,0,0,0,0,0,641848787,13921,39600,0,0,791959905,748626769,0,0,0,641848787,14606,40500,0,585,99,0,0,641860867,3679017,3276700,18446744073709551616,641860868,717161,641859136,2960815,0,0,0,8697,821,3896,0,12300
1785998451.994501509,0,641852935,0,0,0,0,0,641848787,13921,39600,0,0,791962998,748629857,0,0,0,641848787,14606,40500,0,585,99,0,0,641860869,3679017,3276700,18446744073709551616,641860870,717161,641859136,2960815,0,0,0,8697,821,3896,0,12300
1785998453.027153126,0,641852935,0,0,0,0,0,641848787,13921,39600,0,0,791966096,748632949,0,0,0,641848787,14606,40500,0,585,99,0,0,641860871,3679017,3276700,18446744073709551616,641860872,717161,641859136,2960815,0,0,0,8697,821,3896,0,12300
1785998454.059834880,0,641852935,0,0,0,0,0,641848787,13921,39600,0,0,791969194,748636041,0,0,0,641848787,14606,40500,0,585,99,0,0,641860873,3679017,3276700,18446744073709551616,641860874,717161,641859136,2960815,0,0,0,8697,821,3896,0,12300
1785998455.089497986,0,641852935,0,0,0,0,0,641848787,13921,39600,0,0,791972285,748639095,0,0,0,641848787,14606,40500,0,585,99,0,0,641860875,3679017,3276700,18446744073709551616,641860876,717161,641859136,2960815,0,0,0,8697,821,3896,0,12300
1785998456.122417629,0,641852935,0,0,0,0,0,641848787,13921,39600,0,0,791975381,748642065,0,0,0,641848787,14606,40500,0,585,99,0,0,641860877,3679017,3276700,18446744073709551616,641860878,717161,641859136,2960815,0,0,0,8697,821,3896,0,12300
1785998457.155017825,0,641852935,0,0,0,0,0,641848787,13921,39600,0,0,791978477,748645156,0,0,0,641848787,14606,40500,0,585,99,0,0,641860879,3679017,3276700,18446744073709551616,641860880,717161,641859136,2960815,0,0,0,8697,821,3896,0,12300
1785998458.188206270,0,641852935,0,0,0,0,0,641848787,13921,39600,0,0,791981575,748648249,0,0,0,641848787,14606,40500,0,585,99,0,0,641860881,3679017,3276700,18446744073709551616,641860882,717161,641859136,2960815,0,0,0,8697,821,3896,0,12300
1785998459.218573614,0,641852935,0,0,0,0,0,641848787,13921,39600,0,0,791984668,748651336,0,0,0,641848787,14606,40500,0,585,99,0,0,641860883,3679017,3276700,18446744073709551616,641860884,717161,641859136,2960815,0,0,0,8697,821,3896,0,12300
1785998460.247095335,0,641852935,0,0,0,0,0,641848787,13921,39600,0,0,791987751,748654415,0,0,0,641848787,14606,40500,0,585,99,0,0,641860885,3679017,3276700,18446744073709551616,641860886,717161,641859136,2960815,0,0,0,8697,821,3896,0,12300
1785998461.279256434,0,641852935,0,0,0,0,0,641848787,13921,39600,0,0,791990845,748657425,0,0,0,641848787,14606,40500,0,585,99,0,0,641860887,3679017,3276700,18446744073709551616,641860888,717161,641859136,2960815,0,0,0,8697,821,3896,0,12300
1785998462.312362508,0,641852935,0,0,0,0,0,641848787,13921,39600,0,0,791993942,748660460,0,0,0,641848787,14606,40500,0,585,99,0,0,641860889,3679017,3276700,18446744073709551616,641860890,717161,641859136,2960815,0,0,0,8697,821,3896,0,12300
1785998463.344884160,0,641852935,0,0,0,0,0,641848787,13921,39600,0,0,791997041,748663552,0,0,0,641848787,14606,40500,0,585,99,0,0,641860891,3679017,3276700,18446744073709551616,641860892,717161,641859136,2960815,0,0,0,8697,821,3896,0,12300
1785998464.374523552,0,641852935,0,0,0,0,0,641848787,13921,39600,0,0,792000133,748666640,0,0,0,641848787,14606,40500,0,585,99,0,0,641860893,3679017,3276700,18446744073709551616,641860894,717161,641859136,2960815,0,0,0,8697,821,3896,0,12300
1785998465.404334609,0,641852935,0,0,0,0,0,641848787,13921,39600,0,0,792003221,748669720,0,0,0,641848787,14606,40500,0,585,99,0,0,641860895,3679017,3276700,18446744073709551616,641860896,717161,641859136,2960815,0,0,0,8697,821,3896,0,12300
1785998466.438438311,0,641852935,0,0,0,0,0,641848787,13921,39600,0,0,792006318,748672792,0,0,0,641848787,14606,40500,0,585,99,0,0,641860897,3679017,3276700,18446744073709551616,641860898,717161,641859136,2960815,0,0,0,8697,821,3896,0,12300
1785998467.468272473,0,641852935,0,0,0,0,0,641848787,13921,39600,0,0,792009409,748675751,0,0,0,641848787,14606,40500,0,585,99,0,0,641860899,3679017,3276700,18446744073709551616,641860900,717161,641859136,2960815,0,0,0,8697,821,3896,0,12300
1785998468.498122212,0,641852935,0,0,0,0,0,641848787,13921,39600,0,0,792012495,748678826,0,0,0,641848787,14606,40500,0,585,99,0,0,641860901,3679017,3276700,18446744073709551616,641860902,717161,641859136,2960815,0,0,0,8697,821,3896,0,12300
1785998469.530235379,0,641852935,0,0,0,0,0,641848787,13921,39600,0,0,792015592,748681917,0,0,0,641848787,14606,40500,0,585,99,0,0,641860903,3679017,3276700,18446744073709551616,641860904,717161,641859136,2960815,0,0,0,8697,821,3896,0,12300
1785998470.562532831,0,641852935,0,0,0,0,0,641848787,13921,39600,0,0,792018686,748685007,0,0,0,641848787,14606,40500,0,585,99,0,0,641860905,3679017,3276700,18446744073709551616,641860906,717161,641859136,2960815,0,0,0,8697,821,3896,0,12300
1785998471.594107651,0,641852935,0,0,0,0,0,641848787,13921,39600,0,0,792021782,748688097,0,0,0,641848787,14606,40500,0,585,99,0,0,641860907,3679017,3276700,18446744073709551616,641860908,717161,641859136,2960815,0,0,0,8697,821,3896,0,12300
1785998472.625848269,0,641852935,0,0,0,0,0,641848787,13921,39600,0,0,792024875,748691175,0,0,0,641848787,14606,40500,0,585,99,0,0,641860909,3679017,3276700,18446744073709551616,641860910,717161,641859136,2960815,0,0,0,8697,821,3896,0,12300
1785998473.658721261,0,641852935,0,0,0,0,0,641848787,13921,39600,0,0,792027972,748694145,0,0,0,641848787,14606,40500,0,585,99,0,0,641860911,3679017,3276700,18446744073709551616,641860912,717161,641859136,2960815,0,0,0,8697,821,3896,0,12300
1785998474.686171868,0,641852935,0,0,0,0,0,641848787,13921,39600,0,0,792031054,748697223,0,0,0,641848787,14606,40500,0,585,99,0,0,641860913,3679017,3276700,18446744073709551616,641860914,717161,641859136,2960815,0,0,0,8697,821,3896,0,12300
1785998475.714153100,0,641852935,0,0,0,0,0,641848787,13921,39600,0,0,792034140,748700300,0,0,0,641848787,14606,40500,0,585,99,0,0,641860915,3679017,3276700,18446744073709551616,641860916,717161,641859136,2960815,0,0,0,8697,821,3896,0,12300
1785998476.744086573,0,641852935,0,0,0,0,0,641848787,13921,39600,0,0,792037226,748703332,0,0,0,641848787,14606,40500,0,585,99,0,0,641860917,3679017,3276700,18446744073709551616,641860918,717161,641859136,2960815,0,0,0,8697,821,3896,0,12300
1785998477.775492659,0,641852935,0,0,0,0,0,641848787,13921,39600,0,0,792040317,748706418,0,0,0,641848787,14606,40500,0,585,99,0,0,641860919,3679017,3276700,18446744073709551616,641860920,717162,641859136,2960815,0,0,0,8697,821,3896,0,12300
1785998478.806290796,0,641852935,0,0,0,0,0,641848787,13921,39600,0,0,792043409,748709451,0,0,0,641848787,14606,40500,0,585,99,0,0,641860921,3679017,3276700,18446744073709551616,641860922,717162,641859136,2960815,0,0,0,8697,821,3896,0,12300
1785998479.837948281,0,641852935,0,0,0,0,0,641848787,13921,39600,0,0,792046500,748712460,0,0,0,641848787,14606,40500,0,585,99,0,0,641860923,3679017,3276700,18446744073709551616,641860924,717162,641859136,2960815,0,0,0,8697,821,3896,0,12300
1785998480.870748820,0,641852935,0,0,0,0,0,641848787,13921,39600,0,0,792049600,748715551,0,0,0,641848787,14606,40500,0,585,99,0,0,641860925,3679017,3276700,18446744073709551616,641860926,717162,641859136,2960815,0,0,0,8697,821,3896,0,12300
1785998481.901234869,0,641852935,0,0,0,0,0,641848787,13921,39600,0,0,792052694,748718640,0,0,0,641848787,14606,40500,0,585,99,0,0,641860927,3679017,3276700,18446744073709551616,641860928,717162,641859136,2960815,0,0,0,8697,821,3896,0,12300
1785998482.933894528,0,641852935,0,0,0,0,0,641848787,13921,39600,0,0,792055787,748721728,0,0,0,641848787,14606,40500,0,585,99,0,0,641860929,3679017,3276700,18446744073709551616,641860930,717162,641859136,2960815,0,0,0,8697,821,3896,0,12300
1785998483.967255328,0,641852935,0,0,0,0,0,641848787,13921,39600,0,0,792058886,748724822,0,0,0,641848787,14606,40500,0,585,99,0,0,641860931,3679017,3276700,18446744073709551616,641860932,717162,641859136,2960815,0,0,0,8697,821,3896,0,12300
1785998484.999726386,0,641852935,0,0,0,0,0,641848787,13921,39600,0,0,792061982,748727811,0,0,0,641848787,14606,40500,0,585,99,0,0,641860933,3679017,3276700,18446744073709551616,641860934,717162,641859136,2960815,0,0,0,8697,821,3896,0,12300
1785998486.030479943,0,641852935,0,0,0,0,0,641848787,13921,39600,0,0,792065075,748730867,0,0,0,641848787,14606,40500,0,585,99,0,0,641860935,3679017,3276700,18446744073709551616,641860936,717162,641859136,2960815,0,0,0,8697,821,3896,0,12300
1785998487.061537834,0,641852935,0,0,0,0,0,641848787,13921,39600,0,0,792068171,748733933,0,0,0,641848787,14606,40500,0,585,99,0,0,641860937,3679017,3276700,18446744073709551616,641860938,717162,641859136,2960815,0,0,0,8697,821,3896,0,12300
1785998488.093024708,0,641852935,0,0,0,0,0,641848787,13921,39600,0,0,792071261,748737017,0,0,0,641848787,14606,40500,0,585,99,0,0,641860939,3679017,3276700,18446744073709551616,641860940,717162,641859136,2960815,0,0,0,8697,821,3896,0,12300
1785998489.125616774,0,641852935,0,0,0,0,0,641848787,13921,39600,0,0,792074358,748740108,0,0,0,641848787,14606,40500,0,585,99,0,0,641860941,3679017,3276700,18446744073709551616,641860942,717162,641859136,2960815,0,0,0,8697,821,3896,0,12300
1785998490.155013478,0,641852935,0,0,0,0,0,641848787,13921,39600,0,0,792077445,748743186,0,0,0,641848787,14606,40500,0,585,99,0,0,641860943,3679017,3276700,18446744073709551616,641860944,717162,641859136,2960815,0,0,0,8697,821,3896,0,12300
1785998491.181777378,0,641852935,0,0,0,0,0,641848787,13921,39600,0,0,792080527,748746133,0,0,0,641848787,14606,40500,0,585,99,0,0,641860945,3679017,3276700,18446744073709551616,641860946,717162,641859136,2960815,0,0,0,8697,821,3896,0,12300
1785998492.214512522,0,641852935,0,0,0,0,0,641848787,13921,39600,0,0,792083621,748749220,0,0,0,641848787,14606,40500,0,585,99,0,0,641860947,3679017,3276700,18446744073709551616,641860948,717162,641859136,2960815,0,0,0,8697,821,3896,0,12300
1785998493.246765560,0,641852935,0,0,0,0,0,641848787,13921,39600,0,0,792086715,748752309,0,0,0,641848787,14606,40500,0,585,99,0,0,641860949,3679017,3276700,18446744073709551616,641860950,717162,641859136,2960815,0,0,0,8697,821,3896,0,12300
1785998494.279101472,0,641852935,0,0,0,0,0,641848787,13921,39600,0,0,792089813,748755401,0,0,0,641848787,14606,40500,0,585,99,0,0,641860951,3679017,3276700,18446744073709551616,641860952,717162,641859136,2960815,0,0,0,8697,821,3896,0,12300
1785998495.312557847,0,641852935,0,0,0,0,0,641848787,13921,39600,0,0,792092911,748758495,0,0,0,641848787,14606,40500,0,585,99,0,0,641860953,3679017,3276700,18446744073709551616,641860954,717162,641859136,2960815,0,0,0,8697,821,3896,0,12300
1785998496.343800641,0,641852935,0,0,0,0,0,641848787,13921,39600,0,0,792096005,748761537,0,0,0,641848787,14606,40500,0,585,99,0,0,641860955,3679017,3276700,18446744073709551616,641860956,717162,641859136,2960815,0,0,0,8697,821,3896,0,12300
1785998497.374792358,0,641852935,0,0,0,0,0,641848787,13921,39600,0,0,792099095,748764518,0,0,0,641848787,14606,40500,0,585,99,0,0,641860957,3679017,3276700,18446744073709551616,641860958,717162,641859136,2960815,0,0,0,8697,821,3896,0,12300
1785998498.406099466,0,641852935,0,0,0,0,0,641848787,13921,39600,0,0,792102188,748767606,0,0,0,641848787,14606,40500,0,585,99,0,0,641860959,3679017,3276700,18446744073709551616,641860960,717162,641859136,2960815,0,0,0,8697,821,3896,0,12300
1785998499.435808132,0,641852935,0,0,0,0,0,641848787,13921,39600,0,0,792105277,748770690,0,0,0,641848787,14606,40500,0,585,99,0,0,641860961,3679017,3276700,18446744073709551616,641860962,717162,641859136,2960815,0,0,0,8697,821,3896,0,12300
1785998500.468490847,0,641852935,0,0,0,0,0,641848787,13921,39600,0,0,792108373,748773781,0,0,0,641848787,14606,40500,0,585,99,0,0,641860963,3679017,3276700,18446744073709551616,641860964,717162,641859136,2960815,0,0,0,8697,821,3896,0,12300
1785998501.500036820,0,641852935,0,0,0,0,0,641848787,13921,39600,0,0,792111469,748776870,0,0,0,641848787,14606,40500,0,585,99,0,0,641860965,3679017,3276700,18446744073709551616,641860966,717162,641859136,2960815,0,0,0,8697,821,3896,0,12300
1785998502.527867673,0,641852935,0,0,0,0,0,641848787,13921,39600,0,0,792114549,748779853,0,0,0,641848787,14606,40500,0,585,99,0,0,641860967,3679017,3276700,18446744073709551616,641860968,717162,641859136,2960815,0,0,0,8697,821,3896,0,12300
1785998503.559779317,0,641852935,0,0,0,0,0,641848787,13921,39600,0,0,792117644,748782891,0,0,0,641848787,14606,40500,0,585,99,0,0,641860969,3679017,3276700,18446744073709551616,641860970,717162,641859136,2960815,0,0,0,8697,821,3896,0,12300
1785998504.592637216,0,641852935,0,0,0,0,0,641848787,13921,39600,0,0,792120741,748785983,0,0,0,641848787,14606,40500,0,585,99,0,0,641860971,3679017,3276700,18446744073709551616,641860972,717162,641859136,2960815,0,0,0,8697,821,3896,0,12300
1785998505.622749803,0,641852935,0,0,0,0,0,641848787,13921,39600,0,0,792123832,748789068,0,0,0,641848787,14606,40500,0,585,99,0,0,641860973,3679017,3276700,18446744073709551616,641860974,717162,641859136,2960815,0,0,0,8697,821,3896,0,12300
1785998506.654789804,0,641852935,0,0,0,0,0,641848787,13921,39600,0,0,792126926,748792157,0,0,0,641848787,14606,40500,0,585,99,0,0,641860975,3679017,3276700,18446744073709551616,641860976,717162,641859136,2960815,0,0,0,8697,821,3896,0,12300
1785998507.687586365,0,641852935,0,0,0,0,0,641848787,13921,39600,0,0,792130024,748795224,0,0,0,641848787,14606,40500,0,585,99,0,0,641860977,3679017,3276700,18446744073709551616,641860978,717162,641859136,2960815,0,0,0,8697,821,3896,0,12300
1785998508.718957169,0,641852935,0,0,0,0,0,641848787,13921,39600,0,0,792133118,748798181,0,0,0,641848787,14606,40500,0,585,99,0,0,641860979,3679017,3276700,18446744073709551616,641860980,717162,641859136,2960815,0,0,0,8697,821,3896,0,12300
1785998509.748545628,0,641852935,0,0,0,0,0,641848787,13921,39600,0,0,792136211,748801260,0,0,0,641848787,14606,40500,0,585,99,0,0,641860981,3679017,3276700,18446744073709551616,641860982,717162,641859136,2960815,0,0,0,8697,821,3896,0,12300
1785998510.775793389,0,641852935,0,0,0,0,0,641848787,13921,39600,0,0,792139291,748804336,0,0,0,641848787,14606,40500,0,585,99,0,0,641860983,3679017,3276700,18446744073709551616,641860984,717162,641859136,2960815,0,0,0,8697,821,3896,0,12300
1785998511.806776261,0,641852935,0,0,0,0,0,641848787,13921,39600,0,0,792142381,748807421,0,0,0,641848787,14606,40500,0,585,99,0,0,641860985,3679017,3276700,18446744073709551616,641860986,717162,641859136,2960815,0,0,0,8697,821,3896,0,12300
1785998512.838155356,0,641852935,0,0,0,0,0,641848787,13921,39600,0,0,792145474,748810507,0,0,0,641848787,14606,40500,0,585,99,0,0,641860987,3679017,3276700,18446744073709551616,641860988,717162,641859136,2960815,0,0,0,8697,821,3896,0,12300
1785998513.869303324,0,641852935,0,0,0,0,0,641848787,13921,39600,0,0,792148567,748813584,0,0,0,641848787,14606,40500,0,585,99,0,0,641860989,3679017,3276700,18446744073709551616,641860990,717162,641859136,2960815,0,0,0,8697,821,3896,0,12300
1785998514.902448417,0,641852935,0,0,0,0,0,641848787,13921,39600,0,0,792151664,748816555,0,0,0,641848787,14606,40500,0,585,99,0,0,641860991,3679017,3276700,18446744073709551616,641860992,717162,641859136,2960815,0,0,0,8697,821,3896,0,12300
1785998515.932379083,0,641852935,0,0,0,0,0,641848787,13921,39600,0,0,792154755,748819640,0,0,0,641848787,14606,40500,0,585,99,0,0,641860993,3679017,3276700,18446744073709551616,641860994,717162,641859136,2960815,0,0,0,8697,821,3896,0,12300
1785998516.960704482,0,641852935,0,0,0,0,0,641848787,13921,39600,0,0,792157840,748822719,0,0,0,641848787,14606,40500,0,585,99,0,0,641860995,3679017,3276700,18446744073709551616,641860996,717162,641859136,2960815,0,0,0,8697,821,3896,0,12300
1785998517.993343906,0,641852935,0,0,0,0,0,641848787,13921,39600,0,0,792160936,748825787,0,0,0,641848787,14606,40500,0,585,99,0,0,641860997,3679017,3276700,18446744073709551616,641860998,717162,641859136,2960815,0,0,0,8697,821,3896,0,12300
1785998519.026133109,0,641852935,0,0,0,0,0,641848787,13921,39600,0,0,792164035,748828880,0,0,0,641848787,14606,40500,0,585,99,0,0,641860999,3679017,3276700,18446744073709551616,641861000,717162,641859136,2960815,0,0,0,8697,821,3896,0,12300
1785998520.057185227,0,641852935,0,0,0,0,0,641848787,13921,39600,0,0,792167128,748831915,0,0,0,641848787,14606,40500,0,585,99,0,0,641861001,3679017,3276700,18446744073709551616,641861002,717162,641859136,2960815,0,0,0,8697,821,3896,0,12300
1785998521.089180306,0,641852935,0,0,0,0,0,641848787,13921,39600,0,0,792170221,748834928,0,0,0,641848787,14606,40500,0,585,99,0,0,641861003,3679017,3276700,18446744073709551616,641861004,717162,641859136,2960815,0,0,0,8697,821,3896,0,12300
1785998522.120577970,0,641852935,0,0,0,0,0,641848787,13921,39600,0,0,792173314,748838016,0,0,0,641848787,14606,40500,0,585,99,0,0,641861005,3679017,3276700,18446744073709551616,641861006,717162,641859136,2960815,0,0,0,8697,821,3896,0,12300
1785998523.154478209,0,641852935,0,0,0,0,0,641848787,13921,39600,0,0,792176416,748841112,0,0,0,641848787,14606,40500,0,585,99,0,0,641861007,3679017,3276700,18446744073709551616,641861008,717162,641859136,2960815,0,0,0,8697,821,3896,0,12300
1785998524.183837405,0,641852935,0,0,0,0,0,641848787,13921,39600,0,0,792179507,748844198,0,0,0,641848787,14606,40500,0,585,99,0,0,641861009,3679017,3276700,18446744073709551616,641861010,717162,641859136,2960815,0,0,0,8697,821,3896,0,12300
1785998525.216259401,0,641852935,0,0,0,0,0,641848787,13921,39600,0,0,792182598,748847285,0,0,0,641848787,14606,40500,0,585,99,0,0,641861011,3679017,3276700,18446744073709551616,641861012,717162,641859136,2960815,0,0,0,8697,821,3896,0,12300
1785998526.246969972,0,641852935,0,0,0,0,0,641848787,13921,39600,0,0,792185692,748850273,0,0,0,641848787,14606,40500,0,585,99,0,0,641861013,3679017,3276700,18446744073709551616,641861014,717162,641859136,2960815,0,0,0,8697,821,3896,0,12300
1785998527.279347666,0,641852935,0,0,0,0,0,641848787,13921,39600,0,0,792188788,748853328,0,0,0,641848787,14606,40500,0,585,99,0,0,641861015,3679017,3276700,18446744073709551616,641861016,717162,641859136,2960815,0,0,0,8697,821,3896,0,12300
1785998528.311550929,0,641852935,0,0,0,0,0,641848787,13921,39600,0,0,792191883,748856395,0,0,0,641848787,14606,40500,0,585,99,0,0,641861017,3679017,3276700,18446744073709551616,641861018,717162,641859136,2960815,0,0,0,8697,821,3896,0,12300
1785998529.345003340,0,641852935,0,0,0,0,0,641848787,13921,39600,0,0,792194982,748859489,0,0,0,641848787,14606,40500,0,585,99,0,0,641861019,3679017,3276700,18446744073709551616,641861020,717162,641859136,2960815,0,0,0,8697,821,3896,0,12300
1785998530.377877141,0,641852935,0,0,0,0,0,641848787,13921,39600,0,0,792198081,748862582,0,0,0,641848787,14606,40500,0,585,99,0,0,641861021,3679017,3276700,18446744073709551616,641861022,717162,641859136,2960815,0,0,0,8697,821,3896,0,12300
1785998531.408239175,0,641852935,0,0,0,0,0,641848787,13921,39600,0,0,792201172,748865665,0,0,0,641848787,14606,40500,0,585,99,0,0,641861023,3679017,3276700,18446744073709551616,641861024,717162,641859136,2960815,0,0,0,8697,821,3896,0,12300
1785998532.437784523,0,641852935,0,0,0,0,0,641848787,13921,39600,0,0,792204256,748868613,0,0,0,641848787,14606,40500,0,585,99,0,0,641861025,3679017,3276700,18446744073709551616,641861026,717162,641859136,2960815,0,0,0,8697,821,3896,0,12300
1785998533.469921783,0,641852935,0,0,0,0,0,641848787,13921,39600,0,0,792207353,748871703,0,0,0,641848787,14606,40500,0,585,99,0,0,641861027,3679017,3276700,18446744073709551616,641861028,717162,641859136,2960815,0,0,0,8697,821,3896,0,12300
1785998534.502986108,0,641852935,0,0,0,0,0,641848787,13921,39600,0,0,792210449,748874795,0,0,0,641848787,14606,40500,0,585,99,0,0,641861029,3679017,3276700,18446744073709551616,641861030,717162,641859136,2960815,0,0,0,8697,821,3896,0,12300
1785998535.533303949,0,641852935,0,0,0,0,0,641848787,13921,39600,0,0,792213541,748877881,0,0,0,641848787,14606,40500,0,585,99,0,0,641861031,3679017,3276700,18446744073709551616,641861032,717162,641859136,2960815,0,0,0,8697,821,3896,0,12300
1785998536.564960552,0,641852935,0,0,0,0,0,641848787,13921,39600,0,0,792216635,748880970,0,0,0,641848787,14606,40500,0,585,99,0,0,641861033,3679017,3276700,18446744073709551616,641861034,717162,641859136,2960815,0,0,0,8697,821,3896,0,12300
1785998537.594012114,0,641852935,0,0,0,0,0,641848787,13921,39600,0,0,792219724,748884011,0,0,0,641848787,14606,40500,0,585,99,0,0,641861035,3679017,3276700,18446744073709551616,641861036,717162,641859136,2960815,0,0,0,8697,821,3896,0,12300
1785998538.623534530,0,641852935,0,0,0,0,0,641848787,13921,39600,0,0,792222809,748886927,0,0,0,641848787,14606,40500,0,585,99,0,0,641861037,3679017,3276700,18446744073709551616,641861038,717162,641859136,2960815,0,0,0,8697,821,3896,0,12300
1785998539.655592551,0,641852935,0,0,0,0,0,641848787,13921,39600,0,0,792225905,748890017,0,0,0,641848787,14606,40500,0,585,99,0,0,641861039,3679017,3276700,18446744073709551616,641861040,717162,641859136,2960815,0,0,0,8697,821,3896,0,12300
1785998540.688286002,0,641852935,0,0,0,0,0,641848787,13921,39600,0,0,792229002,748893108,0,0,0,641848787,14606,40500,0,585,99,0,0,641861041,3679017,3276700,18446744073709551616,641861042,717162,641859136,2960815,0,0,0,8697,821,3896,0,12300
1785998541.720395606,0,641852935,0,0,0,0,0,641848787,13921,39600,0,0,792232099,748896199,0,0,0,641848787,14606,40500,0,585,99,0,0,641861043,3679017,3276700,18446744073709551616,641861044,717162,641859136,2960815,0,0,0,8697,821,3896,0,12300
1785998542.753706749,0,641852935,0,0,0,0,0,641848787,13921,39600,0,0,792235197,748899291,0,0,0,641848787,14606,40500,0,585,99,0,0,641861045,3679017,3276700,18446744073709551616,641861046,717162,641859136,2960815,0,0,0,8697,821,3896,0,12300
1785998543.782647758,0,641852935,0,0,0,0,0,641848787,13921,39600,0,0,792238284,748902321,0,0,0,641848787,14606,40500,0,585,99,0,0,641861047,3679017,3276700,18446744073709551616,641861048,717162,641859136,2960815,0,0,0,8697,821,3896,0,12300
1785998544.813629810,0,641852935,0,0,0,0,0,641848787,13921,39600,0,0,792241375,748905325,0,0,0,641848787,14606,40500,0,585,99,0,0,641861049,3679017,3276700,18446744073709551616,641861050,717162,641859136,2960815,0,0,0,8697,821,3896,0,12300
1785998545.844082849,0,641852935,0,0,0,0,0,641848787,13921,39600,0,0,792244467,748908411,0,0,0,641848787,14606,40500,0,585,99,0,0,641861051,3679017,3276700,18446744073709551616,641861052,717162,641859136,2960815,0,0,0,8697,821,3896,0,12300
1785998546.875721751,0,641852935,0,0,0,0,0,641848787,13921,39600,0,0,792247561,748911499,0,0,0,641848787,14606,40500,0,585,99,0,0,641861053,3679017,3276700,18446744073709551616,641861054,717162,641859136,2960815,0,0,0,8697,821,3896,0,12300
1785998547.907834218,0,641852935,0,0,0,0,0,641848787,13921,39600,0,0,792250656,748914589,0,0,0,641848787,14606,40500,0,585,99,0,0,641861055,3679017,3276700,18446744073709551616,641861056,717162,641859136,2960815,0,0,0,8697,821,3896,0,12300
1785998548.940043426,0,641852935,0,0,0,0,0,641848787,13921,39600,0,0,792253752,748917655,0,0,0,641848787,14606,40500,0,585,99,0,0,641861057,3679017,3276700,18446744073709551616,641861058,717162,641859136,2960815,0,0,0,8697,821,3896,0,12300
1785998549.971714112,0,641852935,0,0,0,0,0,641848787,13921,39600,0,0,792256845,748920649,0,0,0,641848787,14606,40500,0,585,99,0,0,641861059,3679017,3276700,18446744073709551616,641861060,717162,641859136,2960815,0,0,0,8697,821,3896,0,12300
1785998551.004059336,0,641852935,0,0,0,0,0,641848787,13921,39600,0,0,792259938,748923699,0,0,0,641848787,14606,40500,0,585,99,0,0,641861061,3679017,3276700,18446744073709551616,641861062,717162,641859136,2960815,0,0,0,8697,821,3896,0,12300
1785998552.036258470,0,641852935,0,0,0,0,0,641848787,13921,39600,0,0,792263035,748926789,0,0,0,641848787,14606,40500,0,585,99,0,0,641861063,3679017,3276700,18446744073709551616,641861064,717162,641859136,2960815,0,0,0,8697,821,3896,0,12300
1785998553.068869229,0,641852935,0,0,0,0,0,641848787,13921,39600,0,0,792266132,748929880,0,0,0,641848787,14606,40500,0,585,99,0,0,641861065,3679017,3276700,18446744073709551616,641861066,717162,641859136,2960815,0,0,0,8697,821,3896,0,12300
1785998554.101348179,0,641852935,0,0,0,0,0,641848787,13921,39600,0,0,792269229,748932971,0,0,0,641848787,14606,40500,0,585,99,0,0,641861067,3679017,3276700,18446744073709551616,641861068,717162,641859136,2960815,0,0,0,8697,821,3896,0,12300
1785998555.133705085,0,641852935,0,0,0,0,0,641848787,13921,39600,0,0,792272326,748936062,0,0,0,641848787,14606,40500,0,585,99,0,0,641861069,3679017,3276700,18446744073709551616,641861070,717162,641859136,2960815,0,0,0,8697,821,3896,0,12300
1785998556.165086658,0,641852935,0,0,0,0,0,641848787,13921,39600,0,0,792275418,748939014,0,0,0,641848787,14606,40500,0,585,99,0,0,641861071,3679017,3276700,18446744073709551616,641861072,717162,641859136,2960815,0,0,0,8697,821,3896,0,12300
1785998557.197239876,0,641852935,0,0,0,0,0,641848787,13921,39600,0,0,792278514,748942104,0,0,0,641848787,14606,40500,0,585,99,0,0,641861073,3679017,3276700,18446744073709551616,641861074,717162,641859136,2960815,0,0,0,8697,821,3896,0,12300
1785998558.229800009,0,641852935,0,0,0,0,0,641848787,13921,39600,0,0,792281610,748945195,0,0,0,641848787,14606,40500,0,585,99,0,0,641861075,3679018,3276700,18446744073709551616,641861076,717162,641859136,2960815,0,0,0,8697,821,3896,0,12300
1785998559.263244044,0,641852935,0,0,0,0,0,641848787,13921,39600,0,0,792284709,748948265,0,0,0,641848787,14606,40500,0,585,99,0,0,641861077,3679018,3276700,18446744073709551616,641861078,717162,641859136,2960815,0,0,0,8697,821,3896,0,12300
1785998560.295749986,0,641852935,0,0,0,0,0,641848787,13921,39600,0,0,792287806,748951356,0,0,0,641848787,14606,40500,0,585,99,0,0,641861079,3679018,3276700,18446744073709551616,641861080,717162,641859136,2960815,0,0,0,8697,821,3896,0,12300
1785998561.327302868,0,641852935,0,0,0,0,0,641848787,13921,39600,0,0,792290899,748954416,0,0,0,641848787,14606,40500,0,585,99,0,0,641861081,3679018,3276700,18446744073709551616,641861082,717162,641859136,2960815,0,0,0,8697,821,3896,0,12300
1785998562.361299405,0,641852935,0,0,0,0,0,641848787,13921,39600,0,0,792294000,748957404,0,0,0,641848787,14606,40500,0,585,99,0,0,641861083,3679018,3276700,18446744073709551616,641861084,717162,641859136,2960815,0,0,0,8697,821,3896,0,12300
1785998563.388523980,0,641852935,0,0,0,0,0,641848787,13921,39600,0,0,792297089,748960486,0,0,0,641848787,14606,40500,0,585,99,0,0,641861085,3679018,3276700,18446744073709551616,641861086,717162,641859136,2960815,0,0,0,8697,821,3896,0,12300
1785998564.409851359,0,641852935,0,0,0,0,0,641848787,13921,39600,0,0,792300151,748963545,0,0,0,641848787,14606,40500,0,585,99,0,0,641861087,3679018,3276700,18446744073709551616,641861088,717162,641859136,2960815,0,0,0,8697,821,3896,0,12300
1785998565.434717400,0,641852935,0,0,0,0,0,641848787,13921,39600,0,0,792303221,748966610,0,0,0,641848787,14606,40500,0,585,99,0,0,641861089,3679018,3276700,18446744073709551616,641861090,717162,641859136,2960815,0,0,0,8697,821,3896,0,12300
1785998566.466359400,0,641852935,0,0,0,0,0,641848787,13921,39600,0,0,792306315,748969699,0,0,0,641848787,14606,40500,0,585,99,0,0,641861091,3679018,3276700,18446744073709551616,641861092,717162,641859136,2960815,0,0,0,8697,821,3896,0,12300
1785998567.499589247,0,641852935,0,0,0,0,0,641848787,13921,39600,0,0,792309411,748972724,0,0,0,641848787,14606,40500,0,585,99,0,0,641861093,3679018,3276700,18446744073709551616,641861094,717162,641859136,2960815,0,0,0,8697,821,3896,0,12300
1785998568.532630735,0,641852935,0,0,0,0,0,641848787,13921,39600,0,0,792312510,748975751,0,0,0,641848787,14606,40500,0,585,99,0,0,641861095,3679018,3276700,18446744073709551616,641861096,717162,641859136,2960815,0,0,0,8697,821,3896,0,12300
1785998569.564715638,0,641852935,0,0,0,0,0,641848787,13921,39600,0,0,792315605,748978819,0,0,0,641848787,14606,40500,0,585,99,0,0,641861097,3679018,3276700,18446744073709551616,641861098,717162,641859136,2960815,0,0,0,8697,821,3896,0,12300
1785998570.596644480,0,641852935,0,0,0,0,0,641848787,13921,39600,0,0,792318701,748981908,0,0,0,641848787,14606,40500,0,585,99,0,0,641861099,3679018,3276700,18446744073709551616,641861100,717162,641859136,2960815,0,0,0,8697,821,3896,0,12300
1785998571.628097178,0,641852935,0,0,0,0,0,641848787,13921,39600,0,0,792321793,748984996,0,0,0,641848787,14606,40500,0,585,99,0,0,641861101,3679018,3276700,18446744073709551616,641861102,717162,641859136,2960815,0,0,0,8697,821,3896,0,12300
1785998572.659388567,0,641852935,0,0,0,0,0,641848787,13921,39600,0,0,792324886,748988084,0,0,0,641848787,14606,40500,0,585,99,0,0,641861103,3679018,3276700,18446744073709551616,641861104,717162,641859136,2960815,0,0,0,8697,821,3896,0,12300
1785998573.689025337,0,641852935,0,0,0,0,0,641848787,13921,39600,0,0,792327973,748991053,0,0,0,641848787,14606,40500,0,585,99,0,0,641861105,3679018,3276700,18446744073709551616,641861106,717162,641859136,2960815,0,0,0,8697,821,3896,0,12300
1785998574.722299500,0,641852935,0,0,0,0,0,641848787,13921,39600,0,0,792331071,748994123,0,0,0,641848787,14606,40500,0,585,99,0,0,641861107,3679018,3276700,18446744073709551616,641861108,717162,641859136,2960815,0,0,0,8697,821,3896,0,12300
1785998575.753920616,0,641852935,0,0,0,0,0,641848787,13921,39600,0,0,792334166,748997213,0,0,0,641848787,14606,40500,0,585,99,0,0,641861109,3679018,3276700,18446744073709551616,641861110,717162,641859136,2960815,0,0,0,8697,821,3896,0,12300
1785998576.786846887,0,641852935,0,0,0,0,0,641848787,13921,39600,0,0,792337264,749000304,0,0,0,641848787,14606,40500,0,585,99,0,0,641861111,3679018,3276700,18446744073709551616,641861112,717162,641859136,2960815,0,0,0,8697,821,3896,0,12300
1785998577.819552595,0,641852935,0,0,0,0,0,641848787,13921,39600,0,0,792340359,749003395,0,0,0,641848787,14606,40500,0,585,99,0,0,641861113,3679018,3276700,18446744073709551616,641861114,717162,641859136,2960815,0,0,0,8697,821,3896,0,12300
1785998578.850958363,0,641852935,0,0,0,0,0,641848787,13921,39600,0,0,792343454,749006477,0,0,0,641848787,14606,40500,0,585,99,0,0,641861115,3679018,3276700,18446744073709551616,641861116,717162,641859136,2960815,0,0,0,8697,821,3896,0,12300
1785998579.881802141,0,641852935,0,0,0,0,0,641848787,13921,39600,0,0,792346545,749009421,0,0,0,641848787,14606,40500,0,585,99,0,0,641861117,3679018,3276700,18446744073709551616,641861118,717162,641859136,2960815,0,0,0,8697,821,3896,0,12300
1785998580.911362290,0,641852935,0,0,0,0,0,641848787,13921,39600,0,0,792349631,749012503,0,0,0,641848787,14606,40500,0,585,99,0,0,641861119,3679018,3276700,18446744073709551616,641861120,717162,641859136,2960815,0,0,0,8697,821,3896,0,12300
1785998581.943186720,0,641852935,0,0,0,0,0,641848787,13921,39600,0,0,792352725,749015592,0,0,0,641848787,14606,40500,0,585,99,0,0,641861121,3679018,3276700,18446744073709551616,641861122,717162,641859136,2960815,0,0,0,8697,821,3896,0,12300
1785998582.973542367,0,641852935,0,0,0,0,0,641848787,13921,39600,0,0,792355822,749018683,0,0,0,641848787,14606,40500,0,585,99,0,0,641861123,3679018,3276700,18446744073709551616,641861124,717162,641859136,2960815,0,0,0,8697,821,3896,0,12300
1785998584.001521495,0,641852935,0,0,0,0,0,641848787,13921,39600,0,0,792358901,749021756,0,0,0,641848787,14606,40500,0,585,99,0,0,641861125,3679018,3276700,18446744073709551616,641861126,717162,641859136,2960815,0,0,0,8697,821,3896,0,12300
1785998585.031086154,0,641852935,0,0,0,0,0,641848787,13921,39600,0,0,792361988,749024786,0,0,0,641848787,14606,40500,0,585,99,0,0,641861127,3679018,3276700,18446744073709551616,641861128,717162,641859136,2960815,0,0,0,8697,821,3896,0,12300
1785998586.059633650,0,641852935,0,0,0,0,0,641848787,13921,39600,0,0,792365072,749027781,0,0,0,641848787,14606,40500,0,585,99,0,0,641861129,3679018,3276700,18446744073709551616,641861130,717162,641859136,2960815,0,0,0,8697,821,3896,0,12300
1785998587.091163666,0,641852935,0,0,0,0,0,641848787,13921,39600,0,0,792368167,749030871,0,0,0,641848787,14606,40500,0,585,99,0,0,641861131,3679018,3276700,18446744073709551616,641861132,717162,641859136,2960815,0,0,0,8697,821,3896,0,12300
1785998588.123519288,0,641852935,0,0,0,0,0,641848787,13921,39600,0,0,792371263,749033961,0,0,0,641848787,14606,40500,0,585,99,0,0,641861133,3679018,3276700,18446744073709551616,641861134,717162,641859136,2960815,0,0,0,8697,821,3896,0,12300
1785998589.153708242,0,641852935,0,0,0,0,0,641848787,13921,39600,0,0,792374352,749037046,0,0,0,641848787,14606,40500,0,585,99,0,0,641861135,3679018,3276700,18446744073709551616,641861136,717162,641859136,2960815,0,0,0,8697,821,3896,0,12300
1785998590.186515277,0,641852935,0,0,0,0,0,641848787,13921,39600,0,0,792377450,749040118,0,0,0,641848787,14606,40500,0,585,99,0,0,641861137,3679018,3276700,18446744073709551616,641861138,717162,641859136,2960815,0,0,0,8697,821,3896,0,12300
1785998591.216846211,0,641852935,0,0,0,0,0,641848787,13921,39600,0,0,792380541,749043108,0,0,0,641848787,14606,40500,0,585,99,0,0,641861139,3679018,3276700,18446744073709551616,641861140,717162,641859136,2960815,0,0,0,8697,821,3896,0,12300
1785998592.243479564,0,641852935,0,0,0,0,0,641848787,13921,39600,0,0,792383616,749046141,0,0,0,641848787,14606,40500,0,585,99,0,0,641861141,3679018,3276700,18446744073709551616,641861142,717162,641859136,2960815,0,0,0,8697,821,3896,0,12300
1785998593.274727091,0,641852935,0,0,0,0,0,641848787,13921,39600,0,0,792386710,749049229,0,0,0,641848787,14606,40500,0,585,99,0,0,641861143,3679018,3276700,18446744073709551616,641861144,717162,641859136,2960815,0,0,0,8697,821,3896,0,12300
1785998594.303859158,0,641852935,0,0,0,0,0,641848787,13921,39600,0,0,792389800,749052314,0,0,0,641848787,14606,40500,0,585,99,0,0,641861145,3679018,3276700,18446744073709551616,641861146,717162,641859136,2960815,0,0,0,8697,821,3896,0,12300
1785998595.336956725,0,641852935,0,0,0,0,0,641848787,13921,39600,0,0,792392894,749055403,0,0,0,641848787,14606,40500,0,585,99,0,0,641861147,3679018,3276700,18446744073709551616,641861148,717162,641859136,2960815,0,0,0,8697,821,3896,0,12300
1785998596.370486421,0,641852935,0,0,0,0,0,641848787,13921,39600,0,0,792395995,749058493,0,0,0,641848787,14606,40500,0,585,99,0,0,641861149,3679018,3276700,18446744073709551616,641861150,717162,641859136,2960815,0,0,0,8697,821,3896,0,12300
1785998597.399504732,0,641852935,0,0,0,0,0,641848787,13921,39600,0,0,792399080,749061438,0,0,0,641848787,14606,40500,0,585,99,0,0,641861151,3679018,3276700,18446744073709551616,641861152,717162,641859136,2960815,0,0,0,8697,821,3896,0,12300
1785998598.430078086,0,641852935,0,0,0,0,0,641848787,13921,39600,0,0,792402171,749064523,0,0,0,641848787,14606,40500,0,585,99,0,0,641861153,3679018,3276700,18446744073709551616,641861154,717162,641859136,2960815,0,0,0,8697,821,3896,0,12300
1785998599.460681255,0,641852935,0,0,0,0,0,641848787,13921,39600,0,0,792405265,749067613,0,0,0,641848787,14606,40500,0,585,99,0,0,641861155,3679018,3276700,18446744073709551616,641861156,717162,641859136,2960815,0,0,0,8697,821,3896,0,12300
1785998600.491421942,0,641852935,0,0,0,0,0,641848787,13921,39600,0,0,792408353,749070644,0,0,0,641848787,14606,40500,0,585,99,0,0,641861157,3679018,3276700,18446744073709551616,641861158,717162,641859136,2960815,0,0,0,8697,821,3896,0,12300
1785998601.520589891,0,641852935,0,0,0,0,0,641848787,13921,39600,0,0,792411441,749073726,0,0,0,641848787,14606,40500,0,585,99,0,0,641861159,3679018,3276700,18446744073709551616,641861160,717162,641859136,2960815,0,0,0,8697,821,3896,0,12300
1785998602.551872754,0,641852935,0,0,0,0,0,641848787,13921,39600,0,0,792414534,749076793,0,0,0,641848787,14606,40500,0,585,99,0,0,641861161,3679018,3276700,18446744073709551616,641861162,717162,641859136,2960815,0,0,0,8697,821,3896,0,12300
1785998603.580221711,0,641852935,0,0,0,0,0,641848787,13921,39600,0,0,792417622,749079757,0,0,0,641848787,14606,40500,0,585,99,0,0,641861163,3679018,3276700,18446744073709551616,641861164,717162,641859136,2960815,0,0,0,8697,821,3896,0,12300
1785998604.613154681,0,641852935,0,0,0,0,0,641848787,13921,39600,0,0,792420716,749082847,0,0,0,641848787,14606,40500,0,585,99,0,0,641861165,3679018,3276700,18446744073709551616,641861166,717162,641859136,2960815,0,0,0,8697,821,3896,0,12300
1785998605.645505496,0,641852935,0,0,0,0,0,641848787,13921,39600,0,0,792423814,749085939,0,0,0,641848787,14606,40500,0,585,99,0,0,641861167,3679018,3276700,18446744073709551616,641861168,717162,641859136,2960815,0,0,0,8697,821,3896,0,12300
1785998606.678327896,0,641852935,0,0,0,0,0,641848787,13921,39600,0,0,792426910,749089029,0,0,0,641848787,14606,40500,0,585,99,0,0,641861169,3679018,3276700,18446744073709551616,641861170,717162,641859136,2960815,0,0,0,8697,821,3896,0,12300
1785998607.712030631,0,641852935,0,0,0,0,0,641848787,13921,39600,0,0,792430012,749092125,0,0,0,641848787,14606,40500,0,585,99,0,0,641861171,3679018,3276700,18446744073709551616,641861172,717162,641859136,2960815,0,0,0,8697,821,3896,0,12300
1785998608.744318846,0,641852935,0,0,0,0,0,641848787,13921,39600,0,0,792433107,749095150,0,0,0,641848787,14606,40500,0,585,99,0,0,641861173,3679018,3276700,18446744073709551616,641861174,717162,641859136,2960815,0,0,0,8697,821,3896,0,12300
1785998609.776231975,0,641852935,0,0,0,0,0,641848787,13921,39600,0,0,792436199,749098171,0,0,0,641848787,14606,40500,0,585,99,0,0,641861175,3679018,3276700,18446744073709551616,641861176,717162,641859136,2960815,0,0,0,8697,821,3896,0,12300
1785998610.808488106,0,641852935,0,0,0,0,0,641848787,13921,39600,0,0,792439296,749101238,0,0,0,641848787,14606,40500,0,585,99,0,0,641861177,3679018,3276700,18446744073709551616,641861178,717162,641859136,2960815,0,0,0,8697,821,3896,0,12300
1785998611.843548886,0,641852935,0,0,0,0,0,641848787,13921,39600,0,0,792442400,749104336,0,0,0,641848787,14606,40500,0,585,99,0,0,641861179,3679018,3276700,18446744073709551616,641861180,717162,641859136,2960815,0,0,0,8697,821,3896,0,12300
1785998612.875863711,0,641852935,0,0,0,0,0,641848787,13921,39600,0,0,792445498,749107428,0,0,0,641848787,14606,40500,0,585,99,0,0,641861181,3679018,3276700,18446744073709551616,641861182,717162,641859136,2960815,0,0,0,8697,821,3896,0,12300
1785998613.908515477,0,641852935,0,0,0,0,0,641848787,13921,39600,0,0,792448595,749110520,0,0,0,641848787,14606,40500,0,585,99,0,0,641861183,3679018,3276700,18446744073709551616,641861184,717162,641859136,2960815,0,0,0,8697,821,3896,0,12300
1785998614.940286632,0,641852935,0,0,0,0,0,641848787,13921,39600,0,0,792451691,749113498,0,0,0,641848787,14606,40500,0,585,99,0,0,641861185,3679018,3276700,18446744073709551616,641861186,717162,641859136,2960815,0,0,0,8697,821,3896,0,12300
1785998615.973247097,0,641852935,0,0,0,0,0,641848787,13921,39600,0,0,792454791,749116579,0,0,0,641848787,14606,40500,0,585,99,0,0,641861187,3679018,3276700,18446744073709551616,641861188,717162,641859136,2960815,0,0,0,8697,821,3896,0,12300
1785998617.005245085,0,641852935,0,0,0,0,0,641848787,13921,39600,0,0,792457885,749119668,0,0,0,641848787,14606,40500,0,585,99,0,0,641861189,3679018,3276700,18446744073709551616,641861190,717162,641859136,2960815,0,0,0,8697,821,3896,0,12300
1785998618.037923571,0,641852935,0,0,0,0,0,641848787,13921,39600,0,0,792460983,749122760,0,0,0,641848787,14606,40500,0,585,99,0,0,641861191,3679018,3276700,18446744073709551616,641861192,717162,641859136,2960815,0,0,0,8697,821,3896,0,12300
1785998619.069729298,0,641852935,0,0,0,0,0,641848787,13921,39600,0,0,792464078,749125850,0,0,0,641848787,14606,40500,0,585,99,0,0,641861193,3679018,3276700,18446744073709551616,641861194,717162,641859136,2960815,0,0,0,8697,821,3896,0,12300
1785998620.102719716,0,641852935,0,0,0,0,0,641848787,13921,39600,0,0,792467177,749128934,0,0,0,641848787,14606,40500,0,585,99,0,0,641861195,3679018,3276700,18446744073709551616,641861196,717162,641859136,2960815,0,0,0,8697,821,3896,0,12300
1785998621.132956567,0,641852935,0,0,0,0,0,641848787,13921,39600,0,0,792470264,749131869,0,0,0,641848787,14606,40500,0,585,99,0,0,641861197,3679018,3276700,18446744073709551616,641861198,717162,641859136,2960815,0,0,0,8697,821,3896,0,12300
1785998622.165020452,0,641852935,0,0,0,0,0,641848787,13921,39600,0,0,792473360,749134959,0,0,0,641848787,14606,40500,0,585,99,0,0,641861199,3679018,3276700,18446744073709551616,641861200,717162,641859136,2960815,0,0,0,8697,821,3896,0,12300
1785998623.196789393,0,641852935,0,0,0,0,0,641848787,13921,39600,0,0,792476455,749138049,0,0,0,641848787,14606,40500,0,585,99,0,0,641861201,3679018,3276700,18446744073709551616,641861202,717162,641859136,2960815,0,0,0,8697,821,3896,0,12300
1785998624.230760254,0,641852935,0,0,0,0,0,641848787,13921,39600,0,0,792479557,749141144,0,0,0,641848787,14606,40500,0,585,99,0,0,641861203,3679018,3276700,18446744073709551616,641861204,717162,641859136,2960815,0,0,0,8697,821,3896,0,12300
1785998625.263163044,0,641852935,0,0,0,0,0,641848787,13921,39600,0,0,792482654,749144235,0,0,0,641848787,14606,40500,0,585,99,0,0,641861205,3679018,3276700,18446744073709551616,641861206,717162,641859136,2960815,0,0,0,8697,821,3896,0,12300
1785998626.291309531,0,641852935,0,0,0,0,0,641848787,13921,39600,0,0,792485740,749147267,0,0,0,641848787,14606,40500,0,585,99,0,0,641861207,3679018,3276700,18446744073709551616,641861208,717162,641859136,2960815,0,0,0,8697,821,3896,0,12300
1785998627.323773460,0,641852935,0,0,0,0,0,641848787,13921,39600,0,0,792488831,749150275,0,0,0,641848787,14606,40500,0,585,99,0,0,641861209,3679018,3276700,18446744073709551616,641861210,717162,641859136,2960815,0,0,0,8697,821,3896,0,12300
1785998628.355053845,0,641852935,0,0,0,0,0,641848787,13921,39600,0,0,792491924,749153363,0,0,0,641848787,14606,40500,0,585,99,0,0,641861211,3679018,3276700,18446744073709551616,641861212,717162,641859136,2960815,0,0,0,8697,821,3896,0,12300
1785998629.387036965,0,641852935,0,0,0,0,0,641848787,13921,39600,0,0,792495020,749156453,0,0,0,641848787,14606,40500,0,585,99,0,0,641861213,3679018,3276700,18446744073709551616,641861214,717162,641859136,2960815,0,0,0,8697,821,3896,0,12300
1785998630.417063236,0,641852935,0,0,0,0,0,641848787,13921,39600,0,0,792498111,749159539,0,0,0,641848787,14606,40500,0,585,99,0,0,641861215,3679018,3276700,18446744073709551616,641861216,717162,641859136,2960815,0,0,0,8697,821,3896,0,12300
1785998631.449396877,0,641852935,0,0,0,0,0,641848787,13921,39600,0,0,792501204,749162605,0,0,0,641848787,14606,40500,0,585,99,0,0,641861217,3679018,3276700,18446744073709551616,641861218,717162,641859136,2960815,0,0,0,8697,821,3896,0,12300
1785998632.480355109,0,641852935,0,0,0,0,0,641848787,13921,39600,0,0,792504295,749165595,0,0,0,641848787,14606,40500,0,585,99,0,0,641861219,3679018,3276700,18446744073709551616,641861220,717162,641859136,2960815,0,0,0,8697,821,3896,0,12300
1785998633.512711202,0,641852935,0,0,0,0,0,641848787,13921,39600,0,0,792507389,749168646,0,0,0,641848787,14606,40500,0,585,99,0,0,641861221,3679018,3276700,18446744073709551616,641861222,717162,641859136,2960815,0,0,0,8697,821,3896,0,12300
1785998634.544988845,0,641852935,0,0,0,0,0,641848787,13921,39600,0,0,792510486,749171738,0,0,0,641848787,14606,40500,0,585,99,0,0,641861223,3679018,3276700,18446744073709551616,641861224,717162,641859136,2960815,0,0,0,8697,821,3896,0,12300
1785998635.578347081,0,641852935,0,0,0,0,0,641848787,13921,39600,0,0,792513585,749174831,0,0,0,641848787,14606,40500,0,585,99,0,0,641861225,3679018,3276700,18446744073709551616,641861226,717162,641859136,2960815,0,0,0,8697,821,3896,0,12300
1785998636.611007911,0,641852935,0,0,0,0,0,641848787,13921,39600,0,0,792516683,749177924,0,0,0,641848787,14606,40500,0,585,99,0,0,641861227,3679018,3276700,18446744073709551616,641861228,717162,641859136,2960815,0,0,0,8697,821,3896,0,12300
1785998637.642992195,0,641852935,0,0,0,0,0,641848787,13921,39600,0,0,792519781,749181015,0,0,0,641848787,14606,40500,0,585,99,0,0,641861229,3679018,3276700,18446744073709551616,641861230,717162,641859136,2960815,0,0,0,8697,821,3896,0,12300
1785998638.676169224,0,641852935,0,0,0,0,0,641848787,13921,39600,0,0,792522875,749183972,0,0,0,641848787,14606,40500,0,585,99,0,0,641861231,3679018,3276700,18446744073709551616,641861232,717162,641859136,2960815,0,0,0,8697,821,3896,0,12300
1785998639.709831624,0,641852935,0,0,0,0,0,641848787,13921,39600,0,0,792525973,749187064,0,0,0,641848787,14606,40500,0,585,99,0,0,641861233,3679018,3276700,18446744073709551616,641861234,717162,641859136,2960815,0,0,0,8697,821,3896,0,12300
1785998640.742403379,0,641852935,0,0,0,0,0,641848787,13921,39600,0,0,792529073,749190159,0,0,0,641848787,14606,40500,0,585,99,0,0,641861235,3679018,3276700,18446744073709551616,641861236,717162,641859136,2960815,0,0,0,8697,821,3896,0,12300
1785998641.775434229,0,641852935,0,0,0,0,0,641848787,13921,39600,0,0,792532172,749193229,0,0,0,641848787,14606,40500,0,585,99,0,0,641861237,3679018,3276700,18446744073709551616,641861238,717162,641859136,2960815,0,0,0,8697,821,3896,0,12300
1785998642.807698478,0,641852935,0,0,0,0,0,641848787,13921,39600,0,0,792535269,749196320,0,0,0,641848787,14606,40500,0,585,99,0,0,641861239,3679018,3276700,18446744073709551616,641861240,717162,641859136,2960815,0,0,0,8697,821,3896,0,12300
1785998643.840201302,0,641852935,0,0,0,0,0,641848787,13921,39600,0,0,792538363,749199373,0,0,0,641848787,14606,40500,0,585,99,0,0,641861241,3679018,3276700,18446744073709551616,641861242,717162,641859136,2960815,0,0,0,8697,821,3896,0,12300
1785998644.873532002,0,641852935,0,0,0,0,0,641848787,13921,39600,0,0,792541462,749202368,0,0,0,641848787,14606,40500,0,585,99,0,0,641861243,3679018,3276700,18446744073709551616,641861244,717162,641859136,2960815,0,0,0,8697,821,3896,0,12300
1785998645.906174534,0,641852935,0,0,0,0,0,641848787,13921,39600,0,0,792544557,749205459,0,0,0,641848787,14606,40500,0,585,99,0,0,641861245,3679018,3276700,18446744073709551616,641861246,717162,641859136,2960815,0,0,0,8697,821,3896,0,12300
1785998646.939595324,0,641852935,0,0,0,0,0,641848787,13921,39600,0,0,792547658,749208554,0,0,0,641848787,14606,40500,0,585,99,0,0,641861247,3679018,3276700,18446744073709551616,641861248,717162,641859136,2960815,0,0,0,8697,821,3896,0,12300
1785998647.972045954,0,641852935,0,0,0,0,0,641848787,13921,39600,0,0,792550755,749211646,0,0,0,641848787,14606,40500,0,585,99,0,0,641861249,3679018,3276700,18446744073709551616,641861250,717162,641859136,2960815,0,0,0,8697,821,3896,0,12300
1785998649.005096611,0,641852935,0,0,0,0,0,641848787,13921,39600,0,0,792553854,749214738,0,0,0,641848787,14606,40500,0,585,99,0,0,641861251,3679018,3276700,18446744073709551616,641861252,717162,641859136,2960815,0,0,0,8697,821,3896,0,12300
1785998650.037012025,0,641852935,0,0,0,0,0,641848787,13921,39600,0,0,792556947,749217748,0,0,0,641848787,14606,40500,0,585,99,0,0,641861253,3679018,3276700,18446744073709551616,641861254,717162,641859136,2960815,0,0,0,8697,821,3896,0,12300
1785998651.070029247,0,641852935,0,0,0,0,0,641848787,13921,39600,0,0,792560044,749220783,0,0,0,641848787,14606,40500,0,585,99,0,0,641861255,3679018,3276700,18446744073709551616,641861256,717162,641859136,2960815,0,0,0,8697,821,3896,0,12300
1785998652.100698811,0,641852935,0,0,0,0,0,641848787,13921,39600,0,0,792563134,749223847,0,0,0,641848787,14606,40500,0,585,99,0,0,641861257,3679018,3276700,18446744073709551616,641861258,717162,641859136,2960815,0,0,0,8697,821,3896,0,12300
1785998653.131863332,0,641852935,0,0,0,0,0,641848787,13921,39600,0,0,792566229,749226934,0,0,0,641848787,14606,40500,0,585,99,0,0,641861259,3679018,3276700,18446744073709551616,641861260,717162,641859136,2960815,0,0,0,8697,821,3896,0,12300
1785998654.164220888,0,641852935,0,0,0,0,0,641848787,13921,39600,0,0,792569326,749230026,0,0,0,641848787,14606,40500,0,585,99,0,0,641861261,3679018,3276700,18446744073709551616,641861262,717162,641859136,2960815,0,0,0,8697,821,3896,0,12300
1785998655.196434213,0,641852935,0,0,0,0,0,641848787,13921,39600,0,0,792572421,749233117,0,0,0,641848787,14606,40500,0,585,99,0,0,641861263,3679018,3276700,18446744073709551616,641861264,717162,641859136,2960815,0,0,0,8697,821,3896,0,12300
1785998656.226215324,0,641852935,0,0,0,0,0,641848787,13921,39600,0,0,792575504,749236076,0,0,0,641848787,14606,40500,0,585,99,0,0,641861265,3679018,3276700,18446744073709551616,641861266,717162,641859136,2960815,0,0,0,8697,821,3896,0,12300
1785998657.260221379,0,641852935,0,0,0,0,0,641848787,13921,39600,0,0,792578606,749239161,0,0,0,641848787,14606,40500,0,585,99,0,0,641861267,3679018,3276700,18446744073709551616,641861268,717162,641859136,2960815,0,0,0,8697,821,3896,0,12300
1785998658.292083970,0,641852935,0,0,0,0,0,641848787,13921,39600,0,0,792581701,749242251,0,0,0,641848787,14606,40500,0,585,99,0,0,641861269,3679018,3276700,18446744073709551616,641861270,717163,641859136,2960815,0,0,0,8697,821,3896,0,12300
1785998659.323850544,0,641852935,0,0,0,0,0,641848787,13921,39600,0,0,792584795,749245340,0,0,0,641848787,14606,40500,0,585,99,0,0,641861271,3679018,3276700,18446744073709551616,641861272,717163,641859136,2960815,0,0,0,8697,821,3896,0,12300
1785998660.356007307,0,641852935,0,0,0,0,0,641848787,13921,39600,0,0,792587891,749248431,0,0,0,641848787,14606,40500,0,585,99,0,0,641861273,3679018,3276700,18446744073709551616,641861274,717163,641859136,2960815,0,0,0,8697,821,3896,0,12300
1785998661.386517563,0,641852935,0,0,0,0,0,641848787,13921,39600,0,0,792590982,749251508,0,0,0,641848787,14606,40500,0,585,99,0,0,641861275,3679018,3276700,18446744073709551616,641861276,717163,641859136,2960815,0,0,0,8697,821,3896,0,12300
1785998662.415927329,0,641852935,0,0,0,0,0,641848787,13921,39600,0,0,792594066,749254389,0,0,0,641848787,14606,40500,0,585,99,0,0,641861277,3679018,3276700,18446744073709551616,641861278,717163,641859136,2960815,0,0,0,8697,821,3896,0,12300
1785998663.442079848,0,641852935,0,0,0,0,0,641848787,13921,39600,0,0,792597144,749257460,0,0,0,641848787,14606,40500,0,585,99,0,0,641861279,3679018,3276700,18446744073709551616,641861280,717163,641859136,2960815,0,0,0,8697,821,3896,0,12300
1785998664.475773623,0,641852935,0,0,0,0,0,641848787,13921,39600,0,0,792600244,749260555,0,0,0,641848787,14606,40500,0,585,99,0,0,641861281,3679018,3276700,18446744073709551616,641861282,717163,641859136,2960815,0,0,0,8697,821,3896,0,12300
1785998665.508207991,0,641852935,0,0,0,0,0,641848787,13921,39600,0,0,792603342,749263647,0,0,0,641848787,14606,40500,0,585,99,0,0,641861283,3679018,3276700,18446744073709551616,641861284,717163,641859136,2960815,0,0,0,8697,821,3896,0,12300
1785998666.542625947,0,641852935,0,0,0,0,0,641848787,13921,39600,0,0,792606445,749266744,0,0,0,641848787,14606,40500,0,585,99,0,0,641861285,3679018,3276700,18446744073709551616,641861286,717163,641859136,2960815,0,0,0,8697,821,3896,0,12300
1785998667.573396651,0,641852935,0,0,0,0,0,641848787,13921,39600,0,0,792609534,749269817,0,0,0,641848787,14606,40500,0,585,99,0,0,641861287,3679018,3276700,18446744073709551616,641861288,717163,641859136,2960815,0,0,0,8697,821,3896,0,12300
1785998668.604971959,0,641852935,0,0,0,0,0,641848787,13921,39600,0,0,792612628,749272786,0,0,0,641848787,14606,40500,0,585,99,0,0,641861289,3679018,3276700,18446744073709551616,641861290,717163,641859136,2960815,0,0,0,8697,821,3896,0,12300
1785998669.637246932,0,641852935,0,0,0,0,0,641848787,13921,39600,0,0,792615724,749275877,0,0,0,641848787,14606,40500,0,585,99,0,0,641861291,3679018,3276700,18446744073709551616,641861292,717163,641859136,2960815,0,0,0,8697,821,3896,0,12300
1785998670.669925366,0,641852935,0,0,0,0,0,641848787,13921,39600,0,0,792618822,749278970,0,0,0,641848787,14606,40500,0,585,99,0,0,641861293,3679018,3276700,18446744073709551616,641861294,717163,641859136,2960815,0,0,0,8697,821,3896,0,12300
1785998671.703309977,0,641852935,0,0,0,0,0,641848787,13921,39600,0,0,792621922,749282064,0,0,0,641848787,14606,40500,0,585,99,0,0,641861295,3679018,3276700,18446744073709551616,641861296,717163,641859136,2960815,0,0,0,8697,821,3896,0,12300
1785998672.736267503,0,641852935,0,0,0,0,0,641848787,13921,39600,0,0,792625019,749285135,0,0,0,641848787,14606,40500,0,585,99,0,0,641861297,3679018,3276700,18446744073709551616,641861298,717163,641859136,2960815,0,0,0,8697,821,3896,0,12300
1785998673.769446086,0,641852935,0,0,0,0,0,641848787,13921,39600,0,0,792628116,749288158,0,0,0,641848787,14606,40500,0,585,99,0,0,641861299,3679018,3276700,18446744073709551616,641861300,717163,641859136,2960815,0,0,0,8697,821,3896,0,12300
1785998674.803278756,0,641852935,0,0,0,0,0,641848787,13921,39600,0,0,792631216,749291175,0,0,0,641848787,14606,40500,0,585,99,0,0,641861301,3679018,3276700,18446744073709551616,641861302,717163,641859136,2960815,0,0,0,8697,821,3896,0,12300
1785998675.833467323,0,641852935,0,0,0,0,0,641848787,13921,39600,0,0,792634306,749294260,0,0,0,641848787,14606,40500,0,585,99,0,0,641861303,3679018,3276700,18446744073709551616,641861304,717163,641859136,2960815,0,0,0,8697,821,3896,0,12300
1785998676.865976854,0,641852935,0,0,0,0,0,641848787,13921,39600,0,0,792637403,749297351,0,0,0,641848787,14606,40500,0,585,99,0,0,641861305,3679018,3276700,18446744073709551616,641861306,717163,641859136,2960815,0,0,0,8697,821,3896,0,12300
1785998677.898755274,0,641852935,0,0,0,0,0,641848787,13921,39600,0,0,792640501,749300444,0,0,0,641848787,14606,40500,0,585,99,0,0,641861307,3679018,3276700,18446744073709551616,641861308,717163,641859136,2960815,0,0,0,8697,821,3896,0,12300
1785998678.932205618,0,641852935,0,0,0,0,0,641848787,13921,39600,0,0,792643601,749303539,0,0,0,641848787,14606,40500,0,585,99,0,0,641861309,3679018,3276700,18446744073709551616,641861310,717163,641859136,2960815,0,0,0,8697,821,3896,0,12300
1785998679.963396062,0,641852935,0,0,0,0,0,641848787,13921,39600,0,0,792646692,749306523,0,0,0,641848787,14606,40500,0,585,99,0,0,641861311,3679018,3276700,18446744073709551616,641861312,717163,641859136,2960815,0,0,0,8697,821,3896,0,12300
1785998680.996369704,0,641852935,0,0,0,0,0,641848787,13921,39600,0,0,792649788,749309584,0,0,0,641848787,14606,40500,0,585,99,0,0,641861313,3679018,3276700,18446744073709551616,641861314,717163,641859136,2960815,0,0,0,8697,821,3896,0,12300
1785998682.029302834,0,641852935,0,0,0,0,0,641848787,13921,39600,0,0,792652887,749312677,0,0,0,641848787,14606,40500,0,585,99,0,0,641861315,3679018,3276700,18446744073709551616,641861316,717163,641859136,2960815,0,0,0,8697,821,3896,0,12300
1785998683.061357502,0,641852935,0,0,0,0,0,641848787,13921,39600,0,0,792655983,749315744,0,0,0,641848787,14606,40500,0,585,99,0,0,641861317,3679018,3276700,18446744073709551616,641861318,717163,641859136,2960815,0,0,0,8697,821,3896,0,12300
1785998684.094305729,0,641852935,0,0,0,0,0,641848787,13921,39600,0,0,792659081,749318837,0,0,0,641848787,14606,40500,0,585,99,0,0,641861319,3679018,3276700,18446744073709551616,641861320,717163,641859136,2960815,0,0,0,8697,821,3896,0,12300
1785998685.122171314,0,641852935,0,0,0,0,0,641848787,13921,39600,0,0,792662169,749321915,0,0,0,641848787,14606,40500,0,585,99,0,0,641861321,3679018,3276700,18446744073709551616,641861322,717163,641859136,2960815,0,0,0,8697,821,3896,0,12300
1785998686.153045643,0,641852935,0,0,0,0,0,641848787,13921,39600,0,0,792665253,749324868,0,0,0,641848787,14606,40500,0,585,99,0,0,641861323,3679018,3276700,18446744073709551616,641861324,717163,641859136,2960815,0,0,0,8697,821,3896,0,12300
1785998687.185720897,0,641852935,0,0,0,0,0,641848787,13921,39600,0,0,792668349,749327959,0,0,0,641848787,14606,40500,0,585,99,0,0,641861325,3679018,3276700,18446744073709551616,641861326,717163,641859136,2960815,0,0,0,8697,821,3896,0,12300
1785998688.218069851,0,641852935,0,0,0,0,0,641848787,13921,39600,0,0,792671447,749331050,0,0,0,641848787,14606,40500,0,585,99,0,0,641861327,3679018,3276700,18446744073709551616,641861328,717163,641859136,2960815,0,0,0,8697,821,3896,0,12300
1785998689.250281584,0,641852935,0,0,0,0,0,641848787,13921,39600,0,0,792674544,749334140,0,0,0,641848787,14606,40500,0,585,99,0,0,641861329,3679018,3276700,18446744073709551616,641861330,717163,641859136,2960815,0,0,0,8697,821,3896,0,12300
1785998690.283393632,0,641852935,0,0,0,0,0,641848787,13921,39600,0,0,792677643,749337234,0,0,0,641848787,14606,40500,0,585,99,0,0,641861331,3679018,3276700,18446744073709551616,641861332,717163,641859136,2960815,0,0,0,8697,821,3896,0,12300
1785998691.314028364,0,641852935,0,0,0,0,0,641848787,13921,39600,0,0,792680733,749340269,0,0,0,641848787,14606,40500,0,585,99,0,0,641861333,3679018,3276700,18446744073709551616,641861334,717163,641859136,2960815,0,0,0,8697,821,3896,0,12300
1785998692.344353009,0,641852935,0,0,0,0,0,641848787,13921,39600,0,0,792683819,749343266,0,0,0,641848787,14606,40500,0,585,99,0,0,641861335,3679018,3276700,18446744073709551616,641861336,717163,641859136,2960815,0,0,0,8697,821,3896,0,12300
1785998693.376621804,0,641852935,0,0,0,0,0,641848787,13921,39600,0,0,792686918,749346337,0,0,0,641848787,14606,40500,0,585,99,0,0,641861337,3679018,3276700,18446744073709551616,641861338,717163,641859136,2960815,0,0,0,8697,821,3896,0,12300
1785998694.406984598,0,641852935,0,0,0,0,0,641848787,13921,39600,0,0,792690008,749349423,0,0,0,641848787,14606,40500,0,585,99,0,0,641861339,3679018,3276700,18446744073709551616,641861340,717163,641859136,2960815,0,0,0,8697,821,3896,0,12300
1785998695.440472469,0,641852935,0,0,0,0,0,641848787,13921,39600,0,0,792693105,749352516,0,0,0,641848787,14606,40500,0,585,99,0,0,641861341,3679018,3276700,18446744073709551616,641861342,717163,641859136,2960815,0,0,0,8697,821,3896,0,12300
1785998696.473767791,0,641852935,0,0,0,0,0,641848787,13921,39600,0,0,792696205,749355610,0,0,0,641848787,14606,40500,0,585,99,0,0,641861343,3679018,3276700,18446744073709551616,641861344,717163,641859136,2960815,0,0,0,8697,821,3896,0,12300
1785998697.503840150,0,641852935,0,0,0,0,0,641848787,13921,39600,0,0,792699293,749358605,0,0,0,641848787,14606,40500,0,585,99,0,0,641861345,3679018,3276700,18446744073709551616,641861346,717163,641859136,2960815,0,0,0,8697,821,3896,0,12300
1785998698.534243320,0,641852935,0,0,0,0,0,641848787,13921,39600,0,0,792702383,749361651,0,0,0,641848787,14606,40500,0,585,99,0,0,641861347,3679018,3276700,18446744073709551616,641861348,717163,641859136,2960815,0,0,0,8697,821,3896,0,12300
1785998699.566831672,0,641852935,0,0,0,0,0,641848787,13921,39600,0,0,792705480,749364743,0,0,0,641848787,14606,40500,0,585,99,0,0,641861349,3679018,3276700,18446744073709551616,641861350,717163,641859136,2960815,0,0,0,8697,821,3896,0,12300
1785998700.598811497,0,641852935,0,0,0,0,0,641848787,13921,39600,0,0,792708575,749367832,0,0,0,641848787,14606,40500,0,585,99,0,0,641861351,3679018,3276700,18446744073709551616,641861352,717163,641859136,2960815,0,0,0,8697,821,3896,0,12300
1785998701.631598679,0,641852935,0,0,0,0,0,641848787,13921,39600,0,0,792711673,749370923,0,0,0,641848787,14606,40500,0,585,99,0,0,641861353,3679018,3276700,18446744073709551616,641861354,717163,641859136,2960815,0,0,0,8697,821,3896,0,12300
1785998702.664821778,0,641852935,0,0,0,0,0,641848787,13921,39600,0,0,792714771,749374016,0,0,0,641848787,14606,40500,0,585,99,0,0,641861355,3679018,3276700,18446744073709551616,641861356,717163,641859136,2960815,0,0,0,8697,821,3896,0,12300
1785998703.695597899,0,641852935,0,0,0,0,0,641848787,13921,39600,0,0,792717862,749376946,0,0,0,641848787,14606,40500,0,585,99,0,0,641861357,3679018,3276700,18446744073709551616,641861358,717163,641859136,2960815,0,0,0,8697,821,3896,0,12300
1785998704.727632723,0,641852935,0,0,0,0,0,641848787,13921,39600,0,0,792720957,749380036,0,0,0,641848787,14606,40500,0,585,99,0,0,641861359,3679018,3276700,18446744073709551616,641861360,717163,641859136,2960815,0,0,0,8697,821,3896,0,12300
1785998705.759078893,0,641852935,0,0,0,0,0,641848787,13921,39600,0,0,792724051,749383124,0,0,0,641848787,14606,40500,0,585,99,0,0,641861361,3679018,3276700,18446744073709551616,641861362,717163,641859136,2960815,0,0,0,8697,821,3896,0,12300
1785998706.784804694,0,641852935,0,0,0,0,0,641848787,13921,39600,0,0,792727128,749386197,0,0,0,641848787,14606,40500,0,585,99,0,0,641861363,3679018,3276700,18446744073709551616,641861364,717163,641859136,2960815,0,0,0,8697,821,3896,0,12300
1785998707.816820097,0,641852935,0,0,0,0,0,641848787,13921,39600,0,0,792730223,749389287,0,0,0,641848787,14606,40500,0,585,99,0,0,641861365,3679018,3276700,18446744073709551616,641861366,717163,641859136,2960815,0,0,0,8697,821,3896,0,12300
1785998708.848644727,0,641852935,0,0,0,0,0,641848787,13921,39600,0,0,792733316,749392352,0,0,0,641848787,14606,40500,0,585,99,0,0,641861367,3679018,3276700,18446744073709551616,641861368,717163,641859136,2960815,0,0,0,8697,821,3896,0,12300
1785998709.881903006,0,641852935,0,0,0,0,0,641848787,13921,39600,0,0,792736415,749395335,0,0,0,641848787,14606,40500,0,585,99,0,0,641861369,3679018,3276700,18446744073709551616,641861370,717163,641859136,2960815,0,0,0,8697,821,3896,0,12300
1785998710.914848428,0,641852935,0,0,0,0,0,641848787,13921,39600,0,0,792739513,749398427,0,0,0,641848787,14606,40500,0,585,99,0,0,641861371,3679018,3276700,18446744073709551616,641861372,717163,641859136,2960815,0,0,0,8697,821,3896,0,12300
1785998711.947821340,0,641852935,0,0,0,0,0,641848787,13921,39600,0,0,792742610,749401520,0,0,0,641848787,14606,40500,0,585,99,0,0,641861373,3679018,3276700,18446744073709551616,641861374,717163,641859136,2960815,0,0,0,8697,821,3896,0,12300
1785998712.979939378,0,641852935,0,0,0,0,0,641848787,13921,39600,0,0,792745708,749404611,0,0,0,641848787,14606,40500,0,585,99,0,0,641861375,3679018,3276700,18446744073709551616,641861376,717163,641859136,2960815,0,0,0,8697,821,3896,0,12300
1785998714.011487466,0,641852935,0,0,0,0,0,641848787,13921,39600,0,0,792748801,749407678,0,0,0,641848787,14606,40500,0,585,99,0,0,641861377,3679018,3276700,18446744073709551616,641861378,717163,641859136,2960815,0,0,0,8697,821,3896,0,12300
1785998715.043533387,0,641852935,0,0,0,0,0,641848787,13921,39600,0,0,792751894,749410696,0,0,0,641848787,14606,40500,0,585,99,0,0,641861379,3679018,3276700,18446744073709551616,641861380,717163,641859136,2960815,0,0,0,8697,821,3896,0,12300
1785998716.075499735,0,641852935,0,0,0,0,0,641848787,13921,39600,0,0,792754991,749413728,0,0,0,641848787,14606,40500,0,585,99,0,0,641861381,3679018,3276700,18446744073709551616,641861382,717163,641859136,2960815,0,0,0,8697,821,3896,0,12300
1785998717.108648111,0,641852935,0,0,0,0,0,641848787,13921,39600,0,0,792758088,749416819,0,0,0,641848787,14606,40500,0,585,99,0,0,641861383,3679018,3276700,18446744073709551616,641861384,717163,641859136,2960815,0,0,0,8697,821,3896,0,12300
1785998718.140508361,0,641852935,0,0,0,0,0,641848787,13921,39600,0,0,792761184,749419911,0,0,0,641848787,14606,40500,0,585,99,0,0,641861385,3679018,3276700,18446744073709551616,641861386,717163,641859136,2960815,0,0,0,8697,821,3896,0,12300
1785998719.168973272,0,641852935,0,0,0,0,0,641848787,13921,39600,0,0,792764268,749422990,0,0,0,641848787,14606,40500,0,585,99,0,0,641861387,3679018,3276700,18446744073709551616,641861388,717163,641859136,2960815,0,0,0,8697,821,3896,0,12300
1785998720.199236041,0,641852935,0,0,0,0,0,641848787,13921,39600,0,0,792767360,749426076,0,0,0,641848787,14606,40500,0,585,99,0,0,641861389,3679018,3276700,18446744073709551616,641861390,717163,641859136,2960815,0,0,0,8697,821,3896,0,12300
1785998721.229626509,0,641852935,0,0,0,0,0,641848787,13921,39600,0,0,792770453,749429044,0,0,0,641848787,14606,40500,0,585,99,0,0,641861391,3679018,3276700,18446744073709551616,641861392,717163,641859136,2960815,0,0,0,8697,821,3896,0,12300
1785998722.257064969,0,641852935,0,0,0,0,0,641848787,13921,39600,0,0,792773536,749432120,0,0,0,641848787,14606,40500,0,585,99,0,0,641861393,3679018,3276700,18446744073709551616,641861394,717163,641859136,2960815,0,0,0,8697,821,3896,0,12300
1785998723.288319683,0,641852935,0,0,0,0,0,641848787,13921,39600,0,0,792776626,749435204,0,0,0,641848787,14606,40500,0,585,99,0,0,641861395,3679018,3276700,18446744073709551616,641861396,717163,641859136,2960815,0,0,0,8697,821,3896,0,12300
1785998724.320909312,0,641852935,0,0,0,0,0,641848787,13921,39600,0,0,792779721,749438242,0,0,0,641848787,14606,40500,0,585,99,0,0,641861397,3679018,3276700,18446744073709551616,641861398,717163,641859136,2960815,0,0,0,8697,821,3896,0,12300
1785998725.353862985,0,641852935,0,0,0,0,0,641848787,13921,39600,0,0,792782822,749441335,0,0,0,641848787,14606,40500,0,585,99,0,0,641861399,3679018,3276700,18446744073709551616,641861400,717163,641859136,2960815,0,0,0,8697,821,3896,0,12300
1785998726.385151128,0,641852935,0,0,0,0,0,641848787,13921,39600,0,0,792785912,749444413,0,0,0,641848787,14606,40500,0,585,99,0,0,641861401,3679018,3276700,18446744073709551616,641861402,717163,641859136,2960815,0,0,0,8697,821,3896,0,12300
1785998727.412173724,0,641852935,0,0,0,0,0,641848787,13921,39600,0,0,792788993,749447369,0,0,0,641848787,14606,40500,0,585,99,0,0,641861403,3679018,3276700,18446744073709551616,641861404,717163,641859136,2960815,0,0,0,8697,821,3896,0,12300
1785998728.441826106,0,641852935,0,0,0,0,0,641848787,13921,39600,0,0,792792079,749450450,0,0,0,641848787,14606,40500,0,585,99,0,0,641861405,3679018,3276700,18446744073709551616,641861406,717163,641859136,2960815,0,0,0,8697,821,3896,0,12300
1785998729.474120543,0,641852935,0,0,0,0,0,641848787,13921,39600,0,0,792795174,749453540,0,0,0,641848787,14606,40500,0,585,99,0,0,641861407,3679018,3276700,18446744073709551616,641861408,717163,641859136,2960815,0,0,0,8697,821,3896,0,12300
1785998730.506726153,0,641852935,0,0,0,0,0,641848787,13921,39600,0,0,792798271,749456631,0,0,0,641848787,14606,40500,0,585,99,0,0,641861409,3679018,3276700,18446744073709551616,641861410,717163,641859136,2960815,0,0,0,8697,821,3896,0,12300
1785998731.539240642,0,641852935,0,0,0,0,0,641848787,13921,39600,0,0,792801368,749459723,0,0,0,641848787,14606,40500,0,585,99,0,0,641861411,3679018,3276700,18446744073709551616,641861412,717163,641859136,2960815,0,0,0,8697,821,3896,0,12300
1785998732.571495418,0,641852935,0,0,0,0,0,641848787,13921,39600,0,0,792804464,749462765,0,0,0,641848787,14606,40500,0,585,99,0,0,641861413,3679018,3276700,18446744073709551616,641861414,717163,641859136,2960815,0,0,0,8697,821,3896,0,12300
1785998733.603546385,0,641852935,0,0,0,0,0,641848787,13921,39600,0,0,792807557,749465775,0,0,0,641848787,14606,40500,0,585,99,0,0,641861415,3679018,3276700,18446744073709551616,641861416,717163,641859136,2960815,0,0,0,8697,821,3896,0,12300
1785998734.636431537,0,641852935,0,0,0,0,0,641848787,13921,39600,0,0,792810655,749468849,0,0,0,641848787,14606,40500,0,585,99,0,0,641861417,3679018,3276700,18446744073709551616,641861418,717163,641859136,2960815,0,0,0,8697,821,3896,0,12300
1785998735.663629474,0,641852935,0,0,0,0,0,641848787,13921,39600,0,0,792813736,749471925,0,0,0,641848787,14606,40500,0,585,99,0,0,641861419,3679018,3276700,18446744073709551616,641861420,717163,641859136,2960815,0,0,0,8697,821,3896,0,12300
1785998736.696272245,0,641852935,0,0,0,0,0,641848787,13921,39600,0,0,792816831,749475016,0,0,0,641848787,14606,40500,0,585,99,0,0,641861421,3679018,3276700,18446744073709551616,641861422,717163,641859136,2960815,0,0,0,8697,821,3896,0,12300
1785998737.725448627,0,641852935,0,0,0,0,0,641848787,13921,39600,0,0,792819922,749478099,0,0,0,641848787,14606,40500,0,585,99,0,0,641861423,3679018,3276700,18446744073709551616,641861424,717163,641859136,2960815,0,0,0,8697,821,3896,0,12300
1785998738.754194130,0,641852935,0,0,0,0,0,641848787,13921,39600,0,0,792823003,749481078,0,0,0,641848787,14606,40500,0,585,99,0,0,641861425,3679018,3276700,18446744073709551616,641861426,717163,641859136,2960815,0,0,0,8697,821,3896,0,12300
1785998739.787003457,0,641852935,0,0,0,0,0,641848787,13921,39600,0,0,792826098,749484134,0,0,0,641848787,14606,40500,0,585,99,0,0,641861427,3679018,3276700,18446744073709551616,641861428,717163,641859136,2960815,0,0,0,8697,821,3896,0,12300
1785998740.818418021,0,641852935,0,0,0,0,0,641848787,13921,39600,0,0,792829193,749487224,0,0,0,641848787,14606,40500,0,585,99,0,0,641861429,3679018,3276700,18446744073709551616,641861430,717163,641859136,2960815,0,0,0,8697,821,3896,0,12300
1785998741.851100241,0,641852935,0,0,0,0,0,641848787,13921,39600,0,0,792832290,749490315,0,0,0,641848787,14606,40500,0,585,99,0,0,641861431,3679018,3276700,18446744073709551616,641861432,717163,641859136,2960815,0,0,0,8697,821,3896,0,12300
1785998742.883826962,0,641852935,0,0,0,0,0,641848787,13921,39600,0,0,792835388,749493408,0,0,0,641848787,14606,40500,0,585,99,0,0,641861433,3679018,3276700,18446744073709551616,641861434,717163,641859136,2960815,0,0,0,8697,821,3896,0,12300
1785998743.911286467,0,641852935,0,0,0,0,0,641848787,13921,39600,0,0,792838474,749496485,0,0,0,641848787,14606,40500,0,585,99,0,0,641861435,3679018,3276700,18446744073709551616,641861436,717163,641859136,2960815,0,0,0,8697,821,3896,0,12300
1785998744.942258509,0,641852935,0,0,0,0,0,641848787,13921,39600,0,0,792841561,749499434,0,0,0,641848787,14606,40500,0,585,99,0,0,641861437,3679018,3276700,18446744073709551616,641861438,717163,641859136,2960815,0,0,0,8697,821,3896,0,12300
1785998745.975288402,0,641852935,0,0,0,0,0,641848787,13921,39600,0,0,792844661,749502526,0,0,0,641848787,14606,40500,0,585,99,0,0,641861439,3679018,3276700,18446744073709551616,641861440,717163,641859136,2960815,0,0,0,8697,821,3896,0,12300
1785998747.007733928,0,641852935,0,0,0,0,0,641848787,13921,39600,0,0,792847758,749505618,0,0,0,641848787,14606,40500,0,585,99,0,0,641861441,3679018,3276700,18446744073709551616,641861442,717163,641859136,2960815,0,0,0,8697,821,3896,0,12300
1785998748.040469291,0,641852935,0,0,0,0,0,641848787,13921,39600,0,0,792850855,749508710,0,0,0,641848787,14606,40500,0,585,99,0,0,641861443,3679018,3276700,18446744073709551616,641861444,717163,641859136,2960815,0,0,0,8697,821,3896,0,12300
1785998749.073763548,0,641852935,0,0,0,0,0,641848787,13921,39600,0,0,792853954,749511803,0,0,0,641848787,14606,40500,0,585,99,0,0,641861445,3679018,3276700,18446744073709551616,641861446,717163,641859136,2960815,0,0,0,8697,821,3896,0,12300
1785998750.102903374,0,641852935,0,0,0,0,0,641848787,13921,39600,0,0,792857039,749514834,0,0,0,641848787,14606,40500,0,585,99,0,0,641861447,3679018,3276700,18446744073709551616,641861448,717163,641859136,2960815,0,0,0,8697,821,3896,0,12300
1785998751.134083277,0,641852935,0,0,0,0,0,641848787,13921,39600,0,0,792860131,749517839,0,0,0,641848787,14606,40500,0,585,99,0,0,641861449,3679018,3276700,18446744073709551616,641861450,717163,641859136,2960815,0,0,0,8697,821,3896,0,12300
1785998752.165650000,0,641852935,0,0,0,0,0,641848787,13921,39600,0,0,792863226,749520928,0,0,0,641848787,14606,40500,0,585,99,0,0,641861451,3679018,3276700,18446744073709551616,641861452,717163,641859136,2960815,0,0,0,8697,821,3896,0,12300
1785998753.198251972,0,641852935,0,0,0,0,0,641848787,13921,39600,0,0,792866322,749524020,0,0,0,641848787,14606,40500,0,585,99,0,0,641861453,3679018,3276700,18446744073709551616,641861454,717163,641859136,2960815,0,0,0,8697,821,3896,0,12300
1785998754.224141620,0,641852935,0,0,0,0,0,641848787,13921,39600,0,0,792869404,749527097,0,0,0,641848787,14606,40500,0,585,99,0,0,641861455,3679018,3276700,18446744073709551616,641861456,717163,641859136,2960815,0,0,0,8697,821,3896,0,12300
1785998755.249754500,0,641852935,0,0,0,0,0,641848787,13921,39600,0,0,792872474,749530141,0,0,0,641848787,14606,40500,0,585,99,0,0,641861457,3679018,3276700,18446744073709551616,641861458,717163,641859136,2960815,0,0,0,8697,821,3896,0,12300
1785998756.279748211,0,641852935,0,0,0,0,0,641848787,13921,39600,0,0,792875564,749533136,0,0,0,641848787,14606,40500,0,585,99,0,0,641861459,3679018,3276700,18446744073709551616,641861460,717163,641859136,2960815,0,0,0,8697,821,3896,0,12300
1785998757.311447903,0,641852935,0,0,0,0,0,641848787,13921,39600,0,0,792878658,749536185,0,0,0,641848787,14606,40500,0,585,99,0,0,641861461,3679018,3276700,18446744073709551616,641861462,717163,641859136,2960815,0,0,0,8697,821,3896,0,12300
1785998758.341703006,0,641852935,0,0,0,0,0,641848787,13921,39600,0,0,792881751,749539272,0,0,0,641848787,14606,40500,0,585,99,0,0,641861463,3679018,3276700,18446744073709551616,641861464,717163,641859136,2960815,0,0,0,8697,821,3896,0,12300
1785998759.373513626,0,641852935,0,0,0,0,0,641848787,13921,39600,0,0,792884843,749542360,0,0,0,641848787,14606,40500,0,585,99,0,0,641861465,3679018,3276700,18446744073709551616,641861466,717163,641859136,2960815,0,0,0,8697,821,3896,0,12300
1785998760.406252293,0,641852935,0,0,0,0,0,641848787,13921,39600,0,0,792887941,749545452,0,0,0,641848787,14606,40500,0,585,99,0,0,641861467,3679018,3276700,18446744073709551616,641861468,717163,641859136,2960815,0,0,0,8697,821,3896,0,12300
1785998761.438914990,0,641852935,0,0,0,0,0,641848787,13921,39600,0,0,792891039,749548544,0,0,0,641848787,14606,40500,0,585,99,0,0,641861469,3679018,3276700,18446744073709551616,641861470,717163,641859136,2960815,0,0,0,8697,821,3896,0,12300
1785998762.471018626,0,641852935,0,0,0,0,0,641848787,13921,39600,0,0,792894129,749551502,0,0,0,641848787,14606,40500,0,585,99,0,0,641861471,3679018,3276700,18446744073709551616,641861472,717163,641859136,2960815,0,0,0,8697,821,3896,0,12300
1785998763.503189017,0,641852935,0,0,0,0,0,641848787,13921,39600,0,0,792897227,749554593,0,0,0,641848787,14606,40500,0,585,99,0,0,641861473,3679018,3276700,18446744073709551616,641861474,717163,641859136,2960815,0,0,0,8697,821,3896,0,12300
1785998764.532464406,0,641852935,0,0,0,0,0,641848787,13921,39600,0,0,792900313,749557675,0,0,0,641848787,14606,40500,0,585,99,0,0,641861475,3679018,3276700,18446744073709551616,641861476,717163,641859136,2960815,0,0,0,8697,821,3896,0,12300
1785998765.562806918,0,641852935,0,0,0,0,0,641848787,13921,39600,0,0,792903408,749560741,0,0,0,641848787,14606,40500,0,585,99,0,0,641861477,3679018,3276700,18446744073709551616,641861478,717163,641859136,2960815,0,0,0,8697,821,3896,0,12300
1785998766.592822006,0,641852935,0,0,0,0,0,641848787,13921,39600,0,0,792906491,749563820,0,0,0,641848787,14606,40500,0,585,99,0,0,641861479,3679018,3276700,18446744073709551616,641861480,717163,641859136,2960815,0,0,0,8697,821,3896,0,12300
1785998767.625816466,0,641852935,0,0,0,0,0,641848787,13921,39600,0,0,792909587,749566888,0,0,0,641848787,14606,40500,0,585,99,0,0,641861481,3679018,3276700,18446744073709551616,641861482,717163,641859136,2960815,0,0,0,8697,821,3896,0,12300
1785998768.658900833,0,641852935,0,0,0,0,0,641848787,13921,39600,0,0,792912685,749569870,0,0,0,641848787,14606,40500,0,585,99,0,0,641861483,3679018,3276700,18446744073709551616,641861484,717163,641859136,2960815,0,0,0,8697,821,3896,0,12300
1785998769.687745679,0,641852935,0,0,0,0,0,641848787,13921,39600,0,0,792915777,749572956,0,0,0,641848787,14606,40500,0,585,99,0,0,641861485,3679018,3276700,18446744073709551616,641861486,717163,641859136,2960815,0,0,0,8697,821,3896,0,12300
1785998770.715132367,0,641852935,0,0,0,0,0,641848787,13921,39600,0,0,792918853,749576029,0,0,0,641848787,14606,40500,0,585,99,0,0,641861487,3679018,3276700,18446744073709551616,641861488,717163,641859136,2960815,0,0,0,8697,821,3896,0,12300
1785998771.743484109,0,641852935,0,0,0,0,0,641848787,13921,39600,0,0,792921937,749579109,0,0,0,641848787,14606,40500,0,585,99,0,0,641861489,3679019,3276700,18446744073709551616,641861490,717163,641859136,2960815,0,0,0,8697,821,3896,0,12300
1785998772.776165356,0,641852935,0,0,0,0,0,641848787,13921,39600,0,0,792925035,749582201,0,0,0,641848787,14606,40500,0,585,99,0,0,641861491,3679019,3276700,18446744073709551616,641861492,717163,641859136,2960815,0,0,0,8697,821,3896,0,12300
1785998773.808098546,0,641852935,0,0,0,0,0,641848787,13921,39600,0,0,792928126,749585225,0,0,0,641848787,14606,40500,0,585,99,0,0,641861493,3679019,3276700,18446744073709551616,641861494,717163,641859136,2960815,0,0,0,8697,821,3896,0,12300
1785998774.840821216,0,641852935,0,0,0,0,0,641848787,13921,39600,0,0,792931222,749588248,0,0,0,641848787,14606,40500,0,585,99,0,0,641861495,3679019,3276700,18446744073709551616,641861496,717163,641859136,2960815,0,0,0,8697,821,3896,0,12300
1785998775.873162269,0,641852935,0,0,0,0,0,641848787,13921,39600,0,0,792934317,749591317,0,0,0,641848787,14606,40500,0,585,99,0,0,641861497,3679019,3276700,18446744073709551616,641861498,717163,641859136,2960815,0,0,0,8697,821,3896,0,12300
1785998776.905291418,0,641852935,0,0,0,0,0,641848787,13921,39600,0,0,792937412,749594406,0,0,0,641848787,14606,40500,0,585,99,0,0,641861499,3679019,3276700,18446744073709551616,641861500,717163,641859136,2960815,0,0,0,8697,821,3896,0,12300
1785998777.938420423,0,641852935,0,0,0,0,0,641848787,13921,39600,0,0,792940513,749597501,0,0,0,641848787,14606,40500,0,585,99,0,0,641861501,3679019,3276700,18446744073709551616,641861502,717163,641859136,2960815,0,0,0,8697,821,3896,0,12300
1785998778.966475850,0,641852935,0,0,0,0,0,641848787,13921,39600,0,0,792943602,749600584,0,0,0,641848787,14606,40500,0,585,99,0,0,641861503,3679019,3276700,18446744073709551616,641861504,717163,641859136,2960815,0,0,0,8697,821,3896,0,12300
1785998779.996994071,0,641852935,0,0,0,0,0,641848787,13921,39600,0,0,792946682,749603549,0,0,0,641848787,14606,40500,0,585,99,0,0,641861505,3679019,3276700,18446744073709551616,641861506,717163,641859136,2960815,0,0,0,8697,821,3896,0,12300
1785998781.030419097,0,641852935,0,0,0,0,0,641848787,13921,39600,0,0,792949784,749606624,0,0,0,641848787,14606,40500,0,585,99,0,0,641861507,3679019,3276700,18446744073709551616,641861508,717163,641859136,2960815,0,0,0,8697,821,3896,0,12300
1785998782.062498670,0,641852935,0,0,0,0,0,641848787,13921,39600,0,0,792952880,749609715,0,0,0,641848787,14606,40500,0,585,99,0,0,641861509,3679019,3276700,18446744073709551616,641861510,717163,641859136,2960815,0,0,0,8697,821,3896,0,12300
1785998783.095053081,0,641852935,0,0,0,0,0,641848787,13921,39600,0,0,792955976,749612806,0,0,0,641848787,14606,40500,0,585,99,0,0,641861511,3679019,3276700,18446744073709551616,641861512,717163,641859136,2960815,0,0,0,8697,821,3896,0,12300
1785998784.127172744,0,641852935,0,0,0,0,0,641848787,13921,39600,0,0,792959072,749615897,0,0,0,641848787,14606,40500,0,585,99,0,0,641861513,3679019,3276700,18446744073709551616,641861514,717163,641859136,2960815,0,0,0,8697,821,3896,0,12300
1785998785.156189073,0,641852935,0,0,0,0,0,641848787,13921,39600,0,0,792962162,749618974,0,0,0,641848787,14606,40500,0,585,99,0,0,641861515,3679019,3276700,18446744073709551616,641861516,717163,641859136,2960815,0,0,0,8697,821,3896,0,12300
1785998786.187819384,0,641852935,0,0,0,0,0,641848787,13921,39600,0,0,792965252,749621840,0,0,0,641848787,14606,40500,0,585,99,0,0,641861517,3679019,3276700,18446744073709551616,641861518,717163,641859136,2960815,0,0,0,8697,821,3896,0,12300
1785998787.220576280,0,641852935,0,0,0,0,0,641848787,13921,39600,0,0,792968349,749624917,0,0,0,641848787,14606,40500,0,585,99,0,0,641861519,3679019,3276700,18446744073709551616,641861520,717163,641859136,2960815,0,0,0,8697,821,3896,0,12300
1785998788.252899269,0,641852935,0,0,0,0,0,641848787,13921,39600,0,0,792971446,749628008,0,0,0,641848787,14606,40500,0,585,99,0,0,641861521,3679019,3276700,18446744073709551616,641861522,717163,641859136,2960815,0,0,0,8697,821,3896,0,12300
1785998789.285006881,0,641852935,0,0,0,0,0,641848787,13921,39600,0,0,792974542,749631098,0,0,0,641848787,14606,40500,0,585,99,0,0,641861523,3679019,3276700,18446744073709551616,641861524,717163,641859136,2960815,0,0,0,8697,821,3896,0,12300
1785998790.316777623,0,641852935,0,0,0,0,0,641848787,13921,39600,0,0,792977637,749634188,0,0,0,641848787,14606,40500,0,585,99,0,0,641861525,3679019,3276700,18446744073709551616,641861526,717163,641859136,2960815,0,0,0,8697,821,3896,0,12300
1785998791.348191166,0,641852935,0,0,0,0,0,641848787,13921,39600,0,0,792980730,749637269,0,0,0,641848787,14606,40500,0,585,99,0,0,641861527,3679019,3276700,18446744073709551616,641861528,717163,641859136,2960815,0,0,0,8697,821,3896,0,12300
1785998792.376277449,0,641852935,0,0,0,0,0,641848787,13921,39600,0,0,792983814,749640226,0,0,0,641848787,14606,40500,0,585,99,0,0,641861529,3679019,3276700,18446744073709551616,641861530,717163,641859136,2960815,0,0,0,8697,821,3896,0,12300
1785998793.407971775,0,641852935,0,0,0,0,0,641848787,13921,39600,0,0,792986905,749643311,0,0,0,641848787,14606,40500,0,585,99,0,0,641861531,3679019,3276700,18446744073709551616,641861532,717163,641859136,2960815,0,0,0,8697,821,3896,0,12300
1785998794.440301275,0,641852935,0,0,0,0,0,641848787,13921,39600,0,0,792990001,749646402,0,0,0,641848787,14606,40500,0,585,99,0,0,641861533,3679019,3276700,18446744073709551616,641861534,717163,641859136,2960815,0,0,0,8697,821,3896,0,12300
1785998795.470311159,0,641852935,0,0,0,0,0,641848787,13921,39600,0,0,792993090,749649486,0,0,0,641848787,14606,40500,0,585,99,0,0,641861535,3679019,3276700,18446744073709551616,641861536,717163,641859136,2960815,0,0,0,8697,821,3896,0,12300
1785998796.500756464,0,641852935,0,0,0,0,0,641848787,13921,39600,0,0,792996184,749652554,0,0,0,641848787,14606,40500,0,585,99,0,0,641861537,3679019,3276700,18446744073709551616,641861538,717163,641859136,2960815,0,0,0,8697,821,3896,0,12300
1785998797.526417546,0,641852935,0,0,0,0,0,641848787,13921,39600,0,0,792999256,749655573,0,0,0,641848787,14606,40500,0,585,99,0,0,641861539,3679019,3276700,18446744073709551616,641861540,717163,641859136,2960815,0,0,0,8697,821,3896,0,12300
1785998798.558777114,0,641852935,0,0,0,0,0,641848787,13921,39600,0,0,793002351,749658588,0,0,0,641848787,14606,40500,0,585,99,0,0,641861541,3679019,3276700,18446744073709551616,641861542,717163,641859136,2960815,0,0,0,8697,821,3896,0,12300
1785998799.588352184,0,641852935,0,0,0,0,0,641848787,13921,39600,0,0,793005440,749661672,0,0,0,641848787,14606,40500,0,585,99,0,0,641861543,3679019,3276700,18446744073709551616,641861544,717163,641859136,2960815,0,0,0,8697,821,3896,0,12300
1785998800.621192901,0,641852935,0,0,0,0,0,641848787,13921,39600,0,0,793008537,749664764,0,0,0,641848787,14606,40500,0,585,99,0,0,641861545,3679019,3276700,18446744073709551616,641861546,717163,641859136,2960815,0,0,0,8697,821,3896,0,12300
1785998801.654234286,0,641852935,0,0,0,0,0,641848787,13921,39600,0,0,793011633,749667856,0,0,0,641848787,14606,40500,0,585,99,0,0,641861547,3679019,3276700,18446744073709551616,641861548,717163,641859136,2960815,0,0,0,8697,821,3896,0,12300
1785998802.686486374,0,641852935,0,0,0,0,0,641848787,13921,39600,0,0,793014730,749670947,0,0,0,641848787,14606,40500,0,585,99,0,0,641861549,3679019,3276700,18446744073709551616,641861550,717163,641859136,2960815,0,0,0,8697,821,3896,0,12300
1785998803.718742722,0,641852935,0,0,0,0,0,641848787,13921,39600,0,0,793017826,749673939,0,0,0,641848787,14606,40500,0,585,99,0,0,641861551,3679019,3276700,18446744073709551616,641861552,717163,641859136,2960815,0,0,0,8697,821,3896,0,12300
1785998804.751111825,0,641852935,0,0,0,0,0,641848787,13921,39600,0,0,793020921,749676997,0,0,0,641848787,14606,40500,0,585,99,0,0,641861553,3679019,3276700,18446744073709551616,641861554,717163,641859136,2960815,0,0,0,8697,821,3896,0,12300
1785998805.783525597,0,641852935,0,0,0,0,0,641848787,13921,39600,0,0,793024016,749680087,0,0,0,641848787,14606,40500,0,585,99,0,0,641861555,3679019,3276700,18446744073709551616,641861556,717163,641859136,2960815,0,0,0,8697,821,3896,0,12300
1785998806.814179471,0,641852935,0,0,0,0,0,641848787,13921,39600,0,0,793027112,749683154,0,0,0,641848787,14606,40500,0,585,99,0,0,641861557,3679019,3276700,18446744073709551616,641861558,717163,641859136,2960815,0,0,0,8697,821,3896,0,12300
1785998807.845038535,0,641852935,0,0,0,0,0,641848787,13921,39600,0,0,793030199,749686237,0,0,0,641848787,14606,40500,0,585,99,0,0,641861559,3679019,3276700,18446744073709551616,641861560,717163,641859136,2960815,0,0,0,8697,821,3896,0,12300
1785998808.874063096,0,641852935,0,0,0,0,0,641848787,13921,39600,0,0,793033287,749689317,0,0,0,641848787,14606,40500,0,585,99,0,0,641861561,3679019,3276700,18446744073709551616,641861562,717163,641859136,2960815,0,0,0,8697,821,3896,0,12300
1785998809.901911127,0,641852935,0,0,0,0,0,641848787,13921,39600,0,0,793036368,749692266,0,0,0,641848787,14606,40500,0,585,99,0,0,641861563,3679019,3276700,18446744073709551616,641861564,717163,641859136,2960815,0,0,0,8697,821,3896,0,12300
1785998810.934436204,0,641852935,0,0,0,0,0,641848787,13921,39600,0,0,793039466,749695356,0,0,0,641848787,14606,40500,0,585,99,0,0,641861565,3679019,3276700,18446744073709551616,641861566,717163,641859136,2960815,0,0,0,8697,821,3896,0,12300
1785998811.966362066,0,641852935,0,0,0,0,0,641848787,13921,39600,0,0,793042561,749698445,0,0,0,641848787,14606,40500,0,585,99,0,0,641861567,3679019,3276700,18446744073709551616,641861568,717163,641859136,2960815,0,0,0,8697,821,3896,0,12300
1785998812.998039995,0,641852935,0,0,0,0,0,641848787,13921,39600,0,0,793045654,749701534,0,0,0,641848787,14606,40500,0,585,99,0,0,641861569,3679019,3276700,18446744073709551616,641861570,717163,641859136,2960815,0,0,0,8697,821,3896,0,12300
1785998814.026406985,0,641852935,0,0,0,0,0,641848787,13921,39600,0,0,793048741,749704616,0,0,0,641848787,14606,40500,0,585,99,0,0,641861571,3679019,3276700,18446744073709551616,641861572,717163,641859136,2960815,0,0,0,8697,821,3896,0,12300
1785998815.050332853,0,641852935,0,0,0,0,0,641848787,13921,39600,0,0,793051811,749707641,0,0,0,641848787,14606,40500,0,585,99,0,0,641861573,3679019,3276700,18446744073709551616,641861574,717163,641859136,2960815,0,0,0,8697,821,3896,0,12300
1785998816.080333477,0,641852935,0,0,0,0,0,641848787,13921,39600,0,0,793054899,749710629,0,0,0,641848787,14606,40500,0,585,99,0,0,641861575,3679019,3276700,18446744073709551616,641861576,717163,641859136,2960815,0,0,0,8697,821,3896,0,12300
1785998817.112849774,0,641852935,0,0,0,0,0,641848787,13921,39600,0,0,793057996,749713698,0,0,0,641848787,14606,40500,0,585,99,0,0,641861577,3679019,3276700,18446744073709551616,641861578,717163,641859136,2960815,0,0,0,8697,821,3896,0,12300
1785998818.145137183,0,641852935,0,0,0,0,0,641848787,13921,39600,0,0,793061091,749716788,0,0,0,641848787,14606,40500,0,585,99,0,0,641861579,3679019,3276700,18446744073709551616,641861580,717163,641859136,2960815,0,0,0,8697,821,3896,0,12300
1785998819.176610122,0,641852935,0,0,0,0,0,641848787,13921,39600,0,0,793064186,749719878,0,0,0,641848787,14606,40500,0,585,99,0,0,641861581,3679019,3276700,18446744073709551616,641861582,717163,641859136,2960815,0,0,0,8697,821,3896,0,12300
1785998820.208913888,0,641852935,0,0,0,0,0,641848787,13921,39600,0,0,793067283,749722968,0,0,0,641848787,14606,40500,0,585,99,0,0,641861583,3679019,3276700,18446744073709551616,641861584,717163,641859136,2960815,0,0,0,8697,821,3896,0,12300
1785998821.241392609,0,641852935,0,0,0,0,0,641848787,13921,39600,0,0,793070379,749725975,0,0,0,641848787,14606,40500,0,585,99,0,0,641861585,3679019,3276700,18446744073709551616,641861586,717163,641859136,2960815,0,0,0,8697,821,3896,0,12300
1785998822.271485305,0,641852935,0,0,0,0,0,641848787,13921,39600,0,0,793073470,749729008,0,0,0,641848787,14606,40500,0,585,99,0,0,641861587,3679019,3276700,18446744073709551616,641861588,717163,641859136,2960815,0,0,0,8697,821,3896,0,12300
1785998823.303766356,0,641852935,0,0,0,0,0,641848787,13921,39600,0,0,793076568,749732100,0,0,0,641848787,14606,40500,0,585,99,0,0,641861589,3679019,3276700,18446744073709551616,641861590,717163,641859136,2960815,0,0,0,8697,821,3896,0,12300
1785998824.336306773,0,641852935,0,0,0,0,0,641848787,13921,39600,0,0,793079667,749735191,0,0,0,641848787,14606,40500,0,585,99,0,0,641861591,3679019,3276700,18446744073709551616,641861592,717163,641859136,2960815,0,0,0,8697,821,3896,0,12300
1785998825.368976314,0,641852935,0,0,0,0,0,641848787,13921,39600,0,0,793082763,749738282,0,0,0,641848787,14606,40500,0,585,99,0,0,641861593,3679019,3276700,18446744073709551616,641861594,717163,641859136,2960815,0,0,0,8697,821,3896,0,12300
1785998826.400410260,0,641852935,0,0,0,0,0,641848787,13921,39600,0,0,793085856,749741370,0,0,0,641848787,14606,40500,0,585,99,0,0,641861595,3679019,3276700,18446744073709551616,641861596,717163,641859136,2960815,0,0,0,8697,821,3896,0,12300
1785998827.432181688,0,641852935,0,0,0,0,0,641848787,13921,39600,0,0,793088949,749744315,0,0,0,641848787,14606,40500,0,585,99,0,0,641861597,3679019,3276700,18446744073709551616,641861598,717163,641859136,2960815,0,0,0,8697,821,3896,0,12300
1785998828.462950557,0,641852935,0,0,0,0,0,641848787,13921,39600,0,0,793092039,749747394,0,0,0,641848787,14606,40500,0,585,99,0,0,641861599,3679019,3276700,18446744073709551616,641861600,717163,641859136,2960815,0,0,0,8697,821,3896,0,12300
1785998829.495842262,0,641852935,0,0,0,0,0,641848787,13921,39600,0,0,793095138,749750486,0,0,0,641848787,14606,40500,0,585,99,0,0,641861601,3679019,3276700,18446744073709551616,641861602,717163,641859136,2960815,0,0,0,8697,821,3896,0,12300
1785998830.529093531,0,641852935,0,0,0,0,0,641848787,13921,39600,0,0,793098238,749753579,0,0,0,641848787,14606,40500,0,585,99,0,0,641861603,3679019,3276700,18446744073709551616,641861604,717163,641859136,2960815,0,0,0,8697,821,3896,0,12300
1785998831.561874701,0,641852935,0,0,0,0,0,641848787,13921,39600,0,0,793101335,749756671,0,0,0,641848787,14606,40500,0,585,99,0,0,641861605,3679019,3276700,18446744073709551616,641861606,717163,641859136,2960815,0,0,0,8697,821,3896,0,12300
1785998832.592031753,0,641852935,0,0,0,0,0,641848787,13921,39600,0,0,793104425,749759742,0,0,0,641848787,14606,40500,0,585,99,0,0,641861607,3679019,3276700,18446744073709551616,641861608,717163,641859136,2960815,0,0,0,8697,821,3896,0,12300
1785998833.624627775,0,641852935,0,0,0,0,0,641848787,13921,39600,0,0,793107523,749762708,0,0,0,641848787,14606,40500,0,585,99,0,0,641861609,3679019,3276700,18446744073709551616,641861610,717163,641859136,2960815,0,0,0,8697,821,3896,0,12300
1785998834.657351003,0,641852935,0,0,0,0,0,641848787,13921,39600,0,0,793110622,749765800,0,0,0,641848787,14606,40500,0,585,99,0,0,641861611,3679019,3276700,18446744073709551616,641861612,717163,641859136,2960815,0,0,0,8697,821,3896,0,12300
1785998835.689281608,0,641852935,0,0,0,0,0,641848787,13921,39600,0,0,793113716,749768890,0,0,0,641848787,14606,40500,0,585,99,0,0,641861613,3679019,3276700,18446744073709551616,641861614,717163,641859136,2960815,0,0,0,8697,821,3896,0,12300
1785998836.721925997,0,641852935,0,0,0,0,0,641848787,13921,39600,0,0,793116812,749771981,0,0,0,641848787,14606,40500,0,585,99,0,0,641861615,3679019,3276700,18446744073709551616,641861616,717163,641859136,2960815,0,0,0,8697,821,3896,0,12300
1785998837.754189788,0,641852935,0,0,0,0,0,641848787,13921,39600,0,0,793119908,749775047,0,0,0,641848787,14606,40500,0,585,99,0,0,641861617,3679019,3276700,18446744073709551616,641861618,717163,641859136,2960815,0,0,0,8697,821,3896,0,12300
1785998838.785018907,0,641852935,0,0,0,0,0,641848787,13921,39600,0,0,793123004,749778081,0,0,0,641848787,14606,40500,0,585,99,0,0,641861619,3679019,3276700,18446744073709551616,641861620,717163,641859136,2960815,0,0,0,8697,821,3896,0,12300
1785998839.820454703,0,641852935,0,0,0,0,0,641848787,13921,39600,0,0,793126105,749781105,0,0,0,641848787,14606,40500,0,585,99,0,0,641861621,3679019,3276700,18446744073709551616,641861622,717164,641859136,2960815,0,0,0,8697,821,3896,0,12300
1785998840.853091353,0,641852935,0,0,0,0,0,641848787,13921,39600,0,0,793129201,749784196,0,0,0,641848787,14606,40500,0,585,99,0,0,641861623,3679019,3276700,18446744073709551616,641861624,717164,641859136,2960815,0,0,0,8697,821,3896,0,12300
1785998841.887164765,0,641852935,0,0,0,0,0,641848787,13921,39600,0,0,793132305,749787293,0,0,0,641848787,14606,40500,0,585,99,0,0,641861625,3679019,3276700,18446744073709551616,641861626,717164,641859136,2960815,0,0,0,8697,821,3896,0,12300
1785998842.920237848,0,641852935,0,0,0,0,0,641848787,13921,39600,0,0,793135403,749790385,0,0,0,641848787,14606,40500,0,585,99,0,0,641861627,3679019,3276700,18446744073709551616,641861628,717164,641859136,2960815,0,0,0,8697,821,3896,0,12300
1785998843.952242176,0,641852935,0,0,0,0,0,641848787,13921,39600,0,0,793138499,749793476,0,0,0,641848787,14606,40500,0,585,99,0,0,641861629,3679019,3276700,18446744073709551616,641861630,717164,641859136,2960815,0,0,0,8697,821,3896,0,12300
1785998844.983947293,0,641852935,0,0,0,0,0,641848787,13921,39600,0,0,793141591,749796453,0,0,0,641848787,14606,40500,0,585,99,0,0,641861631,3679019,3276700,18446744073709551616,641861632,717164,641859136,2960815,0,0,0,8697,821,3896,0,12300
1785998846.016021412,0,641852935,0,0,0,0,0,641848787,13921,39600,0,0,793144686,749799515,0,0,0,641848787,14606,40500,0,585,99,0,0,641861633,3679019,3276700,18446744073709551616,641861634,717164,641859136,2960815,0,0,0,8697,821,3896,0,12300
1785998847.048167633,0,641852935,0,0,0,0,0,641848787,13921,39600,0,0,793147783,749802606,0,0,0,641848787,14606,40500,0,585,99,0,0,641861635,3679019,3276700,18446744073709551616,641861636,717164,641859136,2960815,0,0,0,8697,821,3896,0,12300
1785998848.079897250,0,641852935,0,0,0,0,0,641848787,13921,39600,0,0,793150877,749805646,0,0,0,641848787,14606,40500,0,585,99,0,0,641861637,3679019,3276700,18446744073709551616,641861638,717164,641859136,2960815,0,0,0,8697,821,3896,0,12300
1785998849.111590780,0,641852935,0,0,0,0,0,641848787,13921,39600,0,0,793153972,749808736,0,0,0,641848787,14606,40500,0,585,99,0,0,641861639,3679019,3276700,18446744073709551616,641861640,717164,641859136,2960815,0,0,0,8697,821,3896,0,12300
1785998850.145613077,0,641852935,0,0,0,0,0,641848787,13921,39600,0,0,793157074,749811826,0,0,0,641848787,14606,40500,0,585,99,0,0,641861641,3679019,3276700,18446744073709551616,641861642,717164,641859136,2960815,0,0,0,8697,821,3896,0,12300
1785998851.178882400,0,641852935,0,0,0,0,0,641848787,13921,39600,0,0,793160167,749814785,0,0,0,641848787,14606,40500,0,585,99,0,0,641861643,3679019,3276700,18446744073709551616,641861644,717164,641859136,2960815,0,0,0,8697,821,3896,0,12300
1785998852.211560211,0,641852935,0,0,0,0,0,641848787,13921,39600,0,0,793163264,749817877,0,0,0,641848787,14606,40500,0,585,99,0,0,641861645,3679019,3276700,18446744073709551616,641861646,717164,641859136,2960815,0,0,0,8697,821,3896,0,12300
1785998853.243218567,0,641852935,0,0,0,0,0,641848787,13921,39600,0,0,793166359,749820965,0,0,0,641848787,14606,40500,0,585,99,0,0,641861647,3679019,3276700,18446744073709551616,641861648,717164,641859136,2960815,0,0,0,8697,821,3896,0,12300
1785998854.275824900,0,641852935,0,0,0,0,0,641848787,13921,39600,0,0,793169455,749824056,0,0,0,641848787,14606,40500,0,585,99,0,0,641861649,3679019,3276700,18446744073709551616,641861650,717164,641859136,2960815,0,0,0,8697,821,3896,0,12300
1785998855.307449117,0,641852935,0,0,0,0,0,641848787,13921,39600,0,0,793172551,749827145,0,0,0,641848787,14606,40500,0,585,99,0,0,641861651,3679019,3276700,18446744073709551616,641861652,717164,641859136,2960815,0,0,0,8697,821,3896,0,12300
1785998856.336676362,0,641852935,0,0,0,0,0,641848787,13921,39600,0,0,793175643,749830179,0,0,0,641848787,14606,40500,0,585,99,0,0,641861653,3679019,3276700,18446744073709551616,641861654,717164,641859136,2960815,0,0,0,8697,821,3896,0,12300
1785998857.369147376,0,641852935,0,0,0,0,0,641848787,13921,39600,0,0,793178734,749833179,0,0,0,641848787,14606,40500,0,585,99,0,0,641861655,3679019,3276700,18446744073709551616,641861656,717164,641859136,2960815,0,0,0,8697,821,3896,0,12300
1785998858.401491495,0,641852935,0,0,0,0,0,641848787,13921,39600,0,0,793181829,749836246,0,0,0,641848787,14606,40500,0,585,99,0,0,641861657,3679019,3276700,18446744073709551616,641861658,717164,641859136,2960815,0,0,0,8697,821,3896,0,12300
1785998859.432765411,0,641852935,0,0,0,0,0,641848787,13921,39600,0,0,793184921,749839334,0,0,0,641848787,14606,40500,0,585,99,0,0,641861659,3679019,3276700,18446744073709551616,641861660,717164,641859136,2960815,0,0,0,8697,821,3896,0,12300
1785998860.466297651,0,641852935,0,0,0,0,0,641848787,13921,39600,0,0,793188021,749842428,0,0,0,641848787,14606,40500,0,585,99,0,0,641861661,3679019,3276700,18446744073709551616,641861662,717164,641859136,2960815,0,0,0,8697,821,3896,0,12300
1785998861.498251358,0,641852935,0,0,0,0,0,641848787,13921,39600,0,0,793191117,749845517,0,0,0,641848787,14606,40500,0,585,99,0,0,641861663,3679019,3276700,18446744073709551616,641861664,717164,641859136,2960815,0,0,0,8697,821,3896,0,12300
1785998862.527310130,0,641852935,0,0,0,0,0,641848787,13921,39600,0,0,793194203,749848503,0,0,0,641848787,14606,40500,0,585,99,0,0,641861665,3679019,3276700,18446744073709551616,641861666,717164,641859136,2960815,0,0,0,8697,821,3896,0,12300
1785998863.559511915,0,641852935,0,0,0,0,0,641848787,13921,39600,0,0,793197298,749851551,0,0,0,641848787,14606,40500,0,585,99,0,0,641861667,3679019,3276700,18446744073709551616,641861668,717164,641859136,2960815,0,0,0,8697,821,3896,0,12300
1785998864.592972095,0,641852935,0,0,0,0,0,641848787,13921,39600,0,0,793200397,749854645,0,0,0,641848787,14606,40500,0,585,99,0,0,641861669,3679019,3276700,18446744073709551616,641861670,717164,641859136,2960815,0,0,0,8697,821,3896,0,12300
1785998865.626098107,0,641852935,0,0,0,0,0,641848787,13921,39600,0,0,793203495,749857737,0,0,0,641848787,14606,40500,0,585,99,0,0,641861671,3679019,3276700,18446744073709551616,641861672,717164,641859136,2960815,0,0,0,8697,821,3896,0,12300
1785998866.657963974,0,641852935,0,0,0,0,0,641848787,13921,39600,0,0,793206592,749860828,0,0,0,641848787,14606,40500,0,585,99,0,0,641861673,3679019,3276700,18446744073709551616,641861674,717164,641859136,2960815,0,0,0,8697,821,3896,0,12300
1785998867.690116827,0,641852935,0,0,0,0,0,641848787,13921,39600,0,0,793209686,749863917,0,0,0,641848787,14606,40500,0,585,99,0,0,641861675,3679019,3276700,18446744073709551616,641861676,717164,641859136,2960815,0,0,0,8697,821,3896,0,12300
1785998868.721867083,0,641852935,0,0,0,0,0,641848787,13921,39600,0,0,793212777,749866850,0,0,0,641848787,14606,40500,0,585,99,0,0,641861677,3679019,3276700,18446744073709551616,641861678,717164,641859136,2960815,0,0,0,8697,821,3896,0,12300
1785998869.753582116,0,641852935,0,0,0,0,0,641848787,13921,39600,0,0,793215872,749869939,0,0,0,641848787,14606,40500,0,585,99,0,0,641861679,3679019,3276700,18446744073709551616,641861680,717164,641859136,2960815,0,0,0,8697,821,3896,0,12300
1785998870.782066855,0,641852935,0,0,0,0,0,641848787,13921,39600,0,0,793218963,749873023,0,0,0,641848787,14606,40500,0,585,99,0,0,641861681,3679019,3276700,18446744073709551616,641861682,717164,641859136,2960815,0,0,0,8697,821,3896,0,12300
1785998871.813220269,0,641852935,0,0,0,0,0,641848787,13921,39600,0,0,793222050,749876105,0,0,0,641848787,14606,40500,0,585,99,0,0,641861683,3679019,3276700,18446744073709551616,641861684,717164,641859136,2960815,0,0,0,8697,821,3896,0,12300
1785998872.846425783,0,641852935,0,0,0,0,0,641848787,13921,39600,0,0,793225149,749879199,0,0,0,641848787,14606,40500,0,585,99,0,0,641861685,3679019,3276700,18446744073709551616,641861686,717164,641859136,2960815,0,0,0,8697,821,3896,0,12300
1785998873.876503716,0,641852935,0,0,0,0,0,641848787,13921,39600,0,0,793228240,749882257,0,0,0,641848787,14606,40500,0,585,99,0,0,641861687,3679019,3276700,18446744073709551616,641861688,717164,641859136,2960815,0,0,0,8697,821,3896,0,12300
1785998874.908782713,0,641852935,0,0,0,0,0,641848787,13921,39600,0,0,793231336,749885244,0,0,0,641848787,14606,40500,0,585,99,0,0,641861689,3679019,3276700,18446744073709551616,641861690,717164,641859136,2960815,0,0,0,8697,821,3896,0,12300
1785998875.939913931,0,641852935,0,0,0,0,0,641848787,13921,39600,0,0,793234429,749888331,0,0,0,641848787,14606,40500,0,585,99,0,0,641861691,3679019,3276700,18446744073709551616,641861692,717164,641859136,2960815,0,0,0,8697,821,3896,0,12300
1785998876.972162927,0,641852935,0,0,0,0,0,641848787,13921,39600,0,0,793237524,749891421,0,0,0,641848787,14606,40500,0,585,99,0,0,641861693,3679019,3276700,18446744073709551616,641861694,717164,641859136,2960815,0,0,0,8697,821,3896,0,12300
1785998878.004827512,0,641852935,0,0,0,0,0,641848787,13921,39600,0,0,793240621,749894513,0,0,0,641848787,14606,40500,0,585,99,0,0,641861695,3679019,3276700,18446744073709551616,641861696,717164,641859136,2960815,0,0,0,8697,821,3896,0,12300
1785998879.037421215,0,641852935,0,0,0,0,0,641848787,13921,39600,0,0,793243719,749897582,0,0,0,641848787,14606,40500,0,585,99,0,0,641861697,3679019,3276700,18446744073709551616,641861698,717164,641859136,2960815,0,0,0,8697,821,3896,0,12300
1785998880.069375404,0,641852935,0,0,0,0,0,641848787,13921,39600,0,0,793246814,749900594,0,0,0,641848787,14606,40500,0,585,99,0,0,641861699,3679019,3276700,18446744073709551616,641861700,717164,641859136,2960815,0,0,0,8697,821,3896,0,12300
1785998881.102449460,0,641852935,0,0,0,0,0,641848787,13921,39600,0,0,793249910,749903607,0,0,0,641848787,14606,40500,0,585,99,0,0,641861701,3679019,3276700,18446744073709551616,641861702,717164,641859136,2960815,0,0,0,8697,821,3896,0,12300
1785998882.134746767,0,641852935,0,0,0,0,0,641848787,13921,39600,0,0,793253009,749906698,0,0,0,641848787,14606,40500,0,585,99,0,0,641861703,3679019,3276700,18446744073709551616,641861704,717164,641859136,2960815,0,0,0,8697,821,3896,0,12300
1785998883.167614682,0,641852935,0,0,0,0,0,641848787,13921,39600,0,0,793256106,749909791,0,0,0,641848787,14606,40500,0,585,99,0,0,641861705,3679019,3276700,18446744073709551616,641861706,717164,641859136,2960815,0,0,0,8697,821,3896,0,12300
1785998884.199539781,0,641852935,0,0,0,0,0,641848787,13921,39600,0,0,793259200,749912880,0,0,0,641848787,14606,40500,0,585,99,0,0,641861707,3679019,3276700,18446744073709551616,641861708,717164,641859136,2960815,0,0,0,8697,821,3896,0,12300
1785998885.232071368,0,641852935,0,0,0,0,0,641848787,13921,39600,0,0,793262298,749915971,0,0,0,641848787,14606,40500,0,585,99,0,0,641861709,3679019,3276700,18446744073709551616,641861710,717164,641859136,2960815,0,0,0,8697,821,3896,0,12300
1785998886.264082738,0,641852935,0,0,0,0,0,641848787,13921,39600,0,0,793265391,749918937,0,0,0,641848787,14606,40500,0,585,99,0,0,641861711,3679019,3276700,18446744073709551616,641861712,717164,641859136,2960815,0,0,0,8697,821,3896,0,12300
1785998887.296498330,0,641852935,0,0,0,0,0,641848787,13921,39600,0,0,793268490,749922013,0,0,0,641848787,14606,40500,0,585,99,0,0,641861713,3679019,3276700,18446744073709551616,641861714,717164,641859136,2960815,0,0,0,8697,821,3896,0,12300
1785998888.328378452,0,641852935,0,0,0,0,0,641848787,13921,39600,0,0,793271584,749925101,0,0,0,641848787,14606,40500,0,585,99,0,0,641861715,3679019,3276700,18446744073709551616,641861716,717164,641859136,2960815,0,0,0,8697,821,3896,0,12300
1785998889.359830758,0,641852935,0,0,0,0,0,641848787,13921,39600,0,0,793274677,749928164,0,0,0,641848787,14606,40500,0,585,99,0,0,641861717,3679019,3276700,18446744073709551616,641861718,717164,641859136,2960815,0,0,0,8697,821,3896,0,12300
1785998890.392633743,0,641852935,0,0,0,0,0,641848787,13921,39600,0,0,793277774,749931256,0,0,0,641848787,14606,40500,0,585,99,0,0,641861719,3679019,3276700,18446744073709551616,641861720,717164,641859136,2960815,0,0,0,8697,821,3896,0,12300
1785998891.422518207,0,641852935,0,0,0,0,0,641848787,13921,39600,0,0,793280864,749934332,0,0,0,641848787,14606,40500,0,585,99,0,0,641861721,3679019,3276700,18446744073709551616,641861722,717164,641859136,2960815,0,0,0,8697,821,3896,0,12300
1785998892.452386411,0,641852935,0,0,0,0,0,641848787,13921,39600,0,0,793283954,749937281,0,0,0,641848787,14606,40500,0,585,99,0,0,641861723,3679019,3276700,18446744073709551616,641861724,717164,641859136,2960815,0,0,0,8697,821,3896,0,12300
1785998893.484268872,0,641852935,0,0,0,0,0,641848787,13921,39600,0,0,793287050,749940369,0,0,0,641848787,14606,40500,0,585,99,0,0,641861725,3679019,3276700,18446744073709551616,641861726,717164,641859136,2960815,0,0,0,8697,821,3896,0,12300
1785998894.518121714,0,641852935,0,0,0,0,0,641848787,13921,39600,0,0,793290150,749943464,0,0,0,641848787,14606,40500,0,585,99,0,0,641861727,3679019,3276700,18446744073709551616,641861728,717164,641859136,2960815,0,0,0,8697,821,3896,0,12300
1785998895.551214926,0,641852935,0,0,0,0,0,641848787,13921,39600,0,0,793293247,749946557,0,0,0,641848787,14606,40500,0,585,99,0,0,641861729,3679019,3276700,18446744073709551616,641861730,717164,641859136,2960815,0,0,0,8697,821,3896,0,12300
1785998896.579386343,0,641852935,0,0,0,0,0,641848787,13921,39600,0,0,793296332,749949635,0,0,0,641848787,14606,40500,0,585,99,0,0,641861731,3679019,3276700,18446744073709551616,641861732,717164,641859136,2960815,0,0,0,8697,821,3896,0,12300
1785998897.607322692,0,641852935,0,0,0,0,0,641848787,13921,39600,0,0,793299417,749952653,0,0,0,641848787,14606,40500,0,585,99,0,0,641861733,3679019,3276700,18446744073709551616,641861734,717164,641859136,2960815,0,0,0,8697,821,3896,0,12300
1785998898.635924122,0,641852935,0,0,0,0,0,641848787,13921,39600,0,0,793302501,749955648,0,0,0,641848787,14606,40500,0,585,99,0,0,641861735,3679019,3276700,18446744073709551616,641861736,717164,641859136,2960815,0,0,0,8697,821,3896,0,12300
1785998899.667951512,0,641852935,0,0,0,0,0,641848787,13921,39600,0,0,793305600,749958720,0,0,0,641848787,14606,40500,0,585,99,0,0,641861737,3679019,3276700,18446744073709551616,641861738,717164,641859136,2960815,0,0,0,8697,821,3896,0,12300
1785998900.698809176,0,641852935,0,0,0,0,0,641848787,13921,39600,0,0,793308691,749961806,0,0,0,641848787,14606,40500,0,585,99,0,0,641861739,3679019,3276700,18446744073709551616,641861740,717164,641859136,2960815,0,0,0,8697,821,3896,0,12300
1785998901.728033604,0,641852935,0,0,0,0,0,641848787,13921,39600,0,0,793311779,749964887,0,0,0,641848787,14606,40500,0,585,99,0,0,641861741,3679019,3276700,18446744073709551616,641861742,717164,641859136,2960815,0,0,0,8697,821,3896,0,12300
1785998902.761314996,0,641852935,0,0,0,0,0,641848787,13921,39600,0,0,793314878,749967981,0,0,0,641848787,14606,40500,0,585,99,0,0,641861743,3679019,3276700,18446744073709551616,641861744,717164,641859136,2960815,0,0,0,8697,821,3896,0,12300
1785998903.790964477,0,641852935,0,0,0,0,0,641848787,13921,39600,0,0,793317972,749970968,0,0,0,641848787,14606,40500,0,585,99,0,0,641861745,3679019,3276700,18446744073709551616,641861746,717164,641859136,2960815,0,0,0,8697,821,3896,0,12300
1785998904.820442008,0,641852935,0,0,0,0,0,641848787,13921,39600,0,0,793321060,749974006,0,0,0,641848787,14606,40500,0,585,99,0,0,641861747,3679019,3276700,18446744073709551616,641861748,717164,641859136,2960815,0,0,0,8697,821,3896,0,12300
1785998905.851880340,0,641852935,0,0,0,0,0,641848787,13921,39600,0,0,793324155,749977096,0,0,0,641848787,14606,40500,0,585,99,0,0,641861749,3679019,3276700,18446744073709551616,641861750,717164,641859136,2960815,0,0,0,8697,821,3896,0,12300
1785998906.883322443,0,641852935,0,0,0,0,0,641848787,13921,39600,0,0,793327248,749980184,0,0,0,641848787,14606,40500,0,585,99,0,0,641861751,3679019,3276700,18446744073709551616,641861752,717164,641859136,2960815,0,0,0,8697,821,3896,0,12300
1785998907.915060857,0,641852935,0,0,0,0,0,641848787,13921,39600,0,0,793330342,749983273,0,0,0,641848787,14606,40500,0,585,99,0,0,641861753,3679019,3276700,18446744073709551616,641861754,717164,641859136,2960815,0,0,0,8697,821,3896,0,12300
1785998908.946547792,0,641852935,0,0,0,0,0,641848787,13921,39600,0,0,793333438,749986361,0,0,0,641848787,14606,40500,0,585,99,0,0,641861755,3679019,3276700,18446744073709551616,641861756,717164,641859136,2960815,0,0,0,8697,821,3896,0,12300
1785998909.974706265,0,641852935,0,0,0,0,0,641848787,13921,39600,0,0,793336516,749989261,0,0,0,641848787,14606,40500,0,585,99,0,0,641861757,3679019,3276700,18446744073709551616,641861758,717164,641859136,2960815,0,0,0,8697,821,3896,0,12300
1785998911.007361053,0,641852935,0,0,0,0,0,641848787,13921,39600,0,0,793339615,749992316,0,0,0,641848787,14606,40500,0,585,99,0,0,641861759,3679019,3276700,18446744073709551616,641861760,717164,641859136,2960815,0,0,0,8697,821,3896,0,12300
1785998912.039156146,0,641852935,0,0,0,0,0,641848787,13921,39600,0,0,793342709,749995404,0,0,0,641848787,14606,40500,0,585,99,0,0,641861761,3679019,3276700,18446744073709551616,641861762,717164,641859136,2960815,0,0,0,8697,821,3896,0,12300
1785998913.071965093,0,641852935,0,0,0,0,0,641848787,13921,39600,0,0,793345807,749998474,0,0,0,641848787,14606,40500,0,585,99,0,0,641861763,3679019,3276700,18446744073709551616,641861764,717164,641859136,2960815,0,0,0,8697,821,3896,0,12300
1785998914.103793323,0,641852935,0,0,0,0,0,641848787,13921,39600,0,0,793348902,750001563,0,0,0,641848787,14606,40500,0,585,99,0,0,641861765,3679019,3276700,18446744073709551616,641861766,717164,641859136,2960815,0,0,0,8697,821,3896,0,12300
1785998915.135863721,0,641852935,0,0,0,0,0,641848787,13921,39600,0,0,793351999,750004653,0,0,0,641848787,14606,40500,0,585,99,0,0,641861767,3679019,3276700,18446744073709551616,641861768,717164,641859136,2960815,0,0,0,8697,821,3896,0,12300
1785998916.164790220,0,641852935,0,0,0,0,0,641848787,13921,39600,0,0,793355090,750007597,0,0,0,641848787,14606,40500,0,585,99,0,0,641861769,3679019,3276700,18446744073709551616,641861770,717164,641859136,2960815,0,0,0,8697,821,3896,0,12300
1785998917.197046766,0,641852935,0,0,0,0,0,641848787,13921,39600,0,0,793358183,750010685,0,0,0,641848787,14606,40500,0,585,99,0,0,641861771,3679019,3276700,18446744073709551616,641861772,717164,641859136,2960815,0,0,0,8697,821,3896,0,12300
1785998918.229195434,0,641852935,0,0,0,0,0,641848787,13921,39600,0,0,793361280,750013776,0,0,0,641848787,14606,40500,0,585,99,0,0,641861773,3679019,3276700,18446744073709551616,641861774,717164,641859136,2960815,0,0,0,8697,821,3896,0,12300
1785998919.262089491,0,641852935,0,0,0,0,0,641848787,13921,39600,0,0,793364377,750016867,0,0,0,641848787,14606,40500,0,585,99,0,0,641861775,3679019,3276700,18446744073709551616,641861776,717164,641859136,2960815,0,0,0,8697,821,3896,0,12300
1785998920.293883176,0,641852935,0,0,0,0,0,641848787,13921,39600,0,0,793367473,750019934,0,0,0,641848787,14606,40500,0,585,99,0,0,641861777,3679019,3276700,18446744073709551616,641861778,717164,641859136,2960815,0,0,0,8697,821,3896,0,12300
1785998921.325361002,0,641852935,0,0,0,0,0,641848787,13921,39600,0,0,793370564,750022999,0,0,0,641848787,14606,40500,0,585,99,0,0,641861779,3679019,3276700,18446744073709551616,641861780,717164,641859136,2960815,0,0,0,8697,821,3896,0,12300
1785998922.359475243,0,641852935,0,0,0,0,0,641848787,13921,39600,0,0,793373668,750025984,0,0,0,641848787,14606,40500,0,585,99,0,0,641861781,3679019,3276700,18446744073709551616,641861782,717164,641859136,2960815,0,0,0,8697,821,3896,0,12300
1785998923.392214814,0,641852935,0,0,0,0,0,641848787,13921,39600,0,0,793376765,750029076,0,0,0,641848787,14606,40500,0,585,99,0,0,641861783,3679019,3276700,18446744073709551616,641861784,717164,641859136,2960815,0,0,0,8697,821,3896,0,12300
1785998924.424479153,0,641852935,0,0,0,0,0,641848787,13921,39600,0,0,793379863,750032167,0,0,0,641848787,14606,40500,0,585,99,0,0,641861785,3679019,3276700,18446744073709551616,641861786,717164,641859136,2960815,0,0,0,8697,821,3896,0,12300
1785998925.456803563,0,641852935,0,0,0,0,0,641848787,13921,39600,0,0,793382958,750035258,0,0,0,641848787,14606,40500,0,585,99,0,0,641861787,3679019,3276700,18446744073709551616,641861788,717164,641859136,2960815,0,0,0,8697,821,3896,0,12300
1785998926.484847259,0,641852935,0,0,0,0,0,641848787,13921,39600,0,0,793386046,750038342,0,0,0,641848787,14606,40500,0,585,99,0,0,641861789,3679019,3276700,18446744073709551616,641861790,717164,641859136,2960815,0,0,0,8697,821,3896,0,12300
1785998927.515021743,0,641852935,0,0,0,0,0,641848787,13921,39600,0,0,793389131,750041348,0,0,0,641848787,14606,40500,0,585,99,0,0,641861791,3679019,3276700,18446744073709551616,641861792,717164,641859136,2960815,0,0,0,8697,821,3896,0,12300
1785998928.547806864,0,641852935,0,0,0,0,0,641848787,13921,39600,0,0,793392230,750044376,0,0,0,641848787,14606,40500,0,585,99,0,0,641861793,3679019,3276700,18446744073709551616,641861794,717164,641859136,2960815,0,0,0,8697,821,3896,0,12300
1785998929.580155247,0,641852935,0,0,0,0,0,641848787,13921,39600,0,0,793395328,750047467,0,0,0,641848787,14606,40500,0,585,99,0,0,641861795,3679019,3276700,18446744073709551616,641861796,717164,641859136,2960815,0,0,0,8697,821,3896,0,12300
1785998930.611790942,0,641852935,0,0,0,0,0,641848787,13921,39600,0,0,793398421,750050532,0,0,0,641848787,14606,40500,0,585,99,0,0,641861797,3679019,3276700,18446744073709551616,641861798,717164,641859136,2960815,0,0,0,8697,821,3896,0,12300
1785998931.644997312,0,641852935,0,0,0,0,0,641848787,13921,39600,0,0,793401520,750053626,0,0,0,641848787,14606,40500,0,585,99,0,0,641861799,3679019,3276700,18446744073709551616,641861800,717164,641859136,2960815,0,0,0,8697,821,3896,0,12300
1785998932.673274622,0,641852935,0,0,0,0,0,641848787,13921,39600,0,0,793404610,750056709,0,0,0,641848787,14606,40500,0,585,99,0,0,641861801,3679019,3276700,18446744073709551616,641861802,717164,641859136,2960815,0,0,0,8697,821,3896,0,12300
1785998933.701385586,0,641852935,0,0,0,0,0,641848787,13921,39600,0,0,793407687,750059664,0,0,0,641848787,14606,40500,0,585,99,0,0,641861803,3679019,3276700,18446744073709551616,641861804,717164,641859136,2960815,0,0,0,8697,821,3896,0,12300
1785998934.734458615,0,641852935,0,0,0,0,0,641848787,13921,39600,0,0,793410789,750062738,0,0,0,641848787,14606,40500,0,585,99,0,0,641861805,3679019,3276700,18446744073709551616,641861806,717164,641859136,2960815,0,0,0,8697,821,3896,0,12300
1785998935.769137171,0,641852935,0,0,0,0,0,641848787,13921,39600,0,0,793413893,750065836,0,0,0,641848787,14606,40500,0,585,99,0,0,641861807,3679019,3276700,18446744073709551616,641861808,717164,641859136,2960815,0,0,0,8697,821,3896,0,12300
1785998936.801320727,0,641852935,0,0,0,0,0,641848787,13921,39600,0,0,793416989,750068927,0,0,0,641848787,14606,40500,0,585,99,0,0,641861809,3679019,3276700,18446744073709551616,641861810,717164,641859136,2960815,0,0,0,8697,821,3896,0,12300
1785998937.832029733,0,641852935,0,0,0,0,0,641848787,13921,39600,0,0,793420081,750072013,0,0,0,641848787,14606,40500,0,585,99,0,0,641861811,3679019,3276700,18446744073709551616,641861812,717164,641859136,2960815,0,0,0,8697,821,3896,0,12300
1785998938.860519295,0,641852935,0,0,0,0,0,641848787,13921,39600,0,0,793423168,750075090,0,0,0,641848787,14606,40500,0,585,99,0,0,641861813,3679019,3276700,18446744073709551616,641861814,717164,641859136,2960815,0,0,0,8697,821,3896,0,12300
1785998939.892373035,0,641852935,0,0,0,0,0,641848787,13921,39600,0,0,793426260,750078046,0,0,0,641848787,14606,40500,0,585,99,0,0,641861815,3679019,3276700,18446744073709551616,641861816,717164,641859136,2960815,0,0,0,8697,821,3896,0,12300
1785998940.924136312,0,641852935,0,0,0,0,0,641848787,13921,39600,0,0,793429353,750081114,0,0,0,641848787,14606,40500,0,585,99,0,0,641861817,3679019,3276700,18446744073709551616,641861818,717164,641859136,2960815,0,0,0,8697,821,3896,0,12300
1785998941.959195778,0,641852935,0,0,0,0,0,641848787,13921,39600,0,0,793432460,750084213,0,0,0,641848787,14606,40500,0,585,99,0,0,641861819,3679019,3276700,18446744073709551616,641861820,717164,641859136,2960815,0,0,0,8697,821,3896,0,12300
1785998942.991963359,0,641852935,0,0,0,0,0,641848787,13921,39600,0,0,793435557,750087306,0,0,0,641848787,14606,40500,0,585,99,0,0,641861821,3679019,3276700,18446744073709551616,641861822,717164,641859136,2960815,0,0,0,8697,821,3896,0,12300
1785998944.024165228,0,641852935,0,0,0,0,0,641848787,13921,39600,0,0,793438654,750090397,0,0,0,641848787,14606,40500,0,585,99,0,0,641861823,3679019,3276700,18446744073709551616,641861824,717164,641859136,2960815,0,0,0,8697,821,3896,0,12300
1785998945.057157685,0,641852935,0,0,0,0,0,641848787,13921,39600,0,0,793441752,750093434,0,0,0,641848787,14606,40500,0,585,99,0,0,641861825,3679019,3276700,18446744073709551616,641861826,717164,641859136,2960815,0,0,0,8697,821,3896,0,12300
1785998946.089448394,0,641852935,0,0,0,0,0,641848787,13921,39600,0,0,793444846,750096443,0,0,0,641848787,14606,40500,0,585,99,0,0,641861827,3679019,3276700,18446744073709551616,641861828,717164,641859136,2960815,0,0,0,8697,821,3896,0,12300
1785998947.121954268,0,641852935,0,0,0,0,0,641848787,13921,39600,0,0,793447945,750099535,0,0,0,641848787,14606,40500,0,585,99,0,0,641861829,3679019,3276700,18446744073709551616,641861830,717164,641859136,2960815,0,0,0,8697,821,3896,0,12300
1785998948.152966388,0,641852935,0,0,0,0,0,641848787,13921,39600,0,0,793451036,750102622,0,0,0,641848787,14606,40500,0,585,99,0,0,641861831,3679019,3276700,18446744073709551616,641861832,717164,641859136,2960815,0,0,0,8697,821,3896,0,12300
1785998949.187028804,0,641852935,0,0,0,0,0,641848787,13921,39600,0,0,793454139,750105717,0,0,0,641848787,14606,40500,0,585,99,0,0,641861833,3679019,3276700,18446744073709551616,641861834,717164,641859136,2960815,0,0,0,8697,821,3896,0,12300
1785998950.217982283,0,641852935,0,0,0,0,0,641848787,13921,39600,0,0,793457232,750108805,0,0,0,641848787,14606,40500,0,585,99,0,0,641861835,3679019,3276700,18446744073709551616,641861836,717164,641859136,2960815,0,0,0,8697,821,3896,0,12300
1785998951.245473024,0,641852935,0,0,0,0,0,641848787,13921,39600,0,0,793460318,750111767,0,0,0,641848787,14606,40500,0,585,99,0,0,641861837,3679019,3276700,18446744073709551616,641861838,717164,641859136,2960815,0,0,0,8697,821,3896,0,12300
1785998952.276504088,0,641852935,0,0,0,0,0,641848787,13921,39600,0,0,793463410,750114818,0,0,0,641848787,14606,40500,0,585,99,0,0,641861839,3679019,3276700,18446744073709551616,641861840,717164,641859136,2960815,0,0,0,8697,821,3896,0,12300
1785998953.309920871,0,641852935,0,0,0,0,0,641848787,13921,39600,0,0,793466506,750117910,0,0,0,641848787,14606,40500,0,585,99,0,0,641861841,3679019,3276700,18446744073709551616,641861842,717164,641859136,2960815,0,0,0,8697,821,3896,0,12300
1785998954.342238211,0,641852935,0,0,0,0,0,641848787,13921,39600,0,0,793469603,750121002,0,0,0,641848787,14606,40500,0,585,99,0,0,641861843,3679019,3276700,18446744073709551616,641861844,717164,641859136,2960815,0,0,0,8697,821,3896,0,12300
1785998955.373969316,0,641852935,0,0,0,0,0,641848787,13921,39600,0,0,793472699,750124092,0,0,0,641848787,14606,40500,0,585,99,0,0,641861845,3679019,3276700,18446744073709551616,641861846,717164,641859136,2960815,0,0,0,8697,821,3896,0,12300
1785998956.404359212,0,641852935,0,0,0,0,0,641848787,13921,39600,0,0,793475790,750127178,0,0,0,641848787,14606,40500,0,585,99,0,0,641861847,3679019,3276700,18446744073709551616,641861848,717164,641859136,2960815,0,0,0,8697,821,3896,0,12300
1785998957.436035993,0,641852935,0,0,0,0,0,641848787,13921,39600,0,0,793478882,750130128,0,0,0,641848787,14606,40500,0,585,99,0,0,641861849,3679019,3276700,18446744073709551616,641861850,717164,641859136,2960815,0,0,0,8697,821,3896,0,12300
1785998958.467721760,0,641852935,0,0,0,0,0,641848787,13921,39600,0,0,793481977,750133216,0,0,0,641848787,14606,40500,0,585,99,0,0,641861851,3679019,3276700,18446744073709551616,641861852,717164,641859136,2960815,0,0,0,8697,821,3896,0,12300
1785998959.498453531,0,641852935,0,0,0,0,0,641848787,13921,39600,0,0,793485069,750136304,0,0,0,641848787,14606,40500,0,585,99,0,0,641861853,3679019,3276700,18446744073709551616,641861854,717164,641859136,2960815,0,0,0,8697,821,3896,0,12300
1785998960.530376813,0,641852935,0,0,0,0,0,641848787,13921,39600,0,0,793488163,750139392,0,0,0,641848787,14606,40500,0,585,99,0,0,641861855,3679019,3276700,18446744073709551616,641861856,717164,641859136,2960815,0,0,0,8697,821,3896,0,12300
1785998961.562347258,0,641852935,0,0,0,0,0,641848787,13921,39600,0,0,793491261,750142459,0,0,0,641848787,14606,40500,0,585,99,0,0,641861857,3679019,3276700,18446744073709551616,641861858,717164,641859136,2960815,0,0,0,8697,821,3896,0,12300
1785998962.593169135,0,641852935,0,0,0,0,0,641848787,13921,39600,0,0,793494353,750145514,0,0,0,641848787,14606,40500,0,585,99,0,0,641861859,3679019,3276700,18446744073709551616,641861860,717164,641859136,2960815,0,0,0,8697,821,3896,0,12300
1785998963.624266270,0,641852935,0,0,0,0,0,641848787,13921,39600,0,0,793497444,750148491,0,0,0,641848787,14606,40500,0,585,99,0,0,641861861,3679019,3276700,18446744073709551616,641861862,717164,641859136,2960815,0,0,0,8697,821,3896,0,12300
1785998964.657107860,0,641852935,0,0,0,0,0,641848787,13921,39600,0,0,793500539,750151582,0,0,0,641848787,14606,40500,0,585,99,0,0,641861863,3679019,3276700,18446744073709551616,641861864,717164,641859136,2960815,0,0,0,8697,821,3896,0,12300
1785998965.690594551,0,641852935,0,0,0,0,0,641848787,13921,39600,0,0,793503640,750154676,0,0,0,641848787,14606,40500,0,585,99,0,0,641861865,3679019,3276700,18446744073709551616,641861866,717164,641859136,2960815,0,0,0,8697,821,3896,0,12300
1785998966.721947447,0,641852935,0,0,0,0,0,641848787,13921,39600,0,0,793506737,750157766,0,0,0,641848787,14606,40500,0,585,99,0,0,641861867,3679019,3276700,18446744073709551616,641861868,717164,641859136,2960815,0,0,0,8697,821,3896,0,12300
1785998967.751327388,0,641852935,0,0,0,0,0,641848787,13921,39600,0,0,793509821,750160847,0,0,0,641848787,14606,40500,0,585,99,0,0,641861869,3679019,3276700,18446744073709551616,641861870,717164,641859136,2960815,0,0,0,8697,821,3896,0,12300
1785998968.776914521,0,641852935,0,0,0,0,0,641848787,13921,39600,0,0,793512898,750163847,0,0,0,641848787,14606,40500,0,585,99,0,0,641861871,3679019,3276700,18446744073709551616,641861872,717164,641859136,2960815,0,0,0,8697,821,3896,0,12300
1785998969.807327224,0,641852935,0,0,0,0,0,641848787,13921,39600,0,0,793515986,750166867,0,0,0,641848787,14606,40500,0,585,99,0,0,641861873,3679019,3276700,18446744073709551616,641861874,717164,641859136,2960815,0,0,0,8697,821,3896,0,12300
1785998970.840232533,0,641852935,0,0,0,0,0,641848787,13921,39600,0,0,793519084,750169960,0,0,0,641848787,14606,40500,0,585,99,0,0,641861875,3679019,3276700,18446744073709551616,641861876,717164,641859136,2960815,0,0,0,8697,821,3896,0,12300
1785998971.872158208,0,641852935,0,0,0,0,0,641848787,13921,39600,0,0,793522178,750172996,0,0,0,641848787,14606,40500,0,585,99,0,0,641861877,3679019,3276700,18446744073709551616,641861878,717164,641859136,2960815,0,0,0,8697,821,3896,0,12300
