ts,cmd_get,cmd_set,get_hits,get_misses,rcount,ravg,rp99,wcount,wavg,wp99,badcrc,err5,cpu_total,cpu_idle,re2ec,re2ea,re2ep99,we2ec,we2ea,we2ep99,radmit,wadmit,wret,waitenq,yields
1785580123.891296737,0,0,0,0,0,0,0,0,0,0,0,0,429885204,386676468,0,0,0,0,0,0,0,0,0,0,0
1785580124.913374640,0,0,0,0,0,0,0,0,0,0,0,0,429888268,386679496,0,0,0,0,0,0,0,0,0,0,0
1785580125.935240103,0,0,0,0,0,0,0,0,0,0,0,0,429891334,386682499,0,0,0,0,0,0,0,0,0,0,0
1785580126.956939946,0,0,0,0,0,0,0,0,0,0,0,0,429894399,386685474,0,0,0,0,0,0,0,0,0,0,0
1785580127.975557751,0,0,0,0,0,0,0,0,0,0,0,0,429897456,386688513,0,0,0,0,0,0,0,0,0,0,0
1785580128.996965434,0,0,0,0,0,0,0,0,0,0,0,0,429900518,386691559,0,0,0,0,0,0,0,0,0,0,0
1785580130.017649725,0,0,0,0,0,0,0,0,0,0,0,0,429903579,386694537,0,0,0,0,0,0,0,0,0,0,0
1785580131.038996551,0,0,0,0,0,0,0,0,0,0,0,0,429906643,386697585,0,0,0,0,0,0,0,0,0,0,0
1785580132.061393381,0,0,0,0,0,0,0,0,0,0,0,0,429909708,386700604,0,0,0,0,0,0,0,0,0,0,0
1785580133.082804989,0,0,0,0,0,0,0,0,0,0,0,0,429912773,386703617,0,0,0,0,0,0,0,0,0,0,0
1785580134.104316082,0,0,0,0,0,0,0,0,0,0,0,0,429915834,386706663,0,0,0,0,0,0,0,0,0,0,0
1785580135.126322640,0,0,0,0,0,0,0,0,0,0,0,0,429918900,386709709,0,0,0,0,0,0,0,0,0,0,0
1785580136.149258503,0,0,0,0,0,0,0,0,0,0,0,0,429921967,386712698,0,0,0,0,0,0,0,0,0,0,0
1785580137.171130856,0,0,0,0,0,0,0,0,0,0,0,0,429925031,386715726,0,0,0,0,0,0,0,0,0,0,0
1785580138.191670508,0,0,0,0,0,0,0,0,0,0,0,0,429928092,386718725,0,0,0,0,0,0,0,0,0,0,0
1785580139.214689767,0,0,0,0,0,0,0,0,0,0,0,0,429931156,386721755,0,0,0,0,0,0,0,0,0,0,0
1785580140.237063638,0,0,0,0,0,0,0,0,0,0,0,0,429934224,386724808,0,0,0,0,0,0,0,0,0,0,0
1785580141.256640936,0,0,0,0,0,0,0,0,0,0,0,0,429937285,386727830,0,0,0,0,0,0,0,0,0,0,0
1785580142.278317793,0,0,0,0,0,0,0,0,0,0,0,0,429940346,386730832,0,0,0,0,0,0,0,0,0,0,0
1785580143.300179181,0,0,0,0,0,0,0,0,0,0,0,0,429943409,386733881,0,0,0,0,0,0,0,0,0,0,0
1785580144.322901760,0,0,0,0,0,0,0,0,0,0,0,0,429946477,386736864,0,0,0,0,0,0,0,0,0,0,0
1785580145.346121738,0,0,0,0,0,0,0,0,0,0,0,0,429949545,386739917,0,0,0,0,0,0,0,0,0,0,0
1785580146.368518787,0,0,0,0,0,0,0,0,0,0,0,0,429952613,386742969,0,0,0,0,0,0,0,0,0,0,0
1785580147.389917233,0,0,0,0,0,0,0,0,0,0,0,0,429955674,386745955,0,0,0,0,0,0,0,0,0,0,0
1785580148.412646088,0,0,0,0,0,0,0,0,0,0,0,0,429958740,386748981,0,0,0,0,0,0,0,0,0,0,0
1785580149.434111026,0,0,0,0,0,0,0,0,0,0,0,0,429961804,386752023,0,0,0,0,0,0,0,0,0,0,0
1785580150.455795866,0,0,0,0,0,0,0,0,0,0,0,0,429964869,386755009,0,0,0,0,0,0,0,0,0,0,0
1785580151.477840213,0,0,0,0,0,0,0,0,0,0,0,0,429967934,386758058,0,0,0,0,0,0,0,0,0,0,0
1785580152.499569704,0,0,0,0,0,0,0,0,0,0,0,0,429970998,386761107,0,0,0,0,0,0,0,0,0,0,0
1785580153.520140856,0,0,0,0,0,0,0,0,0,0,0,0,429974056,386764095,0,0,0,0,0,0,0,0,0,0,0
1785580154.541530305,0,0,0,0,0,0,0,0,0,0,0,0,429977122,386767134,0,0,0,0,0,0,0,0,0,0,0
1785580155.563736166,0,0,0,0,0,0,0,0,0,0,0,0,429980187,386770156,0,0,0,0,0,0,0,0,0,0,0
1785580156.587038490,0,0,0,0,0,0,0,0,0,0,0,0,429983255,386773168,0,0,0,0,0,0,0,0,0,0,0
1785580157.609072439,0,0,0,0,0,0,0,0,0,0,0,0,429986320,386776196,0,0,0,0,0,0,0,0,0,0,0
1785580158.629911379,0,0,0,0,0,0,0,0,0,0,0,0,429989383,386779244,0,0,0,0,0,0,0,0,0,0,0
1785580159.649704701,0,0,0,0,0,0,0,0,0,0,0,0,429992441,386782220,0,0,0,0,0,0,0,0,0,0,0
1785580160.671852146,0,0,0,0,0,0,0,0,0,0,0,0,429995506,386785269,0,0,0,0,0,0,0,0,0,0,0
1785580161.692555356,0,0,0,0,0,0,0,0,0,0,0,0,429998569,386788266,0,0,0,0,0,0,0,0,0,0,0
1785580162.714750008,0,0,0,0,0,0,0,0,0,0,0,0,430001634,386791296,0,0,0,0,0,0,0,0,0,0,0
1785580163.737134435,0,0,0,0,0,0,0,0,0,0,0,0,430004699,386794348,0,0,0,0,0,0,0,0,0,0,0
1785580164.758439640,0,0,0,0,0,0,0,0,0,0,0,0,430007763,386797377,0,0,0,0,0,0,0,0,0,0,0
1785580165.781252921,0,0,0,0,0,0,0,0,0,0,0,0,430010830,386800377,0,0,0,0,0,0,0,0,0,0,0
1785580166.801296675,0,0,0,0,0,0,0,0,0,0,0,0,430013892,386803422,0,0,0,0,0,0,0,0,0,0,0
1785580167.823544005,0,0,0,0,0,0,0,0,0,0,0,0,430016957,386806384,0,0,0,0,0,0,0,0,0,0,0
1785580168.843140025,0,0,0,0,0,0,0,0,0,0,0,0,430020013,386809426,0,0,0,0,0,0,0,0,0,0,0
1785580169.863321685,0,0,0,0,0,0,0,0,0,0,0,0,430023075,386812470,0,0,0,0,0,0,0,0,0,0,0
1785580170.885453407,0,0,0,0,0,0,0,0,0,0,0,0,430026140,386815488,0,0,0,0,0,0,0,0,0,0,0
1785580171.908033036,0,0,0,0,0,0,0,0,0,0,0,0,430029208,386818504,0,0,0,0,0,0,0,0,0,0,0
1785580172.927808657,0,0,0,0,0,0,0,0,0,0,0,0,430032268,386821543,0,0,0,0,0,0,0,0,0,0,0
1785580173.949803965,0,0,0,0,0,0,0,0,0,0,0,0,430035330,386824531,0,0,0,0,0,0,0,0,0,0,0
1785580174.971989463,0,0,0,0,0,0,0,0,0,0,0,0,430038398,386827583,0,0,0,0,0,0,0,0,0,0,0
1785580175.994385199,0,0,0,0,0,0,0,0,0,0,0,0,430041463,386830633,0,0,0,0,0,0,0,0,0,0,0
1785580177.015519808,0,0,0,0,0,0,0,0,0,0,0,0,430044526,386833631,0,0,0,0,0,0,0,0,0,0,0
1785580178.038100420,0,0,0,0,0,0,0,0,0,0,0,0,430047589,386836639,0,0,0,0,0,0,0,0,0,0,0
1785580179.059748410,0,0,0,0,0,0,0,0,0,0,0,0,430050653,386839662,0,0,0,0,0,0,0,0,0,0,0
1785580180.081738497,0,0,0,0,0,0,0,0,0,0,0,0,430053721,386842667,0,0,0,0,0,0,0,0,0,0,0
1785580181.101448374,0,0,0,0,0,0,0,0,0,0,0,0,430056783,386845716,0,0,0,0,0,0,0,0,0,0,0
1785580182.121146350,0,0,0,0,0,0,0,0,0,0,0,0,430059836,386848755,0,0,0,0,0,0,0,0,0,0,0
1785580183.140520573,0,0,0,0,0,0,0,0,0,0,0,0,430062893,386851728,0,0,0,0,0,0,0,0,0,0,0
1785580184.162821063,0,0,0,0,0,0,0,0,0,0,0,0,430065958,386854759,0,0,0,0,0,0,0,0,0,0,0
1785580185.183582193,0,0,0,0,0,0,0,0,0,0,0,0,430069020,386857765,0,0,0,0,0,0,0,0,0,0,0
1785580186.205362371,0,0,0,0,0,0,0,0,0,0,0,0,430072085,386860793,0,0,0,0,0,0,0,0,0,0,0
1785580187.227553604,0,0,0,0,0,0,0,0,0,0,0,0,430075150,386863843,0,0,0,0,0,0,0,0,0,0,0
1785580188.250546912,0,0,0,0,0,0,0,0,0,0,0,0,430078216,386866880,0,0,0,0,0,0,0,0,0,0,0
1785580189.273872350,0,0,0,0,0,0,0,0,0,0,0,0,430081285,386869826,0,0,0,0,0,0,0,0,0,0,0
1785580190.295883062,0,0,0,0,0,0,0,0,0,0,0,0,430084350,386872877,0,0,0,0,0,0,0,0,0,0,0
1785580191.317253633,0,0,0,0,0,0,0,0,0,0,0,0,430087412,386875862,0,0,0,0,0,0,0,0,0,0,0
1785580192.339673649,0,0,0,0,0,0,0,0,0,0,0,0,430090479,386878905,0,0,0,0,0,0,0,0,0,0,0
1785580193.361666230,0,0,0,0,0,0,0,0,0,0,0,0,430093545,386881955,0,0,0,0,0,0,0,0,0,0,0
1785580194.384722492,0,0,0,0,0,0,0,0,0,0,0,0,430096614,386885004,0,0,0,0,0,0,0,0,0,0,0
1785580195.407047202,0,0,0,0,0,0,0,0,0,0,0,0,430099679,386887991,0,0,0,0,0,0,0,0,0,0,0
1785580196.429522225,0,0,0,0,0,0,0,0,0,0,0,0,430102745,386891040,0,0,0,0,0,0,0,0,0,0,0
1785580197.452010648,0,0,0,0,0,0,0,0,0,0,0,0,430105810,386894025,0,0,0,0,0,0,0,0,0,0,0
1785580198.473799409,0,0,0,0,0,0,0,0,0,0,0,0,430108875,386897074,0,0,0,0,0,0,0,0,0,0,0
1785580199.495906421,0,0,0,0,0,0,0,0,0,0,0,0,430111939,386900101,0,0,0,0,0,0,0,0,0,0,0
1785580200.517433676,0,0,0,0,0,0,0,0,0,0,0,0,430115003,386903121,0,0,0,0,0,0,0,0,0,0,0
1785580201.540159193,0,0,0,0,0,0,0,0,0,0,0,0,430118069,386906133,0,0,0,0,0,0,0,0,0,0,0
1785580202.563518187,0,0,0,0,0,0,0,0,0,0,0,0,430121137,386909166,0,0,0,0,0,0,0,0,0,0,0
1785580203.586978249,0,0,0,0,0,0,0,0,0,0,0,0,430124204,386912173,0,0,0,0,0,0,0,0,0,0,0
1785580204.609267059,0,0,0,0,0,0,0,0,0,0,0,0,430127271,386915225,0,0,0,0,0,0,0,0,0,0,0
1785580205.629975654,0,0,0,0,0,0,0,0,0,0,0,0,430130331,386918272,0,0,0,0,0,0,0,0,0,0,0
1785580206.649785744,0,0,0,0,0,0,0,0,0,0,0,0,430133390,386921268,0,0,0,0,0,0,0,0,0,0,0
1785580207.670296985,0,0,0,0,0,0,0,0,0,0,0,0,430136450,386924293,0,0,0,0,0,0,0,0,0,0,0
1785580208.691828724,0,0,0,0,0,0,0,0,0,0,0,0,430139512,386927303,0,0,0,0,0,0,0,0,0,0,0
1785580209.713879013,0,0,0,0,0,0,0,0,0,0,0,0,430142579,386930302,0,0,0,0,0,0,0,0,0,0,0
1785580210.736850110,0,0,0,0,0,0,0,0,0,0,0,0,430145646,386933355,0,0,0,0,0,0,0,0,0,0,0
1785580211.759957374,0,0,0,0,0,0,0,0,0,0,0,0,430148714,386936409,0,0,0,0,0,0,0,0,0,0,0
1785580212.780827664,0,0,0,0,0,0,0,0,0,0,0,0,430151774,386939389,0,0,0,0,0,0,0,0,0,0,0
1785580213.802677581,0,0,0,0,0,0,0,0,0,0,0,0,430154837,386942438,0,0,0,0,0,0,0,0,0,0,0
1785580214.824154378,0,0,0,0,0,0,0,0,0,0,0,0,430157898,386945428,0,0,0,0,0,0,0,0,0,0,0
1785580215.846571160,0,0,0,0,0,0,0,0,0,0,0,0,430160964,386948468,0,0,0,0,0,0,0,0,0,0,0
1785580216.869210059,0,0,0,0,0,0,0,0,0,0,0,0,430164032,386951520,0,0,0,0,0,0,0,0,0,0,0
1785580217.891429517,0,0,0,0,0,0,0,0,0,0,0,0,430167097,386954566,0,0,0,0,0,0,0,0,0,0,0
1785580218.911227605,0,0,0,0,0,0,0,0,0,0,0,0,430170155,386957547,0,0,0,0,0,0,0,0,0,0,0
1785580219.933122328,0,0,0,0,0,0,0,0,0,0,0,0,430173219,386960572,0,0,0,0,0,0,0,0,0,0,0
1785580220.955302380,0,0,0,0,0,0,0,0,0,0,0,0,430176281,386963555,0,0,0,0,0,0,0,0,0,0,0
1785580221.978226958,0,0,0,0,0,0,0,0,0,0,0,0,430179350,386966608,0,0,0,0,0,0,0,0,0,0,0
1785580223.000807637,0,0,0,0,0,0,0,0,0,0,0,0,430182417,386969660,0,0,0,0,0,0,0,0,0,0,0
1785580224.022853804,0,0,0,0,0,0,0,0,0,0,0,0,430185479,386972685,0,0,0,0,0,0,0,0,0,0,0
1785580225.045382964,0,0,0,0,0,0,0,0,0,0,0,0,430188545,386975693,0,0,0,0,0,0,0,0,0,0,0
1785580226.067741516,0,0,0,0,0,0,0,0,0,0,0,0,430191609,386978729,0,0,0,0,0,0,0,0,0,0,0
1785580227.090532499,0,0,0,0,0,0,0,0,0,0,0,0,430194675,386981728,0,0,0,0,0,0,0,0,0,0,0
1785580228.112864917,0,0,0,0,0,0,0,0,0,0,0,0,430197742,386984779,0,0,0,0,0,0,0,0,0,0,0
1785580229.135355838,0,0,0,0,0,0,0,0,0,0,0,0,430200808,386987830,0,0,0,0,0,0,0,0,0,0,0
1785580230.157001973,0,0,0,0,0,0,0,0,0,0,0,0,430203873,386990811,0,0,0,0,0,0,0,0,0,0,0
1785580231.179941243,0,0,0,0,0,0,0,0,0,0,0,0,430206941,386993842,0,0,0,0,0,0,0,0,0,0,0
1785580232.198888467,0,261717,0,0,0,0,0,262093,36943,657500,0,0,430209922,386996164,0,0,0,262960,60484,846900,0,22012,1576,0,0
1785580233.212296867,0,1000064,0,0,0,0,0,1000064,28636,535100,0,0,430212751,386997922,0,0,0,1000064,50290,798500,0,21001,651,0,0
1785580234.231967277,0,1000064,0,0,0,0,0,1000064,28636,535100,0,0,430215806,387000963,0,0,0,1000064,50290,798500,0,21001,651,0,0
1785580235.254146064,0,1000064,0,0,0,0,0,1000064,28636,535100,0,0,430218868,387004013,0,0,0,1000064,50290,798500,0,21001,651,0,0
1785580236.276201570,0,1000064,0,0,0,0,0,1000064,28636,535100,0,0,430221931,387007000,0,0,0,1000064,50290,798500,0,21001,651,0,0
1785580237.298736201,0,1000064,0,0,0,0,0,1000064,28636,535100,0,0,430224998,387010044,0,0,0,1000064,50290,798500,0,21001,651,0,0
1785580238.328142102,2197910,1000064,2197910,0,2200903,13105,50800,1000064,28636,535100,0,0,430228087,387011881,2210385,22554,85900,1000064,50290,798500,9480,21001,651,0,628860
1785580239.356181148,8565178,1000064,8565178,0,8567663,12421,48200,1000064,28636,535100,0,0,430231170,387011886,8574595,21385,78500,1000064,50290,798500,8968,21001,651,0,2447419
1785580240.384082572,14793833,1000064,14793833,0,14796293,12356,47500,1000064,28636,535100,0,0,430234248,387011897,14803848,21298,77600,1000064,50290,798500,8944,21001,651,0,4229965
1785580241.409274946,21130955,1000064,21130955,0,21132995,12300,47300,1000064,28636,535100,0,0,430237323,387011901,21139717,21184,77200,1000064,50290,798500,8885,21001,651,0,6040658
1785580242.438346465,27388539,1000064,27388539,0,27390669,12322,47400,1000064,28636,535100,0,0,430240406,387011906,27397756,21203,77000,1000064,50290,798500,8882,21001,651,0,7828300
1785580243.466111128,33794040,1000064,33794040,0,33797014,12303,47300,1000064,28636,535100,0,0,430243490,387011908,33805703,21138,76600,1000064,50290,798500,8836,21001,651,0,9658654
1785580244.493800061,39918841,1000064,39918841,0,39921230,12325,47400,1000064,28636,535100,0,0,430246569,387011920,39928446,21194,76800,1000064,50290,798500,8870,21001,651,0,11410990
1785580245.519862239,46275311,1000064,46275311,0,46277670,12302,47200,1000064,28636,535100,0,0,430249648,387011942,46284715,21159,76500,1000064,50290,798500,8857,21001,651,0,13228698
1785580246.542393000,52676599,1000064,52676599,0,52678702,12291,47300,1000064,28636,535100,0,0,430252710,387011946,52686064,21117,76400,1000064,50290,798500,8826,21001,651,0,15058957
1785580247.568624108,59009615,1000064,59009615,0,59012213,12284,47300,1000064,28636,535100,0,0,430255787,387011953,59020384,21093,76300,1000064,50290,798500,8809,21001,651,0,16868562
1785580248.599797379,65207985,1000064,65207985,0,65211363,12291,47300,1000064,28636,535100,0,0,430258875,387011958,65220958,21122,76400,1000064,50290,798500,8830,21001,651,0,18641533
1785580249.643037259,71672832,1000064,71672832,0,71676946,12293,47300,1000064,28636,535100,0,0,430262006,387011960,71688487,21112,76400,1000064,50290,798500,8819,21001,651,0,20490902
1785580250.672113667,77792958,1000064,77792958,0,77795037,12314,47300,1000064,28636,535100,0,0,430265092,387011966,77802239,21160,76400,1000064,50290,798500,8845,21001,651,0,22241417
1785580251.705226546,84134579,1000064,84134579,0,84138574,12305,47300,1000064,28636,535100,0,0,430268184,387011971,84148030,21141,76400,1000064,50290,798500,8836,21001,651,0,24053088
1785580252.733893240,90610767,1000064,90610767,0,90613448,12296,47400,1000064,28636,535100,0,0,430271272,387011974,90622462,21114,76300,1000064,50290,798500,8817,21001,651,0,25902919
1785580253.761965561,96906101,1000064,96906101,0,96908978,12292,47400,1000064,28636,535100,0,0,430274354,387011977,96917488,21111,76300,1000064,50290,798500,8818,21001,651,0,27702556
1785580254.795398719,103250729,1000064,103250729,0,103253087,12289,47400,1000064,28636,535100,0,0,430277455,387011982,103260115,21106,76300,1000064,50290,798500,8817,21001,651,0,29515941
1785580255.822517984,109703343,1000064,109703343,0,109705815,12281,47400,1000064,28636,535100,0,0,430280533,387011992,109714747,21080,76200,1000064,50290,798500,8799,21001,651,0,31358484
1785580256.847417338,116013973,1000064,116013973,0,116016203,12284,47400,1000064,28636,535100,0,0,430283607,387011999,116024073,21080,76200,1000064,50290,798500,8796,21001,651,0,33160841
1785580257.871949387,122393505,1000064,122393505,0,122396394,12284,47400,1000064,28636,535100,0,0,430286679,387012004,122405077,21071,76200,1000064,50290,798500,8786,21001,651,0,34983192
1785580258.900566861,128828299,1000064,128828299,0,128830602,12278,47400,1000064,28636,535100,0,0,430289758,387012005,128838275,21053,76100,1000064,50290,798500,8774,21001,651,0,36821786
1785580259.925032527,135178001,1000064,135178001,0,135180834,12280,47400,1000064,28636,535100,0,0,430292832,387012008,135188513,21050,76100,1000064,50290,798500,8770,21001,651,0,38636947
1785580260.953817798,141492937,1000064,141492937,0,141496161,12281,47400,1000064,28636,535100,0,0,430295912,387012012,141505517,21051,76100,1000064,50290,798500,8769,21001,651,0,40440282
1785580261.982197967,147935463,1000064,147935463,0,147938818,12276,47400,1000064,28636,535100,0,0,430299000,387012017,147946720,21040,76100,1000064,50290,798500,8764,21001,651,0,42279546
1785580263.005945092,154145620,1000064,154145620,0,154147735,12280,47400,1000064,28636,535100,0,0,430302067,387012025,154154874,21050,76100,1000064,50290,798500,8769,21001,651,0,44053764
1785580264.036058697,160565054,1000064,160565054,0,160568564,12277,47400,1000064,28636,535100,0,0,430305157,387012028,160580870,21042,76000,1000064,50290,798500,8764,21001,651,0,45885850
1785580265.070381971,166999519,1000064,166999519,0,167002714,12274,47400,1000064,28636,535100,0,0,430308256,387012030,167013491,21035,76000,1000064,50290,798500,8760,21001,651,0,47723449
1785580266.097387351,173324629,1000064,173324629,0,173326883,12277,47400,1000064,28636,535100,0,0,430311338,387012033,173334279,21041,76000,1000064,50290,798500,8762,21001,651,0,49530580
1785580267.132757737,179667913,1000064,179667913,0,179671995,12274,47400,1000064,28636,535100,0,0,430314432,387012039,179682080,21039,76000,1000064,50290,798500,8764,21001,651,0,51342328
1785580268.150213403,184776519,1000064,184776519,0,184776519,12269,47400,1000064,28636,535100,0,0,430317496,387012703,184776519,21025,76000,1000064,50290,798500,8755,21001,651,0,52797826
1785580269.168761121,184776519,1000064,184776519,0,184776519,12269,47400,1000064,28636,535100,0,0,430320543,387015680,184776519,21025,76000,1000064,50290,798500,8755,21001,651,0,52797826
1785580270.191574226,184776519,1000064,184776519,0,184776519,12269,47400,1000064,28636,535100,0,0,430323612,387018732,184776519,21025,76000,1000064,50290,798500,8755,21001,651,0,52797826
1785580271.214243079,184776519,1000064,184776519,0,184776519,12269,47400,1000064,28636,535100,0,0,430326678,387021759,184776519,21025,76000,1000064,50290,798500,8755,21001,651,0,52797826
1785580272.236988888,184776519,1000064,184776519,0,184776519,12269,47400,1000064,28636,535100,0,0,430329743,387024749,184776519,21025,76000,1000064,50290,798500,8755,21001,651,0,52797826
1785580273.256877173,184776519,1000064,184776519,0,184776519,12269,47400,1000064,28636,535100,0,0,430332806,387027792,184776519,21025,76000,1000064,50290,798500,8755,21001,651,0,52797826
1785580274.274354421,184776519,1000064,184776519,0,184776519,12269,47400,1000064,28636,535100,0,0,430335852,387030799,184776519,21025,76000,1000064,50290,798500,8755,21001,651,0,52797826
1785580275.296845178,184776519,1000064,184776519,0,184776519,12269,47400,1000064,28636,535100,0,0,430338917,387033806,184776519,21025,76000,1000064,50290,798500,8755,21001,651,0,52797826
1785580276.319099636,184776519,1000064,184776519,0,184776519,12269,47400,1000064,28636,535100,0,0,430341984,387036857,184776519,21025,76000,1000064,50290,798500,8755,21001,651,0,52797826
1785580277.340436416,184776519,1000064,184776519,0,184776519,12269,47400,1000064,28636,535100,0,0,430345047,387039902,184776519,21025,76000,1000064,50290,798500,8755,21001,651,0,52797826
1785580278.362155671,184776519,1000064,184776519,0,184776519,12269,47400,1000064,28636,535100,0,0,430348110,387042883,184776519,21025,76000,1000064,50290,798500,8755,21001,651,0,52797826
1785580279.384545395,184776519,1000064,184776519,0,184776519,12269,47400,1000064,28636,535100,0,0,430351175,387045933,184776519,21025,76000,1000064,50290,798500,8755,21001,651,0,52797826
1785580280.409879928,184776519,1000064,184776519,0,184776519,12269,47400,1000064,28636,535100,0,0,430354249,387048947,184776519,21025,76000,1000064,50290,798500,8755,21001,651,0,52797826
1785580281.430684226,184776519,1000064,184776519,0,184776519,12269,47400,1000064,28636,535100,0,0,430357312,387051947,184776519,21025,76000,1000064,50290,798500,8755,21001,651,0,52797826
1785580282.453426078,184776519,1000064,184776519,0,184776519,12269,47400,1000064,28636,535100,0,0,430360378,387054999,184776519,21025,76000,1000064,50290,798500,8755,21001,651,0,52797826
1785580283.473200602,184776519,1000064,184776519,0,184776519,12269,47400,1000064,28636,535100,0,0,430363436,387058018,184776519,21025,76000,1000064,50290,798500,8755,21001,651,0,52797826
1785580284.496028510,184776519,1000064,184776519,0,184776519,12269,47400,1000064,28636,535100,0,0,430366504,387061024,184776519,21025,76000,1000064,50290,798500,8755,21001,651,0,52797826
1785580285.518574208,184776519,1000064,184776519,0,184776519,12269,47400,1000064,28636,535100,0,0,430369571,387064075,184776519,21025,76000,1000064,50290,798500,8755,21001,651,0,52797826
1785580286.541051127,184776519,1000064,184776519,0,184776519,12269,47400,1000064,28636,535100,0,0,430372635,387067067,184776519,21025,76000,1000064,50290,798500,8755,21001,651,0,52797826
1785580287.564231448,184776519,1000064,184776519,0,184776519,12269,47400,1000064,28636,535100,0,0,430375702,387070107,184776519,21025,76000,1000064,50290,798500,8755,21001,651,0,52797826
1785580288.587440466,184776519,1000064,184776519,0,184776519,12269,47400,1000064,28636,535100,0,0,430378773,387073161,184776519,21025,76000,1000064,50290,798500,8755,21001,651,0,52797826
1785580289.609856371,184776519,1000064,184776519,0,184776519,12269,47400,1000064,28636,535100,0,0,430381837,387076171,184776519,21025,76000,1000064,50290,798500,8755,21001,651,0,52797826
1785580290.631780335,184776519,1000064,184776519,0,184776519,12269,47400,1000064,28636,535100,0,0,430384903,387079191,184776519,21025,76000,1000064,50290,798500,8755,21001,651,0,52797826
1785580291.653861296,184776519,1000064,184776519,0,184776519,12269,47400,1000064,28636,535100,0,0,430387967,387082218,184776519,21025,76000,1000064,50290,798500,8755,21001,651,0,52797826
1785580292.679201127,186318493,1171454,186318493,0,186320122,12269,47400,1171924,26462,365000,0,0,430391037,387084172,186325393,21063,76200,1172492,45089,754400,8793,18027,606,0,53289536
1785580293.722427124,191502855,1747491,191502855,0,191505673,12253,47300,1748221,21797,197300,2,0,430394167,387084175,191512307,21124,76400,1748871,34604,615900,8871,12310,498,0,54943199
1785580294.757761157,196687946,2323614,196687946,0,196689765,12234,47300,2324162,19431,152800,6,0,430397269,387084177,196695910,21182,76600,2324840,29305,314700,8947,9430,445,0,56596195
1785580295.785447250,201714838,2882159,201714838,0,201716621,12222,47200,2882665,18101,130700,6,0,430400348,387084186,201722145,21245,76900,2883317,26254,234500,9023,7736,416,0,58199681
1785580296.813134057,206784419,3445446,206784419,0,206786461,12207,47100,3446051,17179,116800,12,0,430403425,387084189,206793190,21301,77100,3447006,24157,198300,9093,6582,396,0,59817319
1785580297.844245561,211919684,4016031,211919684,0,211921883,12195,47100,4016727,16499,107100,13,0,430406515,387084195,211928768,21355,77400,4017461,22624,176600,9159,5744,380,0,61455325
1785580298.881471071,216959959,4576057,216959959,0,216961737,12184,47200,4576583,16016,100400,19,0,430409600,387084212,216967736,21409,77600,4577271,21511,161200,9224,5124,369,0,63063323
1785580299.908707092,222115279,5148871,222115279,0,222118387,12170,47200,5149629,15603,95100,20,0,430412701,387084214,222126121,21454,77900,5150514,20595,149200,9283,4630,360,0,64708025
1785580300.936775259,227271350,5721774,227271350,0,227273827,12160,47200,5722413,15263,90900,21,0,430415774,387084223,227280349,21498,78100,5723122,19848,139700,9338,4233,351,0,66353043
1785580301.962252519,232209875,6270496,232209875,0,232211751,12151,47200,6271014,15039,88000,24,0,430418849,387084229,232217849,21550,78300,6271736,19312,132400,9398,3923,347,0,67928298
1785580302.990071068,237299170,6835981,237299170,0,237301201,12140,47200,6836647,14824,85400,25,0,430421931,387084232,237309494,21591,78500,6837485,18823,126200,9450,3655,342,0,69552037
1785580304.017324526,242254115,7386525,242254115,0,242256137,12132,47200,7387102,14667,83400,26,0,430425008,387084240,242262786,21637,78700,7387880,18442,120900,9505,3435,339,0,71131953
1785580305.049042234,247279774,7944936,247279774,0,247282115,12123,47100,7945559,14522,81600,28,0,430428100,387084246,247288446,21680,78800,7946283,18101,116400,9557,3242,336,0,72735698
1785580306.085530941,252436330,8517883,252436330,0,252439323,12113,47100,8518685,14374,80000,29,0,430431207,387084251,252447569,21715,79000,8519627,17775,112400,9601,3068,332,0,74380081
1785580307.121400957,257585701,9090039,257585701,0,257589055,12103,47000,9090870,14248,78600,32,0,430434306,387084253,257597446,21749,79100,9092095,17496,108800,9646,2918,329,0,76022851
1785580308.149792305,262585045,9645519,262585045,0,262587198,12097,47000,9646172,14158,77500,34,0,430437391,387084263,262595391,21790,79200,9647108,17277,105900,9692,2789,328,0,77617755
1785580309.177219534,267709792,10214933,267709792,0,267712026,12089,46900,10215562,14058,76400,36,0,430440471,387084268,267718607,21821,79200,10216248,17055,103100,9731,2671,325,0,79251470
1785580310.214406975,272765246,10776649,272765246,0,272772226,12081,46900,10777746,13979,75500,38,0,430443578,387084274,272778316,21855,79300,10778474,16871,100700,9773,2567,324,0,80864089
1785580311.246308012,277784117,11334303,277784117,0,277786299,12075,46900,11334905,13920,74700,41,0,430446673,387084281,277792566,21894,79400,11335670,16720,98600,9818,2475,323,0,82465072
1785580312.282186342,282918569,11904798,282918569,0,282920934,12068,46800,11905453,13845,73900,42,0,430449778,387084296,282929467,21923,79500,11906441,16557,96600,9854,2389,322,0,84103043
1785580313.316640978,288015466,12471121,288015466,0,288018095,12060,46800,12471793,13782,73200,44,0,430452876,387084300,288024671,21950,79600,12472487,16415,94800,9889,2311,320,0,85728032
1785580314.352100519,293085513,13034452,293085513,0,293088117,12054,46800,13035162,13727,72600,44,0,430455970,387084307,293095439,21979,79700,13036004,16287,93000,9924,2240,319,0,87345382
1785580315.380089601,298290293,13612759,298290293,0,298292075,12047,46700,13613263,13661,72000,45,0,430459061,387084311,298298340,22001,79700,13614133,16152,91500,9954,2173,316,0,89005507
1785580316.409702332,303384872,14178827,303384872,0,303387442,12040,46700,14179504,13610,71500,45,0,430462145,387084315,303394279,22025,79800,14180251,16039,90100,9985,2113,315,0,90629600
1785580317.438209613,308433708,14739815,308433708,0,308435529,12035,46700,14740324,13570,71000,48,0,430465228,387084332,308441370,22054,79800,14741054,15944,88900,10017,2058,313,0,92240231
1785580318.469766842,313622986,15316392,313622986,0,313625461,12030,46700,15317028,13521,70600,48,0,430468315,387084333,313632338,22075,79900,15317813,15840,87700,10044,2006,312,0,93896062
1785580319.501243121,318677996,15878071,318677996,0,318680026,12025,46600,15878641,13483,70200,49,0,430471406,387084340,318686278,22100,80000,15879346,15754,86700,10075,1959,311,0,95508656
1785580320.531719890,323724611,16438805,323724611,0,323726433,12019,46600,16439337,13450,69900,49,0,430474489,387084344,323732406,22124,80000,16440026,15676,85700,10104,1915,310,0,97117619
1785580321.567481907,328947049,17019076,328947049,0,328949847,12014,46600,17019808,13410,69500,49,0,430477599,387084348,328957963,22144,80100,17020855,15592,84800,10129,1872,309,0,98783679
1785580322.590124748,332813207,17448649,332813207,0,332813357,12012,46600,17448649,13380,69200,50,0,430480666,387085103,332813207,22158,80100,17448649,15532,84100,10145,1842,308,0,100015380
1785580323.613961825,332813207,17448649,332813207,0,332813357,12012,46600,17448649,13380,69200,50,0,430483735,387088121,332813207,22158,80100,17448649,15532,84100,10145,1842,308,0,100015380
1785580324.641801312,332813207,17448649,332813207,0,332813357,12012,46600,17448649,13380,69200,50,0,430486815,387091185,332813207,22158,80100,17448649,15532,84100,10145,1842,308,0,100015380
1785580325.664667952,332813207,17448649,332813207,0,332813357,12012,46600,17448649,13380,69200,50,0,430489886,387094191,332813207,22158,80100,17448649,15532,84100,10145,1842,308,0,100015380
1785580326.688956940,332813207,17448649,332813207,0,332813357,12012,46600,17448649,13380,69200,50,0,430492956,387097230,332813207,22158,80100,17448649,15532,84100,10145,1842,308,0,100015380
1785580327.708677282,332813207,17448649,332813207,0,332813357,12012,46600,17448649,13380,69200,50,0,430496020,387100278,332813207,22158,80100,17448649,15532,84100,10145,1842,308,0,100015380
1785580328.731886180,332813207,17448649,332813207,0,332813357,12012,46600,17448649,13380,69200,50,0,430499083,387103269,332813207,22158,80100,17448649,15532,84100,10145,1842,308,0,100015380
1785580329.754580049,332813207,17448649,332813207,0,332813357,12012,46600,17448649,13380,69200,50,0,430502152,387106305,332813207,22158,80100,17448649,15532,84100,10145,1842,308,0,100015380
1785580330.777711553,332813207,17448649,332813207,0,332813357,12012,46600,17448649,13380,69200,50,0,430505219,387109358,332813207,22158,80100,17448649,15532,84100,10145,1842,308,0,100015380
1785580331.803015857,332813207,17448649,332813207,0,332813357,12012,46600,17448649,13380,69200,50,0,430508295,387112347,332813207,22158,80100,17448649,15532,84100,10145,1842,308,0,100015380
1785580332.826460022,332813207,17448649,332813207,0,332813357,12012,46600,17448649,13380,69200,50,0,430511366,387115389,332813207,22158,80100,17448649,15532,84100,10145,1842,308,0,100015380
1785580333.850090528,332813207,17448649,332813207,0,332813357,12012,46600,17448649,13380,69200,50,0,430514438,387118429,332813207,22158,80100,17448649,15532,84100,10145,1842,308,0,100015380
1785580334.873143813,332813207,17448649,332813207,0,332813357,12012,46600,17448649,13380,69200,50,0,430517505,387121410,332813207,22158,80100,17448649,15532,84100,10145,1842,308,0,100015380
1785580335.896081456,332813207,17448649,332813207,0,332813357,12012,46600,17448649,13380,69200,50,0,430520574,387124462,332813207,22158,80100,17448649,15532,84100,10145,1842,308,0,100015380
1785580336.919586019,332813207,17448649,332813207,0,332813357,12012,46600,17448649,13380,69200,50,0,430523643,387127500,332813207,22158,80100,17448649,15532,84100,10145,1842,308,0,100015380
1785580337.943841944,332813207,17448649,332813207,0,332813357,12012,46600,17448649,13380,69200,50,0,430526713,387130499,332813207,22158,80100,17448649,15532,84100,10145,1842,308,0,100015380
1785580338.966902678,332813207,17448649,332813207,0,332813357,12012,46600,17448649,13380,69200,50,0,430529782,387133551,332813207,22158,80100,17448649,15532,84100,10145,1842,308,0,100015380
1785580339.989359680,332813207,17448649,332813207,0,332813357,12012,46600,17448649,13380,69200,50,0,430532848,387136589,332813207,22158,80100,17448649,15532,84100,10145,1842,308,0,100015380
1785580341.012639071,332813207,17448649,332813207,0,332813357,12012,46600,17448649,13380,69200,50,0,430535918,387139585,332813207,22158,80100,17448649,15532,84100,10145,1842,308,0,100015380
1785580342.036380618,332813207,17448649,332813207,0,332813357,12012,46600,17448649,13380,69200,50,0,430538987,387142639,332813207,22158,80100,17448649,15532,84100,10145,1842,308,0,100015380
1785580343.059088078,332813207,17448649,332813207,0,332813357,12012,46600,17448649,13380,69200,50,0,430542055,387145656,332813207,22158,80100,17448649,15532,84100,10145,1842,308,0,100015380
1785580344.083965973,332813207,17448649,332813207,0,332813357,12012,46600,17448649,13380,69200,50,0,430545128,387148657,332813207,22158,80100,17448649,15532,84100,10145,1842,308,0,100015380
1785580345.107001857,332813207,17448649,332813207,0,332813357,12012,46600,17448649,13380,69200,50,0,430548195,387151709,332813207,22158,80100,17448649,15532,84100,10145,1842,308,0,100015380
1785580346.130271190,332813207,17448649,332813207,0,332813357,12012,46600,17448649,13380,69200,50,0,430551265,387154732,332813207,22158,80100,17448649,15532,84100,10145,1842,308,0,100015380
1785580347.153772143,332813207,17448649,332813207,0,332813357,12012,46600,17448649,13380,69200,50,0,430554335,387157749,332813207,22158,80100,17448649,15532,84100,10145,1842,308,0,100015380
1785580348.176849613,332813207,17448649,332813207,0,332813357,12012,46600,17448649,13380,69200,50,0,430557404,387160802,332813207,22158,80100,17448649,15532,84100,10145,1842,308,0,100015380
1785580349.200511958,332813207,17448649,332813207,0,332813357,12012,46600,17448649,13380,69200,50,0,430560471,387163804,332813207,22158,80100,17448649,15532,84100,10145,1842,308,0,100015380
1785580350.223789589,332813207,17448649,332813207,0,332813357,12012,46600,17448649,13380,69200,50,0,430563540,387166838,332813207,22158,80100,17448649,15532,84100,10145,1842,308,0,100015380
1785580351.246879813,332813207,17448649,332813207,0,332813357,12012,46600,17448649,13380,69200,50,0,430566609,387169890,332813207,22158,80100,17448649,15532,84100,10145,1842,308,0,100015380
1785580352.271243691,332813207,17448649,332813207,0,332813357,12012,46600,17448649,13380,69200,50,0,430569681,387172894,332813207,22158,80100,17448649,15532,84100,10145,1842,308,0,100015380
1785580353.293804306,332813207,17448649,332813207,0,332813357,12012,46600,17448649,13380,69200,50,0,430572746,387175921,332813207,22158,80100,17448649,15532,84100,10145,1842,308,0,100015380
1785580354.314833796,332813207,17448649,332813207,0,332813357,12012,46600,17448649,13380,69200,50,0,430575810,387178951,332813207,22158,80100,17448649,15532,84100,10145,1842,308,0,100015380
1785580355.339545856,332813207,17448649,332813207,0,332813357,12012,46600,17448649,13380,69200,50,0,430578884,387181938,332813207,22158,80100,17448649,15532,84100,10145,1842,308,0,100015380
1785580356.363098946,332813207,17448649,332813207,0,332813357,12012,46600,17448649,13380,69200,50,0,430581954,387184991,332813207,22158,80100,17448649,15532,84100,10145,1842,308,0,100015380
1785580357.386391008,332813207,17448649,332813207,0,332813357,12012,46600,17448649,13380,69200,50,0,430585023,387188043,332813207,22158,80100,17448649,15532,84100,10145,1842,308,0,100015380
1785580358.409932605,332813207,17448649,332813207,0,332813357,12012,46600,17448649,13380,69200,50,0,430588094,387191024,332813207,22158,80100,17448649,15532,84100,10145,1842,308,0,100015380
1785580359.432178606,332813207,17448649,332813207,0,332813357,12012,46600,17448649,13380,69200,50,0,430591160,387194073,332813207,22158,80100,17448649,15532,84100,10145,1842,308,0,100015380
1785580360.454820148,332813207,17448649,332813207,0,332813357,12012,46600,17448649,13380,69200,50,0,430594227,387197116,332813207,22158,80100,17448649,15532,84100,10145,1842,308,0,100015380
1785580361.478761005,332813207,17448649,332813207,0,332813357,12012,46600,17448649,13380,69200,50,0,430597298,387200109,332813207,22158,80100,17448649,15532,84100,10145,1842,308,0,100015380
1785580362.502969731,332813207,17448649,332813207,0,332813357,12012,46600,17448649,13380,69200,50,0,430600370,387203165,332813207,22158,80100,17448649,15532,84100,10145,1842,308,0,100015380
1785580363.525921550,332813207,17448649,332813207,0,332813357,12012,46600,17448649,13380,69200,50,0,430603437,387206207,332813207,22158,80100,17448649,15532,84100,10145,1842,308,0,100015380
1785580364.549189554,332813207,17448649,332813207,0,332813357,12012,46600,17448649,13380,69200,50,0,430606508,387209178,332813207,22158,80100,17448649,15532,84100,10145,1842,308,0,100015380
1785580365.572787092,332813207,17448649,332813207,0,332813357,12012,46600,17448649,13380,69200,50,0,430609578,387212232,332813207,22158,80100,17448649,15532,84100,10145,1842,308,0,100015380
1785580366.594187015,332813207,17448649,332813207,0,332813357,12012,46600,17448649,13380,69200,50,0,430612645,387215256,332813207,22158,80100,17448649,15532,84100,10145,1842,308,0,100015380
1785580371.727377435,0,0,0,0,0,0,0,0,0,0,0,0,430628031,387230353,0,0,0,0,0,0,0,0,0,0,0
1785580372.748363515,0,0,0,0,0,0,0,0,0,0,0,0,430631094,387233347,0,0,0,0,0,0,0,0,0,0,0
1785580373.770418653,0,0,0,0,0,0,0,0,0,0,0,0,430634159,387236356,0,0,0,0,0,0,0,0,0,0,0
1785580374.792678789,0,0,0,0,0,0,0,0,0,0,0,0,430637224,387239384,0,0,0,0,0,0,0,0,0,0,0
1785580375.814304768,0,0,0,0,0,0,0,0,0,0,0,0,430640290,387242383,0,0,0,0,0,0,0,0,0,0,0
1785580376.836806467,0,0,0,0,0,0,0,0,0,0,0,0,430643354,387245415,0,0,0,0,0,0,0,0,0,0,0
1785580377.859483472,0,0,0,0,0,0,0,0,0,0,0,0,430646423,387248467,0,0,0,0,0,0,0,0,0,0,0
1785580378.881955872,0,0,0,0,0,0,0,0,0,0,0,0,430649489,387251467,0,0,0,0,0,0,0,0,0,0,0
1785580379.905100894,0,0,0,0,0,0,0,0,0,0,0,0,430652557,387254501,0,0,0,0,0,0,0,0,0,0,0
1785580380.926391335,0,0,0,0,0,0,0,0,0,0,0,0,430655620,387257540,0,0,0,0,0,0,0,0,0,0,0
1785580381.947574215,0,0,0,0,0,0,0,0,0,0,0,0,430658679,387260458,0,0,0,0,0,0,0,0,0,0,0
1785580382.970292920,0,0,0,0,0,0,0,0,0,0,0,0,430661746,387263508,0,0,0,0,0,0,0,0,0,0,0
1785580383.993302182,0,0,0,0,0,0,0,0,0,0,0,0,430664814,387266562,0,0,0,0,0,0,0,0,0,0,0
1785580385.012683852,0,0,0,0,0,0,0,0,0,0,0,0,430667874,387269520,0,0,0,0,0,0,0,0,0,0,0
1785580386.035546403,0,0,0,0,0,0,0,0,0,0,0,0,430670937,387272569,0,0,0,0,0,0,0,0,0,0,0
1785580387.057926547,0,0,0,0,0,0,0,0,0,0,0,0,430674006,387275617,0,0,0,0,0,0,0,0,0,0,0
1785580388.080167167,0,0,0,0,0,0,0,0,0,0,0,0,430677070,387278605,0,0,0,0,0,0,0,0,0,0,0
1785580389.101795339,0,0,0,0,0,0,0,0,0,0,0,0,430680131,387281652,0,0,0,0,0,0,0,0,0,0,0
1785580390.122188896,0,0,0,0,0,0,0,0,0,0,0,0,430683195,387284696,0,0,0,0,0,0,0,0,0,0,0
1785580391.145287233,0,0,0,0,0,0,0,0,0,0,0,0,430686261,387287681,0,0,0,0,0,0,0,0,0,0,0
1785580392.167225337,0,0,0,0,0,0,0,0,0,0,0,0,430689327,387290732,0,0,0,0,0,0,0,0,0,0,0
1785580393.188353010,0,0,0,0,0,0,0,0,0,0,0,0,430692388,387293751,0,0,0,0,0,0,0,0,0,0,0
1785580394.210682239,0,0,0,0,0,0,0,0,0,0,0,0,430695454,387296762,0,0,0,0,0,0,0,0,0,0,0
1785580395.232788984,0,0,0,0,0,0,0,0,0,0,0,0,430698517,387299790,0,0,0,0,0,0,0,0,0,0,0
1785580396.254442575,0,0,0,0,0,0,0,0,0,0,0,0,430701582,387302814,0,0,0,0,0,0,0,0,0,0,0
1785580397.276375573,0,0,0,0,0,0,0,0,0,0,0,0,430704647,387305820,0,0,0,0,0,0,0,0,0,0,0
1785580398.299299808,0,0,0,0,0,0,0,0,0,0,0,0,430707714,387308872,0,0,0,0,0,0,0,0,0,0,0
1785580399.320412986,0,0,0,0,0,0,0,0,0,0,0,0,430710775,387311872,0,0,0,0,0,0,0,0,0,0,0
1785580400.343259000,0,0,0,0,0,0,0,0,0,0,0,0,430713842,387314905,0,0,0,0,0,0,0,0,0,0,0
1785580401.366715544,0,0,0,0,0,0,0,0,0,0,0,0,430716911,387317959,0,0,0,0,0,0,0,0,0,0,0
1785580402.388726720,0,0,0,0,0,0,0,0,0,0,0,0,430719977,387320967,0,0,0,0,0,0,0,0,0,0,0
1785580403.410811919,0,0,0,0,0,0,0,0,0,0,0,0,430723041,387323991,0,0,0,0,0,0,0,0,0,0,0
1785580404.433359845,0,0,0,0,0,0,0,0,0,0,0,0,430726108,387327043,0,0,0,0,0,0,0,0,0,0,0
1785580405.453731100,0,0,0,0,0,0,0,0,0,0,0,0,430729167,387330005,0,0,0,0,0,0,0,0,0,0,0
1785580406.475272283,0,0,0,0,0,0,0,0,0,0,0,0,430732230,387333053,0,0,0,0,0,0,0,0,0,0,0
1785580407.497315767,0,0,0,0,0,0,0,0,0,0,0,0,430735296,387336104,0,0,0,0,0,0,0,0,0,0,0
1785580408.519848954,0,0,0,0,0,0,0,0,0,0,0,0,430738360,387339098,0,0,0,0,0,0,0,0,0,0,0
1785580409.542930578,0,0,0,0,0,0,0,0,0,0,0,0,430741429,387342140,0,0,0,0,0,0,0,0,0,0,0
1785580410.564255781,0,0,0,0,0,0,0,0,0,0,0,0,430744491,387345184,0,0,0,0,0,0,0,0,0,0,0
1785580411.585863513,0,0,0,0,0,0,0,0,0,0,0,0,430747555,387348170,0,0,0,0,0,0,0,0,0,0,0
1785580412.607449657,0,0,0,0,0,0,0,0,0,0,0,0,430750618,387351218,0,0,0,0,0,0,0,0,0,0,0
1785580413.630125736,0,0,0,0,0,0,0,0,0,0,0,0,430753685,387354268,0,0,0,0,0,0,0,0,0,0,0
1785580414.651177967,0,0,0,0,0,0,0,0,0,0,0,0,430756743,387357247,0,0,0,0,0,0,0,0,0,0,0
1785580415.673222393,0,0,0,0,0,0,0,0,0,0,0,0,430759812,387360276,0,0,0,0,0,0,0,0,0,0,0
1785580416.694078633,0,0,0,0,0,0,0,0,0,0,0,0,430762874,387363298,0,0,0,0,0,0,0,0,0,0,0
1785580417.713112507,0,0,0,0,0,0,0,0,0,0,0,0,430765931,387366297,0,0,0,0,0,0,0,0,0,0,0
1785580418.735450612,0,0,0,0,0,0,0,0,0,0,0,0,430768996,387369348,0,0,0,0,0,0,0,0,0,0,0
1785580419.755140055,0,0,0,0,0,0,0,0,0,0,0,0,430772059,387372377,0,0,0,0,0,0,0,0,0,0,0
1785580420.771167806,0,0,0,0,0,0,0,0,0,0,0,0,430775105,387375346,0,0,0,0,0,0,0,0,0,0,0
1785580421.793823213,0,0,0,0,0,0,0,0,0,0,0,0,430778167,387378393,0,0,0,0,0,0,0,0,0,0,0
1785580422.816062429,0,0,0,0,0,0,0,0,0,0,0,0,430781235,387381400,0,0,0,0,0,0,0,0,0,0,0
1785580423.834704307,0,0,0,0,0,0,0,0,0,0,0,0,430784291,387384419,0,0,0,0,0,0,0,0,0,0,0
1785580424.857073865,0,0,0,0,0,0,0,0,0,0,0,0,430787358,387387468,0,0,0,0,0,0,0,0,0,0,0
1785580425.876931271,0,0,0,0,0,0,0,0,0,0,0,0,430790419,387390468,0,0,0,0,0,0,0,0,0,0,0
1785580426.899204476,0,0,0,0,0,0,0,0,0,0,0,0,430793483,387393468,0,0,0,0,0,0,0,0,0,0,0
1785580427.921526929,0,0,0,0,0,0,0,0,0,0,0,0,430796547,387396519,0,0,0,0,0,0,0,0,0,0,0
1785580428.943158148,0,0,0,0,0,0,0,0,0,0,0,0,430799617,387399502,0,0,0,0,0,0,0,0,0,0,0
1785580429.965244104,0,0,0,0,0,0,0,0,0,0,0,0,430802684,387402548,0,0,0,0,0,0,0,0,0,0,0
1785580430.986947535,0,0,0,0,0,0,0,0,0,0,0,0,430805747,387405597,0,0,0,0,0,0,0,0,0,0,0
1785580432.008644657,0,0,0,0,0,0,0,0,0,0,0,0,430808810,387408606,0,0,0,0,0,0,0,0,0,0,0
1785580433.030978532,0,0,0,0,0,0,0,0,0,0,0,0,430811875,387411626,0,0,0,0,0,0,0,0,0,0,0
1785580434.053253918,0,0,0,0,0,0,0,0,0,0,0,0,430814943,387414674,0,0,0,0,0,0,0,0,0,0,0
1785580435.074983697,0,0,0,0,0,0,0,0,0,0,0,0,430818006,387417639,0,0,0,0,0,0,0,0,0,0,0
1785580436.097305401,0,0,0,0,0,0,0,0,0,0,0,0,430821072,387420656,0,0,0,0,0,0,0,0,0,0,0
1785580437.120768561,0,0,0,0,0,0,0,0,0,0,0,0,430824141,387423708,0,0,0,0,0,0,0,0,0,0,0
1785580438.143185277,0,0,0,0,0,0,0,0,0,0,0,0,430827207,387426705,0,0,0,0,0,0,0,0,0,0,0
1785580439.166055871,0,0,0,0,0,0,0,0,0,0,0,0,430830275,387429745,0,0,0,0,0,0,0,0,0,0,0
1785580440.187922251,0,0,0,0,0,0,0,0,0,0,0,0,430833340,387432794,0,0,0,0,0,0,0,0,0,0,0
1785580441.208953915,0,0,0,0,0,0,0,0,0,0,0,0,430836404,387435773,0,0,0,0,0,0,0,0,0,0,0
1785580442.231260772,0,0,0,0,0,0,0,0,0,0,0,0,430839470,387438824,0,0,0,0,0,0,0,0,0,0,0
1785580443.253143987,0,0,0,0,0,0,0,0,0,0,0,0,430842534,387441871,0,0,0,0,0,0,0,0,0,0,0
1785580444.274963947,0,0,0,0,0,0,0,0,0,0,0,0,430845600,387444855,0,0,0,0,0,0,0,0,0,0,0
1785580445.297709339,0,0,0,0,0,0,0,0,0,0,0,0,430848667,387447906,0,0,0,0,0,0,0,0,0,0,0
1785580446.319803708,0,0,0,0,0,0,0,0,0,0,0,0,430851731,387450920,0,0,0,0,0,0,0,0,0,0,0
1785580447.341787260,0,0,0,0,0,0,0,0,0,0,0,0,430854796,387453917,0,0,0,0,0,0,0,0,0,0,0
1785580448.364171491,0,0,0,0,0,0,0,0,0,0,0,0,430857860,387456968,0,0,0,0,0,0,0,0,0,0,0
1785580449.386270414,0,0,0,0,0,0,0,0,0,0,0,0,430860925,387459998,0,0,0,0,0,0,0,0,0,0,0
1785580450.408473800,0,0,0,0,0,0,0,0,0,0,0,0,430863992,387462998,0,0,0,0,0,0,0,0,0,0,0
1785580451.430932544,0,0,0,0,0,0,0,0,0,0,0,0,430867058,387466049,0,0,0,0,0,0,0,0,0,0,0
1785580452.454064909,0,0,0,0,0,0,0,0,0,0,0,0,430870125,387469069,0,0,0,0,0,0,0,0,0,0,0
1785580453.474104310,0,0,0,0,0,0,0,0,0,0,0,0,430873189,387472081,0,0,0,0,0,0,0,0,0,0,0
1785580454.492158271,0,0,0,0,0,0,0,0,0,0,0,0,430876237,387475115,0,0,0,0,0,0,0,0,0,0,0
1785580455.513900977,0,0,0,0,0,0,0,0,0,0,0,0,430879301,387478131,0,0,0,0,0,0,0,0,0,0,0
1785580456.535457404,0,0,0,0,0,0,0,0,0,0,0,0,430882362,387481122,0,0,0,0,0,0,0,0,0,0,0
1785580457.558290748,0,0,0,0,0,0,0,0,0,0,0,0,430885430,387484175,0,0,0,0,0,0,0,0,0,0,0
1785580458.578910432,0,0,0,0,0,0,0,0,0,0,0,0,430888494,387487175,0,0,0,0,0,0,0,0,0,0,0
1785580459.601220661,0,0,0,0,0,0,0,0,0,0,0,0,430891555,387490208,0,0,0,0,0,0,0,0,0,0,0
1785580460.623416452,0,0,0,0,0,0,0,0,0,0,0,0,430894620,387493258,0,0,0,0,0,0,0,0,0,0,0
1785580461.642275260,0,0,0,0,0,0,0,0,0,0,0,0,430897680,387496255,0,0,0,0,0,0,0,0,0,0,0
1785580462.660305487,0,0,0,0,0,0,0,0,0,0,0,0,430900734,387499276,0,0,0,0,0,0,0,0,0,0,0
1785580463.678186319,0,0,0,0,0,0,0,0,0,0,0,0,430903782,387502311,0,0,0,0,0,0,0,0,0,0,0
1785580464.700031762,0,0,0,0,0,0,0,0,0,0,0,0,430906845,387505290,0,0,0,0,0,0,0,0,0,0,0
1785580465.720778850,0,0,0,0,0,0,0,0,0,0,0,0,430909907,387508337,0,0,0,0,0,0,0,0,0,0,0
1785580466.739519547,0,0,0,0,0,0,0,0,0,0,0,0,430912965,387511358,0,0,0,0,0,0,0,0,0,0,0
1785580467.760944275,0,0,0,0,0,0,0,0,0,0,0,0,430916021,387514332,0,0,0,0,0,0,0,0,0,0,0
1785580468.783046506,0,0,0,0,0,0,0,0,0,0,0,0,430919086,387517381,0,0,0,0,0,0,0,0,0,0,0
1785580469.805101785,0,0,0,0,0,0,0,0,0,0,0,0,430922151,387520423,0,0,0,0,0,0,0,0,0,0,0
1785580470.827856469,0,0,0,0,0,0,0,0,0,0,0,0,430925217,387523415,0,0,0,0,0,0,0,0,0,0,0
1785580471.848510513,0,0,0,0,0,0,0,0,0,0,0,0,430928283,387526464,0,0,0,0,0,0,0,0,0,0,0
1785580472.868017186,0,0,0,0,0,0,0,0,0,0,0,0,430931336,387529495,0,0,0,0,0,0,0,0,0,0,0
1785580473.889558872,0,0,0,0,0,0,0,0,0,0,0,0,430934399,387532483,0,0,0,0,0,0,0,0,0,0,0
1785580474.911720535,0,0,0,0,0,0,0,0,0,0,0,0,430937464,387535533,0,0,0,0,0,0,0,0,0,0,0
1785580475.933106407,0,0,0,0,0,0,0,0,0,0,0,0,430940528,387538553,0,0,0,0,0,0,0,0,0,0,0
1785580476.966119123,0,5047,0,0,0,0,0,5163,488313,1786200,0,0,430943619,387541369,0,0,0,5468,585637,3210600,0,22672,94640,0,0
1785580477.978276101,0,1000064,0,0,0,0,0,1000064,29146,555700,0,0,430946332,387542638,0,0,0,1000064,51018,854900,0,21027,844,0,0
1785580478.996752207,0,1000064,0,0,0,0,0,1000064,29146,555700,0,0,430949381,387545648,0,0,0,1000064,51018,854900,0,21027,844,0,0
1785580480.019201698,0,1000064,0,0,0,0,0,1000064,29146,555700,0,0,430952448,387548657,0,0,0,1000064,51018,854900,0,21027,844,0,0
1785580481.042357523,0,1000064,0,0,0,0,0,1000064,29146,555700,0,0,430955516,387551709,0,0,0,1000064,51018,854900,0,21027,844,0,0
1785580482.062291671,0,1000064,0,0,0,0,0,1000064,29146,555700,0,0,430958577,387554703,0,0,0,1000064,51018,854900,0,21027,844,0,0
1785580483.089300472,926490,1000064,926490,0,930228,26648,81700,1000064,29146,555700,0,0,430961656,387557318,942731,49648,168600,1000064,51018,854900,23332,21027,844,0,102775
1785580484.122128986,10316029,1000064,10316029,0,10319595,18611,58600,1000064,29146,555700,0,0,430964746,387557320,10331758,37426,110100,1000064,51018,854900,18832,21027,844,0,1133711
1785580485.151014522,19445209,1000064,19445209,0,19449824,18386,58300,1000064,29146,555700,0,0,430967833,387557327,19461718,37269,108800,1000064,51018,854900,18891,21027,844,0,2138011
1785580486.182253065,28638054,1000064,28638054,0,28641677,18215,57800,1000064,29146,555700,0,0,430970922,387557330,28653291,37067,107900,1000064,51018,854900,18857,21027,844,0,3148951
1785580487.208444660,37964667,1000064,37964667,0,37967343,18137,57600,1000064,29146,555700,0,0,430974000,387557331,37975284,36909,106800,1000064,51018,854900,18774,21027,844,0,4173864
1785580488.237505812,46822791,1000064,46822791,0,46826891,18154,57600,1000064,29146,555700,0,0,430977087,387557336,46838298,37045,107400,1000064,51018,854900,18893,21027,844,0,5150499
1785580489.269750186,56110339,1000064,56110339,0,56114680,18106,57500,1000064,29146,555700,0,0,430980177,387557337,56127322,36932,106900,1000064,51018,854900,18828,21027,844,0,6170689
1785580490.299785915,65498439,1000064,65498439,0,65502593,18065,57400,1000064,29146,555700,0,0,430983269,387557340,65514844,36830,106500,1000064,51018,854900,18766,21027,844,0,7201952
1785580491.322344060,74567598,1000064,74567598,0,74571159,18063,57400,1000064,29146,555700,0,0,430986335,387557348,74584109,36855,106600,1000064,51018,854900,18794,21027,844,0,8200486
1785580492.346176250,83799111,1000064,83799111,0,83802438,18045,57400,1000064,29146,555700,0,0,430989404,387557350,83813304,36822,106600,1000064,51018,854900,18778,21027,844,0,9214306
1785580493.375176256,93210604,1000064,93210604,0,93214276,18028,57300,1000064,29146,555700,0,0,430992486,387557353,93226170,36762,106200,1000064,51018,854900,18735,21027,844,0,10247069
1785580494.399863791,102257187,1000064,102257187,0,102260878,18038,57400,1000064,29146,555700,0,0,430995558,387557360,102273828,36802,106400,1000064,51018,854900,18764,21027,844,0,11242642
1785580495.429088692,111623113,1000064,111623113,0,111626436,18008,57200,1000064,29146,555700,0,0,430998637,387557362,111638367,36737,106200,1000064,51018,854900,18729,21027,844,0,12271065
1785580496.449658796,121049475,1000064,121049475,0,121051738,17997,57200,1000064,29146,555700,0,0,431001703,387557364,121060896,36692,106000,1000064,51018,854900,18695,21027,844,0,13304953
1785580497.475349968,130024922,1000064,130024922,0,130028726,18008,57200,1000064,29146,555700,0,0,431004775,387557369,130040753,36734,106000,1000064,51018,854900,18726,21027,844,0,14293055
1785580498.510721296,139058923,1000064,139058923,0,139062678,18006,57200,1000064,29146,555700,0,0,431007886,387557375,139076454,36761,106100,1000064,51018,854900,18756,21027,844,0,15288463
1785580499.536851432,148370410,1000064,148370410,0,148373852,17999,57200,1000064,29146,555700,0,0,431010958,387557377,148386113,36745,106100,1000064,51018,854900,18747,21027,844,0,16311581
1785580500.567876607,157335281,1000064,157335281,0,157338534,18004,57200,1000064,29146,555700,0,0,431014041,387557380,157350781,36770,106200,1000064,51018,854900,18766,21027,844,0,17299785
1785580501.591997996,166758052,1000064,166758052,0,166761619,17999,57200,1000064,29146,555700,0,0,431017120,387557385,166774289,36739,106100,1000064,51018,854900,18740,21027,844,0,18334500
1785580502.622027839,176188526,1000064,176188526,0,176191249,17994,57200,1000064,29146,555700,0,0,431020205,387557386,176201335,36706,105900,1000064,51018,854900,18712,21027,844,0,19369306
1785580503.654153274,185434959,1000064,185434959,0,185438069,17990,57200,1000064,29146,555700,0,0,431023301,387557389,185448985,36704,105900,1000064,51018,854900,18714,21027,844,0,20385951
1785580504.682282112,194478380,1000064,194478380,0,194481583,17989,57200,1000064,29146,555700,0,0,431026382,387557403,194493727,36714,106000,1000064,51018,854900,18725,21027,844,0,21381777
1785580505.711422731,203714192,1000064,203714192,0,203717375,17986,57200,1000064,29146,555700,0,0,431029461,387557416,203728073,36708,106000,1000064,51018,854900,18721,21027,844,0,22396749
1785580506.738784227,212797046,1000064,212797046,0,212800853,17985,57100,1000064,29146,555700,0,0,431032546,387557423,212814361,36713,106000,1000064,51018,854900,18729,21027,844,0,23396578
1785580507.762048584,222047570,1000064,222047570,0,222050355,17981,57100,1000064,29146,555700,0,0,431035610,387557423,222060681,36704,105900,1000064,51018,854900,18722,21027,844,0,24413082
1785580508.789486852,231210814,1000064,231210814,0,231215736,17979,57100,1000064,29146,555700,0,0,431038690,387557426,231230613,36701,105900,1000064,51018,854900,18722,21027,844,0,25420960
1785580509.818644359,240326367,1000064,240326367,0,240330662,17979,57100,1000064,29146,555700,0,0,431041779,387557436,240342953,36710,106000,1000064,51018,854900,18731,21027,844,0,26424235
1785580510.846695600,249621776,1000064,249621776,0,249626047,17979,57100,1000064,29146,555700,0,0,431044862,387557441,249641052,36703,105900,1000064,51018,854900,18724,21027,844,0,27446317
1785580511.874008675,258836247,1000064,258836247,0,258839999,17979,57100,1000064,29146,555700,0,0,431047941,387557444,258851221,36703,105900,1000064,51018,854900,18724,21027,844,0,28459638
1785580512.903212798,267904738,1000064,267904738,0,267909594,17974,57100,1000064,29146,555700,0,0,431051022,387557449,267922912,36706,105900,1000064,51018,854900,18732,21027,844,0,29458536
1785580513.923868892,268318497,1000064,268318497,0,268318497,17974,57100,1000064,29146,555700,0,0,431054089,387560386,268318497,36707,105900,1000064,51018,854900,18733,21027,844,0,29503058
1785580514.946421322,268318497,1000064,268318497,0,268318497,17974,57100,1000064,29146,555700,0,0,431057156,387563439,268318497,36707,105900,1000064,51018,854900,18733,21027,844,0,29503058
1785580515.967150733,268318497,1000064,268318497,0,268318497,17974,57100,1000064,29146,555700,0,0,431060214,387566421,268318497,36707,105900,1000064,51018,854900,18733,21027,844,0,29503058
1785580516.987022158,268318497,1000064,268318497,0,268318497,17974,57100,1000064,29146,555700,0,0,431063272,387569461,268318497,36707,105900,1000064,51018,854900,18733,21027,844,0,29503058
1785580518.010012267,268318497,1000064,268318497,0,268318497,17974,57100,1000064,29146,555700,0,0,431066339,387572464,268318497,36707,105900,1000064,51018,854900,18733,21027,844,0,29503058
1785580519.033237044,268318497,1000064,268318497,0,268318497,17974,57100,1000064,29146,555700,0,0,431069409,387575483,268318497,36707,105900,1000064,51018,854900,18733,21027,844,0,29503058
1785580520.055503287,268318497,1000064,268318497,0,268318497,17974,57100,1000064,29146,555700,0,0,431072475,387578533,268318497,36707,105900,1000064,51018,854900,18733,21027,844,0,29503058
1785580521.078666858,268318497,1000064,268318497,0,268318497,17974,57100,1000064,29146,555700,0,0,431075543,387581580,268318497,36707,105900,1000064,51018,854900,18733,21027,844,0,29503058
1785580522.103405967,268318497,1000064,268318497,0,268318497,17974,57100,1000064,29146,555700,0,0,431078617,387584573,268318497,36707,105900,1000064,51018,854900,18733,21027,844,0,29503058
1785580523.126558095,268318497,1000064,268318497,0,268318497,17974,57100,1000064,29146,555700,0,0,431081684,387587625,268318497,36707,105900,1000064,51018,854900,18733,21027,844,0,29503058
1785580524.150706802,268318497,1000064,268318497,0,268318497,17974,57100,1000064,29146,555700,0,0,431084756,387590611,268318497,36707,105900,1000064,51018,854900,18733,21027,844,0,29503058
1785580525.176659766,268318497,1000064,268318497,0,268318497,17974,57100,1000064,29146,555700,0,0,431087828,387593666,268318497,36707,105900,1000064,51018,854900,18733,21027,844,0,29503058
1785580526.202062458,268318497,1000064,268318497,0,268318497,17974,57100,1000064,29146,555700,0,0,431090909,387596728,268318497,36707,105900,1000064,51018,854900,18733,21027,844,0,29503058
1785580527.224652371,268318497,1000064,268318497,0,268318497,17974,57100,1000064,29146,555700,0,0,431093980,387599754,268318497,36707,105900,1000064,51018,854900,18733,21027,844,0,29503058
1785580528.249023235,268318497,1000064,268318497,0,268318497,17974,57100,1000064,29146,555700,0,0,431097049,387602765,268318497,36707,105900,1000064,51018,854900,18733,21027,844,0,29503058
1785580529.272707020,268318497,1000064,268318497,0,268318497,17974,57100,1000064,29146,555700,0,0,431100118,387605772,268318497,36707,105900,1000064,51018,854900,18733,21027,844,0,29503058
1785580530.295263026,268318497,1000064,268318497,0,268318497,17974,57100,1000064,29146,555700,0,0,431103185,387608754,268318497,36707,105900,1000064,51018,854900,18733,21027,844,0,29503058
1785580531.318405436,268318497,1000064,268318497,0,268318497,17974,57100,1000064,29146,555700,0,0,431106255,387611806,268318497,36707,105900,1000064,51018,854900,18733,21027,844,0,29503058
1785580532.340832835,268318497,1000064,268318497,0,268318497,17974,57100,1000064,29146,555700,0,0,431109320,387614856,268318497,36707,105900,1000064,51018,854900,18733,21027,844,0,29503058
1785580533.361777895,268318497,1000064,268318497,0,268318497,17974,57100,1000064,29146,555700,0,0,431112384,387617856,268318497,36707,105900,1000064,51018,854900,18733,21027,844,0,29503058
1785580534.382969671,268318497,1000064,268318497,0,268318497,17974,57100,1000064,29146,555700,0,0,431115447,387620882,268318497,36707,105900,1000064,51018,854900,18733,21027,844,0,29503058
1785580535.404091170,268318497,1000064,268318497,0,268318497,17974,57100,1000064,29146,555700,0,0,431118507,387623901,268318497,36707,105900,1000064,51018,854900,18733,21027,844,0,29503058
1785580536.426754204,268318497,1000064,268318497,0,268318497,17974,57100,1000064,29146,555700,0,0,431121573,387626911,268318497,36707,105900,1000064,51018,854900,18733,21027,844,0,29503058
1785580537.455454966,269003264,1076215,269003264,0,269006188,17982,57100,1077042,28579,462700,5,0,431124652,387629582,269015094,36760,106300,1077980,48947,831100,18778,19557,819,0,29582842
1785580538.484289757,276235926,1879839,276235926,0,276237837,17968,57000,1880448,23321,178200,65,0,431127737,387629590,276244881,36963,107000,1881299,35368,585200,18995,11460,589,0,30419572
1785580539.512752330,283157315,2648878,283157315,0,283160389,17963,57000,2649625,21437,136900,103,0,431130819,387629599,283167904,37178,107700,2650591,30255,256300,19214,8314,503,0,31221478
1785580540.542019783,290256709,3437700,290256709,0,290260305,17952,56900,3438641,20275,115300,152,0,431133906,387629603,290270113,37364,108300,3439723,27274,195600,19411,6547,453,0,32043536
1785580541.568737902,297253395,4215113,297253395,0,297256917,17942,56800,4215968,19621,103300,218,0,431136974,387629619,297265439,37552,108900,4217024,25500,168500,19610,5454,424,0,32853927
1785580542.594469732,304382548,5007244,304382548,0,304385378,17932,56700,5007892,19098,95100,273,0,431140049,387629627,304391911,37719,109400,5008692,24188,150100,19786,4687,402,0,33679257
1785580543.622276765,311519464,5800230,311519464,0,311523215,17922,56700,5801107,18723,89400,326,0,431143123,387629631,311532404,37880,109800,5802308,23239,136900,19958,4130,385,0,34505007
1785580544.655121893,318685648,6596475,318685648,0,318689341,17911,56600,6597300,18433,85200,379,0,431146211,387629636,318697508,38033,110300,6598376,22511,126900,20121,3706,372,0,35334675
1785580545.684485599,325634951,7368619,325634951,0,325639072,17907,56600,7369515,18261,82400,424,0,431149298,387629652,325648697,38197,110800,7370753,22009,119700,20290,3383,365,0,36139357
1785580546.708681633,332829492,8168015,332829492,0,332832799,17897,56500,8168646,18059,80000,470,0,431152368,387629656,332838308,38330,111100,8169406,21527,113000,20433,3111,356,0,36971723
1785580547.740133209,339803236,8942875,339803236,0,339812328,17891,56400,8944286,17936,78300,518,0,431155450,387629666,339821077,38475,111500,8945445,21184,107900,20583,2896,351,0,37779509
1785580548.763460950,346766603,9716577,346766603,0,346771012,17884,56400,9717436,17829,76900,561,0,431158516,387629708,346778888,38609,111900,9718497,20892,103800,20725,2713,348,0,38585898
1785580549.792994382,353859323,10504657,353859323,0,353863725,17878,56300,10505470,17728,75700,596,0,431161598,387629717,353871361,38737,112300,10506577,20628,100100,20858,2556,343,0,39406736
1785580550.818828878,361022753,11300596,361022753,0,361027110,17870,56300,11301390,17631,74500,644,0,431164672,387629723,361033817,38853,112600,11302406,20388,96800,20982,2418,338,0,40235585
1785580551.847944220,367945966,12069842,367945966,0,367950169,17866,56200,12070499,17575,73800,685,0,431167751,387629733,367955568,38980,113000,12071361,20215,94400,21113,2303,335,0,41037582
1785580552.885347097,375108183,12865650,375108183,0,375113036,17858,56200,12866498,17495,73000,743,0,431170854,387629737,375120856,39084,113200,12867683,20026,91900,21226,2198,331,0,41867101
1785580553.912284687,382090963,13641510,382090963,0,382097034,17854,56100,13642558,17450,72300,803,0,431173928,387629750,382105355,39202,113500,13643899,19890,90000,21348,2108,330,0,42675908
1785580554.943811068,389269479,14439121,389269479,0,389275479,17846,56100,14440206,17379,71700,843,0,431177020,387629754,389284917,39297,113800,14441504,19733,88200,21451,2025,327,0,43506747
1785580555.976764553,396407914,15232280,396407914,0,396413408,17839,56000,15233223,17320,71100,887,0,431180102,387629765,396421497,39392,114000,15234391,19597,86600,21552,1951,324,0,44333118
1785580557.008033545,403544922,16025283,403544922,0,403550495,17833,56000,16026186,17273,70600,919,0,431183197,387629771,403557756,39488,114200,16027267,19482,85200,21654,1885,322,0,45159569
1785580558.035714357,410494416,16797439,410494416,0,410499599,17831,56000,16798199,17256,70200,972,0,431186280,387629796,410505274,39595,114400,16799169,19405,84100,21764,1826,322,0,45964605
1785580559.060632824,417626656,17589917,417626656,0,417631978,17829,55900,17590699,17224,69800,1017,0,431189349,387629810,417638282,39690,114600,17591721,19318,82900,21861,1772,321,0,46790231
1785580560.090249938,424519273,18355760,424519273,0,424524887,17829,55900,18356621,17212,69500,1053,0,431192425,387629829,424532120,39794,114900,18357760,19258,82100,21964,1724,320,0,47588936
1785580561.117409503,431652279,19148323,431652279,0,431658913,17825,55900,19149469,17176,69200,1098,0,431195507,387629832,431668137,39877,115100,19150754,19174,81100,22052,1678,319,0,48414527
1785580562.150776201,438867461,19950008,438867461,0,438873833,17819,55800,19950955,17141,68800,1137,0,431198600,387629836,438880679,39955,115200,19951992,19094,80300,22135,1635,317,0,49249233
1785580563.176065674,445967002,20738842,445967002,0,445972208,17814,55800,20739472,17112,68600,1179,0,431201671,387629841,445976013,40032,115400,20740305,19025,79500,22218,1596,316,0,50071126
1785580564.203355465,452937974,21513399,452937974,0,452944181,17813,55800,21514200,17096,68400,1242,0,431204749,387629851,452950856,40118,115600,21515429,18973,78900,22305,1561,315,0,50878291
1785580565.234997406,460079274,22306883,460079274,0,460085460,17810,55700,22307624,17074,68200,1290,0,431207832,387629860,460089952,40193,115800,22308553,18915,78300,22383,1527,313,0,51704168
1785580566.260721101,467095865,23086497,467095865,0,467102913,17806,55700,23087450,17060,68000,1332,0,431210909,387629870,467110814,40268,116000,23088859,18869,77800,22462,1496,312,0,52518271
1785580567.291850719,474322845,23889495,474322845,0,474329426,17800,55700,23890336,17033,67800,1363,0,431213998,387629872,474335492,40330,116100,23891473,18811,77200,22530,1466,311,0,53355711
1785580568.312754047,474564753,23916374,474564753,0,474568851,17800,55700,23916374,17032,67700,1366,0,431217062,387632843,474564753,40332,116100,23916374,18809,77200,22532,1465,311,0,53383281
1785580569.336137971,474564753,23916374,474564753,0,474568851,17800,55700,23916374,17032,67700,1366,0,431220127,387635884,474564753,40332,116100,23916374,18809,77200,22532,1465,311,0,53383281
1785580570.360266468,474564753,23916374,474564753,0,474568851,17800,55700,23916374,17032,67700,1366,0,431223199,387638859,474564753,40332,116100,23916374,18809,77200,22532,1465,311,0,53383281
1785580571.382876551,474564753,23916374,474564753,0,474568851,17800,55700,23916374,17032,67700,1366,0,431226268,387641870,474564753,40332,116100,23916374,18809,77200,22532,1465,311,0,53383281
1785580572.406311164,474564753,23916374,474564753,0,474568851,17800,55700,23916374,17032,67700,1366,0,431229336,387644894,474564753,40332,116100,23916374,18809,77200,22532,1465,311,0,53383281
1785580573.430268872,474564753,23916374,474564753,0,474568851,17800,55700,23916374,17032,67700,1366,0,431232409,387647949,474564753,40332,116100,23916374,18809,77200,22532,1465,311,0,53383281
1785580574.454286721,474564753,23916374,474564753,0,474568851,17800,55700,23916374,17032,67700,1366,0,431235479,387651002,474564753,40332,116100,23916374,18809,77200,22532,1465,311,0,53383281
1785580575.476019537,474564753,23916374,474564753,0,474568851,17800,55700,23916374,17032,67700,1366,0,431238547,387654021,474564753,40332,116100,23916374,18809,77200,22532,1465,311,0,53383281
1785580576.498860922,474564753,23916374,474564753,0,474568851,17800,55700,23916374,17032,67700,1366,0,431241614,387657033,474564753,40332,116100,23916374,18809,77200,22532,1465,311,0,53383281
1785580577.520843880,474564753,23916374,474564753,0,474568851,17800,55700,23916374,17032,67700,1366,0,431244677,387660027,474564753,40332,116100,23916374,18809,77200,22532,1465,311,0,53383281
1785580578.544149104,474564753,23916374,474564753,0,474568851,17800,55700,23916374,17032,67700,1366,0,431247747,387663065,474564753,40332,116100,23916374,18809,77200,22532,1465,311,0,53383281
1785580579.568320129,474564753,23916374,474564753,0,474568851,17800,55700,23916374,17032,67700,1366,0,431250817,387666120,474564753,40332,116100,23916374,18809,77200,22532,1465,311,0,53383281
1785580580.591214091,474564753,23916374,474564753,0,474568851,17800,55700,23916374,17032,67700,1366,0,431253888,387669149,474564753,40332,116100,23916374,18809,77200,22532,1465,311,0,53383281
1785580581.613671227,474564753,23916374,474564753,0,474568851,17800,55700,23916374,17032,67700,1366,0,431256953,387672149,474564753,40332,116100,23916374,18809,77200,22532,1465,311,0,53383281
1785580582.637229197,474564753,23916374,474564753,0,474568851,17800,55700,23916374,17032,67700,1366,0,431260022,387675181,474564753,40332,116100,23916374,18809,77200,22532,1465,311,0,53383281
1785580583.660546364,474564753,23916374,474564753,0,474568851,17800,55700,23916374,17032,67700,1366,0,431263093,387678166,474564753,40332,116100,23916374,18809,77200,22532,1465,311,0,53383281
1785580584.684078530,474564753,23916374,474564753,0,474568851,17800,55700,23916374,17032,67700,1366,0,431266162,387681219,474564753,40332,116100,23916374,18809,77200,22532,1465,311,0,53383281
1785580585.707412515,474564753,23916374,474564753,0,474568851,17800,55700,23916374,17032,67700,1366,0,431269233,387684272,474564753,40332,116100,23916374,18809,77200,22532,1465,311,0,53383281
1785580586.731465606,474564753,23916374,474564753,0,474568851,17800,55700,23916374,17032,67700,1366,0,431272303,387687326,474564753,40332,116100,23916374,18809,77200,22532,1465,311,0,53383281
1785580587.754869922,474564753,23916374,474564753,0,474568851,17800,55700,23916374,17032,67700,1366,0,431275371,387690310,474564753,40332,116100,23916374,18809,77200,22532,1465,311,0,53383281
1785580588.778313384,474564753,23916374,474564753,0,474568851,17800,55700,23916374,17032,67700,1366,0,431278439,387693347,474564753,40332,116100,23916374,18809,77200,22532,1465,311,0,53383281
1785580589.801986156,474564753,23916374,474564753,0,474568851,17800,55700,23916374,17032,67700,1366,0,431281509,387696349,474564753,40332,116100,23916374,18809,77200,22532,1465,311,0,53383281
1785580590.825585406,474564753,23916374,474564753,0,474568851,17800,55700,23916374,17032,67700,1366,0,431284577,387699379,474564753,40332,116100,23916374,18809,77200,22532,1465,311,0,53383281
1785580591.848947798,474564753,23916374,474564753,0,474568851,17800,55700,23916374,17032,67700,1366,0,431287647,387702433,474564753,40332,116100,23916374,18809,77200,22532,1465,311,0,53383281
1785580592.872575041,474564753,23916374,474564753,0,474568851,17800,55700,23916374,17032,67700,1366,0,431290718,387705479,474564753,40332,116100,23916374,18809,77200,22532,1465,311,0,53383281
1785580593.897251352,474564753,23916374,474564753,0,474568851,17800,55700,23916374,17032,67700,1366,0,431293793,387708470,474564753,40332,116100,23916374,18809,77200,22532,1465,311,0,53383281
1785580594.924183186,474564753,23916374,474564753,0,474568851,17800,55700,23916374,17032,67700,1366,0,431296873,387711498,474564753,40332,116100,23916374,18809,77200,22532,1465,311,0,53383281
1785580595.947724162,474564753,23916374,474564753,0,474568851,17800,55700,23916374,17032,67700,1366,0,431299943,387714518,474564753,40332,116100,23916374,18809,77200,22532,1465,311,0,53383281
1785580596.971280949,474564753,23916374,474564753,0,474568851,17800,55700,23916374,17032,67700,1366,0,431303013,387717571,474564753,40332,116100,23916374,18809,77200,22532,1465,311,0,53383281
1785580597.994738595,474564753,23916374,474564753,0,474568851,17800,55700,23916374,17032,67700,1366,0,431306081,387720623,474564753,40332,116100,23916374,18809,77200,22532,1465,311,0,53383281
1785580599.016730425,474564753,23916374,474564753,0,474568851,17800,55700,23916374,17032,67700,1366,0,431309149,387723648,474564753,40332,116100,23916374,18809,77200,22532,1465,311,0,53383281
1785580600.040900131,474564753,23916374,474564753,0,474568851,17800,55700,23916374,17032,67700,1366,0,431312216,387726660,474564753,40332,116100,23916374,18809,77200,22532,1465,311,0,53383281
1785580601.065469941,474564753,23916374,474564753,0,474568851,17800,55700,23916374,17032,67700,1366,0,431315287,387729641,474564753,40332,116100,23916374,18809,77200,22532,1465,311,0,53383281
1785580602.090175231,474564753,23916374,474564753,0,474568851,17800,55700,23916374,17032,67700,1366,0,431318361,387732684,474564753,40332,116100,23916374,18809,77200,22532,1465,311,0,53383281
1785580603.114530723,474564753,23916374,474564753,0,474568851,17800,55700,23916374,17032,67700,1366,0,431321435,387735741,474564753,40332,116100,23916374,18809,77200,22532,1465,311,0,53383281
1785580604.137708551,474564753,23916374,474564753,0,474568851,17800,55700,23916374,17032,67700,1366,0,431324505,387738794,474564753,40332,116100,23916374,18809,77200,22532,1465,311,0,53383281
1785580605.160314736,474564753,23916374,474564753,0,474568851,17800,55700,23916374,17032,67700,1366,0,431327573,387741796,474564753,40332,116100,23916374,18809,77200,22532,1465,311,0,53383281
1785580606.182809294,474564753,23916374,474564753,0,474568851,17800,55700,23916374,17032,67700,1366,0,431330638,387744827,474564753,40332,116100,23916374,18809,77200,22532,1465,311,0,53383281
1785580607.203922515,474564753,23916374,474564753,0,474568851,17800,55700,23916374,17032,67700,1366,0,431333699,387747805,474564753,40332,116100,23916374,18809,77200,22532,1465,311,0,53383281
1785580608.228558727,474564753,23916374,474564753,0,474568851,17800,55700,23916374,17032,67700,1366,0,431336772,387750862,474564753,40332,116100,23916374,18809,77200,22532,1465,311,0,53383281
1785580609.252925649,474564753,23916374,474564753,0,474568851,17800,55700,23916374,17032,67700,1366,0,431339846,387753920,474564753,40332,116100,23916374,18809,77200,22532,1465,311,0,53383281
1785580610.276664806,474564753,23916374,474564753,0,474568851,17800,55700,23916374,17032,67700,1366,0,431342915,387756974,474564753,40332,116100,23916374,18809,77200,22532,1465,311,0,53383281
1785580611.298905981,474564753,23916374,474564753,0,474568851,17800,55700,23916374,17032,67700,1366,0,431345982,387759937,474564753,40332,116100,23916374,18809,77200,22532,1465,311,0,53383281
1785580612.319756101,474564753,23916374,474564753,0,474568851,17800,55700,23916374,17032,67700,1366,0,431349043,387762963,474564753,40332,116100,23916374,18809,77200,22532,1465,311,0,53383281
1785580613.342922494,474564753,23916374,474564753,0,474568851,17800,55700,23916374,17032,67700,1366,0,431352110,387765965,474564753,40332,116100,23916374,18809,77200,22532,1465,311,0,53383281
1785580614.365986590,474564753,23916374,474564753,0,474568851,17800,55700,23916374,17032,67700,1366,0,431355179,387769018,474564753,40332,116100,23916374,18809,77200,22532,1465,311,0,53383281
1785580615.386259527,474564753,23916374,474564753,0,474568851,17800,55700,23916374,17032,67700,1366,0,431358238,387772062,474564753,40332,116100,23916374,18809,77200,22532,1465,311,0,53383281
1785580616.408359924,474564753,23916374,474564753,0,474568851,17800,55700,23916374,17032,67700,1366,0,431361303,387775108,474564753,40332,116100,23916374,18809,77200,22532,1465,311,0,53383281
1785580617.434746359,474564753,23916374,474564753,0,474568851,17800,55700,23916374,17032,67700,1366,0,431364380,387778103,474564753,40332,116100,23916374,18809,77200,22532,1465,311,0,53383281
1785580618.455899696,474564753,23916374,474564753,0,474568851,17800,55700,23916374,17032,67700,1366,0,431367445,387781109,474564753,40332,116100,23916374,18809,77200,22532,1465,311,0,53383281
1785580619.479729881,474564753,23916374,474564753,0,474568851,17800,55700,23916374,17032,67700,1366,0,431370512,387784107,474564753,40332,116100,23916374,18809,77200,22532,1465,311,0,53383281
1785580620.503503241,474564753,23916374,474564753,0,474568851,17800,55700,23916374,17032,67700,1366,0,431373582,387787160,474564753,40332,116100,23916374,18809,77200,22532,1465,311,0,53383281
1785580621.527217648,474564753,23916374,474564753,0,474568851,17800,55700,23916374,17032,67700,1366,0,431376653,387790192,474564753,40332,116100,23916374,18809,77200,22532,1465,311,0,53383281
1785580622.550499873,474564753,23916374,474564753,0,474568851,17800,55700,23916374,17032,67700,1366,0,431379724,387793221,474564753,40332,116100,23916374,18809,77200,22532,1465,311,0,53383281
1785580623.575688599,474564753,23916374,474564753,0,474568851,17800,55700,23916374,17032,67700,1366,0,431382801,387796238,474564753,40332,116100,23916374,18809,77200,22532,1465,311,0,53383281
1785580624.599305650,474564753,23916374,474564753,0,474568851,17800,55700,23916374,17032,67700,1366,0,431385871,387799261,474564753,40332,116100,23916374,18809,77200,22532,1465,311,0,53383281
1785580625.623038260,474564753,23916374,474564753,0,474568851,17800,55700,23916374,17032,67700,1366,0,431388939,387802275,474564753,40332,116100,23916374,18809,77200,22532,1465,311,0,53383281
1785580626.649532034,474564753,23916374,474564753,0,474568851,17800,55700,23916374,17032,67700,1366,0,431392018,387805339,474564753,40332,116100,23916374,18809,77200,22532,1465,311,0,53383281
1785580627.672746096,474564753,23916374,474564753,0,474568851,17800,55700,23916374,17032,67700,1366,0,431395088,387808392,474564753,40332,116100,23916374,18809,77200,22532,1465,311,0,53383281
1785580628.694648887,474564753,23916374,474564753,0,474568851,17800,55700,23916374,17032,67700,1366,0,431398154,387811392,474564753,40332,116100,23916374,18809,77200,22532,1465,311,0,53383281
1785580629.718343288,474564753,23916374,474564753,0,474568851,17800,55700,23916374,17032,67700,1366,0,431401224,387814424,474564753,40332,116100,23916374,18809,77200,22532,1465,311,0,53383281
1785580630.741447770,474564753,23916374,474564753,0,474568851,17800,55700,23916374,17032,67700,1366,0,431404293,387817425,474564753,40332,116100,23916374,18809,77200,22532,1465,311,0,53383281
1785580631.765110084,474564753,23916374,474564753,0,474568851,17800,55700,23916374,17032,67700,1366,0,431407365,387820439,474564753,40332,116100,23916374,18809,77200,22532,1465,311,0,53383281
1785580632.788494659,474564753,23916374,474564753,0,474568851,17800,55700,23916374,17032,67700,1366,0,431410431,387823491,474564753,40332,116100,23916374,18809,77200,22532,1465,311,0,53383281
1785580633.811312433,474564753,23916374,474564753,0,474568851,17800,55700,23916374,17032,67700,1366,0,431413500,387826542,474564753,40332,116100,23916374,18809,77200,22532,1465,311,0,53383281
1785580634.834253177,474564753,23916374,474564753,0,474568851,17800,55700,23916374,17032,67700,1366,0,431416566,387829532,474564753,40332,116100,23916374,18809,77200,22532,1465,311,0,53383281
1785580635.857960775,474564753,23916374,474564753,0,474568851,17800,55700,23916374,17032,67700,1366,0,431419638,387832576,474564753,40332,116100,23916374,18809,77200,22532,1465,311,0,53383281
1785580636.880207533,474564753,23916374,474564753,0,474568851,17800,55700,23916374,17032,67700,1366,0,431422707,387835561,474564753,40332,116100,23916374,18809,77200,22532,1465,311,0,53383281
1785580637.902775408,474564753,23916374,474564753,0,474568851,17800,55700,23916374,17032,67700,1366,0,431425772,387838610,474564753,40332,116100,23916374,18809,77200,22532,1465,311,0,53383281
1785580638.928377200,474564753,23916374,474564753,0,474568851,17800,55700,23916374,17032,67700,1366,0,431428848,387841669,474564753,40332,116100,23916374,18809,77200,22532,1465,311,0,53383281
1785580639.950635455,474564753,23916374,474564753,0,474568851,17800,55700,23916374,17032,67700,1366,0,431431916,387844718,474564753,40332,116100,23916374,18809,77200,22532,1465,311,0,53383281
1785580640.973069028,474564753,23916374,474564753,0,474568851,17800,55700,23916374,17032,67700,1366,0,431434982,387847699,474564753,40332,116100,23916374,18809,77200,22532,1465,311,0,53383281
1785580641.995281867,474564753,23916374,474564753,0,474568851,17800,55700,23916374,17032,67700,1366,0,431438048,387850720,474564753,40332,116100,23916374,18809,77200,22532,1465,311,0,53383281
1785580643.019327651,474564753,23916374,474564753,0,474568851,17800,55700,23916374,17032,67700,1366,0,431441117,387853711,474564753,40332,116100,23916374,18809,77200,22532,1465,311,0,53383281
1785580644.040005000,474564753,23916374,474564753,0,474568851,17800,55700,23916374,17032,67700,1366,0,431444179,387856758,474564753,40332,116100,23916374,18809,77200,22532,1465,311,0,53383281
1785580645.062358901,474564753,23916374,474564753,0,474568851,17800,55700,23916374,17032,67700,1366,0,431447241,387859805,474564753,40332,116100,23916374,18809,77200,22532,1465,311,0,53383281
1785580646.084774475,474564753,23916374,474564753,0,474568851,17800,55700,23916374,17032,67700,1366,0,431450312,387862838,474564753,40332,116100,23916374,18809,77200,22532,1465,311,0,53383281
1785580647.107424755,474564753,23916374,474564753,0,474568851,17800,55700,23916374,17032,67700,1366,0,431453376,387865841,474564753,40332,116100,23916374,18809,77200,22532,1465,311,0,53383281
1785580648.131231257,474564753,23916374,474564753,0,474568851,17800,55700,23916374,17032,67700,1366,0,431456448,387868869,474564753,40332,116100,23916374,18809,77200,22532,1465,311,0,53383281
1785580649.154362205,474564753,23916374,474564753,0,474568851,17800,55700,23916374,17032,67700,1366,0,431459516,387871880,474564753,40332,116100,23916374,18809,77200,22532,1465,311,0,53383281
1785580650.178431142,474564753,23916374,474564753,0,474568851,17800,55700,23916374,17032,67700,1366,0,431462589,387874935,474564753,40332,116100,23916374,18809,77200,22532,1465,311,0,53383281
1785580651.201708793,474564753,23916374,474564753,0,474568851,17800,55700,23916374,17032,67700,1366,0,431465658,387877988,474564753,40332,116100,23916374,18809,77200,22532,1465,311,0,53383281
1785580652.224116627,474564753,23916374,474564753,0,474568851,17800,55700,23916374,17032,67700,1366,0,431468720,387880987,474564753,40332,116100,23916374,18809,77200,22532,1465,311,0,53383281
1785580653.248189719,474564753,23916374,474564753,0,474568851,17800,55700,23916374,17032,67700,1366,0,431471791,387884001,474564753,40332,116100,23916374,18809,77200,22532,1465,311,0,53383281
1785580654.269021938,474564753,23916374,474564753,0,474568851,17800,55700,23916374,17032,67700,1366,0,431474854,387887001,474564753,40332,116100,23916374,18809,77200,22532,1465,311,0,53383281
1785580655.293489153,474564753,23916374,474564753,0,474568851,17800,55700,23916374,17032,67700,1366,0,431477921,387890032,474564753,40332,116100,23916374,18809,77200,22532,1465,311,0,53383281
1785580656.319152745,474564753,23916374,474564753,0,474568851,17800,55700,23916374,17032,67700,1366,0,431480997,387893092,474564753,40332,116100,23916374,18809,77200,22532,1465,311,0,53383281
1785580657.342960646,474564753,23916374,474564753,0,474568851,17800,55700,23916374,17032,67700,1366,0,431484069,387896146,474564753,40332,116100,23916374,18809,77200,22532,1465,311,0,53383281
1785580658.366334523,474564753,23916374,474564753,0,474568851,17800,55700,23916374,17032,67700,1366,0,431487137,387899145,474564753,40332,116100,23916374,18809,77200,22532,1465,311,0,53383281
1785580659.390385640,474564753,23916374,474564753,0,474568851,17800,55700,23916374,17032,67700,1366,0,431490208,387902185,474564753,40332,116100,23916374,18809,77200,22532,1465,311,0,53383281
1785580660.412340916,474564753,23916374,474564753,0,474568851,17800,55700,23916374,17032,67700,1366,0,431493272,387905162,474564753,40332,116100,23916374,18809,77200,22532,1465,311,0,53383281
1785580661.435564416,474564753,23916374,474564753,0,474568851,17800,55700,23916374,17032,67700,1366,0,431496339,387908214,474564753,40332,116100,23916374,18809,77200,22532,1465,311,0,53383281
1785580662.459860610,474564753,23916374,474564753,0,474568851,17800,55700,23916374,17032,67700,1366,0,431499412,387911264,474564753,40332,116100,23916374,18809,77200,22532,1465,311,0,53383281
1785580663.482791194,474564753,23916374,474564753,0,474568851,17800,55700,23916374,17032,67700,1366,0,431502480,387914299,474564753,40332,116100,23916374,18809,77200,22532,1465,311,0,53383281
1785580664.504412254,474564753,23916374,474564753,0,474568851,17800,55700,23916374,17032,67700,1366,0,431505546,387917286,474564753,40332,116100,23916374,18809,77200,22532,1465,311,0,53383281
1785580665.524762583,474564753,23916374,474564753,0,474568851,17800,55700,23916374,17032,67700,1366,0,431508607,387920327,474564753,40332,116100,23916374,18809,77200,22532,1465,311,0,53383281
1785580666.546456633,474564753,23916374,474564753,0,474568851,17800,55700,23916374,17032,67700,1366,0,431511666,387923309,474564753,40332,116100,23916374,18809,77200,22532,1465,311,0,53383281
1785580667.571411262,474564753,23916374,474564753,0,474568851,17800,55700,23916374,17032,67700,1366,0,431514739,387926365,474564753,40332,116100,23916374,18809,77200,22532,1465,311,0,53383281
1785580668.593327869,474564753,23916374,474564753,0,474568851,17800,55700,23916374,17032,67700,1366,0,431517804,387929415,474564753,40332,116100,23916374,18809,77200,22532,1465,311,0,53383281
1785580669.615427205,474564753,23916374,474564753,0,474568851,17800,55700,23916374,17032,67700,1366,0,431520870,387932447,474564753,40332,116100,23916374,18809,77200,22532,1465,311,0,53383281
1785580670.638367470,474564753,23916374,474564753,0,474568851,17800,55700,23916374,17032,67700,1366,0,431523937,387935444,474564753,40332,116100,23916374,18809,77200,22532,1465,311,0,53383281
1785580671.661339943,474564753,23916374,474564753,0,474568851,17800,55700,23916374,17032,67700,1366,0,431527004,387938470,474564753,40332,116100,23916374,18809,77200,22532,1465,311,0,53383281
1785580672.682949315,474564753,23916374,474564753,0,474568851,17800,55700,23916374,17032,67700,1366,0,431530067,387941470,474564753,40332,116100,23916374,18809,77200,22532,1465,311,0,53383281
1785580673.706834600,474564753,23916374,474564753,0,474568851,17800,55700,23916374,17032,67700,1366,0,431533137,387944502,474564753,40332,116100,23916374,18809,77200,22532,1465,311,0,53383281
1785580674.730956212,474564753,23916374,474564753,0,474568851,17800,55700,23916374,17032,67700,1366,0,431536209,387947557,474564753,40332,116100,23916374,18809,77200,22532,1465,311,0,53383281
1785580675.754346457,474564753,23916374,474564753,0,474568851,17800,55700,23916374,17032,67700,1366,0,431539279,387950580,474564753,40332,116100,23916374,18809,77200,22532,1465,311,0,53383281
1785580676.777911179,474564753,23916374,474564753,0,474568851,17800,55700,23916374,17032,67700,1366,0,431542353,387953594,474564753,40332,116100,23916374,18809,77200,22532,1465,311,0,53383281
1785580677.798051913,474564753,23916374,474564753,0,474568851,17800,55700,23916374,17032,67700,1366,0,431545419,387956594,474564753,40332,116100,23916374,18809,77200,22532,1465,311,0,53383281
1785580678.821264189,474564753,23916374,474564753,0,474568851,17800,55700,23916374,17032,67700,1366,0,431548482,387959621,474564753,40332,116100,23916374,18809,77200,22532,1465,311,0,53383281
1785580679.845208346,474564753,23916374,474564753,0,474568851,17800,55700,23916374,17032,67700,1366,0,431551551,387962676,474564753,40332,116100,23916374,18809,77200,22532,1465,311,0,53383281
1785580680.868893824,474564753,23916374,474564753,0,474568851,17800,55700,23916374,17032,67700,1366,0,431554625,387965729,474564753,40332,116100,23916374,18809,77200,22532,1465,311,0,53383281
1785580681.887402338,474564753,23916374,474564753,0,474568851,17800,55700,23916374,17032,67700,1366,0,431557685,387968717,474564753,40332,116100,23916374,18809,77200,22532,1465,311,0,53383281
1785580682.909717003,474564753,23916374,474564753,0,474568851,17800,55700,23916374,17032,67700,1366,0,431560745,387971717,474564753,40332,116100,23916374,18809,77200,22532,1465,311,0,53383281
1785580683.935997372,474564753,23916374,474564753,0,474568851,17800,55700,23916374,17032,67700,1366,0,431563821,387974691,474564753,40332,116100,23916374,18809,77200,22532,1465,311,0,53383281
1785580684.959675902,474564753,23916374,474564753,0,474568851,17800,55700,23916374,17032,67700,1366,0,431566896,387977743,474564753,40332,116100,23916374,18809,77200,22532,1465,311,0,53383281
1785580685.983037161,474564753,23916374,474564753,0,474568851,17800,55700,23916374,17032,67700,1366,0,431569965,387980796,474564753,40332,116100,23916374,18809,77200,22532,1465,311,0,53383281
1785580687.007198798,474564753,23916374,474564753,0,474568851,17800,55700,23916374,17032,67700,1366,0,431573037,387983851,474564753,40332,116100,23916374,18809,77200,22532,1465,311,0,53383281
1785580688.029085193,474564753,23916374,474564753,0,474568851,17800,55700,23916374,17032,67700,1366,0,431576102,387986851,474564753,40332,116100,23916374,18809,77200,22532,1465,311,0,53383281
1785580689.051013826,474564753,23916374,474564753,0,474568851,17800,55700,23916374,17032,67700,1366,0,431579165,387989876,474564753,40332,116100,23916374,18809,77200,22532,1465,311,0,53383281
1785580690.074737477,474564753,23916374,474564753,0,474568851,17800,55700,23916374,17032,67700,1366,0,431582234,387992861,474564753,40332,116100,23916374,18809,77200,22532,1465,311,0,53383281
1785580691.098836317,474564753,23916374,474564753,0,474568851,17800,55700,23916374,17032,67700,1366,0,431585306,387995916,474564753,40332,116100,23916374,18809,77200,22532,1465,311,0,53383281
1785580692.122823520,474564753,23916374,474564753,0,474568851,17800,55700,23916374,17032,67700,1366,0,431588378,387998969,474564753,40332,116100,23916374,18809,77200,22532,1465,311,0,53383281
1785580693.146278902,474564753,23916374,474564753,0,474568851,17800,55700,23916374,17032,67700,1366,0,431591448,388002021,474564753,40332,116100,23916374,18809,77200,22532,1465,311,0,53383281
1785580694.168043799,474564753,23916374,474564753,0,474568851,17800,55700,23916374,17032,67700,1366,0,431594512,388004980,474564753,40332,116100,23916374,18809,77200,22532,1465,311,0,53383281
1785580695.188811149,474564753,23916374,474564753,0,474568851,17800,55700,23916374,17032,67700,1366,0,431597574,388008001,474564753,40332,116100,23916374,18809,77200,22532,1465,311,0,53383281
1785580696.209239749,474564753,23916374,474564753,0,474568851,17800,55700,23916374,17032,67700,1366,0,431600633,388011000,474564753,40332,116100,23916374,18809,77200,22532,1465,311,0,53383281
1785580697.232952199,474564753,23916374,474564753,0,474568851,17800,55700,23916374,17032,67700,1366,0,431603702,388014053,474564753,40332,116100,23916374,18809,77200,22532,1465,311,0,53383281
1785580698.256292076,474564753,23916374,474564753,0,474568851,17800,55700,23916374,17032,67700,1366,0,431606771,388017106,474564753,40332,116100,23916374,18809,77200,22532,1465,311,0,53383281
1785580699.280048374,474564753,23916374,474564753,0,474568851,17800,55700,23916374,17032,67700,1366,0,431609840,388020153,474564753,40332,116100,23916374,18809,77200,22532,1465,311,0,53383281
1785580700.303409475,474564753,23916374,474564753,0,474568851,17800,55700,23916374,17032,67700,1366,0,431612910,388023145,474564753,40332,116100,23916374,18809,77200,22532,1465,311,0,53383281
1785580701.326220799,474564753,23916374,474564753,0,474568851,17800,55700,23916374,17032,67700,1366,0,431615978,388026155,474564753,40332,116100,23916374,18809,77200,22532,1465,311,0,53383281
1785580702.351257450,474564753,23916374,474564753,0,474568851,17800,55700,23916374,17032,67700,1366,0,431619055,388029186,474564753,40332,116100,23916374,18809,77200,22532,1465,311,0,53383281
1785580703.374993960,474564753,23916374,474564753,0,474568851,17800,55700,23916374,17032,67700,1366,0,431622123,388032240,474564753,40332,116100,23916374,18809,77200,22532,1465,311,0,53383281
1785580704.398725087,474564753,23916374,474564753,0,474568851,17800,55700,23916374,17032,67700,1366,0,431625196,388035271,474564753,40332,116100,23916374,18809,77200,22532,1465,311,0,53383281
1785580705.422035933,474564753,23916374,474564753,0,474568851,17800,55700,23916374,17032,67700,1366,0,431628265,388038296,474564753,40332,116100,23916374,18809,77200,22532,1465,311,0,53383281
1785580706.445700515,474564753,23916374,474564753,0,474568851,17800,55700,23916374,17032,67700,1366,0,431631335,388041309,474564753,40332,116100,23916374,18809,77200,22532,1465,311,0,53383281
1785580707.468922625,474564753,23916374,474564753,0,474568851,17800,55700,23916374,17032,67700,1366,0,431634403,388044301,474564753,40332,116100,23916374,18809,77200,22532,1465,311,0,53383281
1785580708.491715141,474564753,23916374,474564753,0,474568851,17800,55700,23916374,17032,67700,1366,0,431637472,388047345,474564753,40332,116100,23916374,18809,77200,22532,1465,311,0,53383281
1785580709.514204903,474564753,23916374,474564753,0,474568851,17800,55700,23916374,17032,67700,1366,0,431640539,388050395,474564753,40332,116100,23916374,18809,77200,22532,1465,311,0,53383281
1785580710.536897085,474564753,23916374,474564753,0,474568851,17800,55700,23916374,17032,67700,1366,0,431643606,388053446,474564753,40332,116100,23916374,18809,77200,22532,1465,311,0,53383281
1785580711.558981897,474564753,23916374,474564753,0,474568851,17800,55700,23916374,17032,67700,1366,0,431646673,388056448,474564753,40332,116100,23916374,18809,77200,22532,1465,311,0,53383281
1785580712.581082788,474564753,23916374,474564753,0,474568851,17800,55700,23916374,17032,67700,1366,0,431649736,388059460,474564753,40332,116100,23916374,18809,77200,22532,1465,311,0,53383281
1785580713.603887352,474564753,23916374,474564753,0,474568851,17800,55700,23916374,17032,67700,1366,0,431652803,388062434,474564753,40332,116100,23916374,18809,77200,22532,1465,311,0,53383281
1785580714.627888588,474564753,23916374,474564753,0,474568851,17800,55700,23916374,17032,67700,1366,0,431655875,388065466,474564753,40332,116100,23916374,18809,77200,22532,1465,311,0,53383281
1785580715.650968774,474564753,23916374,474564753,0,474568851,17800,55700,23916374,17032,67700,1366,0,431658944,388068519,474564753,40332,116100,23916374,18809,77200,22532,1465,311,0,53383281
1785580716.675065595,474564753,23916374,474564753,0,474568851,17800,55700,23916374,17032,67700,1366,0,431662014,388071574,474564753,40332,116100,23916374,18809,77200,22532,1465,311,0,53383281
1785580717.696492377,474564753,23916374,474564753,0,474568851,17800,55700,23916374,17032,67700,1366,0,431665076,388074553,474564753,40332,116100,23916374,18809,77200,22532,1465,311,0,53383281
1785580718.719135904,474564753,23916374,474564753,0,474568851,17800,55700,23916374,17032,67700,1366,0,431668144,388077584,474564753,40332,116100,23916374,18809,77200,22532,1465,311,0,53383281
1785580719.742903210,474564753,23916374,474564753,0,474568851,17800,55700,23916374,17032,67700,1366,0,431671212,388080589,474564753,40332,116100,23916374,18809,77200,22532,1465,311,0,53383281
1785580720.766353606,474564753,23916374,474564753,0,474568851,17800,55700,23916374,17032,67700,1366,0,431674282,388083642,474564753,40332,116100,23916374,18809,77200,22532,1465,311,0,53383281
1785580721.790344136,474564753,23916374,474564753,0,474568851,17800,55700,23916374,17032,67700,1366,0,431677356,388086697,474564753,40332,116100,23916374,18809,77200,22532,1465,311,0,53383281
1785580722.812849379,474564753,23916374,474564753,0,474568851,17800,55700,23916374,17032,67700,1366,0,431680424,388089744,474564753,40332,116100,23916374,18809,77200,22532,1465,311,0,53383281
1785580723.836847170,474564753,23916374,474564753,0,474568851,17800,55700,23916374,17032,67700,1366,0,431683493,388092730,474564753,40332,116100,23916374,18809,77200,22532,1465,311,0,53383281
1785580724.861993859,474564753,23916374,474564753,0,474568851,17800,55700,23916374,17032,67700,1366,0,431686568,388095730,474564753,40332,116100,23916374,18809,77200,22532,1465,311,0,53383281
1785580725.885221169,474564753,23916374,474564753,0,474568851,17800,55700,23916374,17032,67700,1366,0,431689637,388098749,474564753,40332,116100,23916374,18809,77200,22532,1465,311,0,53383281
1785580726.908962844,474564753,23916374,474564753,0,474568851,17800,55700,23916374,17032,67700,1366,0,431692708,388101805,474564753,40332,116100,23916374,18809,77200,22532,1465,311,0,53383281
1785580727.932467435,474564753,23916374,474564753,0,474568851,17800,55700,23916374,17032,67700,1366,0,431695777,388104858,474564753,40332,116100,23916374,18809,77200,22532,1465,311,0,53383281
1785580728.955811760,474564753,23916374,474564753,0,474568851,17800,55700,23916374,17032,67700,1366,0,431698848,388107885,474564753,40332,116100,23916374,18809,77200,22532,1465,311,0,53383281
1785580729.979674621,474564753,23916374,474564753,0,474568851,17800,55700,23916374,17032,67700,1366,0,431701920,388110895,474564753,40332,116100,23916374,18809,77200,22532,1465,311,0,53383281
1785580731.002654439,474564753,23916374,474564753,0,474568851,17800,55700,23916374,17032,67700,1366,0,431704988,388113893,474564753,40332,116100,23916374,18809,77200,22532,1465,311,0,53383281
1785580732.025750254,474564753,23916374,474564753,0,474568851,17800,55700,23916374,17032,67700,1366,0,431708058,388116930,474564753,40332,116100,23916374,18809,77200,22532,1465,311,0,53383281
1785580733.049907925,474564753,23916374,474564753,0,474568851,17800,55700,23916374,17032,67700,1366,0,431711131,388119986,474564753,40332,116100,23916374,18809,77200,22532,1465,311,0,53383281
1785580734.073399693,474564753,23916374,474564753,0,474568851,17800,55700,23916374,17032,67700,1366,0,431714200,388123040,474564753,40332,116100,23916374,18809,77200,22532,1465,311,0,53383281
1785580735.096357758,474564753,23916374,474564753,0,474568851,17800,55700,23916374,17032,67700,1366,0,431717267,388126026,474564753,40332,116100,23916374,18809,77200,22532,1465,311,0,53383281
1785580736.119328978,474564753,23916374,474564753,0,474568851,17800,55700,23916374,17032,67700,1366,0,431720336,388129054,474564753,40332,116100,23916374,18809,77200,22532,1465,311,0,53383281
1785580737.142438060,474564753,23916374,474564753,0,474568851,17800,55700,23916374,17032,67700,1366,0,431723403,388132041,474564753,40332,116100,23916374,18809,77200,22532,1465,311,0,53383281
1785580738.165819917,474564753,23916374,474564753,0,474568851,17800,55700,23916374,17032,67700,1366,0,431726471,388135095,474564753,40332,116100,23916374,18809,77200,22532,1465,311,0,53383281
1785580739.189140836,474564753,23916374,474564753,0,474568851,17800,55700,23916374,17032,67700,1366,0,431729541,388138148,474564753,40332,116100,23916374,18809,77200,22532,1465,311,0,53383281
1785580740.213458772,474564753,23916374,474564753,0,474568851,17800,55700,23916374,17032,67700,1366,0,431732615,388141206,474564753,40332,116100,23916374,18809,77200,22532,1465,311,0,53383281
1785580741.236569227,474564753,23916374,474564753,0,474568851,17800,55700,23916374,17032,67700,1366,0,431735684,388144195,474564753,40332,116100,23916374,18809,77200,22532,1465,311,0,53383281
1785580742.259582031,474564753,23916374,474564753,0,474568851,17800,55700,23916374,17032,67700,1366,0,431738751,388147223,474564753,40332,116100,23916374,18809,77200,22532,1465,311,0,53383281
1785580743.279379136,474564753,23916374,474564753,0,474568851,17800,55700,23916374,17032,67700,1366,0,431741815,388150191,474564753,40332,116100,23916374,18809,77200,22532,1465,311,0,53383281
1785580744.301852582,474564753,23916374,474564753,0,474568851,17800,55700,23916374,17032,67700,1366,0,431744876,388153237,474564753,40332,116100,23916374,18809,77200,22532,1465,311,0,53383281
1785580745.325132762,474564753,23916374,474564753,0,474568851,17800,55700,23916374,17032,67700,1366,0,431747946,388156265,474564753,40332,116100,23916374,18809,77200,22532,1465,311,0,53383281
1785580746.347484908,474564753,23916374,474564753,0,474568851,17800,55700,23916374,17032,67700,1366,0,431751011,388159314,474564753,40332,116100,23916374,18809,77200,22532,1465,311,0,53383281
1785580747.372514478,474564753,23916374,474564753,0,474568851,17800,55700,23916374,17032,67700,1366,0,431754083,388162302,474564753,40332,116100,23916374,18809,77200,22532,1465,311,0,53383281
1785580748.395153333,474564753,23916374,474564753,0,474568851,17800,55700,23916374,17032,67700,1366,0,431757149,388165341,474564753,40332,116100,23916374,18809,77200,22532,1465,311,0,53383281
1785580749.418137249,474564753,23916374,474564753,0,474568851,17800,55700,23916374,17032,67700,1366,0,431760216,388168333,474564753,40332,116100,23916374,18809,77200,22532,1465,311,0,53383281
1785580750.441659327,474564753,23916374,474564753,0,474568851,17800,55700,23916374,17032,67700,1366,0,431763286,388171387,474564753,40332,116100,23916374,18809,77200,22532,1465,311,0,53383281
1785580751.465189397,474564753,23916374,474564753,0,474568851,17800,55700,23916374,17032,67700,1366,0,431766355,388174439,474564753,40332,116100,23916374,18809,77200,22532,1465,311,0,53383281
1785580752.488500795,474564753,23916374,474564753,0,474568851,17800,55700,23916374,17032,67700,1366,0,431769425,388177470,474564753,40332,116100,23916374,18809,77200,22532,1465,311,0,53383281
1785580753.511229529,474564753,23916374,474564753,0,474568851,17800,55700,23916374,17032,67700,1366,0,431772491,388180474,474564753,40332,116100,23916374,18809,77200,22532,1465,311,0,53383281
1785580754.533393234,474564753,23916374,474564753,0,474568851,17800,55700,23916374,17032,67700,1366,0,431775556,388183494,474564753,40332,116100,23916374,18809,77200,22532,1465,311,0,53383281
1785580755.554851421,474564753,23916374,474564753,0,474568851,17800,55700,23916374,17032,67700,1366,0,431778617,388186479,474564753,40332,116100,23916374,18809,77200,22532,1465,311,0,53383281
1785580756.577821101,474564753,23916374,474564753,0,474568851,17800,55700,23916374,17032,67700,1366,0,431781687,388189531,474564753,40332,116100,23916374,18809,77200,22532,1465,311,0,53383281
1785580757.600221925,474564753,23916374,474564753,0,474568851,17800,55700,23916374,17032,67700,1366,0,431784752,388192581,474564753,40332,116100,23916374,18809,77200,22532,1465,311,0,53383281
1785580762.729642394,0,0,0,0,0,0,0,0,0,0,0,0,431800127,388207656,0,0,0,0,0,0,0,0,0,0,0
1785580763.752475425,0,0,0,0,0,0,0,0,0,0,0,0,431803197,388210707,0,0,0,0,0,0,0,0,0,0,0
1785580764.774296967,0,0,0,0,0,0,0,0,0,0,0,0,431806262,388213699,0,0,0,0,0,0,0,0,0,0,0
1785580765.798273972,0,0,0,0,0,0,0,0,0,0,0,0,431809332,388216718,0,0,0,0,0,0,0,0,0,0,0
1785580766.821031297,0,0,0,0,0,0,0,0,0,0,0,0,431812400,388219699,0,0,0,0,0,0,0,0,0,0,0
1785580767.843540875,0,0,0,0,0,0,0,0,0,0,0,0,431815466,388222750,0,0,0,0,0,0,0,0,0,0,0
1785580768.866155084,0,0,0,0,0,0,0,0,0,0,0,0,431818532,388225800,0,0,0,0,0,0,0,0,0,0,0
1785580769.889862045,0,0,0,0,0,0,0,0,0,0,0,0,431821605,388228854,0,0,0,0,0,0,0,0,0,0,0
1785580770.910427888,0,0,0,0,0,0,0,0,0,0,0,0,431824667,388231831,0,0,0,0,0,0,0,0,0,0,0
1785580771.932998888,0,0,0,0,0,0,0,0,0,0,0,0,431827733,388234857,0,0,0,0,0,0,0,0,0,0,0
1785580772.956261298,0,0,0,0,0,0,0,0,0,0,0,0,431830802,388237798,0,0,0,0,0,0,0,0,0,0,0
1785580773.978809473,0,0,0,0,0,0,0,0,0,0,0,0,431833869,388240845,0,0,0,0,0,0,0,0,0,0,0
1785580775.000812336,0,0,0,0,0,0,0,0,0,0,0,0,431836934,388243897,0,0,0,0,0,0,0,0,0,0,0
1785580776.022918040,0,0,0,0,0,0,0,0,0,0,0,0,431840001,388246910,0,0,0,0,0,0,0,0,0,0,0
1785580777.045553300,0,0,0,0,0,0,0,0,0,0,0,0,431843067,388249884,0,0,0,0,0,0,0,0,0,0,0
1785580778.065989934,0,0,0,0,0,0,0,0,0,0,0,0,431846126,388252904,0,0,0,0,0,0,0,0,0,0,0
1785580779.088355941,0,0,0,0,0,0,0,0,0,0,0,0,431849192,388255914,0,0,0,0,0,0,0,0,0,0,0
1785580780.111084167,0,0,0,0,0,0,0,0,0,0,0,0,431852261,388258968,0,0,0,0,0,0,0,0,0,0,0
1785580781.133963223,0,0,0,0,0,0,0,0,0,0,0,0,431855327,388262019,0,0,0,0,0,0,0,0,0,0,0
1785580782.156484389,0,0,0,0,0,0,0,0,0,0,0,0,431858394,388265059,0,0,0,0,0,0,0,0,0,0,0
1785580783.179946434,0,0,0,0,0,0,0,0,0,0,0,0,431861464,388268055,0,0,0,0,0,0,0,0,0,0,0
1785580784.201423274,0,0,0,0,0,0,0,0,0,0,0,0,431864524,388271051,0,0,0,0,0,0,0,0,0,0,0
1785580785.223904053,0,0,0,0,0,0,0,0,0,0,0,0,431867591,388274085,0,0,0,0,0,0,0,0,0,0,0
1785580786.247106316,0,0,0,0,0,0,0,0,0,0,0,0,431870658,388277116,0,0,0,0,0,0,0,0,0,0,0
1785580787.270019041,0,0,0,0,0,0,0,0,0,0,0,0,431873726,388280169,0,0,0,0,0,0,0,0,0,0,0
1785580788.293903885,0,0,0,0,0,0,0,0,0,0,0,0,431876796,388283191,0,0,0,0,0,0,0,0,0,0,0
1785580789.316721287,0,0,0,0,0,0,0,0,0,0,0,0,431879862,388286203,0,0,0,0,0,0,0,0,0,0,0
1785580790.337408433,0,0,0,0,0,0,0,0,0,0,0,0,431882921,388289176,0,0,0,0,0,0,0,0,0,0,0
1785580791.360574285,0,0,0,0,0,0,0,0,0,0,0,0,431885992,388292230,0,0,0,0,0,0,0,0,0,0,0
1785580792.383075608,0,0,0,0,0,0,0,0,0,0,0,0,431889059,388295282,0,0,0,0,0,0,0,0,0,0,0
1785580793.405881792,0,0,0,0,0,0,0,0,0,0,0,0,431892125,388298334,0,0,0,0,0,0,0,0,0,0,0
1785580794.427073543,0,0,0,0,0,0,0,0,0,0,0,0,431895188,388301332,0,0,0,0,0,0,0,0,0,0,0
1785580795.446845541,0,0,0,0,0,0,0,0,0,0,0,0,431898245,388304352,0,0,0,0,0,0,0,0,0,0,0
1785580796.469269117,0,0,0,0,0,0,0,0,0,0,0,0,431901310,388307318,0,0,0,0,0,0,0,0,0,0,0
1785580797.490977175,0,0,0,0,0,0,0,0,0,0,0,0,431904375,388310368,0,0,0,0,0,0,0,0,0,0,0
1785580798.506779434,0,0,0,0,0,0,0,0,0,0,0,0,431907426,388313405,0,0,0,0,0,0,0,0,0,0,0
1785580799.524012238,0,0,0,0,0,0,0,0,0,0,0,0,431910476,388316441,0,0,0,0,0,0,0,0,0,0,0
1785580800.541838440,0,0,0,0,0,0,0,0,0,0,0,0,431913524,388319402,0,0,0,0,0,0,0,0,0,0,0
1785580801.561557608,0,0,0,0,0,0,0,0,0,0,0,0,431916585,388322424,0,0,0,0,0,0,0,0,0,0,0
1785580802.580017853,0,0,0,0,0,0,0,0,0,0,0,0,431919635,388325420,0,0,0,0,0,0,0,0,0,0,0
1785580803.600817020,0,0,0,0,0,0,0,0,0,0,0,0,431922700,388328472,0,0,0,0,0,0,0,0,0,0,0
1785580804.621669652,0,0,0,0,0,0,0,0,0,0,0,0,431925756,388331513,0,0,0,0,0,0,0,0,0,0,0
1785580805.641818090,0,0,0,0,0,0,0,0,0,0,0,0,431928815,388334554,0,0,0,0,0,0,0,0,0,0,0
1785580806.662997910,0,0,0,0,0,0,0,0,0,0,0,0,431931877,388337495,0,0,0,0,0,0,0,0,0,0,0
1785580807.684291875,0,0,0,0,0,0,0,0,0,0,0,0,431934938,388340489,0,0,0,0,0,0,0,0,0,0,0
1785580808.705904281,0,0,0,0,0,0,0,0,0,0,0,0,431938001,388343516,0,0,0,0,0,0,0,0,0,0,0
1785580809.726420702,0,0,0,0,0,0,0,0,0,0,0,0,431941063,388346562,0,0,0,0,0,0,0,0,0,0,0
1785580810.748347997,0,0,0,0,0,0,0,0,0,0,0,0,431944127,388349613,0,0,0,0,0,0,0,0,0,0,0
1785580811.770469879,0,0,0,0,0,0,0,0,0,0,0,0,431947196,388352662,0,0,0,0,0,0,0,0,0,0,0
1785580812.793006517,0,0,0,0,0,0,0,0,0,0,0,0,431950260,388355646,0,0,0,0,0,0,0,0,0,0,0
1785580813.815370711,0,0,0,0,0,0,0,0,0,0,0,0,431953326,388358628,0,0,0,0,0,0,0,0,0,0,0
1785580814.834392950,0,0,0,0,0,0,0,0,0,0,0,0,431956383,388361671,0,0,0,0,0,0,0,0,0,0,0
1785580815.856015491,0,0,0,0,0,0,0,0,0,0,0,0,431959446,388364718,0,0,0,0,0,0,0,0,0,0,0
1785580816.876805761,0,0,0,0,0,0,0,0,0,0,0,0,431962506,388367756,0,0,0,0,0,0,0,0,0,0,0
1785580817.898042805,0,0,0,0,0,0,0,0,0,0,0,0,431965566,388370763,0,0,0,0,0,0,0,0,0,0,0
1785580818.919693082,0,0,0,0,0,0,0,0,0,0,0,0,431968628,388373763,0,0,0,0,0,0,0,0,0,0,0
1785580819.938541549,0,0,0,0,0,0,0,0,0,0,0,0,431971686,388376745,0,0,0,0,0,0,0,0,0,0,0
1785580820.960460208,0,0,0,0,0,0,0,0,0,0,0,0,431974748,388379790,0,0,0,0,0,0,0,0,0,0,0
1785580821.982807063,0,0,0,0,0,0,0,0,0,0,0,0,431977814,388382842,0,0,0,0,0,0,0,0,0,0,0
1785580823.004929065,0,0,0,0,0,0,0,0,0,0,0,0,431980880,388385893,0,0,0,0,0,0,0,0,0,0,0
1785580824.024162987,0,0,0,0,0,0,0,0,0,0,0,0,431983938,388388890,0,0,0,0,0,0,0,0,0,0,0
1785580825.045497379,0,0,0,0,0,0,0,0,0,0,0,0,431986997,388391889,0,0,0,0,0,0,0,0,0,0,0
1785580826.069095554,0,0,0,0,0,0,0,0,0,0,0,0,431990067,388394898,0,0,0,0,0,0,0,0,0,0,0
1785580827.088737681,0,0,0,0,0,0,0,0,0,0,0,0,431993131,388397943,0,0,0,0,0,0,0,0,0,0,0
1785580828.107206044,0,195623,0,0,0,0,0,196434,44798,701200,0,0,431996106,388400331,0,0,0,197522,68754,895100,0,21493,2613,0,0
1785580829.120474143,0,1000064,0,0,0,0,0,1000064,29464,540800,0,0,431998896,388402006,0,0,0,1000064,51060,810600,0,20838,756,0,0
1785580830.137768457,0,1000064,0,0,0,0,0,1000064,29464,540800,0,0,432001941,388404981,0,0,0,1000064,51060,810600,0,20838,756,0,0
1785580831.160218646,0,1000064,0,0,0,0,0,1000064,29464,540800,0,0,432005005,388407983,0,0,0,1000064,51060,810600,0,20838,756,0,0
1785580832.183431760,0,1000064,0,0,0,0,0,1000064,29464,540800,0,0,432008076,388411010,0,0,0,1000064,51060,810600,0,20838,756,0,0
1785580833.205990893,0,1000064,0,0,0,0,0,1000064,29464,540800,0,0,432011141,388414061,0,0,0,1000064,51060,810600,0,20838,756,0,0
1785580834.235313168,2605077,1000064,2605077,0,2608312,16249,57100,1000064,29464,540800,0,0,432014222,388416007,2620643,29520,106600,1000064,51060,810600,13323,20838,756,0,451806
1785580835.263781567,10524584,1000064,10524584,0,10527900,15192,53100,1000064,29464,540800,0,0,432017311,388416010,10538442,27964,94700,1000064,51060,810600,12783,20838,756,0,1827161
1785580836.291816982,18223810,1000064,18223810,0,18226367,15136,52900,1000064,29464,540800,0,0,432020392,388416019,18235922,27998,93800,1000064,51060,810600,12866,20838,756,0,3165763
1785580837.321797776,25956252,1000064,25956252,0,25959828,15076,52300,1000064,29464,540800,0,0,432023481,388416027,25969329,27997,93300,1000064,51060,810600,12924,20838,756,0,4509824
1785580838.347483111,33884786,1000064,33884786,0,33887331,15032,52300,1000064,29464,540800,0,0,432026558,388416030,33896365,27879,92700,1000064,51060,810600,12849,20838,756,0,5885178
1785580839.373409180,42015394,1000064,42015394,0,42018319,15015,52400,1000064,29464,540800,0,0,432029634,388416031,42027405,27783,92100,1000064,51060,810600,12769,20838,756,0,7294724
1785580840.400915921,50188744,1000064,50188744,0,50191892,14989,52500,1000064,29464,540800,0,0,432032714,388416034,50203306,27680,91800,1000064,51060,810600,12692,20838,756,0,8711734
1785580841.429043877,58264470,1000064,58264470,0,58267317,14977,52500,1000064,29464,540800,0,0,432035794,388416037,58277254,27632,91400,1000064,51060,810600,12656,20838,756,0,10111842
1785580842.456503617,66014808,1000064,66014808,0,66017036,14986,52500,1000064,29464,540800,0,0,432038877,388416046,66026032,27678,91600,1000064,51060,810600,12693,20838,756,0,11458670
1785580843.485177379,73711097,1000064,73711097,0,73713828,15006,52500,1000064,29464,540800,0,0,432041959,388416048,73722401,27734,91700,1000064,51060,810600,12728,20838,756,0,12796398
1785580844.509046890,81731444,1000064,81731444,0,81734742,14980,52400,1000064,29464,540800,0,0,432045029,388416050,81744538,27686,91400,1000064,51060,810600,12706,20838,756,0,14187034
1785580845.542719928,89764489,1000064,89764489,0,89767361,14965,52400,1000064,29464,540800,0,0,432048121,388416051,89777216,27656,91300,1000064,51060,810600,12691,20838,756,0,15580845
1785580846.571145661,97950898,1000064,97950898,0,97953809,14961,52400,1000064,29464,540800,0,0,432051212,388416055,97970237,27624,91100,1000064,51060,810600,12665,20838,756,0,16999929
1785580847.607061246,106034974,1000064,106034974,0,106037426,14963,52500,1000064,29464,540800,0,0,432054318,388416058,106046902,27612,91000,1000064,51060,810600,12650,20838,756,0,18401970
1785580848.631404955,113762177,1000064,113762177,0,113764882,14968,52500,1000064,29464,540800,0,0,432057388,388416064,113775247,27645,91100,1000064,51060,810600,12677,20838,756,0,19743265
1785580849.658800279,121536093,1000064,121536093,0,121538768,14976,52500,1000064,29464,540800,0,0,432060471,388416067,121547794,27669,91100,1000064,51060,810600,12693,20838,756,0,21094270
1785580850.684215330,129588712,1000064,129588712,0,129591746,14966,52500,1000064,29464,540800,0,0,432063543,388416072,129601469,27644,91100,1000064,51060,810600,12679,20838,756,0,22490498
1785580851.713003608,137738392,1000064,137738392,0,137741768,14959,52500,1000064,29464,540800,0,0,432066622,388416076,137751425,27619,90900,1000064,51060,810600,12660,20838,756,0,23901264
1785580852.737530658,145886853,1000064,145886853,0,145889518,14954,52500,1000064,29464,540800,0,0,432069698,388416079,145899615,27599,90800,1000064,51060,810600,12645,20838,756,0,25314214
1785580853.767439834,153826965,1000064,153826965,0,153830900,14956,52500,1000064,29464,540800,0,0,432072785,388416086,153842244,27606,90800,1000064,51060,810600,12650,20838,756,0,26692353
1785580854.796459821,161617580,1000064,161617580,0,161622153,14960,52500,1000064,29464,540800,0,0,432075871,388416095,161636656,27620,90900,1000064,51060,810600,12660,20838,756,0,28044880
1785580855.821561976,169229530,1000064,169229530,0,169233108,14960,52400,1000064,29464,540800,0,0,432078943,388416106,169244892,27642,91000,1000064,51060,810600,12682,20838,756,0,29368260
1785580856.846461461,177181998,1000064,177181998,0,177184630,14951,52400,1000064,29464,540800,0,0,432082017,388416109,177193362,27632,91000,1000064,51060,810600,12681,20838,756,0,30747885
1785580857.880054790,185175009,1000064,185175009,0,185179261,14947,52400,1000064,29464,540800,0,0,432085109,388416111,185194600,27623,90900,1000064,51060,810600,12676,20838,756,0,32135322
1785580858.907643442,192978548,1000064,192978548,0,192982998,14943,52400,1000064,29464,540800,0,0,432088194,388416113,192998150,27626,91000,1000064,51060,810600,12682,20838,756,0,33491320
1785580859.934270857,200822329,1000064,200822329,0,200824999,14940,52400,1000064,29464,540800,0,0,432091270,388416115,200834915,27630,91000,1000064,51060,810600,12689,20838,756,0,34851709
1785580860.969125960,208620231,1000064,208620231,0,208624852,14944,52400,1000064,29464,540800,0,0,432094376,388416135,208637004,27643,91000,1000064,51060,810600,12699,20838,756,0,36206886
1785580861.994079637,216502517,1000064,216502517,0,216505006,14943,52400,1000064,29464,540800,0,0,432097444,388416139,216513969,27646,91000,1000064,51060,810600,12703,20838,756,0,37574717
1785580863.028177193,224495291,1000064,224495291,0,224499290,14938,52300,1000064,29464,540800,0,0,432100538,388416142,224511025,27637,91000,1000064,51060,810600,12698,20838,756,0,38961020
1785580864.051944281,231167756,1000064,231167756,0,231167756,14932,52300,1000064,29464,540800,0,0,432103615,388416700,231167756,27622,90900,1000064,51060,810600,12690,20838,756,0,40116007
1785580865.074830325,231167756,1000064,231167756,0,231167756,14932,52300,1000064,29464,540800,0,0,432106683,388419752,231167756,27622,90900,1000064,51060,810600,12690,20838,756,0,40116007
1785580866.097744014,231167756,1000064,231167756,0,231167756,14932,52300,1000064,29464,540800,0,0,432109748,388422741,231167756,27622,90900,1000064,51060,810600,12690,20838,756,0,40116007
1785580867.118806784,231167756,1000064,231167756,0,231167756,14932,52300,1000064,29464,540800,0,0,432112810,388425704,231167756,27622,90900,1000064,51060,810600,12690,20838,756,0,40116007
1785580868.141924035,231167756,1000064,231167756,0,231167756,14932,52300,1000064,29464,540800,0,0,432115877,388428735,231167756,27622,90900,1000064,51060,810600,12690,20838,756,0,40116007
1785580869.164475936,231167756,1000064,231167756,0,231167756,14932,52300,1000064,29464,540800,0,0,432118941,388431763,231167756,27622,90900,1000064,51060,810600,12690,20838,756,0,40116007
1785580870.187721186,231167756,1000064,231167756,0,231167756,14932,52300,1000064,29464,540800,0,0,432122009,388434819,231167756,27622,90900,1000064,51060,810600,12690,20838,756,0,40116007
1785580871.207133691,231167756,1000064,231167756,0,231167756,14932,52300,1000064,29464,540800,0,0,432125073,388437867,231167756,27622,90900,1000064,51060,810600,12690,20838,756,0,40116007
1785580872.225484180,231167756,1000064,231167756,0,231167756,14932,52300,1000064,29464,540800,0,0,432128120,388440844,231167756,27622,90900,1000064,51060,810600,12690,20838,756,0,40116007
1785580873.248510225,231167756,1000064,231167756,0,231167756,14932,52300,1000064,29464,540800,0,0,432131185,388443811,231167756,27622,90900,1000064,51060,810600,12690,20838,756,0,40116007
1785580874.272072529,231167756,1000064,231167756,0,231167756,14932,52300,1000064,29464,540800,0,0,432134254,388446863,231167756,27622,90900,1000064,51060,810600,12690,20838,756,0,40116007
1785580875.295424229,231167756,1000064,231167756,0,231167756,14932,52300,1000064,29464,540800,0,0,432137324,388449917,231167756,27622,90900,1000064,51060,810600,12690,20838,756,0,40116007
1785580876.318980160,231167756,1000064,231167756,0,231167756,14932,52300,1000064,29464,540800,0,0,432140394,388452972,231167756,27622,90900,1000064,51060,810600,12690,20838,756,0,40116007
1785580877.341815636,231167756,1000064,231167756,0,231167756,14932,52300,1000064,29464,540800,0,0,432143457,388456017,231167756,27622,90900,1000064,51060,810600,12690,20838,756,0,40116007
1785580878.364790025,231167756,1000064,231167756,0,231167756,14932,52300,1000064,29464,540800,0,0,432146529,388459001,231167756,27622,90900,1000064,51060,810600,12690,20838,756,0,40116007
1785580879.385568898,231167756,1000064,231167756,0,231167756,14932,52300,1000064,29464,540800,0,0,432149588,388461963,231167756,27622,90900,1000064,51060,810600,12690,20838,756,0,40116007
1785580880.409354840,231167756,1000064,231167756,0,231167756,14932,52300,1000064,29464,540800,0,0,432152659,388465017,231167756,27622,90900,1000064,51060,810600,12690,20838,756,0,40116007
1785580881.432464863,231167756,1000064,231167756,0,231167756,14932,52300,1000064,29464,540800,0,0,432155727,388468070,231167756,27622,90900,1000064,51060,810600,12690,20838,756,0,40116007
1785580882.455754440,231167756,1000064,231167756,0,231167756,14932,52300,1000064,29464,540800,0,0,432158796,388471123,231167756,27622,90900,1000064,51060,810600,12690,20838,756,0,40116007
1785580883.478268317,231167756,1000064,231167756,0,231167756,14932,52300,1000064,29464,540800,0,0,432161862,388474159,231167756,27622,90900,1000064,51060,810600,12690,20838,756,0,40116007
1785580884.499769994,231167756,1000064,231167756,0,231167756,14932,52300,1000064,29464,540800,0,0,432164926,388477126,231167756,27622,90900,1000064,51060,810600,12690,20838,756,0,40116007
1785580885.521575519,231167756,1000064,231167756,0,231167756,14932,52300,1000064,29464,540800,0,0,432167992,388480133,231167756,27622,90900,1000064,51060,810600,12690,20838,756,0,40116007
1785580886.545235924,231167756,1000064,231167756,0,231167756,14932,52300,1000064,29464,540800,0,0,432171056,388483182,231167756,27622,90900,1000064,51060,810600,12690,20838,756,0,40116007
1785580887.568661545,231167756,1000064,231167756,0,231167756,14932,52300,1000064,29464,540800,0,0,432174127,388486235,231167756,27622,90900,1000064,51060,810600,12690,20838,756,0,40116007
1785580888.600496816,232789829,1180358,232789829,0,232792049,14934,52300,1180998,27536,362900,3,0,432177217,388488408,232799584,27677,91300,1181907,45966,760500,12742,17744,694,0,40418245
1785580889.628446039,238985781,1868794,238985781,0,238988409,14919,52200,1869532,23075,187000,17,0,432180301,388488417,238996424,27805,91600,1870417,35075,574300,12885,11449,554,0,41573303
1785580890.657422956,245062393,2543969,245062393,0,245064993,14914,52200,2544729,21133,145300,30,0,432183378,388488431,245073436,27943,92100,2545659,30206,277400,13028,8584,490,0,42707835
1785580891.679458439,251263740,3233016,251263740,0,251265942,14903,52100,3233646,19899,123300,45,0,432186443,388488442,251272768,28057,92400,3234467,27239,212300,13154,6893,446,0,43864608
1785580892.708981121,257596290,3936625,257596290,0,257598551,14888,52000,3937296,19040,109400,56,0,432189525,388488453,257606290,28158,92700,3938204,25232,180400,13269,5775,417,0,45045026
1785580893.743572077,264019254,4650294,264019254,0,264022893,14876,52000,4651291,18450,100000,70,0,432192623,388488463,264033009,28260,92900,4652352,23831,160200,13383,4985,395,0,46242208
1785580894.766215183,270470085,5367048,270470085,0,270472228,14867,51900,5367630,18003,93400,82,0,432195689,388488468,270478613,28354,93200,5368404,22783,145800,13486,4401,378,0,47444256
1785580895.797976630,276700772,6059342,276700772,0,276703443,14860,51900,6060069,17717,89000,96,0,432198776,388488481,276711121,28455,93400,6060985,22057,135600,13594,3970,368,0,48606003
1785580896.825359402,282868412,6744646,282868412,0,282871829,14852,51800,6745521,17504,85800,114,0,432201852,388488492,282880186,28553,93700,6746388,21501,127700,13701,3633,362,0,49756627
1785580897.853692872,289104584,7437549,289104584,0,289107541,14841,51800,7438314,17298,83100,124,0,432204928,388488499,289115266,28638,93900,7439203,21010,120900,13796,3355,355,0,50919902
1785580898.878318483,295456892,8143363,295456892,0,295458964,14831,51700,8143913,17110,80700,136,0,432208004,388488506,295464739,28714,94100,8144607,20580,115200,13883,3120,349,0,52103983
1785580899.904504564,301792206,8847281,301792206,0,301795143,14822,51700,8848047,16967,79000,152,0,432211077,388488514,301802887,28793,94300,8848971,20233,110200,13970,2921,343,0,53284745
1785580900.934744242,308205085,9559825,308205085,0,308208137,14812,51600,9560606,16827,77400,167,0,432214163,388488520,308216632,28863,94400,9561649,19917,106000,14050,2750,338,0,54480532
1785580901.968371526,314439417,10252531,314439417,0,314443495,14805,51600,10253451,16742,76300,178,0,432217259,388488535,314452140,28942,94700,10254368,19687,102600,14136,2608,336,0,55642737
1785580903.000671377,320553170,10931840,320553170,0,320557152,14799,51500,10932762,16676,75400,190,0,432220349,388488552,320566410,29020,94900,10933888,19497,99900,14221,2485,334,0,56783871
1785580904.028199725,326999690,11648112,326999690,0,327003014,14791,51500,11648876,16577,74400,207,0,432223426,388488558,327010448,29081,95000,11649779,19278,97100,14290,2371,330,0,57985207
1785580905.062700429,333423842,12361915,333423842,0,333427038,14783,51400,12362763,16487,73600,229,0,432226526,388488563,333436142,29139,95200,12363915,19084,94700,14356,2269,326,0,59181918
1785580906.089193503,339846421,13075533,339846421,0,339849998,14776,51400,13076382,16412,72800,237,0,432229602,388488571,339858358,29197,95300,13077364,18916,92500,14421,2179,323,0,60378791
1785580907.119347186,346231856,13785031,346231856,0,346235256,14770,51400,13785877,16347,72200,252,0,432232688,388488580,346244342,29254,95400,13786988,18768,90700,14484,2099,320,0,61568784
1785580908.151870941,352417511,14472321,352417511,0,352421347,14766,51300,14473225,16314,71700,264,0,432235779,388488592,352430062,29321,95600,14474262,18666,89100,14553,2030,320,0,62722977
1785580909.180494077,358600586,15159326,358600586,0,358604471,14763,51300,15160244,16282,71300,281,0,432238856,388488613,358613154,29384,95700,15161171,18571,87800,14621,1967,320,0,63876064
1785580910.205092609,364859646,15854774,364859646,0,364862959,14756,51200,15855564,16236,70800,297,0,432241928,388488621,364871885,29436,95900,15856652,18465,86500,14679,1909,318,0,65042775
1785580911.232264170,371264165,16566394,371264165,0,371267560,14749,51200,16567134,16184,70400,312,0,432245003,388488623,371274988,29482,96000,16568078,18356,85300,14732,1854,316,0,66236781
1785580912.260391946,377572718,17267346,377572718,0,377576389,14743,51200,17268143,16143,70000,323,0,432248082,388488628,377584293,29529,96100,17269142,18264,84300,14786,1805,314,0,67413359
1785580913.292117304,383871558,17967212,383871558,0,383875293,14737,51100,17968101,16108,69700,331,0,432251172,388488634,383885351,29576,96200,17969510,18182,83300,14839,1759,313,0,68587843
1785580914.323334735,389944500,18641988,389944500,0,389947229,14736,51100,18642526,16093,69500,339,0,432254260,388488647,389952462,29635,96400,18643269,18128,82600,14898,1720,313,0,69720895
1785580915.351230726,396165608,19333218,396165608,0,396169146,14732,51100,19333932,16067,69300,353,0,432257341,388488659,396176345,29682,96500,19334986,18063,81800,14950,1682,312,0,70881323
1785580916.375478695,402538003,20041263,402538003,0,402540777,14727,51100,20041814,16036,69000,365,0,432260404,388488665,402546251,29724,96600,20042572,17993,81100,14996,1644,311,0,72068392
1785580917.405382401,408867109,20744500,408867109,0,408870915,14723,51000,20745330,16009,68700,381,0,432263494,388488690,408880295,29766,96700,20746578,17931,80400,15043,1610,310,0,73248143
1785580918.424971868,414445962,21364365,414445962,0,414447147,14718,51000,21364365,15980,68500,395,0,432266551,388489092,414445962,29798,96800,21364365,17872,79800,15078,1581,309,0,74287239
1785580919.443474675,414445962,21364365,414445962,0,414447147,14718,51000,21364365,15980,68500,395,0,432269603,388492105,414445962,29798,96800,21364365,17872,79800,15078,1581,309,0,74287239
1785580920.465753470,414445962,21364365,414445962,0,414447147,14718,51000,21364365,15980,68500,395,0,432272667,388495059,414445962,29798,96800,21364365,17872,79800,15078,1581,309,0,74287239
1785580921.489580337,414445962,21364365,414445962,0,414447147,14718,51000,21364365,15980,68500,395,0,432275734,388498079,414445962,29798,96800,21364365,17872,79800,15078,1581,309,0,74287239
1785580922.512441661,414445962,21364365,414445962,0,414447147,14718,51000,21364365,15980,68500,395,0,432278803,388501131,414445962,29798,96800,21364365,17872,79800,15078,1581,309,0,74287239
1785580923.535100486,414445962,21364365,414445962,0,414447147,14718,51000,21364365,15980,68500,395,0,432281872,388504182,414445962,29798,96800,21364365,17872,79800,15078,1581,309,0,74287239
1785580924.558320035,414445962,21364365,414445962,0,414447147,14718,51000,21364365,15980,68500,395,0,432284941,388507234,414445962,29798,96800,21364365,17872,79800,15078,1581,309,0,74287239
1785580925.581832236,414445962,21364365,414445962,0,414447147,14718,51000,21364365,15980,68500,395,0,432288010,388510237,414445962,29798,96800,21364365,17872,79800,15078,1581,309,0,74287239
1785580926.603845535,414445962,21364365,414445962,0,414447147,14718,51000,21364365,15980,68500,395,0,432291074,388513204,414445962,29798,96800,21364365,17872,79800,15078,1581,309,0,74287239
1785580927.624345203,414445962,21364365,414445962,0,414447147,14718,51000,21364365,15980,68500,395,0,432294139,388516211,414445962,29798,96800,21364365,17872,79800,15078,1581,309,0,74287239
1785580928.647467810,414445962,21364365,414445962,0,414447147,14718,51000,21364365,15980,68500,395,0,432297208,388519263,414445962,29798,96800,21364365,17872,79800,15078,1581,309,0,74287239
1785580929.667864334,414445962,21364365,414445962,0,414447147,14718,51000,21364365,15980,68500,395,0,432300271,388522308,414445962,29798,96800,21364365,17872,79800,15078,1581,309,0,74287239
1785580930.691245801,414445962,21364365,414445962,0,414447147,14718,51000,21364365,15980,68500,395,0,432303338,388525337,414445962,29798,96800,21364365,17872,79800,15078,1581,309,0,74287239
1785580931.713957634,414445962,21364365,414445962,0,414447147,14718,51000,21364365,15980,68500,395,0,432306405,388528317,414445962,29798,96800,21364365,17872,79800,15078,1581,309,0,74287239
1785580932.734923376,414445962,21364365,414445962,0,414447147,14718,51000,21364365,15980,68500,395,0,432309468,388531312,414445962,29798,96800,21364365,17872,79800,15078,1581,309,0,74287239
1785580933.758897529,414445962,21364365,414445962,0,414447147,14718,51000,21364365,15980,68500,395,0,432312540,388534347,414445962,29798,96800,21364365,17872,79800,15078,1581,309,0,74287239
1785580934.782884243,414445962,21364365,414445962,0,414447147,14718,51000,21364365,15980,68500,395,0,432315608,388537401,414445962,29798,96800,21364365,17872,79800,15078,1581,309,0,74287239
1785580935.806162913,414445962,21364365,414445962,0,414447147,14718,51000,21364365,15980,68500,395,0,432318679,388540454,414445962,29798,96800,21364365,17872,79800,15078,1581,309,0,74287239
1785580936.829174510,414445962,21364365,414445962,0,414447147,14718,51000,21364365,15980,68500,395,0,432321748,388543501,414445962,29798,96800,21364365,17872,79800,15078,1581,309,0,74287239
1785580937.853002307,414445962,21364365,414445962,0,414447147,14718,51000,21364365,15980,68500,395,0,432324817,388546487,414445962,29798,96800,21364365,17872,79800,15078,1581,309,0,74287239
1785580938.876710147,414445962,21364365,414445962,0,414447147,14718,51000,21364365,15980,68500,395,0,432327884,388549471,414445962,29798,96800,21364365,17872,79800,15078,1581,309,0,74287239
1785580939.900248490,414445962,21364365,414445962,0,414447147,14718,51000,21364365,15980,68500,395,0,432330955,388552526,414445962,29798,96800,21364365,17872,79800,15078,1581,309,0,74287239
1785580940.924238219,414445962,21364365,414445962,0,414447147,14718,51000,21364365,15980,68500,395,0,432334025,388555559,414445962,29798,96800,21364365,17872,79800,15078,1581,309,0,74287239
1785580941.947562795,414445962,21364365,414445962,0,414447147,14718,51000,21364365,15980,68500,395,0,432337095,388558614,414445962,29798,96800,21364365,17872,79800,15078,1581,309,0,74287239
1785580942.966918511,414445962,21364365,414445962,0,414447147,14718,51000,21364365,15980,68500,395,0,432340160,388561635,414445962,29798,96800,21364365,17872,79800,15078,1581,309,0,74287239
1785580943.990233302,414445962,21364365,414445962,0,414447147,14718,51000,21364365,15980,68500,395,0,432343225,388564628,414445962,29798,96800,21364365,17872,79800,15078,1581,309,0,74287239
1785580945.013425511,414445962,21364365,414445962,0,414447147,14718,51000,21364365,15980,68500,395,0,432346294,388567619,414445962,29798,96800,21364365,17872,79800,15078,1581,309,0,74287239
1785580946.036858755,414445962,21364365,414445962,0,414447147,14718,51000,21364365,15980,68500,395,0,432349363,388570673,414445962,29798,96800,21364365,17872,79800,15078,1581,309,0,74287239
1785580947.061771629,414445962,21364365,414445962,0,414447147,14718,51000,21364365,15980,68500,395,0,432352438,388573731,414445962,29798,96800,21364365,17872,79800,15078,1581,309,0,74287239
1785580948.085549507,414445962,21364365,414445962,0,414447147,14718,51000,21364365,15980,68500,395,0,432355508,388576786,414445962,29798,96800,21364365,17872,79800,15078,1581,309,0,74287239
1785580949.108103906,414445962,21364365,414445962,0,414447147,14718,51000,21364365,15980,68500,395,0,432358575,388579792,414445962,29798,96800,21364365,17872,79800,15078,1581,309,0,74287239
1785580950.130478478,414445962,21364365,414445962,0,414447147,14718,51000,21364365,15980,68500,395,0,432361643,388582789,414445962,29798,96800,21364365,17872,79800,15078,1581,309,0,74287239
1785580951.154272981,414445962,21364365,414445962,0,414447147,14718,51000,21364365,15980,68500,395,0,432364712,388585777,414445962,29798,96800,21364365,17872,79800,15078,1581,309,0,74287239
1785580952.178358554,414445962,21364365,414445962,0,414447147,14718,51000,21364365,15980,68500,395,0,432367784,388588832,414445962,29798,96800,21364365,17872,79800,15078,1581,309,0,74287239
1785580953.202249618,414445962,21364365,414445962,0,414447147,14718,51000,21364365,15980,68500,395,0,432370854,388591885,414445962,29798,96800,21364365,17872,79800,15078,1581,309,0,74287239
1785580954.225742128,414445962,21364365,414445962,0,414447147,14718,51000,21364365,15980,68500,395,0,432373925,388594940,414445962,29798,96800,21364365,17872,79800,15078,1581,309,0,74287239
1785580955.249892519,414445962,21364365,414445962,0,414447147,14718,51000,21364365,15980,68500,395,0,432376997,388597935,414445962,29798,96800,21364365,17872,79800,15078,1581,309,0,74287239
1785580956.274839095,414445962,21364365,414445962,0,414447147,14718,51000,21364365,15980,68500,395,0,432380070,388600930,414445962,29798,96800,21364365,17872,79800,15078,1581,309,0,74287239
1785580957.300155838,414445962,21364365,414445962,0,414447147,14718,51000,21364365,15980,68500,395,0,432383140,388603966,414445962,29798,96800,21364365,17872,79800,15078,1581,309,0,74287239
1785580958.323434262,414445962,21364365,414445962,0,414447147,14718,51000,21364365,15980,68500,395,0,432386214,388607024,414445962,29798,96800,21364365,17872,79800,15078,1581,309,0,74287239
1785580959.347203505,414445962,21364365,414445962,0,414447147,14718,51000,21364365,15980,68500,395,0,432389285,388610077,414445962,29798,96800,21364365,17872,79800,15078,1581,309,0,74287239
1785580960.369468349,414445962,21364365,414445962,0,414447147,14718,51000,21364365,15980,68500,395,0,432392353,388613126,414445962,29798,96800,21364365,17872,79800,15078,1581,309,0,74287239
1785580961.391710140,414445962,21364365,414445962,0,414447147,14718,51000,21364365,15980,68500,395,0,432395415,388616084,414445962,29798,96800,21364365,17872,79800,15078,1581,309,0,74287239
1785580962.414577111,414445962,21364365,414445962,0,414447147,14718,51000,21364365,15980,68500,395,0,432398482,388619065,414445962,29798,96800,21364365,17872,79800,15078,1581,309,0,74287239
1785580963.438463205,414445962,21364365,414445962,0,414447147,14718,51000,21364365,15980,68500,395,0,432401553,388622119,414445962,29798,96800,21364365,17872,79800,15078,1581,309,0,74287239
1785580964.461394077,414445962,21364365,414445962,0,414447147,14718,51000,21364365,15980,68500,395,0,432404622,388625171,414445962,29798,96800,21364365,17872,79800,15078,1581,309,0,74287239
1785580965.484664637,414445962,21364365,414445962,0,414447147,14718,51000,21364365,15980,68500,395,0,432407692,388628224,414445962,29798,96800,21364365,17872,79800,15078,1581,309,0,74287239
1785580966.506428124,414445962,21364365,414445962,0,414447147,14718,51000,21364365,15980,68500,395,0,432410755,388631250,414445962,29798,96800,21364365,17872,79800,15078,1581,309,0,74287239
1785580967.531410863,414445962,21364365,414445962,0,414447147,14718,51000,21364365,15980,68500,395,0,432413829,388634250,414445962,29798,96800,21364365,17872,79800,15078,1581,309,0,74287239
1785580968.555092075,414445962,21364365,414445962,0,414447147,14718,51000,21364365,15980,68500,395,0,432416899,388637242,414445962,29798,96800,21364365,17872,79800,15078,1581,309,0,74287239
1785580969.578704436,414445962,21364365,414445962,0,414447147,14718,51000,21364365,15980,68500,395,0,432419970,388640295,414445962,29798,96800,21364365,17872,79800,15078,1581,309,0,74287239
1785580970.602546856,414445962,21364365,414445962,0,414447147,14718,51000,21364365,15980,68500,395,0,432423041,388643350,414445962,29798,96800,21364365,17872,79800,15078,1581,309,0,74287239
1785580971.625166707,414445962,21364365,414445962,0,414447147,14718,51000,21364365,15980,68500,395,0,432426107,388646381,414445962,29798,96800,21364365,17872,79800,15078,1581,309,0,74287239
1785580972.648179280,414445962,21364365,414445962,0,414447147,14718,51000,21364365,15980,68500,395,0,432429175,388649394,414445962,29798,96800,21364365,17872,79800,15078,1581,309,0,74287239
1785580973.668116039,414445962,21364365,414445962,0,414447147,14718,51000,21364365,15980,68500,395,0,432432237,388652378,414445962,29798,96800,21364365,17872,79800,15078,1581,309,0,74287239
1785580974.691069740,414445962,21364365,414445962,0,414447147,14718,51000,21364365,15980,68500,395,0,432435301,388655385,414445962,29798,96800,21364365,17872,79800,15078,1581,309,0,74287239
1785580975.714545317,414445962,21364365,414445962,0,414447147,14718,51000,21364365,15980,68500,395,0,432438372,388658438,414445962,29798,96800,21364365,17872,79800,15078,1581,309,0,74287239
1785580976.735976334,414445962,21364365,414445962,0,414447147,14718,51000,21364365,15980,68500,395,0,432441434,388661487,414445962,29798,96800,21364365,17872,79800,15078,1581,309,0,74287239
1785580977.758820301,414445962,21364365,414445962,0,414447147,14718,51000,21364365,15980,68500,395,0,432444503,388664538,414445962,29798,96800,21364365,17872,79800,15078,1581,309,0,74287239
1785580978.782507305,414445962,21364365,414445962,0,414447147,14718,51000,21364365,15980,68500,395,0,432447569,388667539,414445962,29798,96800,21364365,17872,79800,15078,1581,309,0,74287239
1785580979.805519231,414445962,21364365,414445962,0,414447147,14718,51000,21364365,15980,68500,395,0,432450638,388670528,414445962,29798,96800,21364365,17872,79800,15078,1581,309,0,74287239
1785580980.829143226,414445962,21364365,414445962,0,414447147,14718,51000,21364365,15980,68500,395,0,432453708,388673560,414445962,29798,96800,21364365,17872,79800,15078,1581,309,0,74287239
1785580981.851512244,414445962,21364365,414445962,0,414447147,14718,51000,21364365,15980,68500,395,0,432456774,388676600,414445962,29798,96800,21364365,17872,79800,15078,1581,309,0,74287239
1785580982.876114563,414445962,21364365,414445962,0,414447147,14718,51000,21364365,15980,68500,395,0,432459848,388679644,414445962,29798,96800,21364365,17872,79800,15078,1581,309,0,74287239
1785580983.900356254,414445962,21364365,414445962,0,414447147,14718,51000,21364365,15980,68500,395,0,432462920,388682699,414445962,29798,96800,21364365,17872,79800,15078,1581,309,0,74287239
1785580984.924658399,414445962,21364365,414445962,0,414447147,14718,51000,21364365,15980,68500,395,0,432465990,388685686,414445962,29798,96800,21364365,17872,79800,15078,1581,309,0,74287239
1785580985.947188923,414445962,21364365,414445962,0,414447147,14718,51000,21364365,15980,68500,395,0,432469057,388688670,414445962,29798,96800,21364365,17872,79800,15078,1581,309,0,74287239
1785580986.969987060,414445962,21364365,414445962,0,414447147,14718,51000,21364365,15980,68500,395,0,432472124,388691718,414445962,29798,96800,21364365,17872,79800,15078,1581,309,0,74287239
1785580987.993546903,414445962,21364365,414445962,0,414447147,14718,51000,21364365,15980,68500,395,0,432475193,388694771,414445962,29798,96800,21364365,17872,79800,15078,1581,309,0,74287239
1785580989.016914421,414445962,21364365,414445962,0,414447147,14718,51000,21364365,15980,68500,395,0,432478263,388697824,414445962,29798,96800,21364365,17872,79800,15078,1581,309,0,74287239
1785580990.040147109,414445962,21364365,414445962,0,414447147,14718,51000,21364365,15980,68500,395,0,432481332,388700864,414445962,29798,96800,21364365,17872,79800,15078,1581,309,0,74287239
1785580991.063088495,414445962,21364365,414445962,0,414447147,14718,51000,21364365,15980,68500,395,0,432484401,388703826,414445962,29798,96800,21364365,17872,79800,15078,1581,309,0,74287239
1785580992.083239314,414445962,21364365,414445962,0,414447147,14718,51000,21364365,15980,68500,395,0,432487459,388706799,414445962,29798,96800,21364365,17872,79800,15078,1581,309,0,74287239
1785580993.105046050,414445962,21364365,414445962,0,414447147,14718,51000,21364365,15980,68500,395,0,432490523,388709827,414445962,29798,96800,21364365,17872,79800,15078,1581,309,0,74287239
1785580994.129023611,414445962,21364365,414445962,0,414447147,14718,51000,21364365,15980,68500,395,0,432493595,388712882,414445962,29798,96800,21364365,17872,79800,15078,1581,309,0,74287239
1785580995.152696134,414445962,21364365,414445962,0,414447147,14718,51000,21364365,15980,68500,395,0,432496667,388715937,414445962,29798,96800,21364365,17872,79800,15078,1581,309,0,74287239
1785580996.176320881,414445962,21364365,414445962,0,414447147,14718,51000,21364365,15980,68500,395,0,432499737,388718982,414445962,29798,96800,21364365,17872,79800,15078,1581,309,0,74287239
1785580997.198122999,414445962,21364365,414445962,0,414447147,14718,51000,21364365,15980,68500,395,0,432502805,388721946,414445962,29798,96800,21364365,17872,79800,15078,1581,309,0,74287239
1785580998.221541470,414445962,21364365,414445962,0,414447147,14718,51000,21364365,15980,68500,395,0,432505873,388724952,414445962,29798,96800,21364365,17872,79800,15078,1581,309,0,74287239
1785580999.245917833,414445962,21364365,414445962,0,414447147,14718,51000,21364365,15980,68500,395,0,432508944,388728008,414445962,29798,96800,21364365,17872,79800,15078,1581,309,0,74287239
1785581000.267827541,414445962,21364365,414445962,0,414447147,14718,51000,21364365,15980,68500,395,0,432512009,388731053,414445962,29798,96800,21364365,17872,79800,15078,1581,309,0,74287239
1785581001.291354277,414445962,21364365,414445962,0,414447147,14718,51000,21364365,15980,68500,395,0,432515079,388734088,414445962,29798,96800,21364365,17872,79800,15078,1581,309,0,74287239
1785581002.312417905,414445962,21364365,414445962,0,414447147,14718,51000,21364365,15980,68500,395,0,432518140,388737106,414445962,29798,96800,21364365,17872,79800,15078,1581,309,0,74287239
1785581003.333772230,414445962,21364365,414445962,0,414447147,14718,51000,21364365,15980,68500,395,0,432521203,388740053,414445962,29798,96800,21364365,17872,79800,15078,1581,309,0,74287239
1785581004.356920829,414445962,21364365,414445962,0,414447147,14718,51000,21364365,15980,68500,395,0,432524271,388743077,414445962,29798,96800,21364365,17872,79800,15078,1581,309,0,74287239
1785581005.381517388,414445962,21364365,414445962,0,414447147,14718,51000,21364365,15980,68500,395,0,432527344,388746135,414445962,29798,96800,21364365,17872,79800,15078,1581,309,0,74287239
1785581006.405341046,414445962,21364365,414445962,0,414447147,14718,51000,21364365,15980,68500,395,0,432530413,388749189,414445962,29798,96800,21364365,17872,79800,15078,1581,309,0,74287239
1785581007.429647714,414445962,21364365,414445962,0,414447147,14718,51000,21364365,15980,68500,395,0,432533487,388752246,414445962,29798,96800,21364365,17872,79800,15078,1581,309,0,74287239
1785581008.453252868,414445962,21364365,414445962,0,414447147,14718,51000,21364365,15980,68500,395,0,432536555,388755252,414445962,29798,96800,21364365,17872,79800,15078,1581,309,0,74287239
1785581009.477351204,414445962,21364365,414445962,0,414447147,14718,51000,21364365,15980,68500,395,0,432539626,388758227,414445962,29798,96800,21364365,17872,79800,15078,1581,309,0,74287239
1785581010.501087310,414445962,21364365,414445962,0,414447147,14718,51000,21364365,15980,68500,395,0,432542696,388761271,414445962,29798,96800,21364365,17872,79800,15078,1581,309,0,74287239
1785581011.524239665,414445962,21364365,414445962,0,414447147,14718,51000,21364365,15980,68500,395,0,432545765,388764324,414445962,29798,96800,21364365,17872,79800,15078,1581,309,0,74287239
1785581012.545016844,414445962,21364365,414445962,0,414447147,14718,51000,21364365,15980,68500,395,0,432548825,388767369,414445962,29798,96800,21364365,17872,79800,15078,1581,309,0,74287239
1785581013.566293475,414445962,21364365,414445962,0,414447147,14718,51000,21364365,15980,68500,395,0,432551890,388770394,414445962,29798,96800,21364365,17872,79800,15078,1581,309,0,74287239
1785581014.589240260,414445962,21364365,414445962,0,414447147,14718,51000,21364365,15980,68500,395,0,432554954,388773373,414445962,29798,96800,21364365,17872,79800,15078,1581,309,0,74287239
1785581015.613427969,414445962,21364365,414445962,0,414447147,14718,51000,21364365,15980,68500,395,0,432558026,388776361,414445962,29798,96800,21364365,17872,79800,15078,1581,309,0,74287239
1785581016.636546248,414445962,21364365,414445962,0,414447147,14718,51000,21364365,15980,68500,395,0,432561096,388779415,414445962,29798,96800,21364365,17872,79800,15078,1581,309,0,74287239
1785581017.660471048,414445962,21364365,414445962,0,414447147,14718,51000,21364365,15980,68500,395,0,432564167,388782469,414445962,29798,96800,21364365,17872,79800,15078,1581,309,0,74287239
1785581018.683402894,414445962,21364365,414445962,0,414447147,14718,51000,21364365,15980,68500,395,0,432567236,388785523,414445962,29798,96800,21364365,17872,79800,15078,1581,309,0,74287239
1785581019.705270729,414445962,21364365,414445962,0,414447147,14718,51000,21364365,15980,68500,395,0,432570300,388788566,414445962,29798,96800,21364365,17872,79800,15078,1581,309,0,74287239
1785581020.727790173,414445962,21364365,414445962,0,414447147,14718,51000,21364365,15980,68500,395,0,432573364,388791535,414445962,29798,96800,21364365,17872,79800,15078,1581,309,0,74287239
1785581021.748533638,414445962,21364365,414445962,0,414447147,14718,51000,21364365,15980,68500,395,0,432576431,388794536,414445962,29798,96800,21364365,17872,79800,15078,1581,309,0,74287239
1785581022.771304146,414445962,21364365,414445962,0,414447147,14718,51000,21364365,15980,68500,395,0,432579493,388797583,414445962,29798,96800,21364365,17872,79800,15078,1581,309,0,74287239
1785581023.795207422,414445962,21364365,414445962,0,414447147,14718,51000,21364365,15980,68500,395,0,432582563,388800612,414445962,29798,96800,21364365,17872,79800,15078,1581,309,0,74287239
1785581024.819110842,414445962,21364365,414445962,0,414447147,14718,51000,21364365,15980,68500,395,0,432585634,388803665,414445962,29798,96800,21364365,17872,79800,15078,1581,309,0,74287239
1785581025.842441326,414445962,21364365,414445962,0,414447147,14718,51000,21364365,15980,68500,395,0,432588706,388806690,414445962,29798,96800,21364365,17872,79800,15078,1581,309,0,74287239
1785581026.865528999,414445962,21364365,414445962,0,414447147,14718,51000,21364365,15980,68500,395,0,432591772,388809662,414445962,29798,96800,21364365,17872,79800,15078,1581,309,0,74287239
1785581027.888692520,414445962,21364365,414445962,0,414447147,14718,51000,21364365,15980,68500,395,0,432594839,388812667,414445962,29798,96800,21364365,17872,79800,15078,1581,309,0,74287239
1785581032.952373171,0,0,0,0,0,0,0,0,0,0,0,0,432610018,388827574,0,0,0,0,0,0,0,0,0,0,0
1785581033.975047233,0,0,0,0,0,0,0,0,0,0,0,0,432613082,388830582,0,0,0,0,0,0,0,0,0,0,0
1785581034.997811949,0,0,0,0,0,0,0,0,0,0,0,0,432616151,388833635,0,0,0,0,0,0,0,0,0,0,0
1785581036.020806710,0,0,0,0,0,0,0,0,0,0,0,0,432619218,388836689,0,0,0,0,0,0,0,0,0,0,0
1785581037.043307062,0,0,0,0,0,0,0,0,0,0,0,0,432622285,388839740,0,0,0,0,0,0,0,0,0,0,0
1785581038.065812297,0,0,0,0,0,0,0,0,0,0,0,0,432625350,388842730,0,0,0,0,0,0,0,0,0,0,0
1785581039.087455952,0,0,0,0,0,0,0,0,0,0,0,0,432628416,388845701,0,0,0,0,0,0,0,0,0,0,0
1785581040.108062006,0,0,0,0,0,0,0,0,0,0,0,0,432631478,388848752,0,0,0,0,0,0,0,0,0,0,0
1785581041.130349612,0,0,0,0,0,0,0,0,0,0,0,0,432634542,388851799,0,0,0,0,0,0,0,0,0,0,0
1785581042.151816492,0,0,0,0,0,0,0,0,0,0,0,0,432637604,388854789,0,0,0,0,0,0,0,0,0,0,0
1785581043.168284024,0,0,0,0,0,0,0,0,0,0,0,0,432640656,388857815,0,0,0,0,0,0,0,0,0,0,0
1785581044.186563735,0,0,0,0,0,0,0,0,0,0,0,0,432643708,388860757,0,0,0,0,0,0,0,0,0,0,0
1785581045.206548935,0,0,0,0,0,0,0,0,0,0,0,0,432646771,388863747,0,0,0,0,0,0,0,0,0,0,0
1785581046.228310918,0,0,0,0,0,0,0,0,0,0,0,0,432649833,388866795,0,0,0,0,0,0,0,0,0,0,0
1785581047.249010480,0,0,0,0,0,0,0,0,0,0,0,0,432652896,388869842,0,0,0,0,0,0,0,0,0,0,0
1785581048.270992029,0,0,0,0,0,0,0,0,0,0,0,0,432655963,388872895,0,0,0,0,0,0,0,0,0,0,0
1785581049.293335251,0,0,0,0,0,0,0,0,0,0,0,0,432659026,388875924,0,0,0,0,0,0,0,0,0,0,0
1785581050.313533343,0,0,0,0,0,0,0,0,0,0,0,0,432662088,388878897,0,0,0,0,0,0,0,0,0,0,0
1785581051.336144232,0,0,0,0,0,0,0,0,0,0,0,0,432665151,388881874,0,0,0,0,0,0,0,0,0,0,0
1785581052.358859952,0,0,0,0,0,0,0,0,0,0,0,0,432668220,388884927,0,0,0,0,0,0,0,0,0,0,0
1785581053.381855237,0,0,0,0,0,0,0,0,0,0,0,0,432671287,388887978,0,0,0,0,0,0,0,0,0,0,0
1785581054.404383541,0,0,0,0,0,0,0,0,0,0,0,0,432674352,388891007,0,0,0,0,0,0,0,0,0,0,0
1785581055.424342796,0,0,0,0,0,0,0,0,0,0,0,0,432677411,388894015,0,0,0,0,0,0,0,0,0,0,0
1785581056.448014700,0,0,0,0,0,0,0,0,0,0,0,0,432680479,388897011,0,0,0,0,0,0,0,0,0,0,0
1785581057.470170814,0,0,0,0,0,0,0,0,0,0,0,0,432683546,388900025,0,0,0,0,0,0,0,0,0,0,0
1785581058.492397118,0,0,0,0,0,0,0,0,0,0,0,0,432686612,388903076,0,0,0,0,0,0,0,0,0,0,0
1785581059.513817468,0,0,0,0,0,0,0,0,0,0,0,0,432689677,388906125,0,0,0,0,0,0,0,0,0,0,0
1785581060.535700140,0,0,0,0,0,0,0,0,0,0,0,0,432692740,388909174,0,0,0,0,0,0,0,0,0,0,0
1785581061.556866023,0,0,0,0,0,0,0,0,0,0,0,0,432695802,388912169,0,0,0,0,0,0,0,0,0,0,0
1785581062.579696071,0,0,0,0,0,0,0,0,0,0,0,0,432698870,388915159,0,0,0,0,0,0,0,0,0,0,0
1785581063.600243863,0,0,0,0,0,0,0,0,0,0,0,0,432701929,388918182,0,0,0,0,0,0,0,0,0,0,0
1785581064.622902081,0,0,0,0,0,0,0,0,0,0,0,0,432704995,388921210,0,0,0,0,0,0,0,0,0,0,0
1785581065.643876278,0,0,0,0,0,0,0,0,0,0,0,0,432708057,388924259,0,0,0,0,0,0,0,0,0,0,0
1785581066.664859049,0,0,0,0,0,0,0,0,0,0,0,0,432711122,388927307,0,0,0,0,0,0,0,0,0,0,0
1785581067.687439578,0,0,0,0,0,0,0,0,0,0,0,0,432714186,388930287,0,0,0,0,0,0,0,0,0,0,0
1785581068.709152199,0,0,0,0,0,0,0,0,0,0,0,0,432717248,388933266,0,0,0,0,0,0,0,0,0,0,0
1785581069.732113642,0,0,0,0,0,0,0,0,0,0,0,0,432720315,388936317,0,0,0,0,0,0,0,0,0,0,0
1785581070.755238935,0,0,0,0,0,0,0,0,0,0,0,0,432723385,388939371,0,0,0,0,0,0,0,0,0,0,0
1785581071.777588681,0,0,0,0,0,0,0,0,0,0,0,0,432726453,388942423,0,0,0,0,0,0,0,0,0,0,0
1785581072.795931455,0,426968,0,0,0,0,0,427668,35270,653400,0,0,432729379,388944444,0,0,0,428179,58612,900300,0,22033,1328,0,0
1785581073.813219931,0,1000064,0,0,0,0,0,1000064,29761,541000,0,0,432732271,388946491,0,0,0,1000064,51749,835200,0,21230,755,0,0
1785581074.835153720,0,1000064,0,0,0,0,0,1000064,29761,541000,0,0,432735328,388949454,0,0,0,1000064,51749,835200,0,21230,755,0,0
1785581075.857790736,0,1000064,0,0,0,0,0,1000064,29761,541000,0,0,432738396,388952505,0,0,0,1000064,51749,835200,0,21230,755,0,0
1785581076.877324363,0,1000064,0,0,0,0,0,1000064,29761,541000,0,0,432741457,388955549,0,0,0,1000064,51749,835200,0,21230,755,0,0
1785581077.897254679,0,1000064,0,0,0,0,0,1000064,29761,541000,0,0,432744514,388958590,0,0,0,1000064,51749,835200,0,21230,755,0,0
1785581078.927691140,3914625,1000064,3914625,0,3917752,14942,52400,1000064,29761,541000,0,0,432747598,388959876,3928629,27099,96100,1000064,51749,835200,12180,21230,755,0,785169
1785581079.959817635,11202540,1000064,11202540,0,11206808,14499,50800,1000064,29761,541000,0,0,432750697,388959882,11217819,26394,90500,1000064,51749,835200,11903,21230,755,0,2246255
1785581080.987892061,18548459,1000064,18548459,0,18551862,14396,50400,1000064,29761,541000,0,0,432753780,388959886,18562684,26186,89500,1000064,51749,835200,11795,21230,755,0,3718993
1785581082.017895151,26336303,1000064,26336303,0,26338714,14318,50600,1000064,29761,541000,0,0,432756870,388959887,26348147,25859,88300,1000064,51749,835200,11544,21230,755,0,5277290
1785581083.048606825,34000415,1000064,34000415,0,34003139,14255,50700,1000064,29761,541000,0,0,432759960,388959888,34011974,25698,87700,1000064,51749,835200,11445,21230,755,0,6811322
1785581084.079857979,41717638,1000064,41717638,0,41720329,14213,51000,1000064,29761,541000,0,0,432763051,388959891,41730509,25590,87400,1000064,51749,835200,11378,21230,755,0,8355605
1785581085.103950109,49021664,1000064,49021664,0,49023994,14219,51200,1000064,29761,541000,0,0,432766121,388959902,49033580,25642,87500,1000064,51749,835200,11422,21230,755,0,9820367
1785581086.136045314,56474970,1000064,56474970,0,56478399,14217,51600,1000064,29761,541000,0,0,432769216,388959908,56487542,25639,87500,1000064,51749,835200,11423,21230,755,0,11314678
1785581087.158441829,63952510,1000064,63952510,0,63955043,14214,51800,1000064,29761,541000,0,0,432772282,388959912,63964613,25628,87500,1000064,51749,835200,11415,21230,755,0,12813033
1785581088.188187179,71600746,1000064,71600746,0,71603776,14200,52000,1000064,29761,541000,0,0,432775371,388959915,71616794,25579,87400,1000064,51749,835200,11379,21230,755,0,14344625
1785581089.213988170,79240538,1000064,79240538,0,79243528,14197,52200,1000064,29761,541000,0,0,432778449,388959921,79255937,25548,87200,1000064,51749,835200,11352,21230,755,0,15874483
1785581090.239230397,87011535,1000064,87011535,0,87014272,14180,52200,1000064,29761,541000,0,0,432781521,388959926,87025887,25497,86900,1000064,51749,835200,11317,21230,755,0,17429389
1785581091.268318099,94511807,1000064,94511807,0,94514218,14183,52400,1000064,29761,541000,0,0,432784605,388959935,94522785,25508,86900,1000064,51749,835200,11324,21230,755,0,18933106
1785581092.299291079,101841700,1000064,101841700,0,101845913,14182,52400,1000064,29761,541000,0,0,432787700,388959940,101859540,25529,87000,1000064,51749,835200,11347,21230,755,0,20404031
1785581093.337287956,109507223,1000064,109507223,0,109511807,14172,52300,1000064,29761,541000,0,0,432790796,388959944,109528111,25506,86900,1000064,51749,835200,11334,21230,755,0,21938862
1785581094.360075285,117249281,1000064,117249281,0,117252362,14164,52200,1000064,29761,541000,0,0,432793878,388959947,117261985,25477,86800,1000064,51749,835200,11313,21230,755,0,23487898
1785581095.382939242,124839048,1000064,124839048,0,124841743,14161,52100,1000064,29761,541000,0,0,432796941,388959948,124851978,25465,86700,1000064,51749,835200,11303,21230,755,0,25007191
1785581096.411011876,132418797,1000064,132418797,0,132421965,14152,51900,1000064,29761,541000,0,0,432800021,388959950,132432257,25448,86600,1000064,51749,835200,11296,21230,755,0,26525584
1785581097.439978803,139759126,1000064,139759126,0,139763186,14159,51700,1000064,29761,541000,0,0,432803101,388959958,139775106,25473,86600,1000064,51749,835200,11313,21230,755,0,27997671
1785581098.469371771,147120779,1000064,147120779,0,147124079,14158,51600,1000064,29761,541000,0,0,432806193,388959964,147134487,25491,86600,1000064,51749,835200,11333,21230,755,0,29473791
1785581099.496625876,154657744,1000064,154657744,0,154661019,14150,51500,1000064,29761,541000,0,0,432809272,388959969,154672834,25481,86400,1000064,51749,835200,11331,21230,755,0,30983882
1785581100.521507330,162325431,1000064,162325431,0,162328113,14143,51400,1000064,29761,541000,0,0,432812346,388959970,162338734,25462,86300,1000064,51749,835200,11318,21230,755,0,32517746
1785581101.551469377,170049740,1000064,170049740,0,170052672,14141,51400,1000064,29761,541000,0,0,432815434,388959971,170064091,25448,86100,1000064,51749,835200,11306,21230,755,0,34063251
1785581102.581044339,177658010,1000064,177658010,0,177661617,14140,51300,1000064,29761,541000,0,0,432818519,388959973,177672933,25440,86000,1000064,51749,835200,11300,21230,755,0,35586432
1785581103.605925399,184950938,1000064,184950938,0,184954470,14145,51300,1000064,29761,541000,0,0,432821590,388959982,184965760,25463,86000,1000064,51749,835200,11317,21230,755,0,37049155
1785581104.631402104,192379131,1000064,192379131,0,192381814,14145,51200,1000064,29761,541000,0,0,432824668,388959986,192391943,25468,86000,1000064,51749,835200,11323,21230,755,0,38537363
1785581105.653715362,199854096,1000064,199854096,0,199856519,14142,51100,1000064,29761,541000,0,0,432827734,388959989,199864151,25466,85900,1000064,51749,835200,11323,21230,755,0,40034269
1785581106.683539056,207439325,1000064,207439325,0,207442548,14140,51100,1000064,29761,541000,0,0,432830818,388959990,207451682,25460,85800,1000064,51749,835200,11319,21230,755,0,41552971
1785581107.714732054,215158840,1000064,215158840,0,215162532,14140,51000,1000064,29761,541000,0,0,432833908,388959992,215173317,25450,85700,1000064,51749,835200,11310,21230,755,0,43097433
1785581108.732933609,219778059,1000064,219778059,0,219778059,14139,51000,1000064,29761,541000,0,0,432836965,388961181,219778059,25447,85700,1000064,51749,835200,11307,21230,755,0,44020996
1785581109.753388995,219778059,1000064,219778059,0,219778059,14139,51000,1000064,29761,541000,0,0,432840021,388964179,219778059,25447,85700,1000064,51749,835200,11307,21230,755,0,44020996
1785581110.776504025,219778059,1000064,219778059,0,219778059,14139,51000,1000064,29761,541000,0,0,432843090,388967171,219778059,25447,85700,1000064,51749,835200,11307,21230,755,0,44020996
1785581111.800107360,219778059,1000064,219778059,0,219778059,14139,51000,1000064,29761,541000,0,0,432846160,388970226,219778059,25447,85700,1000064,51749,835200,11307,21230,755,0,44020996
1785581112.823435337,219778059,1000064,219778059,0,219778059,14139,51000,1000064,29761,541000,0,0,432849229,388973279,219778059,25447,85700,1000064,51749,835200,11307,21230,755,0,44020996
1785581113.846840021,219778059,1000064,219778059,0,219778059,14139,51000,1000064,29761,541000,0,0,432852298,388976333,219778059,25447,85700,1000064,51749,835200,11307,21230,755,0,44020996
1785581114.868815316,219778059,1000064,219778059,0,219778059,14139,51000,1000064,29761,541000,0,0,432855363,388979334,219778059,25447,85700,1000064,51749,835200,11307,21230,755,0,44020996
1785581115.890856761,219778059,1000064,219778059,0,219778059,14139,51000,1000064,29761,541000,0,0,432858430,388982299,219778059,25447,85700,1000064,51749,835200,11307,21230,755,0,44020996
1785581116.914114752,219778059,1000064,219778059,0,219778059,14139,51000,1000064,29761,541000,0,0,432861496,388985300,219778059,25447,85700,1000064,51749,835200,11307,21230,755,0,44020996
1785581117.937209310,219778059,1000064,219778059,0,219778059,14139,51000,1000064,29761,541000,0,0,432864566,388988353,219778059,25447,85700,1000064,51749,835200,11307,21230,755,0,44020996
1785581118.961255258,219778059,1000064,219778059,0,219778059,14139,51000,1000064,29761,541000,0,0,432867634,388991406,219778059,25447,85700,1000064,51749,835200,11307,21230,755,0,44020996
1785581119.985821047,219778059,1000064,219778059,0,219778059,14139,51000,1000064,29761,541000,0,0,432870710,388994467,219778059,25447,85700,1000064,51749,835200,11307,21230,755,0,44020996
1785581121.009248602,219778059,1000064,219778059,0,219778059,14139,51000,1000064,29761,541000,0,0,432873778,388997490,219778059,25447,85700,1000064,51749,835200,11307,21230,755,0,44020996
1785581122.032098214,219778059,1000064,219778059,0,219778059,14139,51000,1000064,29761,541000,0,0,432876845,389000464,219778059,25447,85700,1000064,51749,835200,11307,21230,755,0,44020996
1785581123.054973984,219778059,1000064,219778059,0,219778059,14139,51000,1000064,29761,541000,0,0,432879912,389003491,219778059,25447,85700,1000064,51749,835200,11307,21230,755,0,44020996
1785581124.077915382,219778059,1000064,219778059,0,219778059,14139,51000,1000064,29761,541000,0,0,432882982,389006543,219778059,25447,85700,1000064,51749,835200,11307,21230,755,0,44020996
1785581125.100942336,219778059,1000064,219778059,0,219778059,14139,51000,1000064,29761,541000,0,0,432886048,389009595,219778059,25447,85700,1000064,51749,835200,11307,21230,755,0,44020996
1785581126.125137074,219778059,1000064,219778059,0,219778059,14139,51000,1000064,29761,541000,0,0,432889122,389012646,219778059,25447,85700,1000064,51749,835200,11307,21230,755,0,44020996
1785581127.148231234,219778059,1000064,219778059,0,219778059,14139,51000,1000064,29761,541000,0,0,432892190,389015628,219778059,25447,85700,1000064,51749,835200,11307,21230,755,0,44020996
1785581128.171241133,219778059,1000064,219778059,0,219778059,14139,51000,1000064,29761,541000,0,0,432895257,389018604,219778059,25447,85700,1000064,51749,835200,11307,21230,755,0,44020996
1785581129.194924338,219778059,1000064,219778059,0,219778059,14139,51000,1000064,29761,541000,0,0,432898328,389021650,219778059,25447,85700,1000064,51749,835200,11307,21230,755,0,44020996
1785581130.217729992,219778059,1000064,219778059,0,219778059,14139,51000,1000064,29761,541000,0,0,432901395,389024703,219778059,25447,85700,1000064,51749,835200,11307,21230,755,0,44020996
1785581131.240074754,219778059,1000064,219778059,0,219778059,14139,51000,1000064,29761,541000,0,0,432904462,389027753,219778059,25447,85700,1000064,51749,835200,11307,21230,755,0,44020996
1785581132.263644877,219778059,1000064,219778059,0,219778059,14139,51000,1000064,29761,541000,0,0,432907531,389030807,219778059,25447,85700,1000064,51749,835200,11307,21230,755,0,44020996
1785581133.297974953,222985562,1356514,222985562,0,222988145,14134,51000,1357241,25989,266100,2,0,432910631,389032131,222995823,25517,86000,1358120,42430,736400,11382,15809,638,0,44715838
1785581134.328297433,228889226,2012472,228889226,0,228892021,14120,50900,2013249,22406,173200,8,0,432913707,389032149,228900142,25624,86300,2014165,33809,480800,11503,10873,532,0,45997178
1785581135.364525996,235009526,2692507,235009526,0,235012794,14102,50800,2693326,20412,136800,13,0,432916821,389032158,235020783,25711,86500,2694272,29173,250900,11608,8294,467,0,47325506
1785581136.395068790,241223073,3382907,241223073,0,241225382,14089,50700,3383643,19210,117400,17,0,432919907,389032167,241233673,25796,86700,3384487,26364,200900,11707,6730,424,0,48673103
1785581137.419970304,247273948,4055223,247273948,0,247275893,14075,50600,4055814,18454,105500,30,0,432922980,389032177,247282436,25878,86900,4056565,24577,174800,11802,5721,402,0,49986481
1785581138.452988313,253430975,4739335,253430975,0,253433389,14060,50600,4739988,17879,97200,35,0,432926073,389032184,253440587,25950,87000,4740861,23247,156900,11890,4985,383,0,51321499
1785581139.480941405,259351912,5397222,259351912,0,259354384,14051,50500,5397983,17530,91900,44,0,432929148,389032203,259362639,26038,87300,5398950,22361,144400,11986,4456,374,0,52606977
1785581140.511660313,265318100,6060129,265318100,0,265321585,14040,50400,6061065,17239,87600,45,0,432932236,389032218,265331649,26115,87500,6062155,21644,134600,12075,4039,364,0,53901783
1785581141.542199133,271439761,6740316,271439761,0,271441806,14029,50300,6740946,16965,84200,48,0,432935320,389032257,271449202,26181,87600,6741790,21016,126400,12152,3695,354,0,55229480
1785581142.569901437,277545868,7418766,277545868,0,277549058,14018,50300,7419635,16753,81500,63,0,432938397,389032295,277558049,26246,87700,7420671,20516,119700,12227,3414,347,0,56553910
1785581143.597617863,283620858,8093764,283620858,0,283623329,14006,50200,8094453,16582,79300,70,0,432941479,389032332,283631551,26308,87800,8095432,20107,114000,12301,3182,341,0,57871213
1785581144.627798294,289648102,8763464,289648102,0,289651498,13997,50100,8764380,16451,77600,79,0,432944566,389032344,289660952,26373,88000,8765330,19778,109400,12375,2989,337,0,59176562
1785581145.657969764,295523551,9416292,295523551,0,295526406,13991,50100,9417015,16349,76300,84,0,432947649,389032372,295533584,26439,88100,9417879,19512,105600,12448,2828,333,0,60452229
1785581146.686388060,301592027,10090563,301592027,0,301594396,13984,50000,10091245,16245,75000,96,0,432950731,389032387,301602431,26499,88300,10092128,19257,102100,12515,2681,330,0,61769082
1785581147.717189960,307677130,10766686,307677130,0,307679504,13974,50000,10767314,16148,73900,103,0,432953819,389032424,307686361,26552,88400,10768109,19029,99100,12577,2552,327,0,63088367
1785581148.745896302,313743188,11440696,313743188,0,313746121,13966,49900,11441534,16063,73000,112,0,432956901,389032476,313754762,26604,88500,11442529,18828,96400,12638,2439,324,0,64403663
1785581149.772084162,319920869,12127104,319920869,0,319923413,13957,49900,12127796,15970,72100,121,0,432959974,389032491,319930920,26648,88500,12128692,18629,93900,12690,2336,321,0,65742734
1785581150.806216139,325947877,12796770,325947877,0,325953282,13949,49800,12797876,15905,71400,129,0,432963071,389032502,325961871,26697,88600,12798811,18473,91800,12747,2248,319,0,67050321
1785581151.826745755,331877267,13455591,331877267,0,331879829,13943,49800,13456269,15854,70800,133,0,432966128,389032517,331887439,26747,88800,13457140,18343,90100,12803,2170,317,0,68337276
1785581152.850165013,337914003,14126340,337914003,0,337917066,13936,49700,14127068,15792,70200,141,0,432969192,389032530,337924418,26788,88900,14127983,18206,88500,12852,2097,315,0,69646940
1785581153.880530403,344094458,14813054,344094458,0,344097554,13927,49700,14813918,15730,69700,152,0,432972279,389032540,344107499,26826,88900,14815026,18074,86900,12898,2029,313,0,70987132
1785581154.907553407,350232436,15495061,350232436,0,350235856,13923,49700,15495918,15681,69200,162,0,432975353,389032571,350244286,26867,89000,15498307,17960,85500,12945,1967,311,0,72318611
1785581155.934337986,356414792,16181986,356414792,0,356417426,13915,49600,16182677,15631,68700,176,0,432978426,389032586,356425030,26903,89100,16183673,17852,84300,12987,1910,309,0,73659223
1785581156.963965017,362362734,16842870,362362734,0,362365458,13912,49600,16843597,15604,68400,186,0,432981513,389032612,362374483,26949,89200,16844765,17776,83200,13037,1861,309,0,74950827
1785581157.992818129,368221631,17493854,368221631,0,368224578,13908,49500,17494612,15586,68100,192,0,432984594,389032626,368232501,26996,89300,17495527,17713,82400,13087,1816,309,0,76223230
1785581159.019134823,374254831,18164204,374254831,0,374257223,13903,49500,18164814,15555,67800,200,0,432987670,389032647,374263949,27033,89400,18165653,17637,81500,13129,1772,308,0,77532725
1785581160.043842098,380414364,18848609,380414364,0,380416825,13897,49500,18849194,15515,67500,210,0,432990739,389032663,380423088,27062,89400,18849986,17553,80600,13165,1730,306,0,78868331
1785581161.066737871,386398665,19513529,386398665,0,386401619,13892,49400,19514346,15490,67300,213,0,432993803,389032720,386411882,27098,89500,19515618,17491,79800,13206,1694,305,0,80167500
1785581162.089676401,392580561,20200407,392580561,0,392583250,13887,49400,20201049,15458,67000,219,0,432996865,389032744,392589689,27128,89500,20201820,17420,79100,13241,1657,303,0,81508056
1785581163.108849829,396257248,20608921,396257248,0,396257923,13882,49400,20608921,15444,66800,225,0,432999918,389033886,396257248,27147,89600,20608921,17386,78700,13264,1637,303,0,82304655
1785581164.128707547,396257248,20608921,396257248,0,396257923,13882,49400,20608921,15444,66800,225,0,433002973,389036859,396257248,27147,89600,20608921,17386,78700,13264,1637,303,0,82304655
1785581165.148530222,396257248,20608921,396257248,0,396257923,13882,49400,20608921,15444,66800,225,0,433006035,389039903,396257248,27147,89600,20608921,17386,78700,13264,1637,303,0,82304655
1785581166.169673861,396257248,20608921,396257248,0,396257923,13882,49400,20608921,15444,66800,225,0,433009095,389042949,396257248,27147,89600,20608921,17386,78700,13264,1637,303,0,82304655
1785581167.192190920,396257248,20608921,396257248,0,396257923,13882,49400,20608921,15444,66800,225,0,433012165,389046001,396257248,27147,89600,20608921,17386,78700,13264,1637,303,0,82304655
1785581168.214364617,396257248,20608921,396257248,0,396257923,13882,49400,20608921,15444,66800,225,0,433015231,389049012,396257248,27147,89600,20608921,17386,78700,13264,1637,303,0,82304655
1785581169.235900850,396257248,20608921,396257248,0,396257923,13882,49400,20608921,15444,66800,225,0,433018295,389052001,396257248,27147,89600,20608921,17386,78700,13264,1637,303,0,82304655
1785581170.259039016,396257248,20608921,396257248,0,396257923,13882,49400,20608921,15444,66800,225,0,433021363,389054987,396257248,27147,89600,20608921,17386,78700,13264,1637,303,0,82304655
1785581171.281205769,396257248,20608921,396257248,0,396257923,13882,49400,20608921,15444,66800,225,0,433024428,389058037,396257248,27147,89600,20608921,17386,78700,13264,1637,303,0,82304655
1785581172.303892844,396257248,20608921,396257248,0,396257923,13882,49400,20608921,15444,66800,225,0,433027494,389061088,396257248,27147,89600,20608921,17386,78700,13264,1637,303,0,82304655
1785581173.326546181,396257248,20608921,396257248,0,396257923,13882,49400,20608921,15444,66800,225,0,433030563,389064140,396257248,27147,89600,20608921,17386,78700,13264,1637,303,0,82304655
1785581174.347436507,396257248,20608921,396257248,0,396257923,13882,49400,20608921,15444,66800,225,0,433033624,389067157,396257248,27147,89600,20608921,17386,78700,13264,1637,303,0,82304655
1785581175.368447807,396257248,20608921,396257248,0,396257923,13882,49400,20608921,15444,66800,225,0,433036687,389070138,396257248,27147,89600,20608921,17386,78700,13264,1637,303,0,82304655
1785581176.390341953,396257248,20608921,396257248,0,396257923,13882,49400,20608921,15444,66800,225,0,433039752,389073110,396257248,27147,89600,20608921,17386,78700,13264,1637,303,0,82304655
1785581177.412992344,396257248,20608921,396257248,0,396257923,13882,49400,20608921,15444,66800,225,0,433042817,389076160,396257248,27147,89600,20608921,17386,78700,13264,1637,303,0,82304655
1785581178.436044947,396257248,20608921,396257248,0,396257923,13882,49400,20608921,15444,66800,225,0,433045886,389079189,396257248,27147,89600,20608921,17386,78700,13264,1637,303,0,82304655
1785581179.459492810,396257248,20608921,396257248,0,396257923,13882,49400,20608921,15444,66800,225,0,433048957,389082244,396257248,27147,89600,20608921,17386,78700,13264,1637,303,0,82304655
1785581180.481679653,396257248,20608921,396257248,0,396257923,13882,49400,20608921,15444,66800,225,0,433052020,389085245,396257248,27147,89600,20608921,17386,78700,13264,1637,303,0,82304655
1785581181.500990537,396257248,20608921,396257248,0,396257923,13882,49400,20608921,15444,66800,225,0,433055076,389088247,396257248,27147,89600,20608921,17386,78700,13264,1637,303,0,82304655
1785581182.523095703,396257248,20608921,396257248,0,396257923,13882,49400,20608921,15444,66800,225,0,433058141,389091246,396257248,27147,89600,20608921,17386,78700,13264,1637,303,0,82304655
1785581183.544934731,396257248,20608921,396257248,0,396257923,13882,49400,20608921,15444,66800,225,0,433061206,389094296,396257248,27147,89600,20608921,17386,78700,13264,1637,303,0,82304655
1785581184.568059370,396257248,20608921,396257248,0,396257923,13882,49400,20608921,15444,66800,225,0,433064276,389097348,396257248,27147,89600,20608921,17386,78700,13264,1637,303,0,82304655
1785581185.590817039,396257248,20608921,396257248,0,396257923,13882,49400,20608921,15444,66800,225,0,433067343,389100399,396257248,27147,89600,20608921,17386,78700,13264,1637,303,0,82304655
1785581186.613844195,396257248,20608921,396257248,0,396257923,13882,49400,20608921,15444,66800,225,0,433070410,389103381,396257248,27147,89600,20608921,17386,78700,13264,1637,303,0,82304655
1785581187.637027507,396257248,20608921,396257248,0,396257923,13882,49400,20608921,15444,66800,225,0,433073478,389106399,396257248,27147,89600,20608921,17386,78700,13264,1637,303,0,82304655
1785581188.662653163,396257248,20608921,396257248,0,396257923,13882,49400,20608921,15444,66800,225,0,433076553,389109403,396257248,27147,89600,20608921,17386,78700,13264,1637,303,0,82304655
1785581189.686256097,396257248,20608921,396257248,0,396257923,13882,49400,20608921,15444,66800,225,0,433079624,389112458,396257248,27147,89600,20608921,17386,78700,13264,1637,303,0,82304655
1785581190.709991043,396257248,20608921,396257248,0,396257923,13882,49400,20608921,15444,66800,225,0,433082695,389115513,396257248,27147,89600,20608921,17386,78700,13264,1637,303,0,82304655
1785581191.732588487,396257248,20608921,396257248,0,396257923,13882,49400,20608921,15444,66800,225,0,433085764,389118560,396257248,27147,89600,20608921,17386,78700,13264,1637,303,0,82304655
1785581192.756341623,396257248,20608921,396257248,0,396257923,13882,49400,20608921,15444,66800,225,0,433088831,389121550,396257248,27147,89600,20608921,17386,78700,13264,1637,303,0,82304655
1785581193.779263345,396257248,20608921,396257248,0,396257923,13882,49400,20608921,15444,66800,225,0,433091899,389124548,396257248,27147,89600,20608921,17386,78700,13264,1637,303,0,82304655
1785581194.802679245,396257248,20608921,396257248,0,396257923,13882,49400,20608921,15444,66800,225,0,433094969,389127587,396257248,27147,89600,20608921,17386,78700,13264,1637,303,0,82304655
1785581195.825920898,396257248,20608921,396257248,0,396257923,13882,49400,20608921,15444,66800,225,0,433098039,389130641,396257248,27147,89600,20608921,17386,78700,13264,1637,303,0,82304655
1785581196.849202727,396257248,20608921,396257248,0,396257923,13882,49400,20608921,15444,66800,225,0,433101108,389133692,396257248,27147,89600,20608921,17386,78700,13264,1637,303,0,82304655
1785581197.872216837,396257248,20608921,396257248,0,396257923,13882,49400,20608921,15444,66800,225,0,433104175,389136719,396257248,27147,89600,20608921,17386,78700,13264,1637,303,0,82304655
1785581198.896107614,396257248,20608921,396257248,0,396257923,13882,49400,20608921,15444,66800,225,0,433107243,389139706,396257248,27147,89600,20608921,17386,78700,13264,1637,303,0,82304655
1785581199.918956241,396257248,20608921,396257248,0,396257923,13882,49400,20608921,15444,66800,225,0,433110310,389142695,396257248,27147,89600,20608921,17386,78700,13264,1637,303,0,82304655
1785581200.942277628,396257248,20608921,396257248,0,396257923,13882,49400,20608921,15444,66800,225,0,433113377,389145746,396257248,27147,89600,20608921,17386,78700,13264,1637,303,0,82304655
1785581201.965902983,396257248,20608921,396257248,0,396257923,13882,49400,20608921,15444,66800,225,0,433116449,389148801,396257248,27147,89600,20608921,17386,78700,13264,1637,303,0,82304655
1785581202.989839227,396257248,20608921,396257248,0,396257923,13882,49400,20608921,15444,66800,225,0,433119519,389151856,396257248,27147,89600,20608921,17386,78700,13264,1637,303,0,82304655
1785581204.012365357,396257248,20608921,396257248,0,396257923,13882,49400,20608921,15444,66800,225,0,433122584,389154857,396257248,27147,89600,20608921,17386,78700,13264,1637,303,0,82304655
1785581205.037495854,396257248,20608921,396257248,0,396257923,13882,49400,20608921,15444,66800,225,0,433125656,389157876,396257248,27147,89600,20608921,17386,78700,13264,1637,303,0,82304655
1785581206.061461046,396257248,20608921,396257248,0,396257923,13882,49400,20608921,15444,66800,225,0,433128729,389160880,396257248,27147,89600,20608921,17386,78700,13264,1637,303,0,82304655
1785581207.085384990,396257248,20608921,396257248,0,396257923,13882,49400,20608921,15444,66800,225,0,433131800,389163934,396257248,27147,89600,20608921,17386,78700,13264,1637,303,0,82304655
1785581208.109429705,396257248,20608921,396257248,0,396257923,13882,49400,20608921,15444,66800,225,0,433134873,389166990,396257248,27147,89600,20608921,17386,78700,13264,1637,303,0,82304655
1785581209.133349716,396257248,20608921,396257248,0,396257923,13882,49400,20608921,15444,66800,225,0,433137942,389170021,396257248,27147,89600,20608921,17386,78700,13264,1637,303,0,82304655
1785581210.155972395,396257248,20608921,396257248,0,396257923,13882,49400,20608921,15444,66800,225,0,433141008,389173004,396257248,27147,89600,20608921,17386,78700,13264,1637,303,0,82304655
1785581211.179439511,396257248,20608921,396257248,0,396257923,13882,49400,20608921,15444,66800,225,0,433144075,389176026,396257248,27147,89600,20608921,17386,78700,13264,1637,303,0,82304655
1785581212.203105218,396257248,20608921,396257248,0,396257923,13882,49400,20608921,15444,66800,225,0,433147147,389179044,396257248,27147,89600,20608921,17386,78700,13264,1637,303,0,82304655
1785581213.226862884,396257248,20608921,396257248,0,396257923,13882,49400,20608921,15444,66800,225,0,433150219,389182098,396257248,27147,89600,20608921,17386,78700,13264,1637,303,0,82304655
1785581214.250335826,396257248,20608921,396257248,0,396257923,13882,49400,20608921,15444,66800,225,0,433153287,389185150,396257248,27147,89600,20608921,17386,78700,13264,1637,303,0,82304655
1785581215.272555792,396257248,20608921,396257248,0,396257923,13882,49400,20608921,15444,66800,225,0,433156356,389188199,396257248,27147,89600,20608921,17386,78700,13264,1637,303,0,82304655
1785581216.295744612,396257248,20608921,396257248,0,396257923,13882,49400,20608921,15444,66800,225,0,433159421,389191185,396257248,27147,89600,20608921,17386,78700,13264,1637,303,0,82304655
1785581217.319774384,396257248,20608921,396257248,0,396257923,13882,49400,20608921,15444,66800,225,0,433162492,389194187,396257248,27147,89600,20608921,17386,78700,13264,1637,303,0,82304655
1785581218.343367825,396257248,20608921,396257248,0,396257923,13882,49400,20608921,15444,66800,225,0,433165562,389197224,396257248,27147,89600,20608921,17386,78700,13264,1637,303,0,82304655
1785581219.367131302,396257248,20608921,396257248,0,396257923,13882,49400,20608921,15444,66800,225,0,433168632,389200254,396257248,27147,89600,20608921,17386,78700,13264,1637,303,0,82304655
1785581220.390188683,396257248,20608921,396257248,0,396257923,13882,49400,20608921,15444,66800,225,0,433171702,389203307,396257248,27147,89600,20608921,17386,78700,13264,1637,303,0,82304655
1785581221.412580740,396257248,20608921,396257248,0,396257923,13882,49400,20608921,15444,66800,225,0,433174767,389206327,396257248,27147,89600,20608921,17386,78700,13264,1637,303,0,82304655
1785581222.435867159,396257248,20608921,396257248,0,396257923,13882,49400,20608921,15444,66800,225,0,433177836,389209340,396257248,27147,89600,20608921,17386,78700,13264,1637,303,0,82304655
1785581223.459475301,396257248,20608921,396257248,0,396257923,13882,49400,20608921,15444,66800,225,0,433180903,389212323,396257248,27147,89600,20608921,17386,78700,13264,1637,303,0,82304655
1785581224.482900442,396257248,20608921,396257248,0,396257923,13882,49400,20608921,15444,66800,225,0,433183974,389215377,396257248,27147,89600,20608921,17386,78700,13264,1637,303,0,82304655
1785581225.505277893,396257248,20608921,396257248,0,396257923,13882,49400,20608921,15444,66800,225,0,433187041,389218428,396257248,27147,89600,20608921,17386,78700,13264,1637,303,0,82304655
1785581226.527338033,396257248,20608921,396257248,0,396257923,13882,49400,20608921,15444,66800,225,0,433190105,389221477,396257248,27147,89600,20608921,17386,78700,13264,1637,303,0,82304655
1785581227.548685375,396257248,20608921,396257248,0,396257923,13882,49400,20608921,15444,66800,225,0,433193172,389224479,396257248,27147,89600,20608921,17386,78700,13264,1637,303,0,82304655
1785581228.570978818,396257248,20608921,396257248,0,396257923,13882,49400,20608921,15444,66800,225,0,433196233,389227495,396257248,27147,89600,20608921,17386,78700,13264,1637,303,0,82304655
1785581229.592250251,396257248,20608921,396257248,0,396257923,13882,49400,20608921,15444,66800,225,0,433199295,389230460,396257248,27147,89600,20608921,17386,78700,13264,1637,303,0,82304655
1785581230.613795706,396257248,20608921,396257248,0,396257923,13882,49400,20608921,15444,66800,225,0,433202360,389233509,396257248,27147,89600,20608921,17386,78700,13264,1637,303,0,82304655
1785581231.636180232,396257248,20608921,396257248,0,396257923,13882,49400,20608921,15444,66800,225,0,433205427,389236560,396257248,27147,89600,20608921,17386,78700,13264,1637,303,0,82304655
1785581232.659413201,396257248,20608921,396257248,0,396257923,13882,49400,20608921,15444,66800,225,0,433208494,389239612,396257248,27147,89600,20608921,17386,78700,13264,1637,303,0,82304655
1785581233.681979012,396257248,20608921,396257248,0,396257923,13882,49400,20608921,15444,66800,225,0,433211561,389242592,396257248,27147,89600,20608921,17386,78700,13264,1637,303,0,82304655
1785581234.701194473,396257248,20608921,396257248,0,396257923,13882,49400,20608921,15444,66800,225,0,433214618,389245603,396257248,27147,89600,20608921,17386,78700,13264,1637,303,0,82304655
1785581235.725138173,396257248,20608921,396257248,0,396257923,13882,49400,20608921,15444,66800,225,0,433217691,389248615,396257248,27147,89600,20608921,17386,78700,13264,1637,303,0,82304655
1785581236.748154886,396257248,20608921,396257248,0,396257923,13882,49400,20608921,15444,66800,225,0,433220758,389251668,396257248,27147,89600,20608921,17386,78700,13264,1637,303,0,82304655
1785581237.771310389,396257248,20608921,396257248,0,396257923,13882,49400,20608921,15444,66800,225,0,433223827,389254719,396257248,27147,89600,20608921,17386,78700,13264,1637,303,0,82304655
1785581238.794862148,396257248,20608921,396257248,0,396257923,13882,49400,20608921,15444,66800,225,0,433226896,389257766,396257248,27147,89600,20608921,17386,78700,13264,1637,303,0,82304655
1785581239.817850764,396257248,20608921,396257248,0,396257923,13882,49400,20608921,15444,66800,225,0,433229965,389260710,396257248,27147,89600,20608921,17386,78700,13264,1637,303,0,82304655
1785581240.840221487,396257248,20608921,396257248,0,396257923,13882,49400,20608921,15444,66800,225,0,433233030,389263701,396257248,27147,89600,20608921,17386,78700,13264,1637,303,0,82304655
1785581241.863996576,396257248,20608921,396257248,0,396257923,13882,49400,20608921,15444,66800,225,0,433236098,389266733,396257248,27147,89600,20608921,17386,78700,13264,1637,303,0,82304655
1785581242.887436310,396257248,20608921,396257248,0,396257923,13882,49400,20608921,15444,66800,225,0,433239169,389269788,396257248,27147,89600,20608921,17386,78700,13264,1637,303,0,82304655
1785581243.911308974,396257248,20608921,396257248,0,396257923,13882,49400,20608921,15444,66800,225,0,433242239,389272843,396257248,27147,89600,20608921,17386,78700,13264,1637,303,0,82304655
1785581244.934754986,396257248,20608921,396257248,0,396257923,13882,49400,20608921,15444,66800,225,0,433245307,389275894,396257248,27147,89600,20608921,17386,78700,13264,1637,303,0,82304655
1785581245.958902091,396257248,20608921,396257248,0,396257923,13882,49400,20608921,15444,66800,225,0,433248381,389278883,396257248,27147,89600,20608921,17386,78700,13264,1637,303,0,82304655
1785581246.981920014,396257248,20608921,396257248,0,396257923,13882,49400,20608921,15444,66800,225,0,433251448,389281842,396257248,27147,89600,20608921,17386,78700,13264,1637,303,0,82304655
1785581248.005165932,396257248,20608921,396257248,0,396257923,13882,49400,20608921,15444,66800,225,0,433254518,389284894,396257248,27147,89600,20608921,17386,78700,13264,1637,303,0,82304655
1785581249.028915616,396257248,20608921,396257248,0,396257923,13882,49400,20608921,15444,66800,225,0,433257589,389287948,396257248,27147,89600,20608921,17386,78700,13264,1637,303,0,82304655
1785581250.052435871,396257248,20608921,396257248,0,396257923,13882,49400,20608921,15444,66800,225,0,433260658,389290979,396257248,27147,89600,20608921,17386,78700,13264,1637,303,0,82304655
1785581251.075439537,396257248,20608921,396257248,0,396257923,13882,49400,20608921,15444,66800,225,0,433263726,389294011,396257248,27147,89600,20608921,17386,78700,13264,1637,303,0,82304655
1785581252.100467000,396257248,20608921,396257248,0,396257923,13882,49400,20608921,15444,66800,225,0,433266799,389297014,396257248,27147,89600,20608921,17386,78700,13264,1637,303,0,82304655
1785581253.123582080,396257248,20608921,396257248,0,396257923,13882,49400,20608921,15444,66800,225,0,433269864,389300000,396257248,27147,89600,20608921,17386,78700,13264,1637,303,0,82304655
1785581254.147438643,396257248,20608921,396257248,0,396257923,13882,49400,20608921,15444,66800,225,0,433272936,389303055,396257248,27147,89600,20608921,17386,78700,13264,1637,303,0,82304655
1785581255.171641560,396257248,20608921,396257248,0,396257923,13882,49400,20608921,15444,66800,225,0,433276009,389306116,396257248,27147,89600,20608921,17386,78700,13264,1637,303,0,82304655
1785581256.196298359,396257248,20608921,396257248,0,396257923,13882,49400,20608921,15444,66800,225,0,433279082,389309173,396257248,27147,89600,20608921,17386,78700,13264,1637,303,0,82304655
1785581257.217826868,396257248,20608921,396257248,0,396257923,13882,49400,20608921,15444,66800,225,0,433282142,389312183,396257248,27147,89600,20608921,17386,78700,13264,1637,303,0,82304655
1785581258.239240510,396257248,20608921,396257248,0,396257923,13882,49400,20608921,15444,66800,225,0,433285207,389315176,396257248,27147,89600,20608921,17386,78700,13264,1637,303,0,82304655
1785581259.263085377,396257248,20608921,396257248,0,396257923,13882,49400,20608921,15444,66800,225,0,433288275,389318186,396257248,27147,89600,20608921,17386,78700,13264,1637,303,0,82304655
1785581260.285917668,396257248,20608921,396257248,0,396257923,13882,49400,20608921,15444,66800,225,0,433291343,389321216,396257248,27147,89600,20608921,17386,78700,13264,1637,303,0,82304655
1785581261.310041856,396257248,20608921,396257248,0,396257923,13882,49400,20608921,15444,66800,225,0,433294415,389324271,396257248,27147,89600,20608921,17386,78700,13264,1637,303,0,82304655
1785581262.332895955,396257248,20608921,396257248,0,396257923,13882,49400,20608921,15444,66800,225,0,433297482,389327323,396257248,27147,89600,20608921,17386,78700,13264,1637,303,0,82304655
1785581263.355821341,396257248,20608921,396257248,0,396257923,13882,49400,20608921,15444,66800,225,0,433300549,389330318,396257248,27147,89600,20608921,17386,78700,13264,1637,303,0,82304655
1785581264.378408071,396257248,20608921,396257248,0,396257923,13882,49400,20608921,15444,66800,225,0,433303619,389333310,396257248,27147,89600,20608921,17386,78700,13264,1637,303,0,82304655
1785581265.400242055,396257248,20608921,396257248,0,396257923,13882,49400,20608921,15444,66800,225,0,433306680,389336336,396257248,27147,89600,20608921,17386,78700,13264,1637,303,0,82304655
1785581266.423715870,396257248,20608921,396257248,0,396257923,13882,49400,20608921,15444,66800,225,0,433309750,389339390,396257248,27147,89600,20608921,17386,78700,13264,1637,303,0,82304655
1785581267.447913690,396257248,20608921,396257248,0,396257923,13882,49400,20608921,15444,66800,225,0,433312823,389342446,396257248,27147,89600,20608921,17386,78700,13264,1637,303,0,82304655
1785581268.470543884,396257248,20608921,396257248,0,396257923,13882,49400,20608921,15444,66800,225,0,433315889,389345494,396257248,27147,89600,20608921,17386,78700,13264,1637,303,0,82304655
1785581269.493982120,396257248,20608921,396257248,0,396257923,13882,49400,20608921,15444,66800,225,0,433318958,389348480,396257248,27147,89600,20608921,17386,78700,13264,1637,303,0,82304655
1785581270.516706648,396257248,20608921,396257248,0,396257923,13882,49400,20608921,15444,66800,225,0,433322023,389351447,396257248,27147,89600,20608921,17386,78700,13264,1637,303,0,82304655
1785581271.539514453,396257248,20608921,396257248,0,396257923,13882,49400,20608921,15444,66800,225,0,433325093,389354494,396257248,27147,89600,20608921,17386,78700,13264,1637,303,0,82304655
1785581272.563075028,396257248,20608921,396257248,0,396257923,13882,49400,20608921,15444,66800,225,0,433328159,389357547,396257248,27147,89600,20608921,17386,78700,13264,1637,303,0,82304655
1785581273.585555997,396257248,20608921,396257248,0,396257923,13882,49400,20608921,15444,66800,225,0,433331227,389360599,396257248,27147,89600,20608921,17386,78700,13264,1637,303,0,82304655
1785581274.605787095,396257248,20608921,396257248,0,396257923,13882,49400,20608921,15444,66800,225,0,433334291,389363624,396257248,27147,89600,20608921,17386,78700,13264,1637,303,0,82304655
1785581275.629728017,396257248,20608921,396257248,0,396257923,13882,49400,20608921,15444,66800,225,0,433337357,389366623,396257248,27147,89600,20608921,17386,78700,13264,1637,303,0,82304655
1785581276.652680999,396257248,20608921,396257248,0,396257923,13882,49400,20608921,15444,66800,225,0,433340427,389369606,396257248,27147,89600,20608921,17386,78700,13264,1637,303,0,82304655
1785581277.676284959,396257248,20608921,396257248,0,396257923,13882,49400,20608921,15444,66800,225,0,433343496,389372660,396257248,27147,89600,20608921,17386,78700,13264,1637,303,0,82304655
1785581278.699776100,396257248,20608921,396257248,0,396257923,13882,49400,20608921,15444,66800,225,0,433346568,389375713,396257248,27147,89600,20608921,17386,78700,13264,1637,303,0,82304655
1785581279.724274754,396257248,20608921,396257248,0,396257923,13882,49400,20608921,15444,66800,225,0,433349641,389378770,396257248,27147,89600,20608921,17386,78700,13264,1637,303,0,82304655
1785581280.747491339,396257248,20608921,396257248,0,396257923,13882,49400,20608921,15444,66800,225,0,433352711,389381774,396257248,27147,89600,20608921,17386,78700,13264,1637,303,0,82304655
1785581281.769666615,396257248,20608921,396257248,0,396257923,13882,49400,20608921,15444,66800,225,0,433355778,389384758,396257248,27147,89600,20608921,17386,78700,13264,1637,303,0,82304655
1785581282.793140118,396257248,20608921,396257248,0,396257923,13882,49400,20608921,15444,66800,225,0,433358846,389387767,396257248,27147,89600,20608921,17386,78700,13264,1637,303,0,82304655
1785581283.817000833,396257248,20608921,396257248,0,396257923,13882,49400,20608921,15444,66800,225,0,433361916,389390822,396257248,27147,89600,20608921,17386,78700,13264,1637,303,0,82304655
1785581284.840690924,396257248,20608921,396257248,0,396257923,13882,49400,20608921,15444,66800,225,0,433364987,389393876,396257248,27147,89600,20608921,17386,78700,13264,1637,303,0,82304655
1785581285.863271254,396257248,20608921,396257248,0,396257923,13882,49400,20608921,15444,66800,225,0,433368054,389396927,396257248,27147,89600,20608921,17386,78700,13264,1637,303,0,82304655
1785581286.887187427,396257248,20608921,396257248,0,396257923,13882,49400,20608921,15444,66800,225,0,433371122,389399923,396257248,27147,89600,20608921,17386,78700,13264,1637,303,0,82304655
1785581287.909963475,396257248,20608921,396257248,0,396257923,13882,49400,20608921,15444,66800,225,0,433374189,389402920,396257248,27147,89600,20608921,17386,78700,13264,1637,303,0,82304655
1785581288.933381396,396257248,20608921,396257248,0,396257923,13882,49400,20608921,15444,66800,225,0,433377260,389405948,396257248,27147,89600,20608921,17386,78700,13264,1637,303,0,82304655
1785581289.957093799,396257248,20608921,396257248,0,396257923,13882,49400,20608921,15444,66800,225,0,433380330,389409002,396257248,27147,89600,20608921,17386,78700,13264,1637,303,0,82304655
1785581290.978057135,396257248,20608921,396257248,0,396257923,13882,49400,20608921,15444,66800,225,0,433383394,389412046,396257248,27147,89600,20608921,17386,78700,13264,1637,303,0,82304655
1785581291.996789137,396257248,20608921,396257248,0,396257923,13882,49400,20608921,15444,66800,225,0,433386453,389415070,396257248,27147,89600,20608921,17386,78700,13264,1637,303,0,82304655
1785581293.019549008,396257248,20608921,396257248,0,396257923,13882,49400,20608921,15444,66800,225,0,433389515,389418052,396257248,27147,89600,20608921,17386,78700,13264,1637,303,0,82304655
1785581294.041869203,396257248,20608921,396257248,0,396257923,13882,49400,20608921,15444,66800,225,0,433392577,389421043,396257248,27147,89600,20608921,17386,78700,13264,1637,303,0,82304655
1785581295.065823619,396257248,20608921,396257248,0,396257923,13882,49400,20608921,15444,66800,225,0,433395650,389424086,396257248,27147,89600,20608921,17386,78700,13264,1637,303,0,82304655
1785581296.089265908,396257248,20608921,396257248,0,396257923,13882,49400,20608921,15444,66800,225,0,433398719,389427140,396257248,27147,89600,20608921,17386,78700,13264,1637,303,0,82304655
1785581297.112679515,396257248,20608921,396257248,0,396257923,13882,49400,20608921,15444,66800,225,0,433401788,389430192,396257248,27147,89600,20608921,17386,78700,13264,1637,303,0,82304655
1785581298.134663494,396257248,20608921,396257248,0,396257923,13882,49400,20608921,15444,66800,225,0,433404852,389433220,396257248,27147,89600,20608921,17386,78700,13264,1637,303,0,82304655
1785581299.156654964,396257248,20608921,396257248,0,396257923,13882,49400,20608921,15444,66800,225,0,433407918,389436225,396257248,27147,89600,20608921,17386,78700,13264,1637,303,0,82304655
1785581300.179134237,396257248,20608921,396257248,0,396257923,13882,49400,20608921,15444,66800,225,0,433410982,389439197,396257248,27147,89600,20608921,17386,78700,13264,1637,303,0,82304655
1785581301.196826317,396257248,20608921,396257248,0,396257923,13882,49400,20608921,15444,66800,225,0,433414034,389442213,396257248,27147,89600,20608921,17386,78700,13264,1637,303,0,82304655
1785581302.219190871,396257248,20608921,396257248,0,396257923,13882,49400,20608921,15444,66800,225,0,433417100,389445242,396257248,27147,89600,20608921,17386,78700,13264,1637,303,0,82304655
1785581303.241966804,396257248,20608921,396257248,0,396257923,13882,49400,20608921,15444,66800,225,0,433420167,389448292,396257248,27147,89600,20608921,17386,78700,13264,1637,303,0,82304655
1785581304.264494849,396257248,20608921,396257248,0,396257923,13882,49400,20608921,15444,66800,225,0,433423234,389451304,396257248,27147,89600,20608921,17386,78700,13264,1637,303,0,82304655
1785581305.287767820,396257248,20608921,396257248,0,396257923,13882,49400,20608921,15444,66800,225,0,433426302,389454330,396257248,27147,89600,20608921,17386,78700,13264,1637,303,0,82304655
1785581306.310923427,396257248,20608921,396257248,0,396257923,13882,49400,20608921,15444,66800,225,0,433429370,389457319,396257248,27147,89600,20608921,17386,78700,13264,1637,303,0,82304655
1785581307.334543011,396257248,20608921,396257248,0,396257923,13882,49400,20608921,15444,66800,225,0,433432441,389460373,396257248,27147,89600,20608921,17386,78700,13264,1637,303,0,82304655
1785581308.358260686,396257248,20608921,396257248,0,396257923,13882,49400,20608921,15444,66800,225,0,433435512,389463427,396257248,27147,89600,20608921,17386,78700,13264,1637,303,0,82304655
1785581309.381865521,396257248,20608921,396257248,0,396257923,13882,49400,20608921,15444,66800,225,0,433438582,389466480,396257248,27147,89600,20608921,17386,78700,13264,1637,303,0,82304655
1785581310.405083460,396257248,20608921,396257248,0,396257923,13882,49400,20608921,15444,66800,225,0,433441649,389469472,396257248,27147,89600,20608921,17386,78700,13264,1637,303,0,82304655
1785581311.427575662,396257248,20608921,396257248,0,396257923,13882,49400,20608921,15444,66800,225,0,433444717,389472501,396257248,27147,89600,20608921,17386,78700,13264,1637,303,0,82304655
1785581312.451234864,396257248,20608921,396257248,0,396257923,13882,49400,20608921,15444,66800,225,0,433447786,389475479,396257248,27147,89600,20608921,17386,78700,13264,1637,303,0,82304655
1785581313.474159117,396257248,20608921,396257248,0,396257923,13882,49400,20608921,15444,66800,225,0,433450855,389478531,396257248,27147,89600,20608921,17386,78700,13264,1637,303,0,82304655
1785581314.498471292,396257248,20608921,396257248,0,396257923,13882,49400,20608921,15444,66800,225,0,433453926,389481586,396257248,27147,89600,20608921,17386,78700,13264,1637,303,0,82304655
1785581315.519792572,396257248,20608921,396257248,0,396257923,13882,49400,20608921,15444,66800,225,0,433456992,389484633,396257248,27147,89600,20608921,17386,78700,13264,1637,303,0,82304655
1785581316.542004756,396257248,20608921,396257248,0,396257923,13882,49400,20608921,15444,66800,225,0,433460054,389487614,396257248,27147,89600,20608921,17386,78700,13264,1637,303,0,82304655
1785581317.564885250,396257248,20608921,396257248,0,396257923,13882,49400,20608921,15444,66800,225,0,433463125,389490637,396257248,27147,89600,20608921,17386,78700,13264,1637,303,0,82304655
1785581318.587653180,396257248,20608921,396257248,0,396257923,13882,49400,20608921,15444,66800,225,0,433466189,389493647,396257248,27147,89600,20608921,17386,78700,13264,1637,303,0,82304655
1785581319.608814519,396257248,20608921,396257248,0,396257923,13882,49400,20608921,15444,66800,225,0,433469251,389496694,396257248,27147,89600,20608921,17386,78700,13264,1637,303,0,82304655
1785581320.632579323,396257248,20608921,396257248,0,396257923,13882,49400,20608921,15444,66800,225,0,433472322,389499749,396257248,27147,89600,20608921,17386,78700,13264,1637,303,0,82304655
1785581321.653888539,396257248,20608921,396257248,0,396257923,13882,49400,20608921,15444,66800,225,0,433475385,389502772,396257248,27147,89600,20608921,17386,78700,13264,1637,303,0,82304655
1785581322.675482033,396257248,20608921,396257248,0,396257923,13882,49400,20608921,15444,66800,225,0,433478453,389505756,396257248,27147,89600,20608921,17386,78700,13264,1637,303,0,82304655
1785581323.698200979,396257248,20608921,396257248,0,396257923,13882,49400,20608921,15444,66800,225,0,433481517,389508755,396257248,27147,89600,20608921,17386,78700,13264,1637,303,0,82304655
1785581324.722301318,396257248,20608921,396257248,0,396257923,13882,49400,20608921,15444,66800,225,0,433484586,389511790,396257248,27147,89600,20608921,17386,78700,13264,1637,303,0,82304655
1785581325.746135178,396257248,20608921,396257248,0,396257923,13882,49400,20608921,15444,66800,225,0,433487659,389514845,396257248,27147,89600,20608921,17386,78700,13264,1637,303,0,82304655
1785581326.768774021,396257248,20608921,396257248,0,396257923,13882,49400,20608921,15444,66800,225,0,433490726,389517897,396257248,27147,89600,20608921,17386,78700,13264,1637,303,0,82304655
1785581327.790861765,396257248,20608921,396257248,0,396257923,13882,49400,20608921,15444,66800,225,0,433493793,389520911,396257248,27147,89600,20608921,17386,78700,13264,1637,303,0,82304655
1785581328.814802586,396257248,20608921,396257248,0,396257923,13882,49400,20608921,15444,66800,225,0,433496864,389523933,396257248,27147,89600,20608921,17386,78700,13264,1637,303,0,82304655
1785581329.838902488,396257248,20608921,396257248,0,396257923,13882,49400,20608921,15444,66800,225,0,433499934,389526920,396257248,27147,89600,20608921,17386,78700,13264,1637,303,0,82304655
1785581330.862270876,396257248,20608921,396257248,0,396257923,13882,49400,20608921,15444,66800,225,0,433503003,389529974,396257248,27147,89600,20608921,17386,78700,13264,1637,303,0,82304655
1785581331.885200456,396257248,20608921,396257248,0,396257923,13882,49400,20608921,15444,66800,225,0,433506072,389533026,396257248,27147,89600,20608921,17386,78700,13264,1637,303,0,82304655
1785581332.908422077,396257248,20608921,396257248,0,396257923,13882,49400,20608921,15444,66800,225,0,433509141,389536056,396257248,27147,89600,20608921,17386,78700,13264,1637,303,0,82304655
1785581333.931443509,396257248,20608921,396257248,0,396257923,13882,49400,20608921,15444,66800,225,0,433512208,389539055,396257248,27147,89600,20608921,17386,78700,13264,1637,303,0,82304655
1785581334.954113396,396257248,20608921,396257248,0,396257923,13882,49400,20608921,15444,66800,225,0,433515273,389542084,396257248,27147,89600,20608921,17386,78700,13264,1637,303,0,82304655
1785581335.977768617,396257248,20608921,396257248,0,396257923,13882,49400,20608921,15444,66800,225,0,433518344,389545081,396257248,27147,89600,20608921,17386,78700,13264,1637,303,0,82304655
1785581337.000985417,396257248,20608921,396257248,0,396257923,13882,49400,20608921,15444,66800,225,0,433521412,389548133,396257248,27147,89600,20608921,17386,78700,13264,1637,303,0,82304655
1785581338.024846942,396257248,20608921,396257248,0,396257923,13882,49400,20608921,15444,66800,225,0,433524483,389551188,396257248,27147,89600,20608921,17386,78700,13264,1637,303,0,82304655
1785581339.048381110,396257248,20608921,396257248,0,396257923,13882,49400,20608921,15444,66800,225,0,433527553,389554241,396257248,27147,89600,20608921,17386,78700,13264,1637,303,0,82304655
1785581340.071764384,396257248,20608921,396257248,0,396257923,13882,49400,20608921,15444,66800,225,0,433530621,389557225,396257248,27147,89600,20608921,17386,78700,13264,1637,303,0,82304655
1785581341.095119866,396257248,20608921,396257248,0,396257923,13882,49400,20608921,15444,66800,225,0,433533690,389560250,396257248,27147,89600,20608921,17386,78700,13264,1637,303,0,82304655
1785581342.118271698,396257248,20608921,396257248,0,396257923,13882,49400,20608921,15444,66800,225,0,433536758,389563262,396257248,27147,89600,20608921,17386,78700,13264,1637,303,0,82304655
1785581343.143658029,396257248,20608921,396257248,0,396257923,13882,49400,20608921,15444,66800,225,0,433539833,389566298,396257248,27147,89600,20608921,17386,78700,13264,1637,303,0,82304655
1785581344.165844456,396257248,20608921,396257248,0,396257923,13882,49400,20608921,15444,66800,225,0,433542899,389569350,396257248,27147,89600,20608921,17386,78700,13264,1637,303,0,82304655
1785581345.188740038,396257248,20608921,396257248,0,396257923,13882,49400,20608921,15444,66800,225,0,433545966,389572382,396257248,27147,89600,20608921,17386,78700,13264,1637,303,0,82304655
1785581346.212099817,396257248,20608921,396257248,0,396257923,13882,49400,20608921,15444,66800,225,0,433549036,389575386,396257248,27147,89600,20608921,17386,78700,13264,1637,303,0,82304655
1785581347.235093758,396257248,20608921,396257248,0,396257923,13882,49400,20608921,15444,66800,225,0,433552103,389578388,396257248,27147,89600,20608921,17386,78700,13264,1637,303,0,82304655
1785581348.257525690,396257248,20608921,396257248,0,396257923,13882,49400,20608921,15444,66800,225,0,433555169,389581419,396257248,27147,89600,20608921,17386,78700,13264,1637,303,0,82304655
1785581349.280673065,396257248,20608921,396257248,0,396257923,13882,49400,20608921,15444,66800,225,0,433558239,389584471,396257248,27147,89600,20608921,17386,78700,13264,1637,303,0,82304655
1785581350.303522165,396257248,20608921,396257248,0,396257923,13882,49400,20608921,15444,66800,225,0,433561306,389587524,396257248,27147,89600,20608921,17386,78700,13264,1637,303,0,82304655
1785581351.326429112,396257248,20608921,396257248,0,396257923,13882,49400,20608921,15444,66800,225,0,433564375,389590540,396257248,27147,89600,20608921,17386,78700,13264,1637,303,0,82304655
1785581352.351282991,396257248,20608921,396257248,0,396257923,13882,49400,20608921,15444,66800,225,0,433567445,389593562,396257248,27147,89600,20608921,17386,78700,13264,1637,303,0,82304655
1785581353.375110983,396257248,20608921,396257248,0,396257923,13882,49400,20608921,15444,66800,225,0,433570520,389596530,396257248,27147,89600,20608921,17386,78700,13264,1637,303,0,82304655
1785581354.399027188,396257248,20608921,396257248,0,396257923,13882,49400,20608921,15444,66800,225,0,433573590,389599585,396257248,27147,89600,20608921,17386,78700,13264,1637,303,0,82304655
1785581355.423101554,396257248,20608921,396257248,0,396257923,13882,49400,20608921,15444,66800,225,0,433576663,389602641,396257248,27147,89600,20608921,17386,78700,13264,1637,303,0,82304655
1785581356.447063890,396257248,20608921,396257248,0,396257923,13882,49400,20608921,15444,66800,225,0,433579735,389605697,396257248,27147,89600,20608921,17386,78700,13264,1637,303,0,82304655
1785581357.469937608,396257248,20608921,396257248,0,396257923,13882,49400,20608921,15444,66800,225,0,433582801,389608694,396257248,27147,89600,20608921,17386,78700,13264,1637,303,0,82304655
1785581358.493029154,396257248,20608921,396257248,0,396257923,13882,49400,20608921,15444,66800,225,0,433585869,389611724,396257248,27147,89600,20608921,17386,78700,13264,1637,303,0,82304655
1785581359.516731027,396257248,20608921,396257248,0,396257923,13882,49400,20608921,15444,66800,225,0,433588937,389614719,396257248,27147,89600,20608921,17386,78700,13264,1637,303,0,82304655
1785581360.540342335,396257248,20608921,396257248,0,396257923,13882,49400,20608921,15444,66800,225,0,433592007,389617773,396257248,27147,89600,20608921,17386,78700,13264,1637,303,0,82304655
1785581361.563580395,396257248,20608921,396257248,0,396257923,13882,49400,20608921,15444,66800,225,0,433595077,389620826,396257248,27147,89600,20608921,17386,78700,13264,1637,303,0,82304655
1785581362.585345098,396257248,20608921,396257248,0,396257923,13882,49400,20608921,15444,66800,225,0,433598141,389623873,396257248,27147,89600,20608921,17386,78700,13264,1637,303,0,82304655
1785581363.604921372,396257248,20608921,396257248,0,396257923,13882,49400,20608921,15444,66800,225,0,433601200,389626814,396257248,27147,89600,20608921,17386,78700,13264,1637,303,0,82304655
1785581364.626859458,396257248,20608921,396257248,0,396257923,13882,49400,20608921,15444,66800,225,0,433604266,389629817,396257248,27147,89600,20608921,17386,78700,13264,1637,303,0,82304655
1785581365.649361291,396257248,20608921,396257248,0,396257923,13882,49400,20608921,15444,66800,225,0,433607331,389632827,396257248,27147,89600,20608921,17386,78700,13264,1637,303,0,82304655
1785581366.671872673,396257248,20608921,396257248,0,396257923,13882,49400,20608921,15444,66800,225,0,433610397,389635879,396257248,27147,89600,20608921,17386,78700,13264,1637,303,0,82304655
1785581367.696463959,396257248,20608921,396257248,0,396257923,13882,49400,20608921,15444,66800,225,0,433613471,389638937,396257248,27147,89600,20608921,17386,78700,13264,1637,303,0,82304655
1785581368.720257892,396257248,20608921,396257248,0,396257923,13882,49400,20608921,15444,66800,225,0,433616541,389641991,396257248,27147,89600,20608921,17386,78700,13264,1637,303,0,82304655
1785581369.743696395,396257248,20608921,396257248,0,396257923,13882,49400,20608921,15444,66800,225,0,433619609,389644973,396257248,27147,89600,20608921,17386,78700,13264,1637,303,0,82304655
1785581370.766892086,396257248,20608921,396257248,0,396257923,13882,49400,20608921,15444,66800,225,0,433622679,389647978,396257248,27147,89600,20608921,17386,78700,13264,1637,303,0,82304655
1785581371.790132595,396257248,20608921,396257248,0,396257923,13882,49400,20608921,15444,66800,225,0,433625747,389651010,396257248,27147,89600,20608921,17386,78700,13264,1637,303,0,82304655
1785581372.814138072,396257248,20608921,396257248,0,396257923,13882,49400,20608921,15444,66800,225,0,433628819,389654064,396257248,27147,89600,20608921,17386,78700,13264,1637,303,0,82304655
1785581373.837863000,396257248,20608921,396257248,0,396257923,13882,49400,20608921,15444,66800,225,0,433631888,389657096,396257248,27147,89600,20608921,17386,78700,13264,1637,303,0,82304655
1785581374.858554914,396257248,20608921,396257248,0,396257923,13882,49400,20608921,15444,66800,225,0,433634949,389660132,396257248,27147,89600,20608921,17386,78700,13264,1637,303,0,82304655
1785581375.881572254,396257248,20608921,396257248,0,396257923,13882,49400,20608921,15444,66800,225,0,433638015,389663126,396257248,27147,89600,20608921,17386,78700,13264,1637,303,0,82304655
1785581376.904341667,396257248,20608921,396257248,0,396257923,13882,49400,20608921,15444,66800,225,0,433641084,389666110,396257248,27147,89600,20608921,17386,78700,13264,1637,303,0,82304655
1785581377.929151907,396257248,20608921,396257248,0,396257923,13882,49400,20608921,15444,66800,225,0,433644155,389669166,396257248,27147,89600,20608921,17386,78700,13264,1637,303,0,82304655
1785581378.952539778,396257248,20608921,396257248,0,396257923,13882,49400,20608921,15444,66800,225,0,433647225,389672220,396257248,27147,89600,20608921,17386,78700,13264,1637,303,0,82304655
1785581379.976976230,396257248,20608921,396257248,0,396257923,13882,49400,20608921,15444,66800,225,0,433650301,389675277,396257248,27147,89600,20608921,17386,78700,13264,1637,303,0,82304655
1785581380.999790327,396257248,20608921,396257248,0,396257923,13882,49400,20608921,15444,66800,225,0,433653366,389678301,396257248,27147,89600,20608921,17386,78700,13264,1637,303,0,82304655
1785581382.023161516,396257248,20608921,396257248,0,396257923,13882,49400,20608921,15444,66800,225,0,433656432,389681309,396257248,27147,89600,20608921,17386,78700,13264,1637,303,0,82304655
1785581383.046875641,396257248,20608921,396257248,0,396257923,13882,49400,20608921,15444,66800,225,0,433659502,389684300,396257248,27147,89600,20608921,17386,78700,13264,1637,303,0,82304655
1785581384.071242495,396257248,20608921,396257248,0,396257923,13882,49400,20608921,15444,66800,225,0,433662576,389687335,396257248,27147,89600,20608921,17386,78700,13264,1637,303,0,82304655
1785581385.095341354,396257248,20608921,396257248,0,396257923,13882,49400,20608921,15444,66800,225,0,433665647,389690390,396257248,27147,89600,20608921,17386,78700,13264,1637,303,0,82304655
1785581386.118782485,396257248,20608921,396257248,0,396257923,13882,49400,20608921,15444,66800,225,0,433668717,389693443,396257248,27147,89600,20608921,17386,78700,13264,1637,303,0,82304655
1785581387.142031589,396257248,20608921,396257248,0,396257923,13882,49400,20608921,15444,66800,225,0,433671783,389696438,396257248,27147,89600,20608921,17386,78700,13264,1637,303,0,82304655
