ts,ops,mlx5_comp,other_irq,total_irq
1785629898.297218118,390343769,3054614488,1273677533,4328292021
1785629899.321255822,390343769,3054614488,1273680806,4328295294
1785629900.343797995,390343769,3054614488,1273684352,4328298840
1785629901.368118822,390343769,3054614488,1273686023,4328300511
1785629902.393443801,390343769,3054614488,1273691168,4328305656
1785629903.417179380,390343769,3054614488,1273694813,4328309301
1785629904.439921953,390343769,3054614488,1273701870,4328316358
1785629905.462877288,390343769,3054614488,1273703969,4328318457
1785629906.486888820,390343769,3054614488,1273705906,4328320394
1785629907.514272602,390343769,3054614488,1273707976,4328322464
1785629908.535685315,390343769,3054614488,1273714649,4328329137
1785629909.558992083,390343769,3054614488,1273718862,4328333350
1785629910.586677290,390343769,3054614488,1273726167,4328340655
1785629911.613577367,390343769,3054614488,1273729071,4328343559
1785629912.639558555,390343769,3054614488,1273731108,4328345596
1785629913.663009008,390343769,3054614488,1273732930,4328347418
1785629914.686085858,390343769,3054614488,1273740700,4328355188
1785629915.709014654,390343769,3054614488,1273745310,4328359798
1785629916.733088232,390343769,3054614488,1273750150,4328364638
1785629917.756875767,390343769,3054614488,1273752182,4328366670
1785629918.779738055,390343769,3054614488,1273753843,4328368331
1785629919.803321215,390343769,3054614488,1273757335,4328371823
1785629920.827034844,390343769,3054614488,1273763684,4328378172
1785629921.850041599,390343769,3054614488,1273771158,4328385646
1785629922.873886220,390343769,3054614488,1273774360,4328388848
1785629923.896555934,390343769,3054614488,1273776183,4328390671
1785629924.919350060,390343769,3054614488,1273777913,4328392401
1785629925.941462892,390343769,3054614488,1273782663,4328397151
1785629926.964305776,390343769,3054614488,1273787471,4328401959
1785629927.987586766,390343769,3054614488,1273795173,4328409661
1785629929.011358853,390343769,3054614488,1273797362,4328411850
1785629930.034702115,390343769,3054614488,1273798927,4328413415
1785629931.058786637,390343769,3054614488,1273801162,4328415650
1785629932.081179733,390343769,3054614488,1273809594,4328424082
1785629933.105525522,390343769,3054614488,1273814755,4328429243
1785629934.129400781,390343769,3054614488,1273820609,4328435097
1785629935.153545612,390343769,3054614488,1273822473,4328436961
1785629936.178015571,390343769,3054614488,1273824548,4328439036
1785629937.201195746,390343769,3054614488,1273826459,4328440947
1785629938.225653200,390343769,3054614488,1273833891,4328448379
1785629939.248410115,390343769,3054614488,1273838359,4328452847
1785629940.272427302,390343769,3054614488,1273843461,4328457949
1785629941.296508573,390343769,3054614488,1273845632,4328460120
1785629942.320897363,390343769,3054614488,1273849093,4328463581
1785629943.341972710,390343769,3054614488,1273852272,4328466760
1785629944.365043854,390343769,3054614488,1273858913,4328473401
1785629945.387015424,390343769,3054614488,1273865414,4328479902
1785629946.410258263,390343769,3054614488,1273868778,4328483266
1785629947.434406018,390343769,3054614488,1273870469,4328484957
1785629948.458440040,390343769,3054614488,1273872245,4328486733
1785629949.482002209,390343769,3054614488,1273876677,4328491165
1785629950.503121625,390343769,3054614488,1273881512,4328496000
1785629951.526284780,390343769,3054614488,1273889751,4328504239
1785629952.550123750,390343769,3054614488,1273893364,4328507852
1785629953.574279133,390343769,3054614488,1273895309,4328509797
1785629954.598007148,390343769,3054614488,1273897373,4328511861
1785629955.620345553,390343769,3054614488,1273903653,4328518141
1785629956.644328448,390343769,3054614488,1273908825,4328523313
1785629957.668544971,390343769,3054614488,1273915431,4328529919
1785629958.692453541,390343769,3054614488,1273917120,4328531608
1785629959.715223725,390343769,3054614488,1273919047,4328533535
1785629960.738450984,390343769,3054614488,1273920930,4328535418
1785629961.759632156,390343769,3054614488,1273928899,4328543387
1785629962.779282144,390343769,3054614488,1273935524,4328550012
1785629963.804107158,390343769,3054614488,1273940371,4328554859
1785629964.828221252,390343769,3054614488,1273942427,4328556915
1785629965.852427235,390343769,3054614488,1273944254,4328558742
1785629966.874187907,390343769,3054614488,1273947133,4328561621
1785629967.898082452,390343769,3054614488,1273954162,4328568650
1785629968.921453380,390343769,3054614488,1273959780,4328574268
1785629969.941977783,390343769,3054614488,1273962886,4328577374
1785629970.961101903,390343769,3054614488,1273964592,4328579080
1785629971.984864951,390343769,3054614488,1273966347,4328580835
1785629973.008312463,390343769,3054614488,1273971851,4328586339
1785629974.031190555,390343769,3054614488,1273976420,4328590908
1785629975.052288741,390343769,3054614488,1273983159,4328597647
1785629976.076889618,390343769,3054614488,1273984957,4328599445
1785629977.101434931,390343769,3054614488,1273986476,4328600964
1785629978.125762429,390343769,3054614488,1273988341,4328602829
1785629979.146745366,390343769,3054614488,1273994337,4328608825
1785629980.169003592,390343769,3054614488,1273998587,4328613075
1785629981.192371554,390343769,3054614488,1274005468,4328619956
1785629982.216267569,390343769,3054614488,1274007706,4328622194
1785629983.240537433,390343769,3054614488,1274011636,4328626124
1785629984.264170237,390343769,3054614488,1274013361,4328627849
1785629985.286499619,390343769,3054614488,1274021329,4328635817
1785629986.307770157,390343769,3054614488,1274025508,4328639996
1785629987.331219818,390343769,3054614488,1274031323,4328645811
1785629988.355971135,390343769,3054614488,1274033437,4328647925
1785629989.379716054,390343769,3054614488,1274035245,4328649733
1785629990.403707153,390343769,3054614488,1274037396,4328651884
1785629991.427375564,390343769,3054614488,1274044893,4328659381
1785629992.451271534,390343769,3054614488,1274050053,4328664541
1785629993.475445571,390343769,3054614488,1274058315,4328672803
1785629994.499263871,390343769,3054614488,1274060229,4328674717
1785629995.523946807,390343769,3054614488,1274061680,4328676168
1785629996.545369832,390343769,3054614488,1274065605,4328680093
1785629997.569464560,390343769,3054614488,1274070528,4328685016
1785629998.592991453,390343769,3054614488,1274075834,4328690322
1785629999.616902062,390343769,3054614488,1274079164,4328693652
1785630000.640577000,390343769,3054614488,1274080784,4328695272
1785630001.664844939,390343769,3054614488,1274082427,4328696915
1785630002.687683268,390343769,3054614488,1274087894,4328702382
1785630003.711160104,390343769,3054614488,1274093136,4328707624
1785630004.732032152,390343769,3054614488,1274100346,4328714834
1785630005.754472675,390343769,3054614488,1274102024,4328716512
1785630006.776644913,390343769,3054614488,1274103701,4328718189
1785630007.800197475,390343769,3054614488,1274105606,4328720094
1785630008.822394074,390343769,3054614488,1274113559,4328728047
1785630009.845524926,390343769,3054614488,1274115816,4328730304
1785630010.869143560,390343769,3054614488,1274123065,4328737553
1785630011.893023447,390343769,3054614488,1274124690,4328739178
1785630012.917064255,390343769,3054614488,1274126833,4328741321
1785630013.938006259,390343769,3054614488,1274130183,4328744671
1785630014.961064251,390343769,3054614488,1274138193,4328752681
1785630015.984433201,390343769,3054614488,1274142507,4328756995
1785630017.007961653,390343769,3054614488,1274148502,4328762990
1785630018.031717826,390343769,3054614488,1274150573,4328765061
1785630019.056058354,390343769,3054614488,1274152461,4328766949
1785630020.079076566,390343769,3054614488,1274156546,4328771034
1785630021.102822854,390343769,3054614488,1274162280,4328776768
1785630022.123690614,390343769,3054614491,1274168122,4328782613
1785630023.147409239,390343769,3054614491,1274171450,4328785941
1785630024.171575728,390343769,3054614491,1274173804,4328788295
1785630025.195145881,390343769,3054614491,1274176568,4328791059
1785630026.216571702,390343769,3054614491,1274181714,4328796205
1785630027.239266996,390343769,3054614491,1274185383,4328799874
1785630028.263533392,390343769,3054614491,1274192478,4328806969
1785630029.287263824,390343769,3054614491,1274194259,4328808750
1785630030.311354955,390343769,3054614491,1274195876,4328810367
1785630031.335520577,390343769,3054614491,1274197445,4328811936
1785630032.357885200,390343769,3054614491,1274204185,4328818676
1785630033.382289235,390343769,3054614491,1274206454,4328820945
1785630034.405100833,390343769,3054614491,1274213362,4328827853
1785630035.429309533,390343769,3054614491,1274217070,4328831561
1785630036.450889787,390343769,3054614491,1274219180,4328833671
1785630037.473799098,390343769,3054614491,1274221365,4328835856
1785630038.497652862,390343769,3054614491,1274228891,4328843382
1785630039.521721815,390343769,3054614491,1274233446,4328847937
1785630040.545368336,390343769,3054614491,1274239044,4328853535
1785630041.569450268,390343769,3054614491,1274242544,4328857035
1785630042.593065583,390343769,3054614491,1274244257,4328858748
1785630043.616274580,390343769,3054614491,1274248553,4328863044
1785630044.638174639,390343769,3054614491,1274253992,4328868483
1785630045.660411703,390343769,3054614491,1274261040,4328875531
1785630046.682113990,390343769,3054614491,1274264676,4328879167
1785630047.705838725,390343769,3054614491,1274266992,4328881483
1785630048.729981728,390343769,3054614491,1274268811,4328883302
1785630049.751431790,390343769,3054614491,1274274641,4328889132
1785630050.775107685,390343769,3054614491,1274278625,4328893116
1785630051.798771160,390343769,3054614491,1274286628,4328901119
1785630052.822655355,390343769,3054614491,1274288721,4328903212
1785630053.847003154,390343769,3054614491,1274290886,4328905377
1785630054.868147376,390343769,3054614491,1274292805,4328907296
1785630055.889999331,390343769,3054614491,1274301344,4328915835
1785630056.912984746,390343769,3054614491,1274306516,4328921007
1785630057.937414040,390343769,3054614491,1274313703,4328928194
1785630058.960795347,390343769,3054614491,1274315820,4328930311
1785630059.982938974,390343769,3054614491,1274317576,4328932067
1785630061.005864446,390343769,3054614491,1274319984,4328934475
1785630062.027744681,390343769,3054614491,1274326017,4328940508
1785630063.050143133,390343769,3054614491,1274331760,4328946251
1785630064.074280024,390343769,3054614491,1274337528,4328952019
1785630065.098943735,390343769,3054614491,1274339912,4328954403
1785630066.124213426,390343769,3054614491,1274343917,4328958408
1785630067.147717621,390343769,3054614491,1274346223,4328960714
1785630068.173168411,390343769,3054614491,1274353813,4328968304
1785630069.196016333,390343769,3054614491,1274359834,4328974325
1785630070.220445593,390343769,3054614491,1274363599,4328978090
1785630071.245330305,390343769,3054614491,1274365871,4328980362
1785630072.267692306,390343769,3054614491,1274367431,4328981922
1785630073.290571529,390343769,3054614491,1274370702,4328985193
1785630074.313293703,390343769,3054614491,1274377519,4328992010
1785630075.334995644,390343769,3054614491,1274384966,4328999457
1785630076.357830355,390343769,3054614491,1274388286,4329002777
1785630077.380279375,390343769,3054614491,1274390270,4329004761
1785630078.401105293,390343769,3054614491,1274391814,4329006305
1785630079.424340628,390343769,3054614491,1274394825,4329009316
1785630080.448163938,390343769,3054614491,1274401480,4329015971
1785630081.470660699,390343769,3054614491,1274408424,4329022915
1785630082.492784984,390343769,3054614491,1274410126,4329024617
1785630083.515433340,390343769,3054614491,1274412313,4329026804
1785630084.538016799,390343769,3054614491,1274414361,4329028852
1785630085.560043919,390343769,3054614491,1274419092,4329033583
1785630086.580165133,390343769,3054614491,1274429041,4329043532
1785630087.603144640,390343769,3054614491,1274435113,4329049604
1785630088.626538999,390343769,3054614491,1274436883,4329051374
1785630089.649216999,390343769,3054614491,1274439003,4329053494
1785630090.672247267,390343769,3054614493,1274440695,4329055188
1785630091.695361590,390343769,3054614493,1274446361,4329060854
1785630092.717662298,390343769,3054614493,1274453543,4329068036
1785630093.739814520,390343769,3054614493,1274457486,4329071979
1785630094.762171579,390343769,3054614493,1274458974,4329073467
1785630095.784393583,390343769,3054614493,1274460954,4329075447
1785630096.807381187,390343769,3054614493,1274464720,4329079213
1785630097.830044120,390343769,3054614493,1274471618,4329086111
1785630098.852566859,390343769,3054614493,1274478577,4329093070
1785630099.876471734,390343769,3054614493,1274480835,4329095328
1785630100.901302419,390343769,3054614493,1274482385,4329096878
1785630101.924153006,390343769,3054614493,1274484648,4329099141
1785630102.948330235,390343769,3054614493,1274486794,4329101287
1785630103.971537044,390343769,3054614493,1274495191,4329109684
1785630104.994812845,390343769,3054614493,1274502434,4329116927
1785630106.018065039,390343772,3054614500,1274504637,4329119137
1785630107.042185936,390343772,3054614510,1274508436,4329122946
1785630108.065052004,391994324,3054893216,1274553365,4329446581
1785630109.087754316,395479443,3055447032,1274644128,4330091160
1785630110.108386734,398905418,3056008298,1274735485,4330743783
1785630111.128715015,402364352,3056570134,1274826563,4331396697
1785630112.151311782,405895118,3057132412,1274916815,4332049227
1785630113.172619311,409411072,3057696578,1275006810,4332703388
1785630114.194001749,412905295,3058268932,1275095384,4333364316
1785630115.213067845,416350290,3058827927,1275186160,4334014087
1785630116.235431686,419767990,3059384004,1275276127,4334660131
1785630117.255809099,423216029,3059935989,1275367125,4335303114
1785630118.278094717,426702051,3060495093,1275456994,4335952087
1785630119.299675425,430201636,3061058656,1275546683,4336605339
1785630120.322431858,433698245,3061632412,1275636608,4337269020
1785630121.342850135,437121377,3062185840,1275727946,4337913786
1785630122.363420480,440572277,3062750495,1275817779,4338568274
1785630123.385143294,444028247,3063308970,1275908570,4339217540
1785630124.408057677,447543127,3063874063,1275998941,4339873004
1785630125.429821439,451007282,3064430834,1276088665,4340519499
1785630126.455495706,454493388,3064991323,1276178386,4341169709
1785630127.476784561,457907240,3065547221,1276269149,4341816370
1785630128.499033937,461362709,3066111821,1276358482,4342470303
1785630129.522261011,464837095,3066670143,1276448557,4343118700
1785630130.543984414,468330491,3067219028,1276538141,4343757169
1785630131.565004097,471835625,3067797600,1276627529,4344425129
1785630132.586641177,475307330,3068366427,1276718501,4345084928
1785630133.606883639,478737920,3068927047,1276809061,4345736108
1785630134.629145433,482187289,3069486486,1276899012,4346385498
1785630135.651433466,485688380,3070054254,1276988198,4347042452
1785630136.671418035,489169725,3070612915,1277079347,4347692262
1785630137.691714441,492625573,3071176290,1277168324,4348344614
1785630138.715382883,496071047,3071738899,1277259740,4348998639
1785630139.735484182,499535670,3072291166,1277349547,4349640713
1785630140.757826678,503000875,3072857765,1277440268,4350298033
1785630141.779253225,506478516,3073423731,1277529731,4350953462
1785630142.799416293,509962711,3073990199,1277619038,4351609237
1785630143.819057914,513463179,3074552608,1277707919,4352260527
1785630144.840033299,516872859,3075115922,1277799990,4352915912
1785630145.860483131,520336547,3075676237,1277890140,4353566377
1785630146.881854167,523754032,3076234177,1277981221,4354215398
1785630147.902354453,527249767,3076800316,1278070787,4354871103
1785630148.923041056,530716526,3077360531,1278161777,4355522308
1785630149.942150438,534150657,3077917160,1278252133,4356169293
1785630150.963136458,537584558,3078474194,1278342931,4356817125
1785630151.986501882,541020803,3079024236,1278434233,4357458469
1785630153.007416121,544523939,3079600436,1278523858,4358124294
1785630154.027405869,547982677,3080163839,1278614498,4358778337
1785630155.050215964,551471289,3080730186,1278705097,4359435283
1785630156.073691486,554941822,3081286653,1278795936,4360082589
1785630157.095015595,558409203,3081848746,1278887078,4360735824
1785630158.114763092,561823910,3082410496,1278978732,4361389228
1785630159.135441486,565294078,3082966133,1279068885,4362035018
1785630160.154714748,568777641,3083533168,1279158668,4362691836
1785630161.177231562,572246778,3084097760,1279248091,4363345851
1785630162.197841438,575689153,3084664730,1279338840,4364003570
1785630163.220506272,579142174,3085225815,1279428973,4364654788
1785630164.241874555,582548514,3085789941,1279521330,4365311271
1785630165.264685233,586021249,3086340641,1279612437,4365953078
1785630166.286125972,589498607,3086905760,1279701847,4366607607
1785630167.307991978,592965073,3087469465,1279791067,4367260532
1785630168.329645843,596392812,3088027241,1279882279,4367909520
1785630169.350513465,599814554,3088579832,1279974116,4368553948
1785630170.370782397,603231524,3089136189,1280064545,4369200734
1785630171.392880284,606700506,3089701680,1280154060,4369855740
1785630172.414616157,610185330,3090259006,1280244884,4370503890
1785630173.436650606,613657146,3090825166,1280333796,4371158962
1785630174.459124624,617101281,3091389157,1280424671,4371813828
1785630175.478719445,620541821,3091954959,1280515352,4372470311
1785630176.502502457,623996886,3092505354,1280607008,4373112362
1785630177.527115634,627466376,3093065089,1280698277,4373763366
1785630178.547695610,630949644,3093632939,1280787473,4374420412
1785630179.571673791,634372960,3094183773,1280875975,4375059748
1785630180.593080205,637811663,3094746730,1280967464,4375714194
1785630181.612661305,641207912,3095309755,1281057404,4376367159
1785630182.634554627,644680464,3095879878,1281146693,4377026571
1785630183.655974378,648174475,3096447232,1281235701,4377682933
1785630184.675444106,651641827,3097013276,1281325792,4378339068
1785630185.698480020,655090014,3097577863,1281415875,4378993738
1785630186.722760984,658526252,3098123361,1281508236,4379631597
1785630187.746091229,661962473,3098687384,1281599695,4380287079
1785630188.766669626,665445229,3099257365,1281689691,4380947056
1785630189.789289009,668884700,3099813328,1281779952,4381593280
1785630190.811066986,672333509,3100375522,1281868737,4382244259
1785630191.830388030,675767090,3100931252,1281958371,4382889623
1785630192.851300312,679177812,3101482846,1282049135,4383531981
1785630193.872346335,682598945,3102044522,1282139557,4384184079
1785630194.894711087,686070227,3102609248,1282229168,4384838416
1785630195.916029465,689536489,3103172762,1282318665,4385491427
1785630196.936413348,693013758,3103741887,1282409948,4386151835
1785630197.957431726,695092772,3104080140,1282466638,4386546778
1785630198.979755028,695092772,3104080140,1282472451,4386552591
1785630200.003527948,695092772,3104080140,1282477648,4386557788
1785630201.027811345,695092772,3104080140,1282480206,4386560346
1785630202.051378883,695092772,3104080140,1282481997,4386562137
1785630203.074181451,695092772,3104080140,1282485201,4386565341
1785630204.097206783,695092772,3104080140,1282491481,4386571621
1785630205.118956275,695092772,3104080140,1282498217,4386578357
1785630206.139362758,695092772,3104080140,1282501250,4386581390
1785630207.162398801,695092772,3104080140,1282502955,4386583095
1785630208.185741483,695092772,3104080140,1282504709,4386584849
1785630209.209363423,695092772,3104080140,1282509059,4386589199
1785630210.228978661,695092772,3104080140,1282514747,4386594887
1785630211.247915447,695092772,3104080140,1282523599,4386603739
1785630212.270011430,695092772,3104080140,1282527504,4386607644
1785630213.293765633,695092772,3104080140,1282529681,4386609821
1785630214.317329319,695092772,3104080140,1282531308,4386611448
1785630215.340661714,695092772,3104080140,1282536851,4386616991
1785630216.362742848,695092772,3104080140,1282542380,4386622520
1785630217.385838906,695092772,3104080140,1282548010,4386628150
1785630218.409338730,695092772,3104080140,1282549642,4386629782
1785630219.433008369,695092772,3104080140,1282551542,4386631682
1785630220.457935091,695092772,3104080140,1282553566,4386633706
1785630221.481369551,695092772,3104080140,1282563030,4386643170
1785630222.504434896,695092772,3104080140,1282567797,4386647937
1785630223.528250706,695092772,3104080140,1282572558,4386652698
1785630224.551657531,695092772,3104080140,1282574743,4386654883
1785630225.575516753,695092772,3104080140,1282576877,4386657017
1785630226.597676018,695092772,3104080140,1282579046,4386659186
1785630227.617768951,695092772,3104080140,1282586417,4386666557
1785630228.640657010,695092772,3104080140,1282592461,4386672601
1785630229.664830919,695092772,3104080140,1282597151,4386677291
1785630230.690032662,695092772,3104080140,1282599030,4386679170
1785630231.712467665,695092772,3104080140,1282602506,4386682646
1785630232.735872585,695092772,3104080140,1282606234,4386686374
1785630233.757998922,695092772,3104080140,1282611277,4386691417
1785630234.781551923,695092772,3104080140,1282617967,4386698107
1785630235.805448164,695092772,3104080140,1282619596,4386699736
1785630236.829681526,695092772,3104080140,1282621266,4386701406
1785630237.853549061,695092772,3104080140,1282623141,4386703281
1785630238.876273243,695092772,3104080140,1282628411,4386708551
1785630239.895381687,695092772,3104080140,1282632812,4386712952
1785630240.917035844,695092772,3104080140,1282639260,4386719400
1785630241.941134393,695092772,3104080140,1282642675,4386722815
1785630242.964747052,695092772,3104080140,1282644716,4386724856
1785630243.988677325,695092772,3104080140,1282646652,4386726792
1785630245.011694015,695092772,3104080140,1282654445,4386734585
1785630246.034741018,695092772,3104080140,1282658598,4386738738
1785630247.059565700,695092772,3104080140,1282664681,4386744821
1785630248.083466964,695092772,3104080140,1282667393,4386747533
1785630249.108040725,695092772,3104080140,1282671253,4386751393
1785630250.130489378,695092772,3104080140,1282673165,4386753305
1785630251.154904351,695092772,3104080140,1282679857,4386759997
1785630252.177865957,695092772,3104080140,1282685616,4386765756
1785630253.201249828,695092772,3104080140,1282690867,4386771007
1785630254.224816332,695092772,3104080140,1282693173,4386773313
1785630255.247549962,695092772,3104080140,1282694961,4386775101
1785630256.269260874,695092772,3104080140,1282698748,4386778888
1785630257.292738380,695092772,3104080140,1282704005,4386784145
1785630258.315986158,695092772,3104080140,1282709603,4386789743
1785630259.339752785,695092772,3104080140,1282712907,4386793047
1785630260.361330962,695092772,3104080140,1282714971,4386795111
1785630261.383252463,695092772,3104080140,1282716498,4386796638
1785630262.405543660,695092772,3104080140,1282723451,4386803591
1785630263.430158216,695092772,3104080140,1282726947,4386807087
1785630264.453519216,695092772,3104080140,1282734167,4386814307
1785630265.475419901,695092772,3104080140,1282735962,4386816102
1785630266.497909418,695092772,3104080140,1282738279,4386818419
1785630267.522332121,695092772,3104080140,1282740387,4386820527
1785630268.545163080,695092772,3104080140,1282748340,4386828480
1785630269.568457114,695092772,3104080140,1282750721,4386830861
1785630270.591995633,695092772,3104080140,1282757927,4386838067
1785630271.616182135,695092772,3104080140,1282759928,4386840068
1785630272.641132612,695092772,3104080140,1282764198,4386844338
1785630273.665235485,695092772,3104080140,1282766388,4386846528
1785630274.689371827,695092772,3104080140,1282774586,4386854726
1785630275.712731191,695092772,3104080140,1282778656,4386858796
1785630276.736065335,695092772,3104080140,1282784502,4386864642
1785630277.759475621,695092772,3104080140,1282786423,4386866563
1785630278.783504959,695092772,3104080140,1282788534,4386868674
1785630279.806214580,695092772,3104080140,1282792059,4386872199
1785630280.826564475,695092772,3104080140,1282797502,4386877642
1785630281.850425664,695092772,3104080140,1282802744,4386882884
1785630282.874031611,695092772,3104080140,1282808107,4386888247
1785630283.897678047,695092772,3104080140,1282809772,4386889912
1785630284.922171691,695092772,3104080140,1282811967,4386892107
1785630285.945576938,695092772,3104080140,1282817402,4386897542
1785630286.967021282,695092772,3104080140,1282821550,4386901690
1785630287.984117667,695092772,3104080140,1282828171,4386908311
1785630289.008556017,695092772,3104080140,1282830490,4386910630
1785630290.032494033,695092772,3104080140,1282832120,4386912260
1785630291.056651383,695092772,3104080140,1282833959,4386914099
1785630292.080503825,695092772,3104080140,1282840259,4386920399
1785630293.104179812,695092772,3104080140,1282845454,4386925594
1785630294.127790710,695092772,3104080140,1282852286,4386932426
1785630295.152519516,695092772,3104080140,1282854272,4386934412
1785630296.176296611,695092772,3104080140,1282856125,4386936265
1785630297.198585298,695092772,3104080140,1282858211,4386938351
1785630298.221475408,695092772,3104080140,1282864674,4386944814
1785630299.244327239,695092772,3104080140,1282868100,4386948240
1785630300.265842130,695092772,3104080140,1282873869,4386954009
1785630301.289026538,695092772,3104080140,1282875518,4386955658
1785630302.311923346,695092772,3104080140,1282877582,4386957722
1785630303.333697279,695092772,3104080140,1282883631,4386963771
1785630304.356668404,695092772,3104080140,1282889799,4386969939
1785630305.377818820,695092772,3104080140,1282895772,4386975912
1785630306.403656448,695092772,3104080140,1282899741,4386979881
1785630307.426130111,695092772,3104080140,1282901579,4386981719
1785630308.449449995,695092772,3104080140,1282903726,4386983866
1785630309.472847423,695092772,3104080140,1282908936,4386989076
1785630310.496544422,695092772,3104080140,1282913842,4386993982
1785630311.517708640,695092772,3104080140,1282921557,4387001697
1785630312.541551904,695092772,3104080140,1282923835,4387003975
1785630313.564084538,695092772,3104080140,1282927393,4387007533
1785630314.586364715,695092772,3104080140,1282929983,4387010123
1785630315.609221139,695092772,3104080140,1282936003,4387016143
1785630316.631041384,695092772,3104080140,1282940909,4387021049
1785630317.653164885,695092772,3104080140,1282947285,4387027425
1785630318.675137351,695092772,3104080140,1282949295,4387029435
1785630319.698322708,695092772,3104080140,1282950920,4387031060
1785630320.723012293,695092772,3104080140,1282952956,4387033096
1785630321.746902957,695092772,3104080140,1282958894,4387039034
1785630322.770352324,695092772,3104080140,1282963990,4387044130
1785630323.794232003,695092772,3104080140,1282970162,4387050302
1785630324.817784877,695092772,3104080140,1282973901,4387054041
1785630325.839693384,695092772,3104080140,1282975694,4387055834
1785630326.862766558,695092772,3104080140,1282978027,4387058167
1785630327.887953704,695092772,3104080140,1282985555,4387065695
1785630328.911433944,695092772,3104080140,1282991869,4387072009
1785630329.936314170,695092772,3104080140,1282995542,4387075682
1785630330.960429020,695092772,3104080140,1282997736,4387077876
1785630331.983231072,695092772,3104080140,1282999590,4387079730
1785630333.005585897,695092772,3104080140,1283003155,4387083295
1785630334.030227723,695092772,3104080140,1283009815,4387089955
1785630335.054706769,695092772,3104080140,1283019160,4387099300
1785630336.077470163,695092772,3104080140,1283021555,4387101695
1785630337.100246705,695092772,3104080140,1283023863,4387104003
1785630338.123782626,695092772,3104080140,1283025591,4387105731
1785630339.147312881,695092772,3104080140,1283030429,4387110569
1785630340.169746634,695092772,3104080140,1283034735,4387114875
1785630341.195342567,695092772,3104080140,1283041713,4387121853
1785630342.218363583,695092772,3104080140,1283043298,4387123438
1785630343.242117327,695092772,3104080140,1283045205,4387125345
1785630344.265189146,695092772,3104080140,1283046870,4387127010
1785630345.288398870,695092772,3104080140,1283054361,4387134501
1785630346.310433577,695092772,3104080140,1283059110,4387139250
1785630347.334207066,695092772,3104080140,1283065119,4387145259
1785630348.357920614,695092772,3104080140,1283066730,4387146870
1785630349.382139760,695092772,3104080140,1283068977,4387149117
1785630350.406072435,695092772,3104080140,1283070805,4387150945
1785630351.430045840,695092772,3104080140,1283077899,4387158039
1785630352.452170876,695092772,3104080140,1283082875,4387163015
1785630353.476004619,695092772,3104080140,1283087725,4387167865
1785630354.499314343,695092772,3104080140,1283089924,4387170064
1785630355.522658265,695092772,3104080140,1283094038,4387174178
1785630356.546059917,695092775,3104080147,1283096615,4387176762
1785630357.569500344,695092775,3104080158,1283103625,4387183783
1785630358.592412596,695744222,3104198046,1283127009,4387325055
1785630359.614016561,699307309,3104786955,1283217410,4388004365
1785630360.636024183,702881312,3105360357,1283308307,4388668664
1785630361.659217775,706400140,3105932749,1283397846,4389330595
1785630362.682435742,709579574,3106453019,1283531971,4389984990
1785630363.707777198,712739326,3106975551,1283668289,4390643840
1785630364.731793793,715872138,3107498821,1283803255,4391302076
1785630365.753386716,718992606,3108020064,1283939835,4391959899
1785630366.775140598,722188278,3108556388,1284073526,4392629914
1785630367.797320961,725369816,3109085785,1284207618,4393293403
1785630368.819517918,728529970,3109604349,1284344385,4393948734
1785630369.841222364,731705472,3110128041,1284479809,4394607850
1785630370.862332926,734849633,3110648107,1284615846,4395263953
1785630371.885765715,738006265,3111166179,1284751622,4395917801
1785630372.909669563,741211011,3111697422,1284886374,4396583796
1785630373.931196878,744385642,3112217493,1285021018,4397238511
1785630374.953830523,747511430,3112741239,1285157721,4397898960
1785630375.977271882,750651707,3113269796,1285294279,4398564075
1785630377.001193190,753782619,3113797075,1285431308,4399228383
1785630378.026907191,756955981,3114332969,1285567309,4399900278
1785630379.051029840,760139931,3114853848,1285701935,4400555783
1785630380.075072478,763310256,3115388561,1285837980,4401226541
1785630381.101263451,766402276,3115906157,1285976530,4401882687
1785630382.123230619,769569525,3116419927,1286111325,4402531252
1785630383.148368588,772661988,3116934612,1286248841,4403183453
1785630384.173206166,775827238,3117461037,1286384412,4403845449
1785630385.198306367,779015575,3117982569,1286519873,4404502442
1785630386.223218785,782152918,3118504238,1286655829,4405160067
1785630387.250362594,785265647,3119027049,1286793297,4405820346
1785630388.274767326,788485862,3119562943,1286927111,4406490054
1785630389.298653329,791688511,3120098413,1287063354,4407161767
1785630390.325240328,794951070,3120633385,1287196982,4407830367
1785630391.350102996,798232117,3121169092,1287330754,4408499846
1785630392.373493761,801644814,3121725752,1287433956,4409159708
1785630393.395284001,805288069,3122326636,1287519478,4409846114
1785630394.419117029,808939411,3122924820,1287601946,4410526766
1785630395.439931851,812532547,3123525769,1287684769,4411210538
1785630396.460701173,816092835,3124106276,1287769110,4411875386
1785630397.483462958,819675966,3124702767,1287852219,4412554986
1785630398.506699136,823216493,3125285210,1287936816,4413222026
1785630399.529392435,826682964,3125850482,1288023343,4413873825
1785630400.551238622,830146679,3126429901,1288109441,4414539342
1785630401.573225668,833566422,3126985991,1288196233,4415182224
1785630402.594671120,837014233,3127557588,1288281411,4415838999
1785630403.615286625,840475302,3128133052,1288367833,4416500885
1785630404.637356584,843879450,3128687053,1288456421,4417143474
1785630405.657831324,847336801,3129256553,1288542190,4417798743
1785630406.683432005,850749941,3129818520,1288629784,4418448304
1785630407.705270072,854203814,3130383760,1288716807,4419100567
1785630408.727810553,857665181,3130952974,1288803704,4419756678
1785630409.750980059,861126071,3131517347,1288890853,4420408200
1785630410.774947712,864529720,3132079849,1288979763,4421059612
1785630411.797101359,868004868,3132663721,1289067073,4421730794
1785630412.823116446,871441912,3133230683,1289157137,4422387820
1785630413.845386556,874948247,3133808791,1289246259,4423055050
1785630414.872654514,878468712,3134390251,1289333995,4423724246
1785630415.894695017,881967146,3134972229,1289423228,4424395457
1785630416.914812870,885396040,3135529999,1289514335,4425044334
1785630417.939178685,888894329,3136095481,1289602993,4425698474
1785630418.961744864,892361107,3136677416,1289693727,4426371143
1785630419.984327317,895886143,3137261398,1289782521,4427043919
1785630421.006223208,899403746,3137835614,1289872283,4427707897
1785630422.025977981,902852532,3138407755,1289962218,4428369973
1785630423.046991624,906328208,3138983820,1290050516,4429034336
1785630424.068539469,909804633,3139560493,1290140538,4429701031
1785630425.092247288,913253467,3140125126,1290231753,4430356879
1785630426.117076230,916734386,3140702544,1290322325,4431024869
1785630427.138931313,920178539,3141261176,1290411279,4431672455
1785630428.162416274,923579561,3141823561,1290502827,4432326388
1785630429.184079879,927051947,3142399066,1290592559,4432991625
1785630430.208441535,930491358,3142960177,1290682958,4433643135
1785630431.229669703,933961992,3143530341,1290772560,4434302901
1785630432.253719118,937423604,3144108005,1290863068,4434971073
1785630433.275827907,940899558,3144677072,1290953538,4435630610
1785630434.298707332,944323714,3145233706,1291044792,4436278498
1785630435.321383221,947801221,3145811690,1291135095,4436946785
1785630436.343736614,951230892,3146370679,1291227990,4437598669
1785630437.365300440,954713828,3146954357,1291318774,4438273131
1785630438.388489807,958166747,3147530993,1291410136,4438941129
1785630439.410063967,961655843,3148100452,1291500670,4439601122
1785630440.430673056,965094132,3148658475,1291593129,4440251604
1785630441.452685081,968532715,3149222891,1291685053,4440907944
1785630442.475625791,971978159,3149792128,1291777079,4441569207
1785630443.498668163,975481239,3150362422,1291867375,4442229797
1785630444.519950159,978974163,3150939769,1291959273,4442899042
1785630445.542444806,982434355,3151505832,1292050760,4443556592
1785630446.562685435,985889222,3152072407,1292142377,4444214784
1785630447.585276266,989353902,3152644243,1292234244,4444878487
1785630448.601808302,991984015,3153086032,1292305574,4445391606
1785630449.621363034,991984015,3153086032,1292307304,4445393336
1785630450.643857539,991984015,3153086032,1292309088,4445395120
1785630451.665459971,991984015,3153086032,1292314580,4445400612
1785630452.688157605,991984015,3153086032,1292318445,4445404477
1785630453.710669011,991984015,3153086032,1292324110,4445410142
1785630454.734449781,991984015,3153086032,1292328244,4445414276
1785630455.756557677,991984015,3153086032,1292329989,4445416021
1785630456.776579350,991984015,3153086032,1292331875,4445417907
1785630457.799055548,991984015,3153086032,1292338799,4445424831
1785630458.822537475,991984015,3153086032,1292343276,4445429308
1785630459.845921475,991984015,3153086032,1292350431,4445436463
1785630460.870059817,991984015,3153086032,1292352670,4445438702
1785630461.894192196,991984015,3153086032,1292354604,4445440636
1785630462.915466286,991984015,3153086032,1292356111,4445442143
1785630463.938487996,991984015,3153086032,1292362996,4445449028
1785630464.962527920,991984015,3153086032,1292364690,4445450722
1785630465.984309877,991984015,3153086032,1292371663,4445457695
1785630467.008462855,991984015,3153086032,1292373502,4445459534
1785630468.032007818,991984015,3153086032,1292375432,4445461464
1785630469.053853330,991984015,3153086032,1292381238,4445467270
1785630470.078056341,991984015,3153086032,1292386727,4445472759
1785630471.099370412,991984015,3153086032,1292390252,4445476284
1785630472.122530303,991984015,3153086032,1292395750,4445481782
1785630473.146723618,991984015,3153086032,1292397537,4445483569
1785630474.169105630,991984015,3153086032,1292399357,4445485389
1785630475.193014826,991984015,3153086032,1292404464,4445490496
1785630476.217530270,991984015,3153086032,1292408846,4445494878
1785630477.239048452,991984015,3153086032,1292414567,4445500599
1785630478.264773843,991984015,3153086032,1292418474,4445504506
1785630479.288362272,991984015,3153086032,1292422450,4445508482
1785630480.312833307,991984015,3153086032,1292424267,4445510299
1785630481.335460170,991984015,3153086032,1292430763,4445516795
1785630482.359286384,991984015,3153086032,1292433631,4445519663
1785630483.380703259,991984015,3153086032,1292440998,4445527030
1785630484.404195008,991984015,3153086032,1292443260,4445529292
1785630485.428400520,991984015,3153086032,1292445226,4445531258
1785630486.451798657,991984015,3153086032,1292447178,4445533210
1785630487.476204438,991984015,3153086032,1292454502,4445540534
1785630488.494096832,991984015,3153086032,1292456622,4445542654
1785630489.516744740,991984015,3153086032,1292465418,4445551450
1785630490.541145000,991984015,3153086032,1292468572,4445554604
1785630491.565524317,991984015,3153086032,1292470480,4445556512
1785630492.588069338,991984015,3153086032,1292474256,4445560288
1785630493.612030446,991984015,3153086032,1292480217,4445566249
1785630494.633374270,991984015,3153086032,1292482203,4445568235
1785630495.657977250,991984015,3153086032,1292489552,4445575584
1785630496.682290213,991984015,3153086035,1292491649,4445577684
1785630497.704209571,991984015,3153086035,1292494857,4445580892
1785630498.722254245,991984015,3153086035,1292499527,4445585562
1785630499.745840685,991984015,3153086035,1292506323,4445592358
1785630500.767972127,991984015,3153086035,1292510572,4445596607
1785630501.790671912,991984015,3153086035,1292515838,4445601873
1785630502.814182504,991984015,3153086035,1292517598,4445603633
1785630503.836301077,991984015,3153086035,1292519349,4445605384
1785630504.859368942,991984015,3153086035,1292525358,4445611393
1785630505.883519243,991984015,3153086035,1292527747,4445613782
1785630506.906943623,991984015,3153086035,1292532463,4445618498
1785630507.931095976,991984015,3153086035,1292536329,4445622364
1785630508.954419342,991984015,3153086035,1292537973,4445624008
1785630509.976872941,991984015,3153086035,1292541470,4445627505
1785630511.000917759,991984015,3153086035,1292548550,4445634585
1785630512.021873948,991984015,3153086035,1292550490,4445636525
1785630513.045349399,991984015,3153086035,1292556360,4445642395
1785630514.069325792,991984015,3153086035,1292558853,4445644888
1785630515.093377127,991984015,3153086035,1292560563,4445646598
1785630516.115402178,991984015,3153086035,1292563922,4445649957
1785630517.137861830,991984015,3153086035,1292569041,4445655076
1785630518.158859335,991984015,3153086035,1292571036,4445657071
1785630519.181987389,991984015,3153086035,1292577752,4445663787
1785630520.204759438,991984015,3153086035,1292581085,4445667120
1785630521.229107304,991984015,3153086035,1292582939,4445668974
1785630522.254425275,991984015,3153086035,1292587479,4445673514
1785630523.278559278,991984015,3153086035,1292592041,4445678076
1785630524.304695568,991984015,3153086035,1292595975,4445682010
1785630525.328551471,991984015,3153086035,1292601659,4445687694
1785630526.352491440,991984015,3153086035,1292603772,4445689807
1785630527.376793875,991984015,3153086035,1292605896,4445691931
1785630528.399934590,991984015,3153086035,1292612000,4445698035
1785630529.423392511,991984015,3153086035,1292615184,4445701219
1785630530.446401478,991984015,3153086035,1292621398,4445707433
1785630531.471479374,991984015,3153086035,1292626434,4445712469
1785630532.495958176,991984015,3153086035,1292628396,4445714431
1785630533.518858899,991984015,3153086035,1292630215,4445716250
1785630534.542176987,991984015,3153086035,1292637374,4445723409
1785630535.565712218,991984015,3153086035,1292638967,4445725002
1785630536.590342428,991984015,3153086035,1292644965,4445731000
1785630537.615346028,991984015,3153086035,1292647798,4445733833
1785630538.640247022,991984015,3153086035,1292649492,4445735527
1785630539.663741197,991984015,3153086035,1292652188,4445738223
1785630540.687137988,991984015,3153086035,1292658292,4445744327
1785630541.710765922,991984015,3153086035,1292661206,4445747241
1785630542.734946083,991984015,3153086035,1292668401,4445754436
1785630543.759245718,991984015,3153086035,1292670076,4445756111
1785630544.783435508,991984015,3153086035,1292671848,4445757883
1785630545.803419588,991984015,3153086035,1292676721,4445762756
1785630546.827388274,991984015,3153086035,1292681783,4445767818
1785630547.850761274,991984015,3153086035,1292685196,4445771231
1785630548.874981206,991984015,3153086035,1292691214,4445777249
1785630549.896196173,991984015,3153086035,1292693110,4445779145
1785630550.917868876,991984015,3153086035,1292694902,4445780937
1785630551.941229535,991984015,3153086035,1292703078,4445789113
1785630552.965339169,991984015,3153086035,1292706343,4445792378
1785630553.988985775,991984015,3153086035,1292710604,4445796639
1785630555.011380463,991984015,3153086035,1292714741,4445800776
1785630556.033862675,991984015,3153086035,1292716341,4445802376
1785630557.056868618,991984015,3153086035,1292718206,4445804241
1785630558.080912258,991984015,3153086035,1292724877,4445810912
1785630559.104567516,991984015,3153086035,1292726692,4445812727
1785630560.127684821,991984015,3153086035,1292732077,4445818112
1785630561.151948953,991984015,3153086035,1292735176,4445821211
1785630562.176263567,991984015,3153086035,1292738925,4445824960
1785630563.199780810,991984015,3153086035,1292742156,4445828191
1785630564.224467542,991984015,3153086035,1292748259,4445834294
1785630565.244996566,991984015,3153086035,1292750198,4445836233
1785630566.269199979,991984015,3153086035,1292757774,4445843809
1785630567.293187088,991984015,3153086035,1292759547,4445845582
1785630568.317793637,991984015,3153086035,1292761189,4445847224
1785630569.341461854,991984015,3153086035,1292765717,4445851752
1785630570.365269543,991984015,3153086035,1292770338,4445856373
1785630571.388976876,991984015,3153086035,1292773650,4445859685
1785630572.413207728,991984015,3153086035,1292782274,4445868309
1785630573.434999442,991984015,3153086037,1292784157,4445870194
1785630574.458994421,991984015,3153086037,1292785817,4445871854
1785630575.481141394,991984015,3153086037,1292792250,4445878287
1785630576.505433388,991984015,3153086037,1292795143,4445881180
1785630577.528384990,991984015,3153086037,1292800057,4445886094
1785630578.552407803,991984015,3153086037,1292804512,4445890549
1785630579.576359860,991984015,3153086037,1292806684,4445892721
1785630580.599000646,991984015,3153086037,1292808591,4445894628
1785630581.621525747,991984015,3153086037,1292816458,4445902495
1785630582.645532302,991984015,3153086037,1292820554,4445906591
1785630583.669337685,991984015,3153086037,1292827185,4445913222
1785630584.692506303,991984015,3153086037,1292830652,4445916689
1785630585.716087809,991984015,3153086037,1292832723,4445918760
1785630586.738438634,991984015,3153086037,1292836285,4445922322
1785630587.762330503,991984015,3153086037,1292842550,4445928587
1785630588.784084302,991984015,3153086037,1292844687,4445930724
1785630589.808473366,991984015,3153086037,1292852702,4445938739
1785630590.831703862,991984015,3153086037,1292854636,4445940673
1785630591.855127587,991984015,3153086037,1292856518,4445942555
1785630592.877753733,991984015,3153086037,1292863322,4445949359
1785630593.900315831,991984015,3153086037,1292868238,4445954275
1785630594.923021565,991984015,3153086037,1292871341,4445957378
1785630595.946014748,991984015,3153086037,1292877593,4445963630
1785630596.965070568,991984015,3153086037,1292879690,4445965727
1785630597.989229472,991984015,3153086037,1292881560,4445967597
1785630599.013133344,991984015,3153086037,1292887961,4445973998
1785630600.037560148,991984015,3153086037,1292890999,4445977036
1785630601.060915644,991984015,3153086037,1292896187,4445982224
1785630602.084348103,991984015,3153086037,1292900954,4445986991
1785630603.107456424,991984015,3153086037,1292904773,4445990810
1785630604.130437018,991984015,3153086037,1292906750,4445992787
1785630605.154961606,991984015,3153086037,1292914287,4446000324
1785630606.177052006,991984015,3153086037,1292916273,4446002310
1785630607.200343804,991984015,3153086037,1292922802,4446008839
1785630608.224145424,991984015,3153086037,1292925693,4446011730
1785630609.248133665,991984015,3153086037,1292927592,4446013629
1785630610.271534501,991984015,3153086037,1292930250,4446016287
1785630611.294925462,991984015,3153086037,1292935958,4446021995
1785630612.318205496,991984015,3153086037,1292937554,4446023591
1785630613.339341891,991984015,3153086037,1292945686,4446031723
1785630614.362371667,991984015,3153086037,1292949386,4446035423
1785630615.386471101,991984015,3153086037,1292951231,4446037268
1785630616.407649826,991984015,3153086037,1292955375,4446041412
1785630617.429052558,991984015,3153086037,1292960149,4446046186
1785630618.453847562,991984015,3153086037,1292961749,4446047786
1785630619.477902447,991984015,3153086037,1292968507,4446054544
1785630620.502291872,991984015,3153086037,1292970071,4446056108
1785630621.525565411,991984015,3153086037,1292971769,4446057806
1785630622.548787031,991984015,3153086037,1292977006,4446063043
1785630623.570256217,991984015,3153086037,1292981944,4446067981
1785630624.589720021,991984015,3153086037,1292984722,4446070759
1785630625.613878405,991984015,3153086037,1292991411,4446077448
1785630626.637792262,991984015,3153086037,1292993554,4446079591
1785630627.664026704,991984015,3153086037,1292995366,4446081403
1785630628.687819107,991984015,3153086037,1293003582,4446089619
1785630629.714476985,991984015,3153086037,1293005646,4446091683
1785630630.738292010,991984015,3153086037,1293009621,4446095658
1785630631.761715487,991984015,3153086037,1293014606,4446100643
1785630632.786167278,991984015,3153086037,1293016521,4446102558
1785630633.808009648,991984015,3153086037,1293020167,4446106204
1785630634.829364165,991984015,3153086037,1293027658,4446113695
1785630635.851303070,991984015,3153086037,1293029493,4446115530
1785630636.873106861,991984015,3153086037,1293035289,4446121326
1785630637.895816261,991984015,3153086037,1293039109,4446125146
1785630638.918208064,991984015,3153086037,1293040904,4446126941
1785630639.938867433,991984015,3153086037,1293044847,4446130884
1785630640.959907644,991984015,3153086037,1293050157,4446136194
1785630641.982300527,991984015,3153086037,1293051708,4446137745
1785630643.004759337,991984015,3153086037,1293058510,4446144547
1785630644.026845097,991984015,3153086037,1293060658,4446146695
1785630645.048661301,991984015,3153086037,1293063173,4446149210
1785630646.068755358,991984015,3153086037,1293068676,4446154713
1785630647.089879541,991984015,3153086037,1293072148,4446158185
1785630648.112173211,991984015,3153086037,1293074348,4446160385
1785630649.135153652,991984015,3153086037,1293080779,4446166816
1785630650.157817406,991984015,3153086037,1293082718,4446168755
1785630651.180877444,991984015,3153086037,1293084338,4446170375
1785630652.202843219,991984015,3153086037,1293091028,4446177065
1785630653.226114304,991984015,3153086037,1293092765,4446178802
1785630654.248099946,991984015,3153086037,1293096623,4446182660
1785630655.271204950,991984015,3153086037,1293103067,4446189104
1785630656.294272056,991984015,3153086037,1293104727,4446190764
1785630657.315146027,991984015,3153086037,1293106596,4446192633
1785630658.339148167,991984015,3153086037,1293113530,4446199567
1785630659.362443124,991984015,3153086037,1293115215,4446201252
1785630660.385918219,991984015,3153086037,1293120806,4446206843
1785630661.409787859,991984015,3153086037,1293124673,4446210710
1785630662.432732096,991984015,3153086037,1293126655,4446212692
1785630663.454661750,991984015,3153086037,1293130080,4446216117
1785630664.475347663,991984015,3153086037,1293135735,4446221772
1785630665.494976440,991984015,3153086037,1293139683,4446225720
1785630666.518341055,991984015,3153086037,1293147583,4446233620
1785630667.541675957,991984015,3153086037,1293149703,4446235740
1785630668.563986289,991984015,3153086037,1293151619,4446237656
1785630669.586985256,991984015,3153086037,1293157156,4446243193
1785630670.608769235,991984015,3153086037,1293161068,4446247105
1785630671.627991507,991984015,3153086037,1293163098,4446249135
1785630672.652214269,991984015,3153086037,1293170686,4446256723
1785630673.675961636,991984015,3153086037,1293172445,4446258482
1785630674.696375806,991984015,3153086037,1293174487,4446260524
1785630675.719270903,991984015,3153086037,1293182874,4446268911
1785630676.742728844,991984015,3153086037,1293187160,4446273197
1785630677.764478728,991984015,3153086037,1293191167,4446277204
1785630678.784081087,991984015,3153086037,1293197299,4446283336
1785630679.805076007,991984015,3153086037,1293198896,4446284933
1785630680.828748808,991984015,3153086037,1293200692,4446286729
1785630681.851566273,991984015,3153086037,1293206817,4446292854
1785630682.873675765,991984015,3153086037,1293209390,4446295427
1785630683.898850111,991984015,3153086037,1293214703,4446300740
1785630684.920789145,991984015,3153086037,1293218284,4446304321
1785630685.944307021,991984015,3153086037,1293221557,4446307594
1785630686.967128500,991984015,3153086037,1293223210,4446309247
1785630687.993263676,991984015,3153086037,1293229905,4446315942
1785630689.012785888,991984015,3153086037,1293231527,4446317564
1785630690.035844812,991984015,3153086037,1293238491,4446324528
1785630691.058908854,991984015,3153086037,1293240185,4446326222
1785630692.082868288,991984015,3153086037,1293241797,4446327834
1785630693.103448337,991984015,3153086037,1293245147,4446331184
1785630694.127344165,991984015,3153086037,1293250308,4446336345
1785630695.150833242,991984015,3153086037,1293252262,4446338299
1785630696.174834498,991984015,3153086037,1293260380,4446346417
1785630697.198245485,991984015,3153086037,1293262172,4446348209
1785630698.221521943,991984015,3153086037,1293263552,4446349589
1785630699.244556534,991984015,3153086037,1293268507,4446354544
1785630700.268389615,991984015,3153086037,1293272071,4446358108
1785630701.291237877,991984015,3153086037,1293275584,4446361621
1785630702.314959259,991984015,3153086037,1293280583,4446366620
1785630703.338467199,991984015,3153086037,1293282254,4446368291
1785630704.362294059,991984015,3153086037,1293283825,4446369862
1785630705.384972692,991984015,3153086037,1293289779,4446375816
1785630706.409186432,991984015,3153086037,1293293946,4446379983
1785630707.431517663,991984015,3153086037,1293299370,4446385407
1785630708.454951699,991984015,3153086037,1293302592,4446388629
1785630709.478954650,991984015,3153086037,1293304190,4446390227
1785630710.502577970,991984015,3153086037,1293305965,4446392002
1785630711.525930472,991984015,3153086037,1293312762,4446398799
1785630712.549753432,991984015,3153086037,1293314266,4446400303
1785630713.571926752,991984015,3153086037,1293321286,4446407323
1785630714.595764553,991984015,3153086037,1293322791,4446408828
1785630715.620011416,991984015,3153086037,1293324614,4446410651
1785630716.642491646,991984015,3153086037,1293329740,4446415777
1785630717.665564124,991984015,3153086037,1293334968,4446421005
1785630718.688944806,991984015,3153086037,1293336817,4446422854
1785630719.713257256,991984015,3153086037,1293343796,4446429833
1785630720.736573819,991984015,3153086037,1293345255,4446431292
1785630721.760891727,991984015,3153086037,1293347049,4446433086
1785630722.782280804,991984015,3153086037,1293351844,4446437881
1785630723.799409040,991984015,3153086037,1293355413,4446441450
1785630724.822967265,991984015,3153086037,1293358907,4446444944
1785630725.841980471,991984015,3153086037,1293364390,4446450427
1785630726.864542207,991984015,3153086037,1293368508,4446454545
1785630727.887308953,991984015,3153086037,1293370552,4446456589
1785630728.910140322,991984015,3153086037,1293377189,4446463226
1785630729.934069543,991984015,3153086037,1293379587,4446465624
1785630730.956827801,991984015,3153086037,1293384812,4446470849
1785630731.980224519,991984015,3153086037,1293388196,4446474233
1785630733.003143479,991984015,3153086037,1293390327,4446476364
1785630734.024937909,991984015,3153086037,1293391994,4446478031
1785630735.048445094,991984015,3153086037,1293399054,4446485091
1785630736.073059506,991984015,3153086037,1293400722,4446486759
1785630737.093401042,991984015,3153086037,1293407699,4446493736
1785630738.114543304,991984015,3153086037,1293411064,4446497101
1785630739.138573756,991984015,3153086037,1293412897,4446498934
1785630740.161765102,991984015,3153086037,1293416235,4446502272
1785630741.185229096,991984015,3153086037,1293421268,4446507305
1785630742.208746159,991984015,3153086037,1293422826,4446508863
1785630743.230834035,991984015,3153086037,1293429307,4446515344
1785630744.254653283,991984015,3153086037,1293431252,4446517289
1785630745.278820079,991984015,3153086037,1293433167,4446519204
1785630746.299650846,991984015,3153086037,1293437875,4446523912
1785630747.323475748,991984015,3153086037,1293442982,4446529019
1785630748.347328673,991984015,3153086037,1293445387,4446531424
1785630749.370846965,991984015,3153086037,1293452158,4446538195
1785630750.394805317,991984015,3153086037,1293453815,4446539852
1785630751.417771051,991984015,3153086037,1293455309,4446541346
1785630752.441101916,991984015,3153086037,1293461347,4446547384
1785630753.464666636,991984015,3153086037,1293463547,4446549584
1785630754.487304150,991984015,3153086037,1293467177,4446553214
1785630755.511338013,991984015,3153086037,1293472706,4446558743
1785630756.535448331,991984015,3153086037,1293474418,4446560455
1785630757.556497088,991984015,3153086037,1293476734,4446562771
1785630758.579930028,991984015,3153086037,1293484731,4446570768
1785630759.601490753,991984015,3153086037,1293486419,4446572456
1785630760.624191060,991984015,3153086037,1293491403,4446577440
1785630761.648828448,991984015,3153086037,1293495059,4446581096
1785630762.673000864,991984015,3153086037,1293496593,4446582630
1785630763.695861931,991984015,3153086037,1293500026,4446586063
1785630764.720548221,991984015,3153086037,1293505140,4446591177
1785630765.744406794,991984015,3153086037,1293506831,4446592868
1785630766.767783504,991984015,3153086037,1293512817,4446598854
1785630767.791661347,991984015,3153086037,1293515676,4446601713
1785630768.812876579,991984015,3153086037,1293519385,4446605422
1785630769.835188037,991984015,3153086037,1293524437,4446610474
1785630770.858696344,991984015,3153086037,1293528627,4446614664
1785630771.878501386,991984015,3153086037,1293530174,4446616211
1785630772.901428978,991984015,3153086037,1293537211,4446623248
1785630773.925296144,991984015,3153086037,1293538684,4446624721
1785630774.948666319,991984015,3153086037,1293540407,4446626444
1785630775.971184544,991984015,3153086037,1293546320,4446632357
1785630776.994976626,991984015,3153086037,1293549258,4446635295
1785630778.016439932,991984015,3153086037,1293552487,4446638524
1785630779.039504798,991984015,3153086037,1293559250,4446645287
1785630780.064104299,991984015,3153086037,1293561122,4446647159
1785630781.087331149,991984015,3153086037,1293562901,4446648938
1785630782.112407183,991984015,3153086037,1293569534,4446655571
1785630783.136737038,991984015,3153086037,1293571310,4446657347
1785630784.160140087,991984015,3153086037,1293575756,4446661793
1785630785.184224421,991984015,3153086037,1293580241,4446666278
1785630786.208305411,991984015,3153086037,1293581676,4446667713
1785630787.231019945,991984015,3153086037,1293584896,4446670933
1785630788.254317327,991984015,3153086037,1293589856,4446675893
1785630789.278346133,991984015,3153086037,1293593166,4446679203
1785630790.301580638,991984015,3153086037,1293598494,4446684531
1785630791.324893822,991984015,3153086037,1293601331,4446687368
1785630792.350168999,991984015,3153086037,1293603024,4446689061
1785630793.373726359,991984015,3153086037,1293607699,4446693736
1785630794.397949687,991984015,3153086037,1293611717,4446697754
1785630795.420310447,991984015,3153086037,1293613511,4446699548
1785630796.442802715,991984015,3153086037,1293620633,4446706670
1785630797.466861232,991984015,3153086037,1293622233,4446708270
1785630798.491071201,991984015,3153086037,1293624312,4446710349
1785630799.515151903,991984015,3153086037,1293632024,4446718061
1785630800.539004101,991984015,3153086037,1293636159,4446722196
1785630801.562358581,991984015,3153086037,1293639368,4446725405
1785630802.587275707,991984015,3153086037,1293644680,4446730717
1785630803.610812138,991984015,3153086037,1293646416,4446732453
1785630804.634810987,991984015,3153086037,1293648560,4446734597
1785630805.658410133,991984015,3153086037,1293654059,4446740096
1785630806.682145862,991984015,3153086037,1293657195,4446743232
1785630807.705854542,991984015,3153086037,1293661801,4446747838
1785630808.729518523,991984015,3153086037,1293666356,4446752393
1785630809.753239877,991984015,3153086037,1293670195,4446756232
1785630810.777198303,991984015,3153086037,1293671865,4446757902
1785630811.800409211,991984015,3153086037,1293679405,4446765442
1785630812.822371286,991984015,3153086037,1293680919,4446766956
1785630813.845032359,991984015,3153086037,1293687403,4446773440
1785630814.869776249,991984015,3153086037,1293690464,4446776501
1785630815.892027174,991984015,3153086037,1293692158,4446778195
1785630816.914811233,991984015,3153086037,1293695211,4446781248
1785630817.936057317,991984015,3153086037,1293701539,4446787576
1785630818.956567505,991984015,3153086037,1293703468,4446789505
1785630819.979954968,991984015,3153086037,1293712663,4446798700
1785630821.001676937,991984015,3153086037,1293714332,4446800369
1785630822.024237393,991984015,3153086037,1293716024,4446802061
1785630823.047398836,991984015,3153086037,1293720801,4446806838
1785630824.070818742,991984015,3153086037,1293726008,4446812045
1785630825.094701015,991984015,3153086037,1293729690,4446815727
1785630826.115923509,991984015,3153086037,1293735723,4446821760
1785630827.139099810,991984015,3153086037,1293737671,4446823708
1785630828.163004914,991984015,3153086037,1293739484,4446825521
1785630829.186458915,991984015,3153086037,1293745224,4446831261
1785630830.209413841,991984015,3153086037,1293749716,4446835753
1785630831.232731754,991984015,3153086037,1293753747,4446839784
1785630832.256239769,991984015,3153086037,1293758054,4446844091
1785630833.280096671,991984015,3153086037,1293759792,4446845829
1785630834.301284031,991984015,3153086037,1293761385,4446847422
1785630835.324218946,991984015,3153086037,1293768107,4446854144
1785630836.347846340,991984015,3153086037,1293769817,4446855854
1785630837.371305221,991984015,3153086037,1293775163,4446861200
1785630838.394412753,991984015,3153086037,1293778254,4446864291
1785630839.417643358,991984015,3153086037,1293780176,4446866213
1785630840.439423417,991984015,3153086037,1293785542,4446871579
1785630841.460268661,991984015,3153086037,1293791779,4446877816
1785630842.483930273,991984015,3153086037,1293793654,4446879691
1785630843.507508190,991984015,3153086037,1293801636,4446887673
1785630844.531146078,991984015,3153086037,1293803441,4446889478
1785630845.555279768,991984015,3153086037,1293805306,4446891343
1785630846.577800526,991984015,3153086037,1293809922,4446895959
1785630847.601031250,991984015,3153086037,1293814056,4446900093
1785630848.624789886,991984015,3153086037,1293817116,4446903153
1785630849.648354410,991984015,3153086037,1293823739,4446909776
1785630850.670895436,991984015,3153086037,1293827272,4446913309
1785630851.695185479,991984015,3153086037,1293829306,4446915343
1785630852.718065294,991984015,3153086037,1293835568,4446921605
1785630853.742142316,991984015,3153086037,1293839022,4446925059
1785630854.765268029,991984015,3153086037,1293843051,4446929088
1785630855.788971329,991984015,3153086037,1293848595,4446934632
1785630856.812067918,991984015,3153086037,1293850525,4446936562
1785630857.833788348,991984015,3153086037,1293852668,4446938705
1785630858.857255943,991984015,3153086037,1293860328,4446946365
1785630859.878678646,991984015,3153086037,1293861990,4446948027
1785630860.901083694,991984015,3153086037,1293867334,4446953371
1785630861.923128189,991984015,3153086037,1293874272,4446960309
1785630862.946559997,991984015,3153086037,1293876142,4446962179
1785630863.968188560,991984015,3153086037,1293879285,4446965322
1785630864.991954329,991984015,3153086037,1293885787,4446971824
1785630866.015938166,991984015,3153086037,1293887628,4446973665
1785630867.038899768,991984015,3153086037,1293893216,4446979253
1785630868.061189777,991984015,3153086037,1293896942,4446982979
1785630869.084716386,991984015,3153086037,1293899148,4446985185
1785630870.107794085,991984015,3153086037,1293903507,4446989544
1785630871.130041362,991984015,3153086037,1293908460,4446994497
1785630872.154142627,991984015,3153086037,1293912260,4446998297
1785630873.176102697,991984015,3153086037,1293919235,4447005272
1785630874.200084658,991984015,3153086037,1293921385,4447007422
1785630875.223326076,991984015,3153086037,1293923565,4447009602
1785630876.247072753,991984015,3153086037,1293929560,4447015597
1785630877.271091739,991984015,3153086037,1293933252,4447019289
1785630878.294892726,991984015,3153086037,1293935049,4447021086
1785630879.319017260,991984015,3153086037,1293942158,4447028195
1785630880.342878317,991984015,3153086037,1293943886,4447029923
1785630881.366817500,991984015,3153086037,1293945891,4447031928
1785630882.390130581,991984015,3153086037,1293954396,4447040433
1785630883.413552961,991984015,3153086037,1293956463,4447042500
1785630884.436961426,991984015,3153086037,1293960214,4447046251
1785630885.460890523,991984015,3153086037,1293964980,4447051017
1785630886.485189706,991984015,3153086037,1293966879,4447052916
1785630887.508671150,991984015,3153086037,1293969538,4447055575
1785630888.533115630,991984015,3153086037,1293975205,4447061242
1785630889.557315011,991984015,3153086037,1293976922,4447062959
1785630890.577403118,991984015,3153086037,1293982453,4447068490
1785630891.597789641,991984015,3153086037,1293985918,4447071955
1785630892.624683009,991984015,3153086037,1293989348,4447075385
1785630893.647911100,991984015,3153086037,1293993763,4447079800
1785630894.671683737,991984015,3153086037,1293998095,4447084132
1785630895.696244326,991984015,3153086037,1293999796,4447085833
1785630896.719377657,991984015,3153086037,1294006623,4447092660
1785630897.743049279,991984015,3153086037,1294008290,4447094327
1785630898.767396803,991984015,3153086037,1294010094,4447096131
1785630899.790509048,991984015,3153086037,1294016256,4447102293
1785630900.813202644,991984015,3153086037,1294019457,4447105494
1785630901.835539733,991984015,3153086037,1294021598,4447107635
1785630902.858292895,991984015,3153086037,1294030782,4447116819
1785630903.882351960,991984015,3153086037,1294033070,4447119107
1785630904.906209133,991984015,3153086037,1294034839,4447120876
1785630905.930019185,991984015,3153086037,1294042807,4447128844
1785630906.952946930,991984015,3153086037,1294044592,4447130629
1785630907.978640919,991984015,3153086037,1294048342,4447134379
1785630908.997824549,991984015,3153086037,1294054021,4447140058
1785630910.022022822,991984015,3153086037,1294056161,4447142198
1785630911.043469169,991984015,3153086037,1294058840,4447144877
1785630912.066397873,991984015,3153086037,1294064859,4447150896
1785630913.090379229,991984015,3153086037,1294068367,4447154404
1785630914.112310384,991984015,3153086037,1294073628,4447159665
1785630915.136249006,991984015,3153086037,1294077136,4447163173
1785630916.160064429,991984015,3153086037,1294078760,4447164797
1785630917.183449938,991984015,3153086037,1294082961,4447168998
1785630918.207575137,991984015,3153086037,1294087167,4447173204
1785630919.231382389,991984015,3153086037,1294088727,4447174764
1785630920.253821434,991984015,3153086037,1294095352,4447181389
1785630921.278671521,991984015,3153086037,1294097195,4447183232
1785630922.302202967,991984015,3153086037,1294098951,4447184988
1785630923.323501428,991984015,3153086037,1294105748,4447191785
1785630924.347574166,991984015,3153086037,1294110356,4447196393
1785630925.368309141,991984015,3153086037,1294112371,4447198408
1785630926.392030180,991984015,3153086037,1294119064,4447205101
1785630927.415808393,991984015,3153086037,1294120815,4447206852
1785630928.439260700,991984015,3153086037,1294122561,4447208598
1785630929.460681452,991984015,3153086037,1294127978,4447214015
1785630930.484282079,991984015,3153086037,1294130915,4447216952
1785630931.508328335,991984015,3153086037,1294134389,4447220426
1785630932.531352756,991984015,3153086037,1294139363,4447225400
1785630933.554945471,991984015,3153086037,1294142864,4447228901
1785630934.579011764,991984015,3153086037,1294144672,4447230709
1785630935.603042476,991984015,3153086037,1294151584,4447237621
1785630936.626784032,991984015,3153086037,1294153460,4447239497
1785630937.649225124,991984015,3153086037,1294158835,4447244872
1785630938.673199079,991984015,3153086037,1294162356,4447248393
1785630939.698372765,991984015,3153086037,1294163995,4447250032
1785630940.722449243,991984015,3153086037,1294166639,4447252676
1785630941.746977309,991984015,3153086037,1294173362,4447259399
1785630942.772816183,991984015,3153086037,1294175390,4447261427
1785630943.796144407,991984015,3153086037,1294184841,4447270878
1785630944.819035261,991984015,3153086037,1294186641,4447272678
1785630945.842470054,991984015,3153086037,1294188110,4447274147
1785630946.864951284,991984015,3153086037,1294192020,4447278057
1785630947.888395950,991984015,3153086037,1294197359,4447283396
1785630948.909808073,991984015,3153086037,1294199329,4447285366
1785630949.932441017,991984015,3153086037,1294206707,4447292744
1785630950.955040566,991984015,3153086037,1294208312,4447294349
1785630951.977098117,991984015,3153086037,1294210122,4447296159
1785630952.999473085,991984015,3153086037,1294216098,4447302135
1785630954.021692129,991984015,3153086037,1294221988,4447308025
1785630955.043985062,991984015,3153086037,1294225958,4447311995
1785630956.068007464,991984015,3153086037,1294231538,4447317575
1785630957.090300747,991984015,3153086037,1294233473,4447319510
1785630958.112824287,991984015,3153086037,1294235166,4447321203
1785630959.135424301,991984015,3153086037,1294243080,4447329117
1785630960.158013949,991984015,3153086037,1294245234,4447331271
1785630961.178871996,991984015,3153086037,1294251055,4447337092
1785630962.201525249,991984015,3153086037,1294254661,4447340698
1785630963.224818032,991984015,3153086037,1294256416,4447342453
1785630964.246749019,991984015,3153086037,1294260208,4447346245
1785630965.269415241,991984015,3153086037,1294267611,4447353648
1785630966.293030056,991984015,3153086037,1294269426,4447355463
1785630967.315830759,991984015,3153086037,1294276410,4447362447
1785630968.340902702,991984015,3153086037,1294278715,4447364752
1785630969.364337898,991984015,3153086037,1294280634,4447366671
1785630970.387174423,991984015,3153086037,1294284349,4447370386
1785630971.410415497,991984015,3153086037,1294289581,4447375618
1785630972.434048987,991984015,3153086037,1294291241,4447377278
1785630973.456045520,991984015,3153086037,1294297875,4447383912
1785630974.477922492,991984015,3153086037,1294300621,4447386658
1785630975.501221901,991984015,3153086037,1294302978,4447389015
1785630976.522542537,991984015,3153086037,1294308030,4447394067
1785630977.545574355,991984015,3153086037,1294311493,4447397530
1785630978.568100069,991984015,3153086037,1294314648,4447400685
1785630979.591538425,991984015,3153086037,1294320296,4447406333
1785630980.615776683,991984015,3153086037,1294321933,4447407970
1785630981.639222620,991984015,3153086037,1294323756,4447409793
1785630982.662892934,991984015,3153086037,1294330260,4447416297
1785630983.686370887,991984015,3153086037,1294331814,4447417851
1785630984.709250033,991984015,3153086037,1294336113,4447422150
1785630985.733666055,991984015,3153086037,1294343416,4447429453
1785630986.755088541,991984015,3153086037,1294345008,4447431045
1785630987.777517689,991984015,3153086037,1294347433,4447433470
1785630988.801253899,991984015,3153086037,1294354064,4447440101
1785630989.823105689,991984015,3153086037,1294355920,4447441957
1785630990.845846384,991984015,3153086037,1294360773,4447446810
1785630991.870871299,991984015,3153086037,1294364689,4447450726
1785630992.894526156,991984015,3153086037,1294366553,4447452590
1785630993.916547030,991984015,3153086037,1294370372,4447456409
1785630994.940437810,991984015,3153086037,1294375352,4447461389
1785630995.964466218,991984015,3153086037,1294379115,4447465152
1785630996.987522144,991984015,3153086037,1294385429,4447471466
1785630998.012044181,991984015,3153086037,1294388090,4447474127
1785630999.036186810,991984015,3153086037,1294389796,4447475833
1785631000.059962936,991984015,3153086037,1294395164,4447481201
1785631001.084881879,991984015,3153086037,1294398588,4447484625
1785631002.108784426,991984015,3153086037,1294400602,4447486639
1785631003.128269839,991984015,3153086037,1294407480,4447493517
1785631004.152343219,991984015,3153086037,1294409151,4447495188
1785631005.175766394,991984015,3153086037,1294411000,4447497037
1785631006.198995329,991984015,3153086037,1294419414,4447505451
1785631007.222974249,991984015,3153086037,1294420897,4447506934
1785631008.243144395,991984015,3153086037,1294424357,4447510394
1785631009.266579357,991984015,3153086037,1294429509,4447515546
1785631010.290672968,991984015,3153086037,1294431305,4447517342
1785631011.313228970,991984015,3153086037,1294433630,4447519667
1785631012.337474708,991984015,3153086037,1294439701,4447525738
1785631013.361831123,991984015,3153086037,1294441407,4447527444
1785631014.384964028,991984015,3153086037,1294446156,4447532193
1785631015.410057289,991984015,3153086037,1294450326,4447536363
1785631016.433250965,991984015,3153086037,1294453676,4447539713
1785631017.455778632,991984015,3153086037,1294457293,4447543330
1785631018.480015326,991984015,3153086037,1294462021,4447548058
1785631019.504391988,991984015,3153086037,1294463641,4447549678
1785631020.528042180,991984015,3153086037,1294469556,4447555593
1785631021.552540258,991984015,3153086037,1294472208,4447558245
1785631022.577078360,991984015,3153086037,1294473868,4447559905
1785631023.598693423,991984015,3153086037,1294479101,4447565138
1785631024.620416440,991984015,3153086037,1294482298,4447568335
1785631025.643078595,991984015,3153086037,1294484286,4447570323
1785631026.666930678,991984015,3153086037,1294493684,4447579721
1785631027.690899900,991984015,3153086037,1294495768,4447581805
1785631028.713746759,991984015,3153086037,1294497500,4447583537
1785631029.737296178,991984015,3153086037,1294505339,4447591376
1785631030.761551434,991984015,3153086037,1294507272,4447593309
1785631031.784122110,991984015,3153086037,1294510953,4447596990
1785631032.808412891,991984015,3153086037,1294516804,4447602841
1785631033.829739739,991984015,3153086037,1294518660,4447604697
1785631034.851385706,991984015,3153086037,1294520914,4447606951
1785631035.872785976,991984015,3153086037,1294527028,4447613065
1785631036.896858995,991984015,3153086037,1294530426,4447616463
1785631037.920771294,991984015,3153086037,1294534907,4447620944
1785631038.944440049,991984015,3153086037,1294539684,4447625721
1785631039.965376313,991984015,3153086037,1294541361,4447627398
1785631040.988556460,991984015,3153086037,1294545254,4447631291
1785631042.011357580,991984015,3153086037,1294550613,4447636650
1785631043.034454191,991984015,3153086037,1294552320,4447638357
1785631044.058242654,991984015,3153086037,1294558347,4447644384
1785631045.081508782,991984015,3153086037,1294561088,4447647125
1785631046.103482078,991984015,3153086037,1294562877,4447648914
1785631047.124321047,991984015,3153086037,1294569223,4447655260
1785631048.144410645,991984015,3153086037,1294573918,4447659955
1785631049.167183758,991984015,3153086037,1294575904,4447661941
1785631050.191005820,991984015,3153086037,1294582980,4447669017
1785631051.214158024,991984015,3153086037,1294584501,4447670538
1785631052.238256560,991984015,3153086037,1294586150,4447672187
1785631053.261408142,991984015,3153086037,1294591679,4447677716
1785631054.284840227,991984015,3153086037,1294595064,4447681101
1785631055.307971939,991984015,3153086037,1294598432,4447684469
1785631056.331442020,991984015,3153086037,1294603700,4447689737
1785631057.355680275,991984015,3153086037,1294607067,4447693104
1785631058.379983206,991984015,3153086037,1294608859,4447694896
1785631059.402175966,991984015,3153086037,1294616136,4447702173
1785631060.424863870,991984015,3153086037,1294618163,4447704200
1785631061.447791224,991984015,3153086037,1294622533,4447708570
1785631062.471364708,991984015,3153086037,1294626690,4447712727
1785631063.494977921,991984015,3153086037,1294628393,4447714430
1785631064.517849370,991984015,3153086037,1294630147,4447716184
1785631065.541863496,991984015,3153086037,1294636767,4447722804
1785631066.565708797,991984015,3153086037,1294638384,4447724421
1785631067.590076232,991984015,3153086037,1294645799,4447731836
1785631068.614382756,991984015,3153086037,1294648819,4447734856
1785631069.635062090,991984015,3153086037,1294650404,4447736441
1785631070.658843214,991984015,3153086037,1294654195,4447740232
1785631071.679140507,991984015,3153086037,1294659461,4447745498
1785631072.701818511,991984015,3153086037,1294661601,4447747638
1785631073.724104350,991984015,3153086037,1294668545,4447754582
1785631074.743985833,991984015,3153086037,1294670237,4447756274
1785631075.768321910,991984015,3153086037,1294671796,4447757833
1785631076.790760014,991984015,3153086037,1294677433,4447763470
1785631077.814349088,991984015,3153086037,1294682696,4447768733
1785631078.837742947,991984015,3153086037,1294685574,4447771611
1785631079.861806295,991984015,3153086037,1294690695,4447776732
1785631080.885856377,991984015,3153086037,1294692483,4447778520
1785631081.910170349,991984015,3153086037,1294694415,4447780452
1785631082.933879610,991984015,3153086037,1294701811,4447787848
1785631083.957572408,991984015,3153086037,1294703657,4447789694
1785631084.980392034,991984015,3153086037,1294708305,4447794342
1785631086.004884655,991984015,3153086037,1294712990,4447799027
1785631087.024522969,991984015,3153086037,1294714758,4447800795
1785631088.042780452,991984015,3153086037,1294718902,4447804939
1785631089.066738166,991984015,3153086037,1294727195,4447813232
1785631090.090552434,991984015,3153086037,1294729167,4447815204
1785631091.113932910,991984015,3153086037,1294735775,4447821812
1785631092.136700960,991984015,3153086037,1294738919,4447824956
1785631093.160442364,991984015,3153086037,1294740706,4447826743
1785631094.184159986,991984015,3153086037,1294744518,4447830555
1785631095.208150038,991984015,3153086037,1294749849,4447835886
1785631096.230191712,991984015,3153086037,1294751556,4447837593
1785631097.248731657,991984015,3153086037,1294758561,4447844598
1785631098.272091590,991984015,3153086037,1294761412,4447847449
1785631099.296027158,991984015,3153086037,1294766229,4447852266
1785631100.316859194,991984015,3153086037,1294771602,4447857639
1785631101.340489643,991984015,3153086037,1294774863,4447860900
1785631102.363758088,991984015,3153086037,1294777841,4447863878
1785631103.387661497,991984015,3153086037,1294783598,4447869635
1785631104.412117107,991984015,3153086037,1294785355,4447871392
1785631105.436283469,991984015,3153086037,1294786938,4447872975
1785631106.457766651,991984015,3153086037,1294794210,4447880247
1785631107.481868890,991984015,3153086037,1294795797,4447881834
1785631108.505142608,991984015,3153086037,1294799209,4447885246
1785631109.529576123,991984015,3153086037,1294806542,4447892579
1785631110.549588596,991984015,3153086037,1294808062,4447894099
1785631111.571292898,991984015,3153086037,1294809885,4447895922
1785631112.595486622,991984015,3153086037,1294816843,4447902880
1785631113.619688779,991984015,3153086037,1294818455,4447904492
1785631114.644054317,991984015,3153086037,1294822299,4447908336
1785631115.667650911,991984015,3153086037,1294827254,4447913291
1785631116.691571411,991984015,3153086037,1294828930,4447914967
1785631117.714397077,991984015,3153086037,1294832447,4447918484
1785631118.735901030,991984015,3153086037,1294837540,4447923577
1785631119.759066926,991984015,3153086037,1294840934,4447926971
1785631120.781864408,991984015,3153086037,1294846992,4447933029
1785631121.806327044,991984015,3153086037,1294850571,4447936608
1785631122.829753330,991984015,3153086037,1294852294,4447938331
1785631123.852484823,991984015,3153086037,1294858222,4447944259
1785631124.876001625,991984015,3153086037,1294862346,4447948383
1785631125.899383575,991984015,3153086037,1294864231,4447950268
1785631126.922664122,991984015,3153086037,1294871367,4447957404
1785631127.945678422,991984015,3153086037,1294873313,4447959350
1785631128.968065023,991984015,3153086037,1294875084,4447961121
1785631129.990121772,991984015,3153086037,1294883490,4447969527
1785631131.014040587,991984015,3153086037,1294885078,4447971115
1785631132.036923166,991984015,3153086037,1294887285,4447973322
1785631133.054588678,991984015,3153086037,1294894071,4447980108
1785631134.070814770,991984015,3153086037,1294895545,4447981582
1785631135.092748370,991984015,3153086037,1294897378,4447983415
1785631136.116701956,991984015,3153086037,1294904111,4447990148
1785631137.139896431,991984015,3153086037,1294905860,4447991897
1785631138.163367064,991984015,3153086037,1294909682,4447995719
1785631139.185270038,991984015,3153086037,1294914720,4448000757
1785631140.210087529,991984015,3153086037,1294918251,4448004288
1785631141.232538438,991984015,3153086037,1294921920,4448007957
1785631142.254815242,991984015,3153086037,1294926778,4448012815
1785631143.278537350,991984015,3153086037,1294928523,4448014560
1785631144.300085561,991984015,3153086037,1294933604,4448019641
1785631145.324060435,991984015,3153086037,1294937237,4448023274
1785631146.347852736,991984015,3153086037,1294938944,4448024981
1785631147.369417202,991984015,3153086037,1294943892,4448029929
1785631148.393377344,991984015,3153086037,1294947063,4448033100
1785631149.417777237,991984015,3153086037,1294948871,4448034908
1785631150.441041485,991984015,3153086037,1294956707,4448042744
1785631151.464445159,991984015,3153086037,1294958341,4448044378
1785631152.488803450,991984015,3153086037,1294960172,4448046209
1785631153.510663489,991984015,3153086037,1294967562,4448053599
1785631154.535163390,991984015,3153086037,1294969752,4448055789
1785631155.559838124,991984015,3153086037,1294972077,4448058114
1785631156.584249022,991984015,3153086037,1294979105,4448065142
1785631157.608278085,991984015,3153086037,1294981071,4448067108
1785631158.632214992,991984015,3153086037,1294983070,4448069107
1785631159.655700057,991984015,3153086037,1294990637,4448076674
1785631160.680075914,991984015,3153086037,1294994348,4448080385
1785631161.702897142,991984015,3153086037,1294998772,4448084809
1785631162.725917770,991984015,3153086037,1295004251,4448090288
1785631163.749788344,991984015,3153086037,1295006364,4448092401
1785631164.770074767,991984015,3153086037,1295010477,4448096514
1785631165.794351650,991984015,3153086037,1295016275,4448102312
1785631166.818455804,991984015,3153086037,1295017863,4448103900
1785631167.838555176,991984015,3153086037,1295023830,4448109867
1785631168.861225955,991984015,3153086037,1295027861,4448113898
1785631169.884277230,991984015,3153086037,1295029540,4448115577
1785631170.907122293,991984015,3153086037,1295036314,4448122351
1785631171.930570341,991984015,3153086037,1295041981,4448128018
1785631172.953545768,991984015,3153086037,1295043923,4448129960
1785631173.975774687,991984015,3153086037,1295051566,4448137603
1785631175.000098217,991984015,3153086037,1295053421,4448139458
1785631176.023308188,991984015,3153086037,1295055375,4448141412
1785631177.044111423,991984015,3153086037,1295060963,4448147000
1785631178.062112529,991984015,3153086037,1295064433,4448150470
1785631179.086017071,991984015,3153086037,1295066285,4448152322
1785631180.110494902,991984015,3153086037,1295074178,4448160215
1785631181.134409239,991984015,3153086037,1295078031,4448164068
1785631182.157156836,991984015,3153086037,1295079997,4448166034
1785631183.175712992,991984015,3153086037,1295087654,4448173691
1785631184.199074648,991984015,3153086037,1295089693,4448175730
1785631185.223299580,991984015,3153086037,1295094022,4448180059
1785631186.247451751,991984015,3153086037,1295099868,4448185905
1785631187.271544356,991984015,3153086037,1295101544,4448187581
1785631188.294758800,991984015,3153086037,1295103517,4448189554
1785631189.319057060,991984015,3153086037,1295110024,4448196061
1785631190.342454850,991984015,3153086037,1295111797,4448197834
1785631191.364426397,991984015,3153086037,1295118619,4448204656
1785631192.386952596,991984015,3153086037,1295121857,4448207894
1785631193.410355212,991984015,3153086037,1295123650,4448209687
1785631194.432526387,991984015,3153086037,1295127680,4448213717
1785631195.455526798,991984015,3153086037,1295133197,4448219234
1785631196.479289644,991984015,3153086037,1295135068,4448221105
1785631197.502391767,991984015,3153086037,1295142325,4448228362
1785631198.526195023,991984015,3153086037,1295144095,4448230132
1785631199.550202715,991984015,3153086037,1295145787,4448231824
1785631200.570447187,991984015,3153086037,1295152139,4448238176
1785631201.588476770,991984015,3153086037,1295157230,4448243267
1785631202.611692238,991984015,3153086037,1295159736,4448245773
1785631203.635912732,991984015,3153086037,1295166867,4448252904
1785631204.660357222,991984015,3153086037,1295168849,4448254886
1785631205.684197688,991984015,3153086037,1295171007,4448257044
1785631206.706453282,991984015,3153086037,1295178840,4448264877
1785631207.730124146,991984015,3153086037,1295180593,4448266630
1785631208.753663394,991984015,3153086037,1295184546,4448270583
1785631209.777690112,991984015,3153086037,1295189902,4448275939
1785631210.801343491,991984015,3153086037,1295191842,4448277879
1785631211.823907172,991984015,3153086037,1295194870,4448280907
1785631212.847457585,991984015,3153086037,1295203312,4448289349
1785631213.871005582,991984015,3153086037,1295205003,4448291040
1785631214.892738248,991984015,3153086037,1295210432,4448296469
1785631215.916364460,991984015,3153086037,1295213433,4448299470
1785631216.940909059,991984015,3153086037,1295215321,4448301358
1785631217.964067253,991984015,3153086037,1295219402,4448305439
1785631218.985704852,991984015,3153086037,1295224694,4448310731
1785631220.009153771,991984015,3153086037,1295226331,4448312368
1785631221.026678733,991984015,3153086037,1295233525,4448319562
1785631222.049262292,991984015,3153086037,1295235386,4448321423
1785631223.071000672,991984015,3153086037,1295238488,4448324525
1785631224.091920702,991984015,3153086037,1295244098,4448330135
1785631225.112581519,991984015,3153086037,1295247398,4448333435
1785631226.135424227,991984015,3153086037,1295249512,4448335549
1785631227.158868831,991984015,3153086037,1295256309,4448342346
1785631228.183254462,991984015,3153086037,1295258214,4448344251
1785631229.207185768,991984015,3153086037,1295259981,4448346018
1785631230.229134110,991984015,3153086037,1295267043,4448353080
1785631231.252775156,991984015,3153086037,1295268686,4448354723
1785631232.275522500,991984015,3153086037,1295271480,4448357517
1785631233.295584078,991984015,3153086037,1295280240,4448366277
1785631234.318867000,991984015,3153086037,1295281902,4448367939
1785631235.339922347,991984015,3153086037,1295283691,4448369728
1785631236.363418825,991984015,3153086037,1295290310,4448376347
1785631237.387565417,991984015,3153086037,1295292317,4448378354
1785631238.408745345,991984015,3153086037,1295295904,4448381941
1785631239.432968083,991984015,3153086037,1295301229,4448387266
1785631240.456576287,991984015,3153086037,1295303111,4448389148
1785631241.479791581,991984015,3153086037,1295307453,4448393490
1785631242.504745807,991984015,3153086037,1295312560,4448398597
1785631243.529134071,991984015,3153086037,1295316299,4448402336
1785631244.553140544,991984015,3153086037,1295321312,4448407349
1785631245.577537451,991984015,3153086037,1295325061,4448411098
1785631246.601848706,991984015,3153086037,1295326801,4448412838
1785631247.624304522,991984015,3153086037,1295332253,4448418290
1785631248.649266318,991984015,3153086037,1295336061,4448422098
1785631249.673093267,991984015,3153086037,1295337758,4448423795
1785631250.696218456,991984015,3153086037,1295343680,4448429717
1785631251.719918853,991984015,3153086037,1295345867,4448431904
1785631252.744129283,991984015,3153086037,1295347576,4448433613
1785631253.768206559,991984015,3153086037,1295355952,4448441989
1785631254.788380043,991984015,3153086037,1295357515,4448443552
1785631255.811806459,991984015,3153086037,1295359443,4448445480
1785631256.834732657,991984015,3153086037,1295366327,4448452364
1785631257.857555168,991984015,3153086037,1295368204,4448454241
1785631258.882280289,991984015,3153086037,1295369846,4448455883
1785631259.905155479,991984015,3153086037,1295376801,4448462838
1785631260.927656688,991984015,3153086037,1295378345,4448464382
1785631261.948457863,991984015,3153086037,1295381803,4448467840
1785631262.972445817,991984015,3153086037,1295386983,4448473020
1785631263.996238280,991984015,3153086037,1295390650,4448476687
1785631265.021403102,991984015,3153086037,1295394533,4448480570
1785631266.047349669,991984015,3153086037,1295399989,4448486026
1785631267.071457859,991984015,3153086037,1295401558,4448487595
1785631268.095487181,991984015,3153086037,1295406002,4448492039
1785631269.118408475,991984015,3153086037,1295409744,4448495781
1785631270.141025371,991984015,3153086037,1295411343,4448497380
1785631271.162505586,991984015,3153086037,1295417189,4448503226
1785631272.185362130,991984015,3153086037,1295421208,4448507245
1785631273.207641930,991984015,3153086037,1295423019,4448509056
1785631274.230178623,991984015,3153086037,1295430889,4448516926
1785631275.252974169,991984015,3153086037,1295433773,4448519810
1785631276.275185293,991984015,3153086037,1295435581,4448521618
1785631277.298356547,991984015,3153086037,1295442930,4448528967
1785631278.319975954,991984015,3153086037,1295445141,4448531178
1785631279.340841702,991984015,3153086037,1295447057,4448533094
1785631280.362861465,991984015,3153086037,1295454677,4448540714
1785631281.386272159,991984015,3153086037,1295456725,4448542762
1785631282.408315566,991984015,3153086037,1295458788,4448544825
1785631283.430818750,991984015,3153086037,1295466507,4448552544
1785631284.453734511,991984015,3153086037,1295470266,4448556303
1785631285.476363291,991984015,3153086037,1295473525,4448559562
1785631286.498274756,991984015,3153086037,1295479237,4448565274
1785631287.521295528,991984015,3153086037,1295481079,4448567116
1785631288.542135070,991984015,3153086037,1295485048,4448571085
1785631289.564991756,991984015,3153086037,1295490946,4448576983
1785631290.588134660,991984015,3153086037,1295492677,4448578714
1785631291.611956440,991984015,3153086037,1295496740,4448582777
1785631292.634901365,991984015,3153086037,1295501418,4448587455
1785631293.658237574,991984015,3153086037,1295503539,4448589576
1785631294.680263831,991984015,3153086037,1295508520,4448594557
1785631295.703009937,991984015,3153086037,1295515915,4448601952
1785631296.726377659,991984015,3153086037,1295517991,4448604028
1785631297.749310370,991984015,3153086037,1295527883,4448613920
1785631298.773945789,991984015,3153086037,1295531492,4448617529
1785631299.797145175,991984015,3153086037,1295533361,4448619398
1785631300.820347306,991984015,3153086037,1295538091,4448624128
1785631301.844874638,991984015,3153086037,1295543326,4448629363
1785631302.867751167,991984015,3153086037,1295545218,4448631255
1785631303.890581989,991984015,3153086037,1295553055,4448639092
1785631304.913993648,991984015,3153086037,1295554798,4448640835
1785631305.938388476,991984015,3153086037,1295558318,4448644355
1785631306.962478678,991984015,3153086037,1295564326,4448650363
1785631307.986378104,991984015,3153086037,1295567370,4448653407
1785631309.009721042,991984015,3153086037,1295570409,4448656446
1785631310.028817103,991984015,3153086037,1295576025,4448662062
1785631311.052831564,991984015,3153086037,1295577746,4448663783
1785631312.076559727,991984015,3153086037,1295579372,4448665409
1785631313.098946179,991984015,3153086037,1295586885,4448672922
1785631314.122105537,991984015,3153086037,1295588543,4448674580
1785631315.142559682,991984015,3153086037,1295593200,4448679237
1785631316.166011113,991984015,3153086037,1295599804,4448685841
1785631317.190062390,991984015,3153086037,1295601696,4448687733
1785631318.213152179,991984015,3153086037,1295604227,4448690264
1785631319.237134269,991984015,3153086037,1295610522,4448696559
1785631320.261802757,991984015,3153086037,1295612502,4448698539
1785631321.281466329,991984015,3153086037,1295618476,4448704513
1785631322.301753704,991984015,3153086037,1295622085,4448708122
1785631323.325792814,991984015,3153086037,1295623856,4448709893
1785631324.347820910,991984015,3153086037,1295628394,4448714431
1785631325.371828351,991984015,3153086037,1295633798,4448719835
1785631326.395708385,991984015,3153086037,1295637668,4448723705
1785631327.420075328,991984015,3153086037,1295645395,4448731432
1785631328.444145406,991984015,3153086037,1295647445,4448733482
1785631329.468383313,991984015,3153086037,1295649324,4448735361
1785631330.490905689,991984015,3153086037,1295655141,4448741178
1785631331.515961495,991984015,3153086037,1295659039,4448745076
1785631332.537508910,991984015,3153086037,1295662031,4448748068
1785631333.563064032,991984015,3153086037,1295668556,4448754593
1785631334.587236867,991984015,3153086037,1295670628,4448756665
1785631335.611570633,991984015,3153086037,1295672443,4448758480
1785631336.634687577,991984015,3153086037,1295682205,4448768242
1785631337.658342766,991984015,3153086037,1295683963,4448770000
1785631338.681466358,991984015,3153086037,1295687963,4448774000
1785631339.705142645,991984015,3153086037,1295693290,4448779327
1785631340.728805079,991984015,3153086037,1295695271,4448781308
1785631341.751662115,991984015,3153086037,1295697439,4448783476
1785631342.775120570,991984015,3153086037,1295704573,4448790610
1785631343.798891120,991984015,3153086037,1295706383,4448792420
1785631344.823141256,991984015,3153086037,1295712290,4448798327
1785631345.846364273,991984015,3153086037,1295715978,4448802015
1785631346.867857795,991984015,3153086037,1295719836,4448805873
1785631347.890462463,991984015,3153086037,1295723773,4448809810
1785631348.913844020,991984015,3153086037,1295729653,4448815690
1785631349.937918232,991984015,3153086037,1295731380,4448817417
1785631350.961716089,991984015,3153086037,1295738139,4448824176
1785631351.984703320,991984015,3153086037,1295739840,4448825877
1785631353.009105376,991984015,3153086037,1295741598,4448827635
1785631354.032254184,991984015,3153086037,1295747040,4448833077
1785631355.056764960,991984015,3153086037,1295750213,4448836250
1785631356.080701363,991984015,3153086037,1295752990,4448839027
1785631357.103820279,991984015,3153086037,1295761473,4448847510
1785631358.127891070,991984015,3153086037,1295763040,4448849077
1785631359.151361187,991984015,3153086037,1295764794,4448850831
1785631360.174170723,991984015,3153086037,1295771818,4448857855
1785631361.197920045,991984015,3153086037,1295773426,4448859463
1785631362.220630238,991984015,3153086037,1295775387,4448861424
1785631363.245033013,991984015,3153086037,1295781606,4448867643
1785631364.268866023,991984015,3153086037,1295783399,4448869436
1785631365.292956014,991984015,3153086037,1295785579,4448871616
1785631366.316824072,991984015,3153086037,1295792430,4448878467
1785631367.340454334,991984015,3153086037,1295795913,4448881950
1785631368.364291951,991984015,3153086037,1295799693,4448885730
1785631369.388429694,991984015,3153086037,1295804415,4448890452
1785631370.412121499,991984015,3153086037,1295806031,4448892068
1785631371.435935103,991984015,3153086037,1295809722,4448895759
1785631372.460306179,991984015,3153086037,1295815050,4448901087
1785631373.483881621,991984015,3153086037,1295816818,4448902855
1785631374.506115431,991984015,3153086037,1295822142,4448908179
1785631375.530155473,991984015,3153086037,1295825418,4448911455
1785631376.554184047,991984015,3153086037,1295827106,4448913143
1785631377.573198409,991984015,3153086037,1295834373,4448920410
1785631378.597130703,991984015,3153086037,1295837586,4448923623
1785631379.621586897,991984015,3153086037,1295839586,4448925623
1785631380.645046319,991984015,3153086037,1295846508,4448932545
1785631381.669152056,991984015,3153086040,1295848276,4448934316
1785631382.691258102,991984015,3153086040,1295849894,4448935934
1785631383.714867672,991984015,3153086040,1295857715,4448943755
1785631384.738062699,991984015,3153086040,1295860038,4448946078
1785631385.761016156,991984015,3153086040,1295863117,4448949157
1785631386.784927169,991984015,3153086040,1295869476,4448955516
1785631387.807864449,991984015,3153086040,1295873059,4448959099
1785631388.831482957,991984015,3153086040,1295875284,4448961324
1785631389.853419733,991984015,3153086040,1295882709,4448968749
1785631390.876055465,991984015,3153086040,1295884592,4448970632
1785631391.899771780,991984015,3153086040,1295888956,4448974996
1785631392.918870928,991984015,3153086040,1295894135,4448980175
1785631393.941029707,991984015,3153086040,1295896068,4448982108
1785631394.963505225,991984015,3153086040,1295900301,4448986341
1785631395.986274962,991984015,3153086040,1295906241,4448992281
1785631397.010050324,991984015,3153086040,1295908024,4448994064
1785631398.033664941,991984015,3153086040,1295915834,4449001874
1785631399.058272290,991984015,3153086040,1295919656,4449005696
1785631400.081436639,991984015,3153086040,1295922322,4449008362
1785631401.104309137,991984015,3153086040,1295928402,4449014442
1785631402.127880358,991984015,3153086040,1295932340,4449018380
1785631403.151657894,991984015,3153086040,1295934206,4449020246
1785631404.174073969,991984015,3153086040,1295941684,4449027724
1785631405.197729408,991984015,3153086040,1295943541,4449029581
1785631406.222351302,991984015,3153086040,1295945526,4449031566
1785631407.245161536,991984015,3153086040,1295952880,4449038920
1785631408.268395785,991984015,3153086040,1295957343,4449043383
1785631409.291346305,991984015,3153086040,1295960206,4449046246
1785631410.315701395,991984015,3153086040,1295966629,4449052669
1785631411.340329004,991984015,3153086040,1295968419,4449054459
1785631412.362769901,991984015,3153086040,1295970633,4449056673
1785631413.386906045,991984015,3153086040,1295978268,4449064308
1785631414.410944710,991984015,3153086040,1295979990,4449066030
1785631415.434343133,991984015,3153086040,1295983845,4449069885
1785631416.458886708,991984015,3153086040,1295989051,4449075091
1785631417.482585764,991984015,3153086040,1295991205,4449077245
1785631418.505224320,991984015,3153086040,1295994957,4449080997
1785631419.528780198,991984015,3153086040,1296002694,4449088734
1785631420.553632473,991984015,3153086040,1296004301,4449090341
1785631421.575838211,991984015,3153086040,1296010041,4449096081
1785631422.599282792,991984015,3153086040,1296013809,4449099849
1785631423.623952606,991984015,3153086040,1296015793,4449101833
1785631424.647553792,991984015,3153086040,1296020059,4449106099
1785631425.671370032,991984015,3153086040,1296025573,4449111613
1785631426.695576959,991984015,3153086040,1296027443,4449113483
1785631427.718337038,991984015,3153086040,1296034976,4449121016
1785631428.738396748,991984015,3153086040,1296036993,4449123033
1785631429.762721325,991984015,3153086040,1296040742,4449126782
1785631430.784090049,991984015,3153086040,1296046273,4449132313
1785631431.807951494,991984015,3153086040,1296050172,4449136212
1785631432.831463904,991984015,3153086040,1296052581,4449138621
1785631433.852537595,991984015,3153086040,1296059838,4449145878
1785631434.872228896,991984015,3153086040,1296061830,4449147870
1785631435.896176296,991984015,3153086040,1296063643,4449149683
1785631436.918792077,991984015,3153086040,1296070546,4449156586
1785631437.942013578,991984015,3153086040,1296073329,4449159369
1785631438.965336802,991984015,3153086040,1296077005,4449163045
1785631439.985350689,991984015,3153086040,1296084580,4449170620
1785631441.009422518,991984015,3153086040,1296086767,4449172807
1785631442.032692574,991984015,3153086040,1296088756,4449174796
1785631443.054858984,991984015,3153086040,1296096546,4449182586
1785631444.078533419,991984015,3153086040,1296098489,4449184529
1785631445.100817397,991984015,3153086040,1296104381,4449190421
1785631446.124672376,991984015,3153086040,1296108015,4449194055
1785631447.148472959,991984015,3153086040,1296109882,4449195922
1785631448.170328124,991984015,3153086040,1296113846,4449199886
1785631449.193518477,991984015,3153086042,1296119642,4449205684
1785631450.217716654,991984015,3153086042,1296123316,4449209358
1785631451.237262040,991984015,3153086042,1296129950,4449215992
1785631452.258782840,991984015,3153086042,1296131633,4449217675
1785631453.282812165,991984015,3153086042,1296133689,4449219731
1785631454.305866796,991984015,3153086042,1296138469,4449224511
1785631455.327282678,991984015,3153086042,1296142197,4449228239
1785631456.350563306,991984015,3153086042,1296144044,4449230086
1785631457.374741787,991984015,3153086042,1296151540,4449237582
1785631458.398768611,991984015,3153086042,1296153293,4449239335
1785631459.422300998,991984015,3153086042,1296155116,4449241158
1785631460.446160473,991984015,3153086042,1296163588,4449249630
1785631461.469849239,991984015,3153086042,1296166265,4449252307
1785631462.494147215,991984015,3153086042,1296170464,4449256506
1785631463.517921842,991984015,3153086042,1296176109,4449262151
1785631464.541253471,991984015,3153086042,1296177766,4449263808
1785631465.564239750,991984015,3153086042,1296179530,4449265572
1785631466.587820804,991984015,3153086042,1296187117,4449273159
1785631467.612337737,991984015,3153086042,1296188977,4449275019
1785631468.632290191,991984015,3153086042,1296194710,4449280752
1785631469.652733405,991984015,3153086042,1296198486,4449284528
1785631470.677812310,991984015,3153086042,1296201837,4449287879
1785631471.700495831,991984015,3153086042,1296205620,4449291662
1785631472.725221240,991984015,3153086042,1296211442,4449297484
1785631473.749305433,991984015,3153086042,1296212973,4449299015
1785631474.773019908,991984015,3153086042,1296219323,4449305365
1785631475.797887316,991984015,3153086042,1296221339,4449307381
1785631476.821322007,991984015,3153086042,1296223024,4449309066
1785631477.845051673,991984015,3153086042,1296227871,4449313913
1785631478.869542768,991984015,3153086042,1296231619,4449317661
1785631479.890901664,991984015,3153086042,1296233395,4449319437
1785631480.914338790,991984015,3153086042,1296241734,4449327776
1785631481.936037941,991984015,3153086042,1296244282,4449330324
1785631482.959732406,991984015,3153086042,1296245811,4449331853
1785631483.983703308,991984015,3153086042,1296251748,4449337790
1785631485.007450985,991984015,3153086042,1296254145,4449340187
1785631486.031479267,991984015,3153086042,1296256134,4449342176
1785631487.055387257,991984015,3153086042,1296263555,4449349597
1785631488.077552338,991984015,3153086042,1296265426,4449351468
1785631489.100700311,991984015,3153086042,1296267390,4449353432
1785631490.122573999,991984015,3153086042,1296274984,4449361026
1785631491.146928890,991984015,3153086042,1296278606,4449364648
1785631492.168577805,991984015,3153086042,1296282446,4449368488
1785631493.189921748,991984015,3153086042,1296287521,4449373563
1785631494.214744878,991984015,3153086042,1296289246,4449375288
1785631495.238424181,991984015,3153086042,1296292259,4449378301
1785631496.259764036,991984015,3153086042,1296297601,4449383643
1785631497.283240440,991984015,3153086042,1296299581,4449385623
1785631498.306075801,991984015,3153086042,1296304042,4449390084
1785631499.329705248,991984015,3153086042,1296308189,4449394231
1785631500.352234968,991984015,3153086042,1296309729,4449395771
1785631501.376354488,991984015,3153086042,1296316431,4449402473
1785631502.400761553,991984015,3153086042,1296320135,4449406177
1785631503.423942657,991984015,3153086042,1296321892,4449407934
1785631504.448017225,991984015,3153086042,1296328188,4449414230
1785631505.471662867,991984015,3153086042,1296331019,4449417061
1785631506.495648054,991984015,3153086042,1296332735,4449418777
1785631507.519060888,991984015,3153086042,1296339058,4449425100
1785631508.543927097,991984015,3153086042,1296341355,4449427397
1785631509.566576939,991984015,3153086042,1296343037,4449429079
1785631510.589820758,991984015,3153086042,1296350094,4449436136
1785631511.613307595,991984015,3153086042,1296353634,4449439676
1785631512.633569699,991984015,3153086042,1296355210,4449441252
1785631513.654041930,991984015,3153086042,1296362355,4449448397
1785631514.677105662,991984015,3153086042,1296364120,4449450162
1785631515.700671673,991984015,3153086042,1296367347,4449453389
1785631516.726111446,991984015,3153086042,1296373548,4449459590
1785631517.751840116,991984015,3153086042,1296375139,4449461181
1785631518.772379884,991984015,3153086042,1296378812,4449464854
1785631519.796336440,991984015,3153086042,1296384053,4449470095
1785631520.819445292,991984015,3153086042,1296385587,4449471629
1785631521.843344404,991984015,3153086042,1296391701,4449477743
1785631522.867890133,991984015,3153086042,1296396551,4449482593
1785631523.886793834,991984015,3153086042,1296398522,4449484564
1785631524.909183118,991984015,3153086042,1296403630,4449489672
1785631525.928832606,991984015,3153086042,1296407741,4449493783
1785631526.952170755,991984015,3153086042,1296409977,4449496019
1785631527.975212477,991984015,3153086042,1296416147,4449502189
1785631528.998482905,991984015,3153086042,1296419488,4449505530
1785631530.022291419,991984015,3153086042,1296421113,4449507155
1785631531.045690254,991984015,3153086042,1296427918,4449513960
1785631532.069586946,991984015,3153086042,1296432707,4449518749
1785631533.093379551,991984015,3153086042,1296434666,4449520708
1785631534.116274838,991984015,3153086042,1296442299,4449528341
1785631535.139799172,991984015,3153086042,1296444116,4449530158
1785631536.163336941,991984015,3153086042,1296445919,4449531961
1785631537.186538853,991984015,3153086042,1296453233,4449539275
1785631538.210118518,991984015,3153086042,1296455247,4449541289
1785631539.232391416,991984015,3153086042,1296457993,4449544035
1785631540.255574004,991984015,3153086042,1296465090,4449551132
1785631541.281400342,991984015,3153086042,1296466958,4449553000
1785631542.302268602,991984015,3153086042,1296470530,4449556572
1785631543.321252849,991984015,3153086042,1296479439,4449565481
1785631544.343991330,991984015,3153086042,1296481536,4449567578
1785631545.367906383,991984015,3153086042,1296486052,4449572094
1785631546.391973812,991984015,3153086042,1296490851,4449576893
1785631547.414022157,991984015,3153086042,1296492463,4449578505
1785631548.437440581,991984015,3153086042,1296495479,4449581521
1785631549.459872997,991984015,3153086042,1296502069,4449588111
1785631550.485055494,991984015,3153086042,1296503730,4449589772
1785631551.507990220,991984015,3153086042,1296509900,4449595942
1785631552.530533745,991984015,3153086042,1296513762,4449599804
1785631553.556247187,991984015,3153086042,1296517724,4449603766
1785631554.579232094,991984015,3153086042,1296521994,4449608036
1785631555.605279586,991984015,3153086042,1296527198,4449613240
1785631556.628673708,991984015,3153086042,1296528890,4449614932
1785631557.652283347,991984015,3153086042,1296536158,4449622200
1785631558.676964465,991984015,3153086042,1296537891,4449623933
1785631559.699768529,991984015,3153086042,1296539713,4449625755
1785631560.725307385,991984015,3153086042,1296545344,4449631386
1785631561.748092761,991984015,3153086042,1296548408,4449634450
1785631562.773030707,991984015,3153086042,1296550570,4449636612
1785631563.797488193,991984015,3153086042,1296558957,4449644999
1785631564.820695708,991984015,3153086042,1296560694,4449646736
1785631565.844972584,991984015,3153086042,1296562311,4449648353
1785631566.865652329,991984015,3153086042,1296570122,4449656164
1785631567.890766223,991984015,3153086042,1296571753,4449657795
1785631568.916374555,991984015,3153086042,1296575725,4449661767
1785631569.941530207,991984015,3153086042,1296580698,4449666740
1785631570.965006703,991984015,3153086042,1296582326,4449668368
1785631571.988092869,991984015,3153086042,1296584342,4449670384
1785631573.008049441,991984015,3153086042,1296591184,4449677226
1785631574.031416909,991984015,3153086042,1296594674,4449680716
1785631575.054966265,991984015,3153086042,1296600290,4449686332
1785631576.077902498,991984015,3153086042,1296603698,4449689740
1785631577.100707699,991984015,3153086042,1296605442,4449691484
1785631578.122802091,991984015,3153086042,1296609453,4449695495
1785631579.144842805,991984015,3153086042,1296614505,4449700547
1785631580.167999088,991984015,3153086042,1296615978,4449702020
1785631581.190678462,991984015,3153086042,1296622739,4449708781
1785631582.213493463,991984015,3153086042,1296624207,4449710249
1785631583.235688731,991984015,3153086042,1296625703,4449711745
1785631584.258324694,991984015,3153086042,1296632340,4449718382
1785631585.278117770,991984015,3153086042,1296636041,4449722083
1785631586.300208485,991984015,3153086042,1296638169,4449724211
1785631587.323742960,991984015,3153086042,1296644280,4449730322
1785631588.346290190,991984015,3153086042,1296645768,4449731810
1785631589.369075657,991984015,3153086042,1296647490,4449733532
1785631590.392053500,991984015,3153086042,1296654305,4449740347
1785631591.416661750,991984015,3153086042,1296655900,4449741942
1785631592.439666055,991984015,3153086042,1296659631,4449745673
1785631593.461918377,991984015,3153086042,1296664751,4449750793
1785631594.483924454,991984015,3153086042,1296668797,4449754839
1785631595.508573278,991984015,3153086042,1296670942,4449756984
1785631596.532361566,991984015,3153086042,1296678091,4449764133
1785631597.556885224,991984015,3153086042,1296680092,4449766134
1785631598.579492691,991984015,3153086042,1296686196,4449772238
1785631599.602657610,991984015,3153086042,1296689639,4449775681
1785631600.626344467,991984015,3153086042,1296691563,4449777605
1785631601.649829013,991984015,3153086042,1296695631,4449781673
1785631602.673500006,991984015,3153086042,1296700976,4449787018
1785631603.695990193,991984015,3153086042,1296703075,4449789117
1785631604.719448596,991984015,3153086042,1296711953,4449797995
1785631605.742750970,991984015,3153086042,1296715873,4449801915
1785631606.767037203,991984015,3153086042,1296717875,4449803917
1785631607.789888811,991984015,3153086042,1296723707,4449809749
1785631608.811933453,991984015,3153086042,1296727777,4449813819
1785631609.835576373,991984015,3153086042,1296729330,4449815372
1785631610.857991845,991984015,3153086042,1296737080,4449823122
1785631611.881957301,991984015,3153086042,1296738834,4449824876
1785631612.900316057,991984015,3153086042,1296740587,4449826629
1785631613.923481935,991984015,3153086042,1296748365,4449834407
1785631614.946546296,991984015,3153086042,1296752150,4449838192
1785631615.968916609,991984015,3153086042,1296753888,4449839930
1785631616.992374320,991984015,3153086042,1296760659,4449846701
1785631618.016352643,991984015,3153086042,1296762138,4449848180
1785631619.038409840,991984015,3153086042,1296764211,4449850253
1785631620.062935744,991984015,3153086042,1296770943,4449856985
1785631621.086758068,991984015,3153086042,1296772623,4449858665
1785631622.110278224,991984015,3153086042,1296775993,4449862035
1785631623.134052594,991984015,3153086042,1296780995,4449867037
1785631624.156446831,991984015,3153086042,1296782488,4449868530
1785631625.179519019,991984015,3153086042,1296787470,4449873512
1785631626.202129580,991984015,3153086042,1296792485,4449878527
1785631627.226132672,991984015,3153086042,1296794088,4449880130
1785631628.247716593,991984015,3153086042,1296799271,4449885313
1785631629.269739627,991984015,3153086042,1296802856,4449888898
1785631630.293570964,991984015,3153086042,1296804291,4449890333
1785631631.315555750,991984015,3153086042,1296809779,4449895821
1785631632.339045375,991984015,3153086042,1296813270,4449899312
1785631633.363088234,991984015,3153086042,1296814833,4449900875
1785631634.385043958,991984015,3153086042,1296821799,4449907841
1785631635.408073378,991984015,3153086042,1296824505,4449910547
1785631636.431382941,991984015,3153086042,1296827537,4449913579
1785631637.454414613,991984015,3153086042,1296835632,4449921674
1785631638.478799407,991984015,3153086042,1296837564,4449923606
1785631639.499855976,991984015,3153086042,1296839509,4449925551
1785631640.523843052,991984015,3153086042,1296846880,4449932922
1785631641.547492688,991984015,3153086042,1296848901,4449934943
1785631642.571292421,991984015,3153086042,1296850966,4449937008
1785631643.594466888,991984015,3153086042,1296858314,4449944356
1785631644.615508246,991984015,3153086042,1296859850,4449945892
1785631645.637307045,991984015,3153086042,1296863284,4449949326
1785631646.661288844,991984015,3153086042,1296869902,4449955944
1785631647.685453215,991984015,3153086042,1296871531,4449957573
1785631648.707915401,991984015,3153086042,1296875071,4449961113
1785631649.730251132,991984015,3153086042,1296880060,4449966102
1785631650.754405925,991984015,3153086042,1296881747,4449967789
1785631651.777798239,991984015,3153086042,1296887128,4449973170
1785631652.801953160,991984015,3153086042,1296890478,4449976520
1785631653.825154077,991984015,3153086042,1296892214,4449978256
1785631654.843736783,991984015,3153086042,1296897550,4449983592
1785631655.864875215,991984015,3153086042,1296900906,4449986948
1785631656.884917719,991984015,3153086042,1296904218,4449990260
1785631657.908198462,991984015,3153086042,1296911254,4449997296
1785631658.931565728,991984015,3153086042,1296912909,4449998951
1785631659.953240903,991984015,3153086042,1296914745,4450000787
1785631660.975829430,991984015,3153086042,1296921344,4450007386
1785631661.999352603,991984015,3153086042,1296922878,4450008920
1785631663.022302962,991984015,3153086042,1296924571,4450010613
1785631664.044678823,991984015,3153086042,1296931580,4450017622
1785631665.068180716,991984015,3153086042,1296933644,4450019686
1785631666.089473174,991984015,3153086042,1296935559,4450021601
1785631667.112020775,991984015,3153086042,1296945063,4450031105
1785631668.134934229,991984015,3153086042,1296947054,4450033096
1785631669.157883062,991984015,3153086042,1296950700,4450036742
1785631670.178779289,991984015,3153086042,1296955716,4450041758
1785631671.202269322,991984015,3153086042,1296957491,4450043533
1785631672.225268684,991984015,3153086042,1296959345,4450045387
1785631673.247841469,991984015,3153086042,1296966702,4450052744
1785631674.271756240,991984015,3153086042,1296968689,4450054731
1785631675.292983586,991984015,3153086042,1296974275,4450060317
1785631676.315714560,991984015,3153086042,1296977791,4450063833
1785631677.339526059,991984015,3153086042,1296981733,4450067775
1785631678.363389629,991984015,3153086042,1296984941,4450070983
1785631679.386285114,991984015,3153086042,1296989979,4450076021
1785631680.409200311,991984015,3153086042,1296991698,4450077740
1785631681.431821852,991984015,3153086042,1296998315,4450084357
1785631682.456025700,991984015,3153086042,1297000267,4450086309
1785631683.479537323,991984015,3153086042,1297001926,4450087968
1785631684.501430034,991984015,3153086042,1297007039,4450093081
1785631685.525369378,991984015,3153086042,1297010403,4450096445
1785631686.551580370,991984015,3153086042,1297012281,4450098323
1785631687.574196549,991984015,3153086042,1297020303,4450106345
1785631688.598081292,991984015,3153086042,1297022021,4450108063
1785631689.621976927,991984015,3153086042,1297023686,4450109728
1785631690.644679826,991984015,3153086042,1297030115,4450116157
1785631691.668706204,991984015,3153086042,1297032452,4450118494
1785631692.691582101,991984015,3153086042,1297035988,4450122030
1785631693.715091723,991984015,3153086042,1297041015,4450127057
1785631694.738055479,991984015,3153086042,1297042636,4450128678
1785631695.758853563,991984015,3153086042,1297044466,4450130508
1785631696.782120092,991984015,3153086042,1297051359,4450137401
1785631697.806041224,991984015,3153086042,1297054839,4450140881
1785631698.827490279,991984015,3153086042,1297059902,4450145944
1785631699.850403940,991984015,3153086042,1297063379,4450149421
1785631700.871454972,991984015,3153086042,1297065744,4450151786
1785631701.895105729,991984015,3153086042,1297069070,4450155112
1785631702.918179364,991984015,3153086042,1297073970,4450160012
1785631703.939232791,991984015,3153086042,1297075425,4450161467
1785631704.961912061,991984015,3153086042,1297082168,4450168210
1785631705.984949712,991984015,3153086042,1297083781,4450169823
1785631707.007850372,991984015,3153086042,1297085671,4450171713
1785631708.032784023,991984015,3153086042,1297092403,4450178445
1785631709.056164291,991984015,3153086042,1297096190,4450182232
1785631710.077943070,991984015,3153086042,1297097981,4450184023
1785631711.101060831,991984015,3153086042,1297104779,4450190821
1785631712.124511535,991984015,3153086042,1297106731,4450192773
1785631713.147965518,991984015,3153086042,1297108485,4450194527
1785631714.171272294,991984015,3153086042,1297114792,4450200834
1785631715.194732844,991984015,3153086042,1297117020,4450203062
1785631716.217988942,991984015,3153086042,1297120451,4450206493
1785631717.241754609,991984015,3153086042,1297126031,4450212073
1785631718.264802873,991984015,3153086042,1297129406,4450215448
1785631719.287662617,991984015,3153086042,1297130931,4450216973
1785631720.311019492,991984015,3153086042,1297137746,4450223788
1785631721.334271372,991984015,3153086042,1297139592,4450225634
1785631722.355511239,991984015,3153086042,1297145122,4450231164
1785631723.377944661,991984015,3153086042,1297148640,4450234682
1785631724.401011214,991984015,3153086042,1297150148,4450236190
1785631725.422360928,991984015,3153086042,1297153803,4450239845
1785631726.445154581,991984015,3153086042,1297158654,4450244696
1785631727.468554835,991984015,3153086042,1297160436,4450246478
1785631728.491803930,991984015,3153086042,1297167942,4450253984
1785631729.515320988,991984015,3153086042,1297172453,4450258495
1785631730.538019583,991984015,3153086042,1297174081,4450260123
1785631731.561690149,991984015,3153086042,1297179466,4450265508
1785631732.585830072,991984015,3153086042,1297183401,4450269443
1785631733.609019541,991984015,3153086042,1297185235,4450271277
1785631734.633767076,991984015,3153086042,1297191749,4450277791
1785631735.657365610,991984015,3153086042,1297194636,4450280678
1785631736.680725218,991984015,3153086042,1297196398,4450282440
1785631737.702883708,991984015,3153086042,1297203045,4450289087
1785631738.725390575,991984015,3153086042,1297207515,4450293557
1785631739.748581204,991984015,3153086042,1297209683,4450295725
1785631740.771154275,991984015,3153086042,1297217584,4450303626
1785631741.794756588,991984015,3153086042,1297219572,4450305614
1785631742.817580182,991984015,3153086042,1297221490,4450307532
1785631743.841257733,991984015,3153086042,1297228780,4450314822
1785631744.864070571,991984015,3153086042,1297230512,4450316554
1785631745.886768849,991984015,3153086042,1297233896,4450319938
1785631746.909640572,991984015,3153086042,1297240162,4450326204
1785631747.932765079,991984015,3153086042,1297241954,4450327996
1785631748.954270110,991984015,3153086042,1297246973,4450333015
1785631749.978134652,991984015,3153086042,1297253416,4450339458
1785631751.000573540,991984015,3153086042,1297255207,4450341249
1785631752.022767226,991984015,3153086042,1297259781,4450345823
1785631753.045990708,991984015,3153086042,1297264592,4450350634
1785631754.068024810,991984015,3153086042,1297266581,4450352623
1785631755.091394038,991984015,3153086042,1297271812,4450357854
1785631756.114915909,991984015,3153086042,1297276062,4450362104
1785631757.138534748,991984015,3153086042,1297277919,4450363961
1785631758.161508544,991984015,3153086042,1297284101,4450370143
1785631759.184432860,991984015,3153086042,1297288006,4450374048
1785631760.208087131,991984015,3153086042,1297290946,4450376988
1785631761.231229702,991984015,3153086042,1297297148,4450383190
1785631762.254487588,991984015,3153086042,1297300399,4450386441
1785631763.281114819,991984015,3153086042,1297302036,4450388078
1785631764.304006813,991984015,3153086042,1297309900,4450395942
1785631765.327933123,991984015,3153086042,1297311934,4450397976
1785631766.350899546,991984015,3153086042,1297313553,4450399595
1785631767.374333932,991984015,3153086042,1297321419,4450407461
1785631768.397093482,991984015,3153086042,1297323460,4450409502
1785631769.419305745,991984015,3153086042,1297326337,4450412379
1785631770.443099854,991984015,3153086042,1297334490,4450420532
1785631771.466792242,991984015,3153086042,1297336096,4450422138
1785631772.489372456,991984015,3153086042,1297339346,4450425388
1785631773.513058975,991984015,3153086042,1297345842,4450431884
1785631774.536782198,991984015,3153086042,1297347699,4450433741
1785631775.560251256,991984015,3153086042,1297352202,4450438244
1785631776.583896240,991984015,3153086042,1297357366,4450443408
1785631777.608791536,991984015,3153086042,1297359321,4450445363
1785631778.632061514,991984015,3153086042,1297364333,4450450375
1785631779.654469994,991984015,3153086042,1297368960,4450455002
1785631780.678423896,991984015,3153086042,1297372625,4450458667
1785631781.699985174,991984015,3153086042,1297378945,4450464987
1785631782.723779503,991984015,3153086042,1297382224,4450468266
1785631783.746866115,991984015,3153086042,1297383904,4450469946
1785631784.770402582,991984015,3153086042,1297389813,4450475855
1785631785.794282379,991984015,3153086042,1297392805,4450478847
1785631786.818085706,991984015,3153086042,1297394408,4450480450
1785631787.841478059,991984015,3153086042,1297401366,4450487408
1785631788.865091877,991984015,3153086042,1297403033,4450489075
1785631789.885042075,991984015,3153086042,1297404471,4450490513
1785631790.909367858,991984015,3153086042,1297412254,4450498296
1785631791.933264902,991984015,3153086042,1297415461,4450501503
1785631792.956795018,991984015,3153086042,1297418191,4450504233
1785631793.981908502,991984015,3153086042,1297423923,4450509965
1785631795.005078655,991984015,3153086042,1297425545,4450511587
1785631796.028309242,991984015,3153086042,1297427143,4450513185
1785631797.050687965,991984015,3153086042,1297433968,4450520010
1785631798.073888493,991984015,3153086042,1297435434,4450521476
1785631799.096886531,991984015,3153086042,1297439323,4450525365
1785631800.120269981,991984015,3153086042,1297443953,4450529995
1785631801.143812351,991984015,3153086042,1297447387,4450533429
1785631802.167321416,991984015,3153086042,1297449608,4450535650
1785631803.190726476,991984015,3153086042,1297455726,4450541768
1785631804.213688345,991984015,3153086042,1297457294,4450543336
1785631805.236392064,991984015,3153086042,1297462485,4450548527
1785631806.259805774,991984015,3153086042,1297465994,4450552036
1785631807.282326828,991984015,3153086042,1297467632,4450553674
1785631808.306143674,991984015,3153086042,1297471818,4450557860
1785631809.330384379,991984015,3153086042,1297477173,4450563215
1785631810.353546196,991984015,3153086042,1297478922,4450564964
1785631811.376719015,991984015,3153086042,1297487397,4450573439
1785631812.399904466,991984015,3153086042,1297489049,4450575091
1785631813.423139626,991984015,3153086042,1297490737,4450576779
1785631814.443453286,991984015,3153086042,1297495948,4450581990
1785631815.465013268,991984015,3153086042,1297499205,4450585247
1785631816.488137440,991984015,3153086042,1297502030,4450588072
1785631817.511366472,991984015,3153086042,1297508019,4450594061
1785631818.530686939,991984015,3153086042,1297509354,4450595396
1785631819.549089036,991984015,3153086042,1297511067,4450597109
1785631820.572472970,991984015,3153086042,1297517906,4450603948
1785631821.596975384,991984015,3153086042,1297521415,4450607457
1785631822.620562399,991984015,3153086042,1297525266,4450611308
1785631823.644106262,991984015,3153086042,1297530147,4450616189
1785631824.667908516,991984015,3153086042,1297531641,4450617683
1785631825.689440538,991984015,3153086042,1297533519,4450619561
1785631826.713110311,991984015,3153086042,1297539607,4450625649
1785631827.737311511,991984015,3153086042,1297541288,4450627330
1785631828.759294469,991984015,3153086042,1297546546,4450632588
1785631829.782402504,991984015,3153086042,1297549919,4450635961
1785631830.806125867,991984015,3153086042,1297551730,4450637772
1785631831.828582499,991984015,3153086042,1297556991,4450643033
1785631832.851491648,991984015,3153086042,1297561878,4450647920
1785631833.873032838,991984015,3153086042,1297563232,4450649274
1785631834.892696025,991984015,3153086042,1297570309,4450656351
1785631835.914702839,991984015,3153086042,1297571925,4450657967
1785631836.937780141,991984015,3153086042,1297573721,4450659763
1785631837.960997931,991984015,3153086042,1297578960,4450665002
1785631838.981405456,991984015,3153086042,1297582408,4450668450
1785631840.005304662,991984015,3153086042,1297585028,4450671070
1785631841.028932012,991984015,3153086042,1297592007,4450678049
1785631842.052279575,991984015,3153086042,1297595668,4450681710
1785631843.075322846,991984015,3153086042,1297597545,4450683587
1785631844.098380371,991984015,3153086042,1297605006,4450691048
1785631845.122818517,991984015,3153086042,1297607244,4450693286
1785631846.146802000,991984015,3153086042,1297611275,4450697317
1785631847.170012125,991984015,3153086042,1297616162,4450702204
1785631848.192643251,991984015,3153086042,1297617639,4450703681
1785631849.216418987,991984015,3153086042,1297619590,4450705632
1785631850.239947689,991984015,3153086042,1297626224,4450712266
1785631851.263809803,991984015,3153086042,1297627860,4450713902
1785631852.286368149,991984015,3153086042,1297633510,4450719552
1785631853.308664009,991984015,3153086042,1297638502,4450724544
1785631854.328969075,991984015,3153086042,1297639989,4450726031
1785631855.352304379,991984015,3153086042,1297643434,4450729476
1785631856.373670112,991984015,3153086042,1297648334,4450734376
1785631857.396711672,991984015,3153086042,1297649912,4450735954
1785631858.418435777,991984015,3153086042,1297655292,4450741334
1785631859.443575349,991984015,3153086042,1297658648,4450744690
1785631860.467692541,991984015,3153086042,1297660534,4450746576
1785631861.491348824,991984015,3153086042,1297666609,4450752651
1785631862.509003779,991984015,3153086042,1297672046,4450758088
1785631863.531476782,991984015,3153086042,1297673992,4450760034
1785631864.554527937,991984015,3153086042,1297681964,4450768006
1785631865.577003541,991984015,3153086042,1297683870,4450769912
1785631866.597351056,991984015,3153086042,1297685850,4450771892
1785631867.621332614,991984015,3153086042,1297693424,4450779466
1785631868.644147855,991984015,3153086042,1297695308,4450781350
1785631869.664691562,991984015,3153086042,1297697718,4450783760
1785631870.688727951,991984015,3153086042,1297704785,4450790827
1785631871.712929321,991984015,3153086042,1297706774,4450792816
1785631872.736187989,991984015,3153086042,1297709772,4450795814
1785631873.759667959,991984015,3153086042,1297717128,4450803170
1785631874.783872243,991984015,3153086042,1297718627,4450804669
1785631875.807814265,991984015,3153086042,1297722140,4450808182
1785631876.831727877,991984015,3153086042,1297726797,4450812839
1785631877.855050755,991984015,3153086042,1297728282,4450814324
1785631878.876444493,991984015,3153086042,1297731699,4450817741
1785631879.899904852,991984015,3153086042,1297736883,4450822925
1785631880.923753478,991984015,3153086042,1297738762,4450824804
1785631881.945904341,991984015,3153086042,1297743719,4450829761
1785631882.970180813,991984015,3153086042,1297747022,4450833064
1785631883.995043127,991984015,3153086042,1297750133,4450836175
1785631885.018858364,991984015,3153086042,1297755402,4450841444
1785631886.042574422,991984015,3153086042,1297758465,4450844507
1785631887.065957375,991984015,3153086042,1297759935,4450845977
1785631888.088924188,991984015,3153086042,1297766772,4450852814
1785631889.111446899,991984015,3153086042,1297768251,4450854293
1785631890.134860065,991984015,3153086042,1297769534,4450855576
1785631891.156992224,991984015,3153086042,1297775936,4450861978
1785631892.179928833,991984015,3153086042,1297777515,4450863557
1785631893.202692042,991984015,3153086042,1297779913,4450865955
1785631894.225963499,991984015,3153086042,1297787298,4450873340
1785631895.247762919,991984015,3153086042,1297788710,4450874752
1785631896.269714956,991984015,3153086042,1297790400,4450876442
1785631897.292824941,991984015,3153086042,1297797459,4450883501
1785631898.315130578,991984015,3153086042,1297799116,4450885158
1785631899.337579403,991984015,3153086042,1297802645,4450888687
1785631900.357100820,991984015,3153086042,1297807660,4450893702
1785631901.379180416,991984015,3153086042,1297809232,4450895274
1785631902.400239205,991984015,3153086042,1297813187,4450899229
1785631903.421814240,991984015,3153086042,1297818753,4450904795
1785631904.444094765,991984015,3153086042,1297822408,4450908450
1785631905.466672269,991984015,3153086042,1297828464,4450914506
1785631906.490263127,991984015,3153086042,1297831909,4450917951
1785631907.513522489,991984015,3153086042,1297833705,4450919747
1785631908.535238498,991984015,3153086042,1297838961,4450925003
1785631909.557682602,991984015,3153086042,1297842649,4450928691
1785631910.580513920,991984015,3153086042,1297844524,4450930566
1785631911.603282998,991984015,3153086042,1297852090,4450938132
1785631912.626468242,991984015,3153086042,1297853992,4450940034
1785631913.649653529,991984015,3153086042,1297855822,4450941864
1785631914.672030976,991984015,3153086042,1297862992,4450949034
1785631915.695867365,991984015,3153086042,1297867314,4450953356
1785631916.718317236,991984015,3153086042,1297869660,4450955702
1785631917.741071867,991984015,3153086042,1297876405,4450962447
1785631918.760822575,991984015,3153086042,1297877763,4450963805
1785631919.779984053,991984015,3153086042,1297879323,4450965365
1785631920.804367974,991984015,3153086042,1297885630,4450971672
1785631921.828811069,991984015,3153086042,1297888293,4450974335
1785631922.852015848,991984015,3153086042,1297892206,4450978248
1785631923.873771946,991984015,3153086042,1297897229,4450983271
1785631924.891929957,991984015,3153086042,1297900609,4450986651
1785631925.914887297,991984015,3153086042,1297902233,4450988275
1785631926.934688321,991984015,3153086042,1297909052,4450995094
1785631927.958421586,991984015,3153086042,1297910780,4450996822
1785631928.982717296,991984015,3153086042,1297916048,4451002090
1785631930.006686701,991984015,3153086042,1297919365,4451005407
1785631931.029570850,991984015,3153086042,1297920794,4451006836
1785631932.053129553,991984015,3153086042,1297923590,4451009632
1785631933.077655258,991984015,3153086042,1297929190,4451015232
1785631934.097930911,991984015,3153086042,1297930836,4451016878
1785631935.121195000,991984015,3153086042,1297939137,4451025179
1785631936.145480072,991984015,3153086042,1297940628,4451026670
1785631937.169429625,991984015,3153086042,1297942546,4451028588
1785631938.192513240,991984015,3153086042,1297947580,4451033622
1785631939.215110771,991984015,3153086042,1297951978,4451038020
1785631940.238086668,991984015,3153086042,1297953983,4451040025
1785631941.259076406,991984015,3153086042,1297961818,4451047860
1785631942.281463154,991984015,3153086042,1297963605,4451049647
1785631943.304815671,991984015,3153086042,1297965342,4451051384
1785631944.328995706,991984015,3153086042,1297971798,4451057840
1785631945.352791728,991984015,3153086042,1297977211,4451063253
1785631946.378327381,991984015,3153086042,1297980643,4451066685
1785631947.400703567,991984015,3153086042,1297985662,4451071704
1785631948.424727979,991984015,3153086042,1297987508,4451073550
1785631949.446934787,991984015,3153086042,1297989502,4451075544
1785631950.469821946,991984015,3153086042,1297996302,4451082344
1785631951.493583722,991984015,3153086042,1297997999,4451084041
1785631952.517285168,991984015,3153086042,1298003055,4451089097
1785631953.541051044,991984015,3153086042,1298006306,4451092348
1785631954.564332346,991984015,3153086042,1298007935,4451093977
1785631955.587461991,991984015,3153086042,1298012537,4451098579
1785631956.611977388,991984015,3153086042,1298018023,4451104065
1785631957.635518246,991984015,3153086042,1298019673,4451105715
1785631958.657546327,991984015,3153086042,1298026458,4451112500
1785631959.682062392,991984015,3153086042,1298028156,4451114198
1785631960.705136517,991984015,3153086042,1298029883,4451115925
1785631961.727975952,991984015,3153086042,1298033979,4451120021
1785631962.751960417,991984015,3153086042,1298038540,4451124582
1785631963.775131013,991984015,3153086042,1298040363,4451126405
1785631964.799313522,991984015,3153086042,1298047312,4451133354
1785631965.821722039,991984015,3153086042,1298050425,4451136467
1785631966.845781918,991984015,3153086042,1298051854,4451137896
1785631967.869178162,991984015,3153086042,1298057358,4451143400
1785631968.892556322,991984015,3153086042,1298060349,4451146391
1785631969.912888644,991984015,3153086042,1298063752,4451149794
1785631970.936006318,991984015,3153086042,1298068780,4451154822
1785631971.959911475,991984015,3153086042,1298070183,4451156225
1785631972.981252218,991984015,3153086042,1298071771,4451157813
1785631974.005311220,991984015,3153086042,1298078562,4451164604
1785631975.027173240,991984015,3153086042,1298079944,4451165986
1785631976.045898988,991984015,3153086042,1298085015,4451171057
1785631977.068223635,991984015,3153086042,1298091373,4451177415
1785631978.092381616,991984015,3153086042,1298092947,4451178989
1785631979.115652157,991984015,3153086042,1298095732,4451181774
1785631980.138254980,991984015,3153086042,1298101485,4451187527
1785631981.157122029,991984015,3153086042,1298103327,4451189369
1785631982.180753930,991984015,3153086042,1298107891,4451193933
1785631983.201334406,991984015,3153086042,1298111419,4451197461
1785631984.224754853,991984015,3153086042,1298113251,4451199293
1785631985.246208463,991984015,3153086042,1298116873,4451202915
1785631986.266877867,991984015,3153086042,1298121409,4451207451
1785631987.291197411,991984015,3153086042,1298124664,4451210706
1785631988.315255575,991984015,3153086042,1298130673,4451216715
1785631989.339660861,991984015,3153086042,1298133038,4451219080
1785631990.364130615,991984015,3153086042,1298134765,4451220807
1785631991.386393674,991984015,3153086042,1298140263,4451226305
1785631992.411579710,991984015,3153086042,1298143338,4451229380
1785631993.435532938,991984015,3153086042,1298145526,4451231568
1785631994.460438776,991984015,3153086042,1298152408,4451238450
1785631995.482951447,991984015,3153086042,1298153903,4451239945
1785631996.505895848,991984015,3153086042,1298155529,4451241571
1785631997.528880009,991984015,3153086042,1298163680,4451249722
1785631998.552914982,991984015,3153086042,1298165230,4451251272
1785631999.576006929,991984015,3153086042,1298168976,4451255018
1785632000.599917700,991984015,3153086042,1298173968,4451260010
1785632001.623464134,991984015,3153086042,1298175652,4451261694
1785632002.647523300,991984015,3153086042,1298179894,4451265936
1785632003.671384862,991984015,3153086042,1298185399,4451271441
1785632004.695055490,991984015,3153086042,1298187449,4451273491
1785632005.718700632,991984015,3153086042,1298192344,4451278386
1785632006.742975781,991984015,3153086042,1298195680,4451281722
1785632007.766357332,991984015,3153086042,1298199171,4451285213
1785632008.788584022,991984015,3153086042,1298203790,4451289832
1785632009.813465207,991984015,3153086042,1298208877,4451294919
1785632010.837476629,991984015,3153086042,1298210841,4451296883
1785632011.858904838,991984015,3153086042,1298217548,4451303590
1785632012.882805408,991984015,3153086042,1298219990,4451306032
1785632013.905233772,991984015,3153086042,1298222023,4451308065
1785632014.927921056,991984015,3153086042,1298227916,4451313958
1785632015.950541441,991984015,3153086042,1298231414,4451317456
1785632016.972872715,991984015,3153086042,1298233189,4451319231
1785632017.997375500,991984015,3153086042,1298242792,4451328834
1785632019.021292808,991984015,3153086042,1298244455,4451330497
1785632020.044114815,991984015,3153086042,1298246246,4451332288
1785632021.067545026,991984015,3153086042,1298253621,4451339663
1785632022.091590172,991984015,3153086042,1298255711,4451341753
1785632023.113914760,991984015,3153086042,1298259437,4451345479
1785632024.137517609,991984015,3153086042,1298265233,4451351275
1785632025.161733815,991984015,3153086042,1298266957,4451352999
1785632026.185326632,991984015,3153086042,1298269930,4451355972
1785632027.208502925,991984015,3153086042,1298276319,4451362361
1785632028.231561644,991984015,3153086042,1298280233,4451366275
1785632029.253313124,991984015,3153086042,1298285513,4451371555
1785632030.275036865,991984015,3153086042,1298289205,4451375247
1785632031.298697933,991984015,3153086042,1298290797,4451376839
1785632032.322383231,991984015,3153086042,1298294661,4451380703
1785632033.345497243,991984015,3153086042,1298299579,4451385621
1785632034.368708753,991984015,3153086042,1298301091,4451387133
1785632035.391489170,991984015,3153086042,1298308057,4451394099
1785632036.415213714,991984015,3153086042,1298310102,4451396144
1785632037.438104888,991984015,3153086042,1298312085,4451398127
1785632038.460382098,991984015,3153086042,1298318280,4451404322
1785632039.484393588,991984015,3153086042,1298323161,4451409203
1785632040.506896589,991984015,3153086042,1298325070,4451411112
1785632041.530577258,991984015,3153086042,1298332691,4451418733
1785632042.553992240,991984015,3153086042,1298334692,4451420734
1785632043.577663484,991984015,3153086042,1298336562,4451422604
1785632044.600973207,991984015,3153086042,1298342222,4451428264
1785632045.624449166,991984015,3153086042,1298345761,4451431803
1785632046.647417957,991984015,3153086042,1298349661,4451435703
1785632047.670657565,991984015,3153086042,1298355299,4451441341
1785632048.693428956,991984015,3153086042,1298358472,4451444514
1785632049.717870376,991984015,3153086042,1298360830,4451446872
1785632050.740811163,991984015,3153086042,1298368411,4451454453
1785632051.764948554,991984015,3153086042,1298370537,4451456579
1785632052.789358519,991984015,3153086042,1298376542,4451462584
1785632053.813154034,991984015,3153086042,1298380424,4451466466
1785632054.836147067,991984015,3153086042,1298382240,4451468282
1785632055.860169280,991984015,3153086042,1298384140,4451470182
1785632056.883569015,991984015,3153086042,1298391704,4451477746
1785632057.904470481,991984015,3153086042,1298393181,4451479223
1785632058.924434051,991984015,3153086042,1298400209,4451486251
1785632059.946740604,991984015,3153086042,1298404091,4451490133
1785632060.969791207,991984015,3153086042,1298405927,4451491969
1785632061.991988309,991984015,3153086042,1298409660,4451495702
1785632063.015008069,991984015,3153086042,1298414885,4451500927
1785632064.034072935,991984015,3153086042,1298416596,4451502638
1785632065.057386069,991984015,3153086042,1298424105,4451510147
1785632066.081115087,991984015,3153086042,1298426077,4451512119
1785632067.104425020,991984015,3153086042,1298427919,4451513961
1785632068.127102214,991984015,3153086042,1298433856,4451519898
1785632069.148961834,991984015,3153086042,1298437936,4451523978
1785632070.169299734,991984015,3153086042,1298443509,4451529551
1785632071.188436933,991984015,3153086042,1298449546,4451535588
1785632072.211226684,991984015,3153086042,1298451431,4451537473
1785632073.234182226,991984015,3153086042,1298453184,4451539226
1785632074.255233413,991984015,3153086042,1298460760,4451546802
1785632075.277329389,991984015,3153086042,1298462736,4451548778
1785632076.300091487,991984015,3153086042,1298467413,4451553455
1785632077.323761649,991984015,3153086042,1298472150,4451558192
1785632078.346989659,991984015,3153086042,1298473994,4451560036
1785632079.367838392,991984015,3153086042,1298476036,4451562078
1785632080.389709090,991984015,3153086042,1298485394,4451571436
1785632081.412230856,991984015,3153086042,1298486914,4451572956
1785632082.436103331,991984015,3153086042,1298493159,4451579201
1785632083.459501777,991984015,3153086042,1298496363,4451582405
1785632084.481157940,991984015,3153086042,1298498202,4451584244
1785632085.503547326,991984015,3153086042,1298502027,4451588069
1785632086.526389052,991984015,3153086042,1298507683,4451593725
1785632087.548982096,991984015,3153086042,1298509380,4451595422
1785632088.567470855,991984015,3153086042,1298517047,4451603089
1785632089.590823032,991984015,3153086042,1298518888,4451604930
1785632090.614575001,991984015,3153086042,1298522739,4451608781
1785632091.637086049,991984015,3153086042,1298528083,4451614125
1785632092.660078893,991984015,3153086042,1298532027,4451618069
1785632093.683536537,991984015,3153086042,1298534819,4451620861
1785632094.706837436,991984015,3153086042,1298541563,4451627605
1785632095.729987050,991984015,3153086042,1298543775,4451629817
1785632096.752981954,991984015,3153086042,1298545605,4451631647
1785632097.776721408,991984015,3153086042,1298552372,4451638414
1785632098.800179658,991984015,3153086042,1298555599,4451641641
1785632099.821961049,991984015,3153086042,1298558808,4451644850
1785632100.844934768,991984015,3153086042,1298567407,4451653449
1785632101.868119315,991984015,3153086042,1298569231,4451655273
1785632102.890041090,991984015,3153086042,1298571160,4451657202
1785632103.913154836,991984015,3153086042,1298578718,4451664760
1785632104.936500281,991984015,3153086042,1298580880,4451666922
1785632105.960031566,991984015,3153086042,1298584630,4451670672
1785632106.984269889,991984015,3153086042,1298590064,4451676106
1785632108.005562109,991984015,3153086042,1298591682,4451677724
1785632109.029922007,991984015,3153086042,1298595836,4451681878
1785632110.053158363,991984015,3153086042,1298601731,4451687773
1785632111.076932004,991984015,3153086042,1298605514,4451691556
1785632112.100436468,991984015,3153086042,1298611213,4451697255
1785632113.124032504,991984015,3153086042,1298615299,4451701341
1785632114.146518506,991984015,3153086042,1298616885,4451702927
1785632115.170110799,991984015,3153086042,1298622069,4451708111
1785632116.193262151,991984015,3153086042,1298626574,4451712616
1785632117.216877016,991984015,3153086042,1298628486,4451714528
1785632118.240907731,991984015,3153086042,1298636343,4451722385
1785632119.264462451,991984015,3153086042,1298638513,4451724555
1785632120.287999310,991984015,3153086042,1298640385,4451726427
1785632121.310293164,991984015,3153086042,1298648421,4451734463
1785632122.333484644,991984015,3153086042,1298652166,4451738208
1785632123.356657505,991984015,3153086042,1298654501,4451740543
1785632124.381033159,991984015,3153086042,1298661505,4451747547
1785632125.404151699,991984015,3153086042,1298662936,4451748978
1785632126.427463790,991984015,3153086042,1298664575,4451750617
1785632127.450444476,991984015,3153086042,1298672094,4451758136
1785632128.473703081,991984015,3153086042,1298674211,4451760253
1785632129.497290882,991984015,3153086042,1298678073,4451764115
1785632130.520294017,991984015,3153086042,1298683701,4451769743
1785632131.544037714,991984015,3153086042,1298687531,4451773573
1785632132.567086039,991984015,3153086042,1298690312,4451776354
1785632133.591062443,991984015,3153086042,1298697235,4451783277
1785632134.615356480,991984015,3153086042,1298698942,4451784984
1785632135.637252932,991984015,3153086042,1298704805,4451790847
1785632136.659983467,991984015,3153086042,1298708423,4451794465
1785632137.683069709,991984015,3153086042,1298710117,4451796159
1785632138.706581890,991984015,3153086042,1298714299,4451800341
1785632139.727730710,991984015,3153086042,1298719784,4451805826
1785632140.751057536,991984015,3153086042,1298721911,4451807953
1785632141.774697314,991984015,3153086042,1298731444,4451817486
1785632142.798062677,991984015,3153086042,1298733289,4451819331
1785632143.821893992,991984015,3153086042,1298735129,4451821171
1785632144.845028939,991984015,3153086042,1298741103,4451827145
1785632145.868517248,991984015,3153086042,1298744821,4451830863
1785632146.891886778,991984015,3153086042,1298746784,4451832826
1785632147.915389991,991984015,3153086042,1298753144,4451839186
1785632148.938987796,991984015,3153086042,1298754785,4451840827
1785632149.961931370,991984015,3153086042,1298756383,4451842425
1785632150.985878010,991984015,3153086042,1298763326,4451849368
1785632152.008948253,991984015,3153086042,1298766831,4451852873
1785632153.030923079,991984015,3153086042,1298770607,4451856649
1785632154.054359833,991984015,3153086042,1298776263,4451862305
1785632155.076939333,991984015,3153086042,1298777965,4451864007
1785632156.103376902,991984015,3153086042,1298780938,4451866980
1785632157.126532789,991984015,3153086042,1298787590,4451873632
1785632158.149570221,991984015,3153086042,1298789249,4451875291
1785632159.171534834,991984015,3153086042,1298794398,4451880440
1785632160.194845768,991984015,3153086042,1298797622,4451883664
1785632161.216497675,991984015,3153086042,1298799208,4451885250
1785632162.238932409,991984015,3153086042,1298803423,4451889465
1785632163.260914885,991984015,3153086042,1298810894,4451896936
1785632164.284431474,991984015,3153086042,1298812609,4451898651
1785632165.307197951,991984015,3153086042,1298818977,4451905019
1785632166.330228564,991984015,3153086042,1298820885,4451906927
1785632167.353725520,991984015,3153086042,1298822399,4451908441
1785632168.377559312,991984015,3153086042,1298825951,4451911993
1785632169.401717481,991984015,3153086042,1298830949,4451916991
1785632170.424386080,991984015,3153086042,1298832897,4451918939
1785632171.447542911,991984015,3153086042,1298839790,4451925832
1785632172.471211541,991984015,3153086042,1298841970,4451928012
1785632173.494443996,991984015,3153086042,1298844950,4451930992
1785632174.516296777,991984015,3153086042,1298850809,4451936851
1785632175.539799213,991984015,3153086042,1298854553,4451940595
1785632176.558828368,991984015,3153086042,1298858709,4451944751
1785632177.582528070,991984015,3153086042,1298864287,4451950329
1785632178.606577332,991984015,3153086042,1298865923,4451951965
1785632179.629752896,991984015,3153086042,1298867630,4451953672
1785632180.651629671,991984015,3153086042,1298875383,4451961425
1785632181.674928465,991984015,3153086042,1298877540,4451963582
1785632182.699230298,991984015,3153086042,1298882989,4451969031
1785632183.717998249,991984015,3153086042,1298888618,4451974660
1785632184.741126280,991984015,3153086042,1298890772,4451976814
1785632185.763732715,991984015,3153086042,1298892701,4451978743
1785632186.787256071,991984015,3153086042,1298900330,4451986372
1785632187.811436742,991984015,3153086042,1298902157,4451988199
1785632188.834211647,991984015,3153086042,1298908905,4451994947
1785632189.857657930,991984015,3153086042,1298911004,4451997046
1785632190.881752626,991984015,3153086042,1298912644,4451998686
1785632191.902538873,991984015,3153086042,1298916144,4452002186
1785632192.925890597,991984015,3153086042,1298921021,4452007063
1785632193.943180770,991984015,3153086042,1298924651,4452010693
1785632194.969398225,991984015,3153086042,1298931485,4452017527
1785632195.990751954,991984015,3153086042,1298933062,4452019104
1785632197.015080682,991984015,3153086042,1298934765,4452020807
1785632198.037478905,991984015,3153086042,1298940386,4452026428
1785632199.060432975,991984015,3153086042,1298943764,4452029806
1785632200.082187192,991984015,3153086042,1298947796,4452033838
1785632201.104437861,991984015,3153086042,1298953849,4452039891
1785632202.124308813,991984015,3153086042,1298955569,4452041611
1785632203.144345631,991984015,3153086042,1298957303,4452043345
1785632204.168014099,991984015,3153086042,1298966096,4452052138
1785632205.191985403,991984015,3153086042,1298968502,4452054544
1785632206.214211027,991984015,3153086042,1298973395,4452059437
1785632207.237824967,991984015,3153086042,1298977642,4452063684
1785632208.261162646,991984015,3153086042,1298979375,4452065417
1785632209.282906261,991984015,3153086042,1298981282,4452067324
1785632210.307510092,991984015,3153086042,1298988916,4452074958
1785632211.330823537,991984015,3153086042,1298990453,4452076495
1785632212.354369943,991984015,3153086042,1298995770,4452081812
1785632213.379017375,991984015,3153086042,1298998333,4452084375
1785632214.400688237,991984015,3153086042,1299001517,4452087559
1785632215.421938973,991984015,3153086042,1299004608,4452090650
1785632216.444649141,991984015,3153086042,1299009666,4452095708
1785632217.466053641,991984015,3153086042,1299011287,4452097329
1785632218.489350754,991984015,3153086042,1299018265,4452104307
1785632219.511463155,991984015,3153086042,1299019673,4452105715
1785632220.533070223,991984015,3153086042,1299021417,4452107459
1785632221.555778806,991984015,3153086042,1299026596,4452112638
1785632222.578471045,991984015,3153086042,1299030155,4452116197
1785632223.601661853,991984015,3153086042,1299032578,4452118620
1785632224.624462057,991984015,3153086042,1299041734,4452127776
1785632225.646920419,991984015,3153086042,1299043471,4452129513
1785632226.669678302,991984015,3153086042,1299045228,4452131270
1785632227.692699001,991984015,3153086042,1299051857,4452137899
1785632228.716075665,991984015,3153086042,1299054376,4452140418
1785632229.735995093,991984015,3153086042,1299056551,4452142593
1785632230.758305771,991984015,3153086042,1299063946,4452149988
1785632231.781743381,991984015,3153086042,1299065543,4452151585
1785632232.803699911,991984015,3153086042,1299067335,4452153377
1785632233.826322651,991984015,3153086042,1299074846,4452160888
1785632234.845173132,991984015,3153086042,1299078656,4452164698
1785632235.867716256,991984015,3153086042,1299082741,4452168783
1785632236.891073041,991984015,3153086042,1299088485,4452174527
1785632237.911539061,991984015,3153086042,1299090270,4452176312
1785632238.933523150,991984015,3153086042,1299093766,4452179808
1785632239.956425117,991984015,3153086042,1299099634,4452185676
1785632240.978953776,991984015,3153086042,1299101558,4452187600
1785632242.001528005,991984015,3153086042,1299107131,4452193173
1785632243.024057918,991984015,3153086042,1299110760,4452196802
1785632244.047789055,991984015,3153086042,1299112825,4452198867
1785632245.071023028,991984015,3153086042,1299119707,4452205749
1785632246.094552375,991984015,3153086042,1299123898,4452209940
1785632247.118344839,991984015,3153086042,1299125443,4452211485
1785632248.141540708,991984015,3153086042,1299132557,4452218599
1785632249.165280465,991984015,3153086042,1299134458,4452220500
1785632250.188487545,991984015,3153086042,1299135887,4452221929
1785632251.211779462,991984015,3153086042,1299142062,4452228104
1785632252.235356488,991984015,3153086042,1299144528,4452230570
1785632253.257869250,991984015,3153086042,1299146238,4452232280
1785632254.281088493,991984015,3153086042,1299153396,4452239438
1785632255.304776170,991984015,3153086042,1299156752,4452242794
1785632256.328150888,991984015,3153086042,1299158455,4452244497
1785632257.351550185,991984015,3153086042,1299165540,4452251582
1785632258.374981320,991984015,3153086042,1299167100,4452253142
1785632259.398125848,991984015,3153086042,1299170435,4452256477
1785632260.421292500,991984015,3153086042,1299175804,4452261846
1785632261.445282418,991984015,3153086042,1299177467,4452263509
1785632262.466678675,991984015,3153086042,1299180646,4452266688
1785632263.489062917,991984015,3153086042,1299185699,4452271741
1785632264.512026339,991984015,3153086042,1299187575,4452273617
1785632265.534481010,991984015,3153086042,1299194361,4452280403
1785632266.557674998,991984015,3153086042,1299197715,4452283757
1785632267.581729020,991984015,3153086042,1299199343,4452285385
1785632268.604791158,991984015,3153086042,1299204274,4452290316
1785632269.626399493,991984015,3153086042,1299207989,4452294031
1785632270.649079197,991984015,3153086042,1299209593,4452295635
1785632271.672422329,991984015,3153086042,1299216215,4452302257
1785632272.696463388,991984015,3153086042,1299218226,4452304268
1785632273.719737698,991984015,3153086042,1299219824,4452305866
1785632274.742916917,991984015,3153086042,1299226592,4452312634
1785632275.767318952,991984015,3153086042,1299231482,4452317524
1785632276.788784193,991984015,3153086042,1299233658,4452319700
1785632277.811868090,991984015,3153086042,1299241385,4452327427
1785632278.834934686,991984015,3153086042,1299243135,4452329177
1785632279.855735209,991984015,3153086042,1299244957,4452330999
1785632280.879352966,991984015,3153086042,1299252179,4452338221
1785632281.901982868,991984015,3153086042,1299254145,4452340187
1785632282.925367067,991984015,3153086042,1299258222,4452344264
1785632283.946070111,991984015,3153086042,1299263878,4452349920
1785632284.969329836,991984015,3153086042,1299266045,4452352087
1785632285.990189438,991984015,3153086042,1299269686,4452355728
1785632287.013717536,991984015,3153086042,1299279053,4452365095
1785632288.036653616,991984015,3153086042,1299281044,4452367086
1785632289.059237970,991984015,3153086042,1299286478,4452372520
1785632290.082929187,991984015,3153086042,1299290365,4452376407
1785632291.105802619,991984015,3153086042,1299291869,4452377911
1785632292.129031423,991984015,3153086042,1299295008,4452381050
1785632293.153283395,991984015,3153086042,1299301692,4452387734
1785632294.176436418,991984015,3153086042,1299303653,4452389695
1785632295.200212136,991984015,3153086042,1299310122,4452396164
1785632296.223346394,991984015,3153086042,1299313023,4452399065
1785632297.246177248,991984015,3153086042,1299316966,4452403008
1785632298.269255054,991984015,3153086042,1299321289,4452407331
1785632299.292826883,991984015,3153086042,1299326509,4452412551
1785632300.315234747,991984015,3153086042,1299328577,4452414619
1785632301.336858032,991984015,3153086042,1299335572,4452421614
1785632302.360780360,991984015,3153086042,1299337187,4452423229
1785632303.384298844,991984015,3153086042,1299339954,4452425996
1785632304.407183185,991984015,3153086042,1299345751,4452431793
1785632305.430662694,991984015,3153086042,1299349287,4452435329
1785632306.452779396,991984015,3153086042,1299353139,4452439181
1785632307.474938926,991984015,3153086042,1299360496,4452446538
1785632308.498788351,991984015,3153086042,1299362609,4452448651
1785632309.522364387,991984015,3153086042,1299364432,4452450474
1785632310.546876319,991984015,3153086042,1299372685,4452458727
1785632311.569308655,991984015,3153086042,1299374729,4452460771
1785632312.593440327,991984015,3153086042,1299379779,4452465821
1785632313.617206084,991984015,3153086042,1299384188,4452470230
1785632314.640448105,991984015,3153086042,1299385959,4452472001
1785632315.661197396,991984015,3153086042,1299388806,4452474848
1785632316.683195905,991984015,3153086042,1299395919,4452481961
1785632317.706874165,991984015,3153086042,1299399668,4452485710
1785632318.730298023,991984015,3153086042,1299405591,4452491633
1785632319.755326702,991984015,3153086042,1299408292,4452494334
1785632320.778915471,991984015,3153086042,1299410084,4452496126
1785632321.801357951,991984015,3153086042,1299414412,4452500454
1785632322.824771089,991984015,3153086042,1299419732,4452505774
1785632323.846325138,991984015,3153086042,1299421486,4452507528
1785632324.868057256,991984015,3153086042,1299428927,4452514969
1785632325.890168993,991984015,3153086042,1299430707,4452516749
1785632326.911851619,991984015,3153086042,1299432427,4452518469
1785632327.933178813,991984015,3153086042,1299440162,4452526204
1785632328.957518608,991984015,3153086042,1299443861,4452529903
1785632329.977585071,991984015,3153086042,1299447547,4452533589
1785632331.001766542,991984015,3153086042,1299453191,4452539233
1785632332.024437155,991984015,3153086042,1299454931,4452540973
1785632333.047679479,991984015,3153086042,1299456881,4452542923
1785632334.070547872,991984015,3153086042,1299464723,4452550765
1785632335.090809304,991984015,3153086042,1299466544,4452552586
1785632336.114427604,991984015,3153086042,1299471349,4452557391
1785632337.137887338,991984015,3153086042,1299475938,4452561980
1785632338.161447664,991984015,3153086042,1299479295,4452565337
1785632339.184378516,991984015,3153086042,1299481671,4452567713
1785632340.208364674,991984015,3153086042,1299487878,4452573920
1785632341.232477102,991984015,3153086042,1299489867,4452575909
1785632342.255383100,991984015,3153086042,1299495897,4452581939
1785632343.279127219,991984015,3153086042,1299498295,4452584337
1785632344.301968692,991984015,3153086042,1299499845,4452585887
1785632345.325311509,991984015,3153086042,1299503414,4452589456
1785632346.347772164,991984015,3153086042,1299508066,4452594108
1785632347.369758428,991984015,3153086042,1299509757,4452595799
1785632348.392579256,991984015,3153086042,1299517598,4452603640
1785632349.416927126,991984015,3153086042,1299520399,4452606441
1785632350.440053575,991984015,3153086042,1299522100,4452608142
1785632351.463417621,991984015,3153086042,1299527807,4452613849
1785632352.485809730,991984015,3153086042,1299531350,4452617392
1785632353.508234247,991984015,3153086042,1299533323,4452619365
1785632354.531266029,991984015,3153086042,1299541028,4452627070
1785632355.554955678,991984015,3153086042,1299543217,4452629259
1785632356.579209195,991984015,3153086042,1299544780,4452630822
1785632357.601855981,991984015,3153086042,1299552290,4452638332
1785632358.626280715,991984015,3153086042,1299555935,4452641977
1785632359.649004291,991984015,3153086042,1299559808,4452645850
1785632360.672284140,991984015,3153086042,1299565688,4452651730
1785632361.697078674,991984015,3153086042,1299567339,4452653381
1785632362.720133497,991984015,3153086042,1299569613,4452655655
1785632363.744782425,991984015,3153086042,1299576990,4452663032
1785632364.767827958,991984015,3153086042,1299579160,4452665202
1785632365.790907432,991984015,3153086042,1299584334,4452670376
1785632366.815399868,991984015,3153086042,1299588468,4452674510
1785632367.838732465,991984015,3153086042,1299590135,4452676177
1785632368.862319103,991984015,3153086042,1299595738,4452681780
1785632369.885206874,991984015,3153086042,1299600652,4452686694
1785632370.907303336,991984015,3153086042,1299602176,4452688218
1785632371.930538142,991984015,3153086042,1299608073,4452694115
1785632372.954902132,991984015,3153086042,1299610831,4452696873
1785632373.978221115,991984015,3153086042,1299612429,4452698471
1785632375.001225586,991984015,3153086042,1299617383,4452703425
1785632376.024998902,991984015,3153086042,1299620703,4452706745
1785632377.048218048,991984015,3153086042,1299622447,4452708489
1785632378.071284072,991984015,3153086042,1299629924,4452715966
1785632379.093416030,991984015,3153086042,1299633782,4452719824
1785632380.116095951,991984015,3153086042,1299635651,4452721693
1785632381.139229262,991984015,3153086042,1299643320,4452729362
1785632382.162898527,991984015,3153086042,1299645179,4452731221
1785632383.185737320,991984015,3153086042,1299648987,4452735029
1785632384.205272965,991984015,3153086042,1299654755,4452740797
1785632385.228094873,991984015,3153086042,1299656522,4452742564
1785632386.251582771,991984015,3153086042,1299658895,4452744937
1785632387.276279773,991984015,3153086042,1299666247,4452752289
1785632388.300744060,991984015,3153086042,1299667844,4452753886
1785632389.323974016,991984015,3153086042,1299674533,4452760575
1785632390.347366075,991984015,3153086042,1299679671,4452765713
1785632391.371517143,991984015,3153086042,1299681467,4452767509
1785632392.393352068,991984015,3153086042,1299685904,4452771946
1785632393.417144752,991984015,3153086042,1299691130,4452777172
1785632394.440827750,991984015,3153086042,1299693295,4452779337
1785632395.463825733,991984015,3153086042,1299699414,4452785456
1785632396.487765229,991984015,3153086042,1299702522,4452788564
1785632397.512124779,991984015,3153086042,1299704686,4452790728
1785632398.535082152,991984015,3153086042,1299710514,4452796556
1785632399.558231698,991984015,3153086042,1299716466,4452802508
1785632400.579835771,991984015,3153086042,1299718395,4452804437
1785632401.603205429,991984015,3153086042,1299726306,4452812348
1785632402.627091109,991984015,3153086042,1299728387,4452814429
1785632403.651118847,991984015,3153086042,1299729995,4452816037
1785632404.673983927,991984015,3153086042,1299737649,4452823691
1785632405.698759338,991984015,3153086042,1299739661,4452825703
1785632406.722454788,991984015,3153086042,1299742985,4452829027
1785632407.747313738,991984015,3153086042,1299749192,4452835234
1785632408.770697100,991984015,3153086042,1299750875,4452836917
1785632409.790089725,991984015,3153086042,1299754099,4452840141
1785632410.812586421,991984015,3153086042,1299763881,4452849923
1785632411.835925814,991984015,3153086042,1299765990,4452852032
1785632412.859353165,991984015,3153086042,1299771115,4452857157
1785632413.883081613,991984015,3153086042,1299775476,4452861518
1785632414.904498692,991984015,3153086042,1299777061,4452863103
1785632415.925493417,991984015,3153086042,1299779336,4452865378
1785632416.947981084,991984015,3153086042,1299786767,4452872809
1785632417.971259260,991984015,3153086042,1299788887,4452874929
1785632418.994805417,991984015,3153086042,1299794324,4452880366
1785632420.016959040,991984015,3153086042,1299797244,4452883286
1785632421.039171016,991984015,3153086042,1299800791,4452886833
1785632422.062346530,991984015,3153086042,1299804377,4452890419
1785632423.086164128,991984015,3153086042,1299809835,4452895877
1785632424.109797182,991984015,3153086042,1299811597,4452897639
1785632425.132862224,991984015,3153086042,1299818948,4452904990
1785632426.155216480,991984015,3153086042,1299820799,4452906841
1785632427.178515885,991984015,3153086042,1299822486,4452908528
1785632428.201060509,991984015,3153086042,1299828242,4452914284
1785632429.224492054,991984015,3153086042,1299831943,4452917985
1785632430.247870211,991984015,3153086042,1299835234,4452921276
1785632431.271395930,991984015,3153086042,1299842639,4452928681
1785632432.294541840,991984015,3153086042,1299844350,4452930392
1785632433.318073760,991984015,3153086042,1299846309,4452932351
1785632434.341083637,991984015,3153086042,1299853623,4452939665
1785632435.364103012,991984015,3153086042,1299855627,4452941669
1785632436.387505058,991984015,3153086042,1299860417,4452946459
1785632437.410517123,991984015,3153086042,1299865092,4452951134
1785632438.434780644,991984015,3153086042,1299866762,4452952804
1785632439.455777005,991984015,3153086042,1299868461,4452954503
1785632440.476462349,991984015,3153086042,1299876239,4452962281
1785632441.499371161,991984015,3153086042,1299880276,4452966318
1785632442.522448858,991984015,3153086042,1299886809,4452972851
1785632443.546664935,991984015,3153086042,1299889944,4452975986
1785632444.569495612,991984015,3153086042,1299891620,4452977662
1785632445.593090358,991984015,3153086042,1299895293,4452981335
1785632446.616266036,991984015,3153086042,1299900647,4452986689
1785632447.638098529,991984015,3153086042,1299902499,4452988541
1785632448.662268029,991984015,3153086042,1299909094,4452995136
1785632449.686060435,991984015,3153086042,1299911016,4452997058
1785632450.708707774,991984015,3153086042,1299912677,4452998719
1785632451.731374002,991984015,3153086042,1299919674,4453005716
1785632452.754216725,991984015,3153086042,1299922942,4453008984
1785632453.777319228,991984015,3153086042,1299925783,4453011825
1785632454.800359310,991984015,3153086042,1299931299,4453017341
1785632455.824245562,991984015,3153086042,1299933173,4453019215
1785632456.847673458,991984015,3153086042,1299934673,4453020715
1785632457.869068333,991984015,3153086042,1299941491,4453027533
1785632458.892493596,991984015,3153086042,1299943279,4453029321
1785632459.912763714,991984015,3153086042,1299947908,4453033950
1785632460.934039794,991984015,3153086042,1299952236,4453038278
1785632461.957919022,991984015,3153086042,1299955505,4453041547
1785632462.981191219,991984015,3153086042,1299957226,4453043268
1785632464.005201745,991984015,3153086042,1299963727,4453049769
1785632465.027585770,991984015,3153086042,1299965353,4453051395
1785632466.050237809,991984015,3153086042,1299971391,4453057433
1785632467.073943050,991984015,3153086042,1299974715,4453060757
1785632468.096965045,991984015,3153086042,1299976470,4453062512
1785632469.120586783,991984015,3153086042,1299980593,4453066635
1785632470.143839416,991984015,3153086042,1299986052,4453072094
1785632471.163162343,991984015,3153086042,1299988078,4453074120
1785632472.185054276,991984015,3153086042,1299996476,4453082518
1785632473.207569096,991984015,3153086042,1300000225,4453086267
1785632474.231675103,991984015,3153086042,1300002333,4453088375
1785632475.255404067,991984015,3153086042,1300007883,4453093925
1785632476.279015394,991984015,3153086042,1300011977,4453098019
1785632477.301232911,991984015,3153086042,1300013879,4453099921
1785632478.321750176,991984015,3153086042,1300021656,4453107698
1785632479.344077910,991984015,3153086042,1300023711,4453109753
1785632480.366767597,991984015,3153086042,1300025521,4453111563
1785632481.390075003,991984015,3153086042,1300032013,4453118055
1785632482.413576791,991984015,3153086042,1300037258,4453123300
1785632483.435809215,991984015,3153086042,1300039321,4453125363
1785632484.459346138,991984015,3153086042,1300046783,4453132825
1785632485.482111764,991984015,3153086042,1300048550,4453134592
1785632486.504058522,991984015,3153086042,1300050617,4453136659
1785632487.527284581,991984015,3153086042,1300058237,4453144279
1785632488.549945682,991984015,3153086042,1300060030,4453146072
1785632489.571726633,991984015,3153086042,1300063891,4453149933
1785632490.591763198,991984015,3153086042,1300069327,4453155369
1785632491.610856364,991984015,3153086042,1300071101,4453157143
1785632492.634136771,991984015,3153086042,1300076890,4453162932
1785632493.657707703,991984015,3153086042,1300082607,4453168649
1785632494.681139733,991984015,3153086042,1300084503,4453170545
1785632495.704065561,991984015,3153086042,1300090520,4453176562
1785632496.727246439,991984015,3153086042,1300094381,4453180423
1785632497.750654536,991984015,3153086042,1300096426,4453182468
1785632498.773579405,991984015,3153086042,1300101432,4453187474
1785632499.798288633,991984015,3153086042,1300106425,4453192467
1785632500.821233417,991984015,3153086042,1300108194,4453194236
1785632501.844256543,991984015,3153086042,1300116195,4453202237
1785632502.867754893,991984015,3153086042,1300120087,4453206129
1785632503.891350671,991984015,3153086042,1300121757,4453207799
1785632504.915062653,991984015,3153086042,1300127279,4453213321
1785632505.939086674,991984015,3153086042,1300129716,4453215758
1785632506.962886088,991984015,3153086042,1300131543,4453217585
1785632507.986066716,991984015,3153086042,1300138436,4453224478
1785632509.009488885,991984015,3153086042,1300140164,4453226206
1785632510.029691264,991984015,3153086042,1300141744,4453227786
1785632511.049782037,991984015,3153086042,1300148894,4453234936
1785632512.072978001,991984015,3153086042,1300150537,4453236579
1785632513.096786494,991984015,3153086042,1300156028,4453242070
1785632514.119504312,991984015,3153086042,1300161233,4453247275
1785632515.143040828,991984015,3153086042,1300162889,4453248931
1785632516.165467651,991984015,3153086042,1300166117,4453252159
1785632517.190104760,991984015,3153086042,1300171592,4453257634
1785632518.214003887,991984015,3153086042,1300173102,4453259144
1785632519.234056196,991984015,3153086042,1300178169,4453264211
1785632520.257185225,991984015,3153086042,1300181465,4453267507
1785632521.282045281,991984015,3153086042,1300182986,4453269028
1785632522.305218769,991984015,3153086042,1300187614,4453273656
1785632523.328894322,991984015,3153086042,1300193309,4453279351
1785632524.352515334,991984015,3153086042,1300194962,4453281004
1785632525.376417077,991984015,3153086042,1300201849,4453287891
1785632526.400333944,991984015,3153086042,1300203541,4453289583
1785632527.423539172,991984015,3153086042,1300205101,4453291143
1785632528.448996523,991984015,3153086042,1300211157,4453297199
1785632529.475134986,991984015,3153086042,1300214131,4453300173
1785632530.498708631,991984015,3153086042,1300215572,4453301614
1785632531.518220831,991984015,3153086042,1300222818,4453308860
1785632532.541705085,991984015,3153086042,1300224369,4453310411
1785632533.564207793,991984015,3153086042,1300226889,4453312931
1785632534.586671496,991984015,3153086042,1300234505,4453320547
1785632535.610267837,991984015,3153086042,1300237430,4453323472
1785632536.632840053,991984015,3153086042,1300240818,4453326860
1785632537.655383407,991984015,3153086042,1300245766,4453331808
1785632538.677833952,991984015,3153086042,1300247334,4453333376
1785632539.700447943,991984015,3153086042,1300248979,4453335021
1785632540.722729196,991984015,3153086042,1300256057,4453342099
1785632541.745275597,991984015,3153086042,1300257600,4453343642
1785632542.767235599,991984015,3153086042,1300263060,4453349102
1785632543.789378201,991984015,3153086042,1300266583,4453352625
1785632544.811471128,991984015,3153086042,1300270227,4453356269
1785632545.834043684,991984015,3153086042,1300272703,4453358745
1785632546.855848815,991984015,3153086042,1300278271,4453364313
1785632547.877836123,991984015,3153086042,1300279788,4453365830
1785632548.900046024,991984015,3153086042,1300286784,4453372826
1785632549.921420442,991984015,3153086042,1300288257,4453374299
1785632550.942294380,991984015,3153086042,1300289744,4453375786
1785632551.963913857,991984015,3153086042,1300293792,4453379834
1785632552.986388259,991984015,3153086042,1300298523,4453384565
1785632554.009139026,991984015,3153086042,1300300282,4453386324
1785632555.030423733,991984015,3153086042,1300308871,4453394913
1785632556.053910239,991984015,3153086042,1300310441,4453396483
1785632557.076336820,991984015,3153086042,1300312565,4453398607
1785632558.099348040,991984015,3153086042,1300317990,4453404032
1785632559.122960198,991984015,3153086042,1300321030,4453407072
1785632560.144225446,991984015,3153086042,1300324250,4453410292
1785632561.164000532,991984015,3153086042,1300329536,4453415578
1785632562.186977354,991984015,3153086042,1300331201,4453417243
1785632563.209726449,991984015,3153086042,1300332758,4453418800
1785632564.234408649,991984015,3153086042,1300339915,4453425957
1785632565.257011943,991984015,3153086042,1300343492,4453429534
1785632566.280074778,991984015,3153086042,1300348567,4453434609
1785632567.304489461,991984015,3153086042,1300352017,4453438059
1785632568.328354622,991984015,3153086042,1300353507,4453439549
1785632569.351895716,991984015,3153086042,1300356702,4453442744
1785632570.375219013,991984015,3153086042,1300363291,4453449333
1785632571.398884266,991984015,3153086042,1300365067,4453451109
1785632572.420720604,991984015,3153086042,1300372435,4453458477
1785632573.443826939,991984015,3153086042,1300374405,4453460447
1785632574.467122278,991984015,3153086042,1300376045,4453462087
1785632575.490577348,991984015,3153086042,1300382462,4453468504
1785632576.515195053,991984015,3153086042,1300387392,4453473434
1785632577.539128382,991984015,3153086042,1300389394,4453475436
1785632578.562248570,991984015,3153086042,1300397259,4453483301
1785632579.586935962,991984015,3153086042,1300399064,4453485106
1785632580.610301992,991984015,3153086042,1300401194,4453487236
1785632581.631657835,991984015,3153086042,1300407524,4453493566
1785632582.655264817,991984015,3153086042,1300410700,4453496742
1785632583.677678439,991984015,3153086042,1300414600,4453500642
1785632584.701190080,991984015,3153086042,1300420442,4453506484
1785632585.723949052,991984015,3153086042,1300424218,4453510260
1785632586.746820874,991984015,3153086042,1300426055,4453512097
1785632587.769810013,991984015,3153086042,1300433724,4453519766
1785632588.793355268,991984015,3153086042,1300435829,4453521871
1785632589.814887610,991984015,3153086042,1300441615,4453527657
1785632590.837736020,991984015,3153086042,1300445408,4453531450
1785632591.861416899,991984015,3153086042,1300447102,4453533144
1785632592.883507092,991984015,3153086042,1300450469,4453536511
1785632593.905767131,991984015,3153086042,1300456521,4453542563
1785632594.929423547,991984015,3153086042,1300458370,4453544412
1785632595.952306832,991984015,3153086042,1300466254,4453552296
1785632596.977118553,991984015,3153086042,1300470549,4453556591
1785632597.999785885,991984015,3153086042,1300472472,4453558514
1785632599.022966649,991984015,3153086042,1300477257,4453563299
1785632600.046703479,991984015,3153086042,1300481920,4453567962
1785632601.069747628,991984015,3153086042,1300483555,4453569597
1785632602.092833072,991984015,3153086042,1300489850,4453575892
1785632603.116867589,991984015,3153086042,1300492803,4453578845
1785632604.139908207,991984015,3153086042,1300495565,4453581607
1785632605.163212189,991984015,3153086042,1300501918,4453587960
1785632606.187210085,991984015,3153086042,1300506868,4453592910
1785632607.208524933,991984015,3153086042,1300509071,4453595113
1785632608.229529077,991984015,3153086042,1300516589,4453602631
1785632609.252524799,991984015,3153086042,1300518732,4453604774
1785632610.274815134,991984015,3153086042,1300520734,4453606776
1785632611.293009371,991984015,3153086042,1300528347,4453614389
1785632612.317036014,991984015,3153086042,1300530001,4453616043
1785632613.340431460,991984015,3153086042,1300533300,4453619342
1785632614.365679226,991984015,3153086042,1300539546,4453625588
1785632615.388891739,991984015,3153086042,1300541258,4453627300
1785632616.411513345,991984015,3153086042,1300544216,4453630258
1785632617.435908794,991984015,3153086042,1300552383,4453638425
1785632618.459222500,991984015,3153086042,1300554045,4453640087
1785632619.482045782,991984015,3153086042,1300558154,4453644196
1785632620.507268665,991984015,3153086042,1300562492,4453648534
1785632621.530748071,991984015,3153086042,1300564352,4453650394
1785632622.553831955,991984015,3153086042,1300568587,4453654629
1785632623.579052838,991984015,3153086042,1300573195,4453659237
1785632624.602645717,991984015,3153086042,1300574981,4453661023
1785632625.627024115,991984015,3153086042,1300580776,4453666818
1785632626.651372991,991984015,3153086042,1300583566,4453669608
1785632627.675265773,991984015,3153086042,1300586898,4453672940
1785632628.698768480,991984015,3153086042,1300592473,4453678515
1785632629.722421161,991984015,3153086042,1300595285,4453681327
1785632630.745751130,991984015,3153086042,1300596902,4453682944
1785632631.768925546,991984015,3153086042,1300604277,4453690319
1785632632.793209458,991984015,3153086042,1300606079,4453692121
1785632633.813878954,991984015,3153086042,1300607726,4453693768
1785632634.835995574,991984015,3153086042,1300615802,4453701844
1785632635.856537251,991984015,3153086042,1300617758,4453703800
1785632636.878093070,991984015,3153086042,1300621410,4453707452
1785632637.902546409,991984015,3153086042,1300629218,4453715260
1785632638.926354260,991984015,3153086042,1300631073,4453717115
1785632639.947338574,991984015,3153086042,1300634414,4453720456
1785632640.970443070,991984015,3153086042,1300641004,4453727046
1785632641.993417442,991984015,3153086042,1300642882,4453728924
1785632643.014670480,991984015,3153086042,1300647668,4453733710
1785632644.037342820,991984015,3153086042,1300651987,4453738029
1785632645.059015750,991984015,3153086042,1300653958,4453740000
1785632646.082510926,991984015,3153086042,1300658472,4453744514
1785632647.106358421,991984015,3153086042,1300663942,4453749984
1785632648.130098807,991984015,3153086042,1300667914,4453753956
1785632649.153258782,991984015,3153086042,1300674880,4453760922
1785632650.176989824,991984015,3153086042,1300677984,4453764026
1785632651.200884663,991984015,3153086042,1300679621,4453765663
1785632652.223013491,991984015,3153086042,1300685430,4453771472
1785632653.246015542,991984015,3153086042,1300689012,4453775054
1785632654.267800325,991984015,3153086042,1300691065,4453777107
1785632655.291177169,991984015,3153086042,1300698974,4453785016
1785632656.315262146,991984015,3153086042,1300701022,4453787064
1785632657.339002056,991984015,3153086042,1300703065,4453789107
1785632658.360995316,991984015,3153086042,1300711779,4453797821
1785632659.379363244,991984015,3153086042,1300715486,4453801528
1785632660.400923403,991984015,3153086042,1300718945,4453804987
1785632661.424390837,991984015,3153086042,1300724813,4453810855
1785632662.447912852,991984015,3153086042,1300726672,4453812714
1785632663.471829442,991984015,3153086042,1300728504,4453814546
1785632664.494651619,991984015,3153086042,1300736306,4453822348
1785632665.518413357,991984015,3153086042,1300738116,4453824158
1785632666.541574343,991984015,3153086042,1300743762,4453829804
1785632667.564567917,991984015,3153086042,1300748986,4453835028
1785632668.588525291,991984015,3153086042,1300752746,4453838788
1785632669.612470948,991984015,3153086042,1300754819,4453840861
1785632670.637075403,991984015,3153086042,1300762354,4453848396
1785632671.661348520,991984015,3153086042,1300764192,4453850234
1785632672.684869012,991984015,3153086042,1300770557,4453856599
1785632673.708331694,991984015,3153086042,1300773904,4453859946
1785632674.732118897,991984015,3153086042,1300775551,4453861593
1785632675.755426609,991984015,3153086042,1300779703,4453865745
1785632676.779486169,991984015,3153086042,1300785456,4453871498
1785632677.803025179,991984015,3153086042,1300787567,4453873609
1785632678.826552033,991984015,3153086042,1300797245,4453883287
1785632679.850295291,991984015,3153086042,1300799086,4453885128
1785632680.874657810,991984015,3153086042,1300801101,4453887143
1785632681.897871364,991984015,3153086042,1300807152,4453893194
1785632682.920845910,991984015,3153086042,1300810828,4453896870
1785632683.938500913,991984015,3153086042,1300813804,4453899846
1785632684.961457301,991984015,3153086042,1300819640,4453905682
1785632685.983049443,991984015,3153086042,1300821325,4453907367
1785632687.003291690,991984015,3153086042,1300822975,4453909017
1785632688.025675325,991984015,3153086042,1300829761,4453915803
1785632689.049139246,991984015,3153086042,1300833531,4453919573
1785632690.072676924,991984015,3153086042,1300837569,4453923611
1785632691.095898305,991984015,3153086042,1300841754,4453927796
1785632692.119787839,991984015,3153086042,1300843355,4453929397
1785632693.141446187,991984015,3153086042,1300845235,4453931277
1785632694.165041850,991984015,3153086042,1300853071,4453939113
1785632695.188732839,991984015,3153086042,1300855250,4453941292
1785632696.210832380,991984015,3153086042,1300861669,4453947711
1785632697.231739731,991984015,3153086042,1300865119,4453951161
1785632698.254450046,991984015,3153086042,1300867106,4453953148
1785632699.276765145,991984015,3153086042,1300872783,4453958825
1785632700.299827342,991984015,3153086042,1300878446,4453964488
1785632701.322505601,991984015,3153086042,1300880240,4453966282
1785632702.346214633,991984015,3153086042,1300888123,4453974165
1785632703.369371362,991984015,3153086042,1300889833,4453975875
1785632704.393519702,991984015,3153086042,1300891749,4453977791
1785632705.415772560,991984015,3153086042,1300897309,4453983351
1785632706.441405660,991984015,3153086042,1300901465,4453987507
1785632707.466017477,991984015,3153086042,1300904568,4453990610
1785632708.489892639,991984015,3153086042,1300910888,4453996930
1785632709.513481529,991984015,3153086042,1300914515,4454000557
1785632710.536339478,991984015,3153086042,1300916297,4454002339
1785632711.559583605,991984015,3153086042,1300923192,4454009234
1785632712.583913491,991984015,3153086042,1300925907,4454011949
1785632713.607087043,991984015,3153086042,1300930981,4454017023
1785632714.630950167,991984015,3153086042,1300936057,4454022099
1785632715.654961368,991984015,3153086042,1300937815,4454023857
1785632716.677146921,991984015,3153086042,1300940159,4454026201
1785632717.700531080,991984015,3153086042,1300947704,4454033746
1785632718.724511937,991984015,3153086042,1300949586,4454035628
1785632719.744804438,991984015,3153086042,1300955511,4454041553
1785632720.768247198,991984015,3153086042,1300960698,4454046740
1785632721.792433463,991984015,3153086042,1300962393,4454048435
1785632722.814700660,991984015,3153086042,1300965880,4454051922
1785632723.838682510,991984015,3153086042,1300971031,4454057073
1785632724.862577462,991984015,3153086042,1300972942,4454058984
1785632725.885733433,991984015,3153086042,1300979055,4454065097
1785632726.908185088,991984015,3153086042,1300983285,4454069327
1785632727.932073313,991984015,3153086042,1300984966,4454071008
1785632728.951226016,991984015,3153086042,1300990697,4454076739
1785632729.973131552,991984015,3153086042,1300995918,4454081960
1785632730.996857795,991984015,3153086042,1300998591,4454084633
1785632732.019648589,991984015,3153086042,1301005924,4454091966
1785632733.042835368,991984015,3153086042,1301007817,4454093859
1785632734.066549366,991984015,3153086042,1301009736,4454095778
1785632735.089080223,991984015,3153086042,1301016674,4454102716
1785632736.111710464,991984015,3153086042,1301019095,4454105137
1785632737.134760962,991984015,3153086042,1301021414,4454107456
1785632738.159438403,991984015,3153086042,1301028477,4454114519
1785632739.183389675,991984015,3153086042,1301030256,4454116298
1785632740.206305894,991984015,3153086042,1301032543,4454118585
1785632741.229852662,991984015,3153086042,1301041703,4454127745
1785632742.253662494,991984015,3153086042,1301043817,4454129859
1785632743.276899905,991984015,3153086042,1301047652,4454133694
1785632744.301988339,991984015,3153086042,1301052587,4454138629
1785632745.325539242,991984015,3153086042,1301054444,4454140486
1785632746.346464967,991984015,3153086042,1301058019,4454144061
1785632747.371194034,991984015,3153086042,1301062961,4454149003
1785632748.396171850,991984015,3153086042,1301064763,4454150805
1785632749.419582505,991984015,3153086042,1301069976,4454156018
1785632750.443074114,991984015,3153086042,1301073258,4454159300
1785632751.467250571,991984015,3153086042,1301076852,4454162894
1785632752.490775999,991984015,3153086042,1301081937,4454167979
1785632753.516291832,991984015,3153086042,1301085817,4454171859
1785632754.539975286,991984015,3153086042,1301087595,4454173637
1785632755.561548348,991984015,3153086042,1301095050,4454181092
1785632756.586086089,991984015,3153086042,1301096919,4454182961
1785632757.609754806,991984015,3153086042,1301098806,4454184848
1785632758.632251033,991984015,3153086042,1301105217,4454191259
1785632759.655718303,991984015,3153086042,1301107579,4454193621
1785632760.678145836,991984015,3153086042,1301110474,4454196516
1785632761.701935526,991984015,3153086042,1301119503,4454205545
1785632762.725459010,991984015,3153086042,1301121620,4454207662
1785632763.751326380,991984015,3153086042,1301123567,4454209609
1785632764.775664918,991984015,3153086042,1301131364,4454217406
1785632765.798903041,991984015,3153086042,1301133077,4454219119
1785632766.821934126,991984015,3153086042,1301137002,4454223044
1785632767.846292874,991984015,3153086042,1301141622,4454227664
1785632768.870205865,991984015,3153086042,1301143476,4454229518
1785632769.889941344,991984015,3153086042,1301146723,4454232765
1785632770.913526864,991984015,3153086042,1301151817,4454237859
1785632771.937108116,991984015,3153086042,1301155314,4454241356
1785632772.958563720,991984015,3153086042,1301160743,4454246785
1785632773.983267689,991984015,3153086042,1301164097,4454250139
1785632775.006019790,991984015,3153086042,1301165627,4454251669
1785632776.028979591,991984015,3153086042,1301170899,4454256941
1785632777.052548869,991984015,3153086042,1301174265,4454260307
1785632778.076759459,991984015,3153086042,1301175928,4454261970
1785632779.099329229,991984015,3153086042,1301182950,4454268992
1785632780.123212889,991984015,3153086042,1301184527,4454270569
1785632781.147051202,991984015,3153086042,1301186204,4454272246
1785632782.170460793,991984015,3153086042,1301193617,4454279659
1785632783.194220900,991984015,3153086042,1301197356,4454283398
1785632784.218097732,991984015,3153086042,1301199871,4454285913
1785632785.242085302,991984015,3153086042,1301206436,4454292478
1785632786.264680872,991984015,3153086042,1301208091,4454294133
1785632787.288946319,991984015,3153086042,1301210096,4454296138
1785632788.311793638,991984015,3153086042,1301216156,4454302198
1785632789.336164665,991984015,3153086042,1301218482,4454304524
1785632790.359723794,991984015,3153086042,1301222459,4454308501
1785632791.383773790,991984015,3153086042,1301227278,4454313320
1785632792.408397618,991984015,3153086042,1301230821,4454316863
1785632793.431259521,991984015,3153086042,1301233065,4454319107
1785632794.451221893,991984015,3153086042,1301240327,4454326369
1785632795.474988255,991984015,3153086042,1301241925,4454327967
1785632796.499194979,991984015,3153086042,1301248010,4454334052
1785632797.523289324,991984015,3153086042,1301251922,4454337964
1785632798.547227078,991984015,3153086042,1301253915,4454339957
1785632799.571674581,991984015,3153086042,1301257603,4454343645
1785632800.595991271,991984015,3153086042,1301263425,4454349467
1785632801.620107441,991984015,3153086042,1301265262,4454351304
1785632802.643070461,991984015,3153086042,1301275120,4454361162
1785632803.666445889,991984015,3153086042,1301276958,4454363000
1785632804.690804344,991984015,3153086042,1301278840,4454364882
1785632805.712613313,991984015,3153086042,1301283970,4454370012
1785632806.735395114,991984015,3153086042,1301288358,4454374400
1785632807.759288741,991984015,3153086042,1301290483,4454376525
1785632808.782477461,991984015,3153086042,1301297911,4454383953
1785632809.806836209,991984015,3153086042,1301299521,4454385563
1785632810.829924861,991984015,3153086042,1301301532,4454387574
1785632811.854056989,991984015,3153086042,1301307793,4454393835
1785632812.877475758,991984015,3153086042,1301312370,4454398412
1785632813.900831823,991984015,3153086042,1301316045,4454402087
1785632814.925010701,991984015,3153086042,1301321390,4454407432
1785632815.949070092,991984015,3153086042,1301323126,4454409168
1785632816.972929777,991984015,3153086042,1301325418,4454411460
1785632817.996454273,991984015,3153086042,1301331948,4454417990
1785632819.019119413,991984015,3153086042,1301333582,4454419624
1785632820.043014429,991984015,3153086042,1301338817,4454424859
1785632821.066588203,991984015,3153086042,1301342471,4454428513
1785632822.089893479,991984015,3153086042,1301344140,4454430182
1785632823.110652946,991984015,3153086042,1301350015,4454436057
1785632824.132952468,991984015,3153086042,1301355481,4454441523
1785632825.157207758,991984015,3153086042,1301357325,4454443367
1785632826.180533271,991984015,3153086042,1301365105,4454451147
1785632827.204284276,991984015,3153086042,1301366755,4454452797
1785632828.228086435,991984015,3153086042,1301368419,4454454461
1785632829.251033201,991984015,3153086042,1301373361,4454459403
1785632830.273869893,991984015,3153086042,1301377524,4454463566
1785632831.295853835,991984015,3153086042,1301379325,4454465367
1785632832.320205122,991984015,3153086042,1301386602,4454472644
1785632833.343803549,991984015,3153086042,1301390694,4454476736
1785632834.367547077,991984015,3153086042,1301392185,4454478227
1785632835.391425432,991984015,3153086042,1301398705,4454484747
1785632836.416795488,991984015,3153086042,1301401156,4454487198
1785632837.440489631,991984015,3153086042,1301404737,4454490779
1785632838.465133169,991984015,3153086042,1301410144,4454496186
1785632839.490229366,991984015,3153086042,1301411766,4454497808
1785632840.513470258,991984015,3153086042,1301413462,4454499504
1785632841.534467123,991984015,3153086042,1301420160,4454506202
1785632842.557081877,991984015,3153086042,1301421712,4454507754
1785632843.577836049,991984015,3153086042,1301427272,4454513314
1785632844.599715441,991984015,3153086042,1301432554,4454518596
1785632845.622313050,991984015,3153086042,1301434410,4454520452
1785632846.644797069,991984015,3153086042,1301437602,4454523644
1785632847.667103542,991984015,3153086042,1301443184,4454529226
1785632848.689544708,991984015,3153086042,1301444824,4454530866
1785632849.710758692,991984015,3153086042,1301450210,4454536252
1785632850.732013427,991984015,3153086042,1301453870,4454539912
1785632851.750070053,991984015,3153086042,1301455808,4454541850
1785632852.772117199,991984015,3153086042,1301460610,4454546652
1785632853.794457856,991984015,3153086042,1301465775,4454551817
1785632854.816562630,991984015,3153086042,1301468299,4454554341
1785632855.838806622,991984015,3153086042,1301475364,4454561406
1785632856.861381252,991984015,3153086042,1301477655,4454563697
1785632857.883460378,991984015,3153086042,1301479684,4454565726
1785632858.905106955,991984015,3153086042,1301485914,4454571956
1785632859.928009588,991984015,3153086042,1301489056,4454575098
1785632860.948244127,991984015,3153086042,1301491334,4454577376
1785632861.970464436,991984015,3153086042,1301499324,4454585366
1785632862.992958428,991984015,3153086042,1301501053,4454587095
1785632864.015271578,991984015,3153086042,1301503492,4454589534
1785632865.038759472,991984015,3153086042,1301512884,4454598926
1785632866.061942087,991984015,3153086042,1301514708,4454600750
1785632867.083535048,991984015,3153086042,1301517706,4454603748
1785632868.102300123,991984015,3153086042,1301522661,4454608703
1785632869.125217121,991984015,3153086042,1301524893,4454610935
1785632870.147964094,991984015,3153086042,1301527732,4454613774
1785632871.171018400,991984015,3153086042,1301533870,4454619912
1785632872.194923062,991984015,3153086042,1301535461,4454621503
1785632873.216104967,991984015,3153086042,1301540484,4454626526
1785632874.239284011,991984015,3153086042,1301544337,4454630379
1785632875.262435904,991984015,3153086042,1301547746,4454633788
1785632876.285956832,991984015,3153086042,1301551801,4454637843
1785632877.309490339,991984015,3153086042,1301556461,4454642503
1785632878.332925669,991984015,3153086042,1301557998,4454644040
1785632879.355948400,991984015,3153086042,1301564193,4454650235
1785632880.379209079,991984015,3153086042,1301566725,4454652767
1785632881.402893163,991984015,3153086042,1301568492,4454654534
1785632882.426277318,991984015,3153086042,1301573986,4454660028
1785632883.450794764,991984015,3153086042,1301576384,4454662426
1785632884.471440199,991984015,3153086042,1301578081,4454664123
1785632885.491140034,991984015,3153086042,1301586859,4454672901
1785632886.513514004,991984015,3153086042,1301588738,4454674780
1785632887.535695536,991984015,3153086042,1301590285,4454676327
1785632888.558127754,991984015,3153086042,1301597655,4454683697
1785632889.581742958,991984015,3153086042,1301599673,4454685715
1785632890.604853326,991984015,3153086042,1301603348,4454689390
1785632891.627831034,991984015,3153086042,1301609176,4454695218
1785632892.651733932,991984015,3153086042,1301610851,4454696893
1785632893.675072442,991984015,3153086042,1301613757,4454699799
1785632894.699240538,991984015,3153086042,1301619528,4454705570
1785632895.723026289,991984015,3153086042,1301622954,4454708996
1785632896.745907586,991984015,3153086042,1301627919,4454713961
1785632897.768881179,991984015,3153086042,1301631520,4454717562
1785632898.792838010,991984015,3153086042,1301633076,4454719118
1785632899.815843434,991984015,3153086042,1301636726,4454722768
1785632900.839417120,991984015,3153086042,1301641529,4454727571
1785632901.863135051,991984015,3153086042,1301643110,4454729152
1785632902.886001167,991984015,3153086042,1301649764,4454735806
1785632903.910287444,991984015,3153086042,1301651528,4454737570
1785632904.932029011,991984015,3153086042,1301655099,4454741141
1785632905.955067196,991984015,3153086042,1301661596,4454747638
1785632906.973480114,991984015,3153086042,1301667009,4454753051
1785632907.994998831,991984015,3153086042,1301668492,4454754534
1785632909.018497287,991984015,3153086042,1301675123,4454761165
1785632910.042316203,991984015,3153086042,1301676708,4454762750
1785632911.065986160,991984015,3153086042,1301678261,4454764303
1785632912.087012456,991984015,3153086042,1301683514,4454769556
1785632913.111056803,991984015,3153086042,1301686875,4454772917
1785632914.132951875,991984015,3153086042,1301690092,4454776134
1785632915.156410824,991984015,3153086042,1301694987,4454781029
1785632916.180451387,991984015,3153086042,1301698248,4454784290
1785632917.204992411,991984015,3153086042,1301699947,4454785989
1785632918.227777089,991984015,3153086042,1301706915,4454792957
1785632919.251050792,991984015,3153086042,1301708605,4454794647
1785632920.274284314,991984015,3153086042,1301713150,4454799192
1785632921.298697769,991984015,3153086042,1301717557,4454803599
1785632922.322854878,991984015,3153086042,1301719377,4454805419
1785632923.343874640,991984015,3153086042,1301721460,4454807502
1785632924.368103728,991984015,3153086042,1301728093,4454814135
1785632925.392480750,991984015,3153086042,1301730292,4454816334
1785632926.415937619,991984015,3153086042,1301737680,4454823722
1785632927.440063202,991984015,3153086042,1301740064,4454826106
1785632928.463838521,991984015,3153086042,1301741617,4454827659
1785632929.486585687,991984015,3153086042,1301745299,4454831341
1785632930.510172855,991984015,3153086042,1301750578,4454836620
1785632931.532259307,991984015,3153086042,1301752624,4454838666
1785632932.556877115,991984015,3153086042,1301760261,4454846303
1785632933.580566896,991984015,3153086042,1301762147,4454848189
1785632934.604251612,991984015,3153086042,1301764247,4454850289
1785632935.627960433,991984015,3153086042,1301770382,4454856424
1785632936.651266330,991984015,3153086042,1301776675,4454862717
1785632937.673433479,991984015,3153086042,1301780902,4454866944
1785632938.696840968,991984015,3153086042,1301786851,4454872893
1785632939.719824654,991984015,3153086042,1301788755,4454874797
1785632940.743378073,991984015,3153086042,1301790924,4454876966
1785632941.766118724,991984015,3153086042,1301798700,4454884742
1785632942.789796900,991984015,3153086042,1301800638,4454886680
1785632943.813422561,991984015,3153086042,1301806028,4454892070
1785632944.837361672,991984015,3153086042,1301809882,4454895924
1785632945.860896506,991984015,3153086042,1301811735,4454897777
1785632946.883707313,991984015,3153086042,1301815997,4454902039
1785632947.907471741,991984015,3153086042,1301823106,4454909148
1785632948.930975069,991984015,3153086042,1301825201,4454911243
1785632949.952652026,991984015,3153086042,1301831826,4454917868
1785632950.975537384,991984015,3153086042,1301834609,4454920651
1785632951.998041395,991984015,3153086042,1301836581,4454922623
1785632953.021501669,991984015,3153086042,1301840723,4454926765
1785632954.045200343,991984015,3153086042,1301846226,4454932268
1785632955.068551874,991984015,3153086042,1301848164,4454934206
1785632956.089782493,991984015,3153086042,1301856004,4454942046
1785632957.112844751,991984015,3153086042,1301859681,4454945723
1785632958.137818078,991984015,3153086042,1301861696,4454947738
1785632959.159894187,991984015,3153086042,1301866926,4454952968
1785632960.183086060,991984015,3153086042,1301870408,4454956450
1785632961.205532226,991984015,3153086042,1301874041,4454960083
1785632962.229647646,991984015,3153086042,1301879195,4454965237
1785632963.252958390,991984015,3153086042,1301880718,4454966760
1785632964.275231055,991984015,3153086042,1301882393,4454968435
1785632965.297541107,991984015,3153086042,1301889750,4454975792
1785632966.320821996,991984015,3153086042,1301891576,4454977618
1785632967.341648291,991984015,3153086042,1301896312,4454982354
1785632968.361043168,991984015,3153086042,1301902318,4454988360
1785632969.383899050,991984015,3153086042,1301903976,4454990018
1785632970.407219640,991984015,3153086042,1301906011,4454992053
1785632971.432207501,991984015,3153086042,1301912678,4454998720
1785632972.456102847,991984015,3153086042,1301914330,4455000372
1785632973.479360775,991984015,3153086042,1301919063,4455005105
1785632974.503103791,991984015,3153086042,1301922775,4455008817
1785632975.527719968,991984015,3153086042,1301924752,4455010794
1785632976.551090314,991984015,3153086042,1301929107,4455015149
1785632977.574208494,991984015,3153086042,1301934995,4455021037
1785632978.593852335,991984015,3153086042,1301938504,4455024546
1785632979.612183932,991984015,3153086042,1301945346,4455031388
1785632980.634744875,991984015,3153086042,1301948593,4455034635
1785632981.658444195,991984015,3153086042,1301950724,4455036766
1785632982.681232963,991984015,3153086042,1301956365,4455042407
1785632983.705369801,991984015,3153086042,1301959854,4455045896
1785632984.725391186,991984015,3153086042,1301962077,4455048119
1785632985.743336952,991984015,3153086042,1301969548,4455055590
1785632986.765812597,991984015,3153086042,1301971377,4455057419
1785632987.787888307,991984015,3153086042,1301973466,4455059508
1785632988.810038367,991984015,3153086042,1301982928,4455068970
1785632989.834116961,991984015,3153086042,1301984497,4455070539
1785632990.857368694,991984015,3153086042,1301987699,4455073741
1785632991.879921128,991984015,3153086042,1301993144,4455079186
1785632992.903464789,991984015,3153086042,1301995180,4455081222
1785632993.926092608,991984015,3153086042,1301997430,4455083472
1785632994.948708257,991984015,3153086042,1302005179,4455091221
1785632995.971455284,991984015,3153086042,1302007113,4455093155
1785632996.995511328,991984015,3153086042,1302012186,4455098228
1785632998.017241119,991984015,3153086042,1302016902,4455102944
1785632999.039668628,991984015,3153086042,1302020560,4455106602
1785633000.063097751,991984015,3153086042,1302024774,4455110816
1785633001.085640311,991984015,3153086042,1302030649,4455116691
1785633002.109194755,991984015,3153086042,1302032421,4455118463
1785633003.131021601,991984015,3153086042,1302038371,4455124413
1785633004.155237567,991984015,3153086042,1302041737,4455127779
1785633005.176468302,991984015,3153086042,1302043895,4455129937
1785633006.197257563,991984015,3153086042,1302049323,4455135365
1785633007.220908509,991984015,3153086042,1302052683,4455138725
1785633008.242069552,991984015,3153086042,1302054159,4455140201
1785633009.265223704,991984015,3153086042,1302062648,4455148690
1785633010.283455017,991984015,3153086042,1302064368,4455150410
1785633011.302463492,991984015,3153086042,1302066128,4455152170
1785633012.325966122,991984015,3153086042,1302072768,4455158810
1785633013.345485372,991984015,3153086042,1302074971,4455161013
1785633014.367822239,991984015,3153086042,1302077537,4455163579
1785633015.391220609,991984015,3153086042,1302083371,4455169413
1785633016.414083156,991984015,3153086042,1302085259,4455171301
1785633017.436433846,991984015,3153086042,1302087092,4455173134
1785633018.460109122,991984015,3153086042,1302093801,4455179843
1785633019.484069799,991984015,3153086042,1302097235,4455183277
1785633020.506964015,991984015,3153086042,1302101493,4455187535
1785633021.531355223,991984015,3153086042,1302107192,4455193234
1785633022.555329124,991984015,3153086042,1302108850,4455194892
1785633023.577192416,991984015,3153086042,1302112556,4455198598
1785633024.601001256,991984015,3153086042,1302117746,4455203788
1785633025.624732096,991984015,3153086042,1302119294,4455205336
1785633026.647854438,991984015,3153086042,1302124743,4455210785
1785633027.672061667,991984015,3153086042,1302127546,4455213588
1785633028.695803586,991984015,3153086042,1302129291,4455215333
1785633029.718108752,991984015,3153086042,1302135794,4455221836
1785633030.742314217,991984015,3153086042,1302140897,4455226939
1785633031.765519825,991984015,3153086042,1302142778,4455228820
1785633032.789036980,991984015,3153086042,1302150541,4455236583
1785633033.813354867,991984015,3153086042,1302152541,4455238583
1785633034.837237480,991984015,3153086042,1302154395,4455240437
1785633035.860855861,991984015,3153086042,1302159559,4455245601
1785633036.884428209,991984015,3153086042,1302163887,4455249929
1785633037.907324763,991984015,3153086042,1302166786,4455252828
1785633038.929010769,991984015,3153086042,1302173152,4455259194
1785633039.952039922,991984015,3153086042,1302176759,4455262801
1785633040.975825948,991984015,3153086042,1302178647,4455264689
1785633041.997133897,991984015,3153086042,1302184431,4455270473
1785633043.019946966,991984015,3153086042,1302187042,4455273084
1785633044.043178744,991984015,3153086042,1302190924,4455276966
1785633045.067559431,991984015,3153086042,1302195418,4455281460
1785633046.091071428,991984015,3153086042,1302196988,4455283030
1785633047.111525248,991984015,3153086042,1302198569,4455284611
1785633048.131958658,991984015,3153086042,1302205413,4455291455
1785633049.155460605,991984015,3153086042,1302207160,4455293202
1785633050.177976842,991984015,3153086042,1302213997,4455300039
1785633051.201517505,991984015,3153086042,1302217118,4455303160
1785633052.225052613,991984015,3153086042,1302218776,4455304818
1785633053.248018775,991984015,3153086042,1302221908,4455307950
1785633054.271664950,991984015,3153086042,1302227784,4455313826
1785633055.295056002,991984015,3153086042,1302229370,4455315412
1785633056.318794966,991984015,3153086042,1302236331,4455322373
1785633057.341866190,991984015,3153086042,1302238189,4455324231
1785633058.366760397,991984015,3153086042,1302240181,4455326223
1785633059.391020312,991984015,3153086042,1302244957,4455330999
1785633060.414568212,991984015,3153086042,1302251740,4455337782
1785633061.437580457,991984015,3153086042,1302254520,4455340562
1785633062.460971221,991984015,3153086042,1302260521,4455346563
1785633063.482797152,991984015,3153086042,1302262591,4455348633
1785633064.504383237,991984015,3153086042,1302264575,4455350617
1785633065.527975854,991984015,3153086042,1302270841,4455356883
1785633066.551222295,991984015,3153086042,1302274605,4455360647
1785633067.573148757,991984015,3153086042,1302279207,4455365249
1785633068.596506133,991984015,3153086042,1302284006,4455370048
1785633069.620922016,991984015,3153086042,1302286012,4455372054
1785633070.643733433,991984015,3153086042,1302289434,4455375476
1785633071.666880313,991984015,3153086042,1302297244,4455383286
1785633072.690565719,991984015,3153086042,1302299035,4455385077
1785633073.715686411,991984015,3153086042,1302305458,4455391500
1785633074.739751851,991984015,3153086042,1302308829,4455394871
1785633075.764563560,991984015,3153086042,1302310502,4455396544
1785633076.788206375,991984015,3153086042,1302313351,4455399393
1785633077.811508238,991984015,3153086042,1302319421,4455405463
1785633078.831200669,991984015,3153086042,1302321337,4455407379
1785633079.851217968,991984015,3153086042,1302329111,4455415153
1785633080.874234333,991984015,3153086042,1302331861,4455417903
1785633081.896189991,991984015,3153086042,1302334703,4455420745
1785633082.919791061,991984015,3153086042,1302338627,4455424669
1785633083.942877924,991984015,3153086042,1302342912,4455428954
1785633084.965519748,991984015,3153086042,1302346288,4455432330
1785633085.987526254,991984015,3153086042,1302351915,4455437957
1785633087.009716927,991984015,3153086042,1302353830,4455439872
1785633088.032410801,991984015,3153086042,1302355599,4455441641
1785633089.052410701,991984015,3153086042,1302361839,4455447881
1785633090.077398107,991984015,3153086042,1302365699,4455451741
1785633091.098906663,991984015,3153086042,1302369620,4455455662
1785633092.122954540,991984015,3153086042,1302378096,4455464138
1785633093.146693386,991984015,3153086042,1302379928,4455465970
1785633094.170988652,991984015,3153086042,1302382114,4455468156
1785633095.194944854,991984015,3153086042,1302389664,4455475706
1785633096.217533400,991984015,3153086042,1302391408,4455477450
1785633097.240419363,991984015,3153086042,1302396005,4455482047
1785633098.264418700,991984015,3153086042,1302401042,4455487084
1785633099.288534984,991984015,3153086042,1302402857,4455488899
1785633100.309230628,991984015,3153086042,1302405599,4455491641
1785633101.332548292,991984015,3153086042,1302412604,4455498646
1785633102.356342133,991984015,3153086042,1302416207,4455502249
1785633103.378778002,991984015,3153086042,1302422198,4455508240
1785633104.401800883,991984015,3153086042,1302425559,4455511601
1785633105.426208252,991984015,3153086042,1302427565,4455513607
1785633106.450079268,991984015,3153086042,1302432291,4455518333
1785633107.474019868,991984015,3153086042,1302437594,4455523636
1785633108.497406015,991984015,3153086042,1302439523,4455525565
1785633109.521152175,991984015,3153086042,1302447097,4455533139
1785633110.545028029,991984015,3153086042,1302449195,4455535237
1785633111.566818643,991984015,3153086042,1302451086,4455537128
1785633112.587470656,991984015,3153086042,1302459059,4455545101
1785633113.611860281,991984015,3153086042,1302462501,4455548543
1785633114.635261733,991984015,3153086042,1302465982,4455552024
1785633115.660470359,991984015,3153086042,1302472455,4455558497
1785633116.684091963,991984015,3153086042,1302474653,4455560695
1785633117.707678785,991984015,3153086042,1302476301,4455562343
1785633118.731200999,991984015,3153086042,1302483174,4455569216
1785633119.752840201,991984015,3153086042,1302484905,4455570947
1785633120.775587008,991984015,3153086042,1302488971,4455575013
1785633121.800181784,991984015,3153086042,1302493126,4455579168
1785633122.823990759,991984015,3153086042,1302496634,4455582676
1785633123.846462688,991984015,3153086042,1302499508,4455585550
1785633124.870881230,991984015,3153086042,1302505735,4455591777
1785633125.894808587,991984015,3153086042,1302507251,4455593293
1785633126.917282699,991984015,3153086042,1302512895,4455598937
1785633127.942058017,991984015,3153086042,1302515539,4455601581
1785633128.965200754,991984015,3153086042,1302517464,4455603506
1785633129.989097744,991984015,3153086042,1302521694,4455607736
1785633131.013376217,991984015,3153086042,1302525898,4455611940
1785633132.034475328,991984015,3153086042,1302527672,4455613714
1785633133.055772985,991984015,3153086042,1302536293,4455622335
1785633134.077258426,991984015,3153086042,1302537987,4455624029
1785633135.100163452,991984015,3153086042,1302539915,4455625957
1785633136.120933976,991984015,3153086042,1302545371,4455631413
1785633137.142011209,991984015,3153086042,1302548843,4455634885
1785633138.163519191,991984015,3153086042,1302551963,4455638005
1785633139.186368055,991984015,3153086042,1302558215,4455644257
1785633140.209866407,991984015,3153086042,1302559976,4455646018
1785633141.232774442,991984015,3153086042,1302561803,4455647845
1785633142.255937673,991984015,3153086042,1302569302,4455655344
1785633143.280157080,991984015,3153086042,1302573141,4455659183
1785633144.303530378,991984015,3153086042,1302577253,4455663295
1785633145.326993821,991984015,3153086042,1302582129,4455668171
1785633146.351017655,991984015,3153086042,1302583961,4455670003
1785633147.374184172,991984015,3153086042,1302586415,4455672457
1785633148.397681587,991984015,3153086042,1302593531,4455679573
1785633149.420167093,991984015,3153086042,1302595176,4455681218
1785633150.443658588,991984015,3153086042,1302600411,4455686453
1785633151.465955444,991984015,3153086042,1302603684,4455689726
1785633152.490093909,991984015,3153086042,1302605433,4455691475
1785633153.512081208,991984015,3153086042,1302611188,4455697230
1785633154.535367597,991984015,3153086042,1302616091,4455702133
1785633155.559801440,991984015,3153086042,1302617598,4455703640
1785633156.585340500,991984015,3153086042,1302624701,4455710743
1785633157.609568283,991984015,3153086042,1302626291,4455712333
1785633158.634468366,991984015,3153086042,1302627908,4455713950
1785633159.657813723,991984015,3153086042,1302633303,4455719345
1785633160.681794005,991984015,3153086042,1302636715,4455722757
1785633161.705192284,991984015,3153086042,1302639282,4455725324
1785633162.728437613,991984015,3153086042,1302645362,4455731404
1785633163.751694613,991984015,3153086042,1302648956,4455734998
1785633164.774002764,991984015,3153086042,1302650778,4455736820
1785633165.796486149,991984015,3153086042,1302657893,4455743935
1785633166.818563916,991984015,3153086042,1302659919,4455745961
1785633167.841350007,991984015,3153086042,1302664151,4455750193
1785633168.863326784,991984015,3153086042,1302669721,4455755763
1785633169.885659444,991984015,3153086042,1302671578,4455757620
1785633170.907828038,991984015,3153086042,1302673555,4455759597
1785633171.930419028,991984015,3153086042,1302681120,4455767162
1785633172.952538208,991984015,3153086042,1302683037,4455769079
1785633173.972996746,991984015,3153086042,1302690535,4455776577
1785633174.990956594,991984015,3153086042,1302694404,4455780446
1785633176.013459301,991984015,3153086042,1302696237,4455782279
1785633177.036261728,991984015,3153086042,1302700163,4455786205
1785633178.056492237,991984015,3153086042,1302705894,4455791936
1785633179.078975405,991984015,3153086042,1302707462,4455793504
1785633180.100949209,991984015,3153086042,1302715296,4455801338
1785633181.123892348,991984015,3153086042,1302717206,4455803248
1785633182.145532181,991984015,3153086042,1302719174,4455805216
1785633183.167827038,991984015,3153086042,1302724592,4455810634
1785633184.190513714,991984015,3153086042,1302729719,4455815761
1785633185.212910053,991984015,3153086042,1302732417,4455818459
1785633186.236065653,991984015,3153086042,1302739745,4455825787
1785633187.258639069,991984015,3153086042,1302741680,4455827722
1785633188.281790272,991984015,3153086042,1302743399,4455829441
1785633189.304094705,991984015,3153086042,1302750825,4455836867
1785633190.327421382,991984015,3153086042,1302752965,4455839007
1785633191.349244612,991984015,3153086042,1302756529,4455842571
1785633192.372278591,991984015,3153086042,1302762058,4455848100
1785633193.395126221,991984015,3153086042,1302764102,4455850144
1785633194.417319687,991984015,3153086042,1302766725,4455852767
1785633195.442557184,991984015,3153086042,1302774876,4455860918
1785633196.467028971,991984015,3153086042,1302776534,4455862576
1785633197.484172809,991984015,3153086042,1302782302,4455868344
1785633198.502545491,991984015,3153086042,1302786254,4455872296
1785633199.526769939,991984015,3153086042,1302787907,4455873949
1785633200.550177429,991984015,3153086042,1302791584,4455877626
1785633201.574024640,991984015,3153086042,1302797257,4455883299
1785633202.597339783,991984015,3153086042,1302798977,4455885019
1785633203.620021343,991984015,3153086042,1302806908,4455892950
1785633204.642987803,991984015,3153086042,1302808887,4455894929
1785633205.666682006,991984015,3153086042,1302814013,4455900055
1785633206.689495025,991984015,3153086042,1302819628,4455905670
1785633207.712697540,991984015,3153086042,1302823753,4455909795
1785633208.735245723,991984015,3153086042,1302825594,4455911636
1785633209.755226281,991984015,3153086042,1302833360,4455919402
1785633210.778702838,991984015,3153086042,1302835372,4455921414
1785633211.802666315,991984015,3153086042,1302837033,4455923075
1785633212.826155572,991984015,3153086042,1302844128,4455930170
1785633213.849561895,991984015,3153086042,1302846412,4455932454
1785633214.871911979,991984015,3153086042,1302849420,4455935462
1785633215.896054046,991984015,3153086042,1302859118,4455945160
1785633216.919485446,991984015,3153086045,1302861035,4455947080
1785633217.940917685,991984015,3153086045,1302863079,4455949124
1785633218.965035967,991984015,3153086045,1302870573,4455956618
1785633219.989086168,991984015,3153086045,1302872517,4455958562
1785633221.009976082,991984015,3153086045,1302876238,4455962283
1785633222.033431328,991984015,3153086045,1302882138,4455968183
1785633223.056565673,991984015,3153086045,1302883781,4455969826
1785633224.079251745,991984015,3153086045,1302887433,4455973478
1785633225.103424190,991984015,3153086045,1302893152,4455979197
1785633226.127432898,991984015,3153086045,1302896734,4455982779
1785633227.149519821,991984015,3153086045,1302901707,4455987752
1785633228.173277553,991984015,3153086045,1302906306,4455992351
1785633229.196968416,991984015,3153086045,1302908070,4455994115
1785633230.218742300,991984015,3153086045,1302913962,4456000007
1785633231.241803618,991984015,3153086045,1302917724,4456003769
1785633232.265086227,991984015,3153086045,1302919682,4456005727
1785633233.287869227,991984015,3153086045,1302926434,4456012479
1785633234.311828373,991984015,3153086045,1302929407,4456015452
1785633235.336054429,991984015,3153086045,1302931472,4456017517
1785633236.359495969,991984015,3153086045,1302940450,4456026495
1785633237.381493960,991984015,3153086045,1302942431,4456028476
1785633238.403721147,991984015,3153086045,1302944164,4456030209
1785633239.426451030,991984015,3153086045,1302951347,4456037392
1785633240.450748783,991984015,3153086045,1302953054,4456039099
1785633241.473436372,991984015,3153086045,1302954933,4456040978
1785633242.497068920,991984015,3153086045,1302962210,4456048255
1785633243.520906815,991984015,3153086045,1302964066,4456050111
1785633244.543284688,991984015,3153086045,1302967881,4456053926
1785633245.567146060,991984015,3153086045,1302973853,4456059898
1785633246.590363384,991984015,3153086045,1302977699,4456063744
1785633247.613516251,991984015,3153086045,1302981398,4456067443
1785633248.637350582,991984015,3153086045,1302986978,4456073023
1785633249.661663232,991984015,3153086045,1302988853,4456074898
1785633250.684802709,991984015,3153086045,1302993563,4456079608
1785633251.708804483,991984015,3153086045,1302998093,4456084138
1785633252.732914999,991984015,3153086045,1302999790,4456085835
1785633253.754693114,991984015,3153086045,1303005118,4456091163
1785633254.778823320,991984015,3153086045,1303008875,4456094920
1785633255.803136602,991984015,3153086045,1303010928,4456096973
1785633256.826846348,991984015,3153086045,1303018811,4456104856
1785633257.851864858,991984015,3153086045,1303021774,4456107819
1785633258.875826973,991984015,3153086045,1303023507,4456109552
1785633259.899543990,991984015,3153086045,1303030530,4456116575
1785633260.923871423,991984015,3153086045,1303032827,4456118872
1785633261.946299286,991984015,3153086045,1303034276,4456120321
1785633262.965522396,991984015,3153086045,1303041615,4456127660
1785633263.988233534,991984015,3153086045,1303043442,4456129487
1785633265.009990489,991984015,3153086045,1303045106,4456131151
1785633266.033198063,991984015,3153086045,1303052266,4456138311
1785633267.055898435,991984015,3153086045,1303055943,4456141988
1785633268.077838416,991984015,3153086045,1303058985,4456145030
1785633269.101808014,991984015,3153086045,1303065537,4456151582
1785633270.124757830,991984015,3153086045,1303067388,4456153433
1785633271.147757893,991984015,3153086045,1303071035,4456157080
1785633272.170887791,991984015,3153086045,1303076801,4456162846
1785633273.194582947,991984015,3153086045,1303078624,4456164669
1785633274.218143341,991984015,3153086045,1303082998,4456169043
1785633275.243034694,991984015,3153086045,1303088164,4456174209
1785633276.267719287,991984015,3153086045,1303089887,4456175932
1785633277.287164905,991984015,3153086045,1303095249,4456181294
1785633278.310340863,991984015,3153086045,1303102771,4456188816
1785633279.334664264,991984015,3153086045,1303104836,4456190881
1785633280.357134802,991984015,3153086045,1303110931,4456196976
1785633281.381772925,991984015,3153086045,1303114679,4456200724
1785633282.402742822,991984015,3153086045,1303116464,4456202509
1785633283.425524400,991984015,3153086045,1303121613,4456207658
1785633284.447763503,991984015,3153086045,1303125965,4456212010
1785633285.471879834,991984015,3153086045,1303127639,4456213684
1785633286.496050096,991984015,3153086045,1303135202,4456221247
1785633287.517876190,991984015,3153086045,1303137081,4456223126
1785633288.541812481,991984015,3153086045,1303140712,4456226757
1785633289.564888501,991984015,3153086045,1303147538,4456233583
1785633290.587999002,991984015,3153086045,1303149934,4456235979
1785633291.612292671,991984015,3153086045,1303152228,4456238273
1785633292.636365838,991984015,3153086047,1303158099,4456244146
1785633293.656726924,991984015,3153086047,1303159671,4456245718
1785633294.679841822,991984015,3153086047,1303161382,4456247429
1785633295.702552095,991984015,3153086047,1303168780,4456254827
1785633296.726913726,991984015,3153086047,1303170325,4456256372
1785633297.751155437,991984015,3153086047,1303174339,4456260386
1785633298.775367033,991984015,3153086047,1303180917,4456266964
1785633299.798760361,991984015,3153086047,1303182599,4456268646
1785633300.821502642,991984015,3153086047,1303186359,4456272406
1785633301.845346367,991984015,3153086047,1303192318,4456278365
1785633302.869002419,991984015,3153086047,1303194422,4456280469
1785633303.892943852,991984015,3153086047,1303200207,4456286254
1785633304.916521808,991984015,3153086047,1303203943,4456289990
1785633305.940658523,991984015,3153086047,1303205639,4456291686
1785633306.963884691,991984015,3153086047,1303211145,4456297192
1785633307.987417935,991984015,3153086047,1303215926,4456301973
1785633309.011387566,991984015,3153086047,1303220052,4456306099
1785633310.034808164,991984015,3153086047,1303227652,4456313699
1785633311.057989569,991984015,3153086047,1303229574,4456315621
1785633312.082426304,991984015,3153086047,1303231566,4456317613
1785633313.104057364,991984015,3153086047,1303238570,4456324617
1785633314.126378637,991984015,3153086047,1303241476,4456327523
1785633315.149027309,991984015,3153086047,1303243848,4456329895
1785633316.171743034,991984015,3153086047,1303250661,4456336708
1785633317.196049966,991984015,3153086047,1303252499,4456338546
1785633318.217908781,991984015,3153086047,1303254271,4456340318
1785633319.240244250,991984015,3153086047,1303263637,4456349684
1785633320.264256606,991984015,3153086047,1303265267,4456351314
1785633321.286054968,991984015,3153086047,1303269478,4456355525
1785633322.310045723,991984015,3153086047,1303274844,4456360891
1785633323.329275524,991984015,3153086047,1303276491,4456362538
1785633324.351646043,991984015,3153086047,1303279774,4456365821
1785633325.375687622,991984015,3153086047,1303285676,4456371723
1785633326.399339660,991984015,3153086047,1303287421,4456373468
1785633327.422569109,991984015,3153086047,1303292894,4456378941
1785633328.445550200,991984015,3153086047,1303296930,4456382977
1785633329.468690575,991984015,3153086047,1303300587,4456386634
1785633330.494422814,991984015,3153086047,1303305273,4456391320
1785633331.518509992,991984015,3153086047,1303310089,4456396136
1785633332.542658996,991984015,3153086047,1303311830,4456397877
1785633333.565946597,991984015,3153086047,1303320069,4456406116
1785633334.589836608,991984015,3153086047,1303321910,4456407957
1785633335.612358337,991984015,3153086047,1303323723,4456409770
1785633336.635458566,991984015,3153086047,1303330163,4456416210
1785633337.659357750,991984015,3153086047,1303333175,4456419222
1785633338.683096819,991984015,3153086047,1303335459,4456421506
1785633339.706321188,991984015,3153086047,1303344436,4456430483
1785633340.730068461,991984015,3153086047,1303346211,4456432258
1785633341.754560139,991984015,3153086047,1303348252,4456434299
1785633342.778797922,991984015,3153086047,1303355281,4456441328
1785633343.802257850,991984015,3153086047,1303357135,4456443182
1785633344.826046368,991984015,3153086047,1303359419,4456445466
1785633345.849980842,991984015,3153086047,1303366206,4456452253
1785633346.874185508,991984015,3153086047,1303368017,4456454064
1785633347.898984152,991984015,3153086047,1303371540,4456457587
1785633348.922976521,991984015,3153086047,1303377884,4456463931
1785633349.946833250,991984015,3153086047,1303381641,4456467688
1785633350.968890951,991984015,3153086047,1303385847,4456471894
1785633351.990552523,991984015,3153086047,1303391556,4456477603
1785633353.013690682,991984015,3153086047,1303393355,4456479402
1785633354.035776502,991984015,3153086047,1303398415,4456484462
1785633355.060571012,991984015,3153086047,1303403212,4456489259
1785633356.083353013,991984015,3153086047,1303405300,4456491347
1785633357.103443190,991984015,3153086047,1303410983,4456497030
1785633358.123010249,991984015,3153086047,1303414737,4456500784
1785633359.147168045,991984015,3153086047,1303416670,4456502717
1785633360.168825228,991984015,3153086047,1303424195,4456510242
1785633361.192179837,991984015,3153086047,1303427292,4456513339
1785633362.216844875,991984015,3153086047,1303428919,4456514966
1785633363.238557469,991984015,3153086047,1303435681,4456521728
1785633364.261723865,991984015,3153086047,1303437405,4456523452
1785633365.282643869,991984015,3153086047,1303439218,4456525265
1785633366.305065667,991984015,3153086047,1303446954,4456533001
1785633367.329272306,991984015,3153086047,1303448957,4456535004
1785633368.350315503,991984015,3153086047,1303450949,4456536996
1785633369.370118153,991984015,3153086047,1303458660,4456544707
1785633370.393415990,991984015,3153086047,1303462395,4456548442
1785633371.416366916,991984015,3153086047,1303465106,4456551153
1785633372.440376839,991984015,3153086047,1303471506,4456557553
1785633373.464070933,991984015,3153086047,1303473440,4456559487
1785633374.486719391,991984015,3153086047,1303478053,4456564100
1785633375.510126325,991984015,3153086047,1303483879,4456569926
1785633376.533718957,991984015,3153086047,1303485677,4456571724
1785633377.557687257,991984015,3153086047,1303490120,4456576167
1785633378.578112166,991984015,3153086047,1303495137,4456581184
1785633379.595863552,991984015,3153086047,1303496973,4456583020
1785633380.618220469,991984015,3153086047,1303504551,4456590598
1785633381.642270439,991984015,3153086047,1303508019,4456594066
1785633382.665901221,991984015,3153086047,1303510006,4456596053
1785633383.692568359,991984015,3153086047,1303515970,4456602017
1785633384.717042152,991984015,3153086047,1303519678,4456605725
1785633385.741459148,991984015,3153086047,1303521423,4456607470
1785633386.764431566,991984015,3153086047,1303528212,4456614259
1785633387.788503946,991984015,3153086047,1303530902,4456616949
1785633388.813413570,991984015,3153086047,1303532814,4456618861
1785633389.836804257,991984015,3153086047,1303539826,4456625873
1785633390.860364184,991984015,3153086047,1303543464,4456629511
1785633391.883227881,991984015,3153086047,1303545271,4456631318
1785633392.906831676,991984015,3153086047,1303552816,4456638863
1785633393.930400416,991984015,3153086047,1303554570,4456640617
1785633394.952912072,991984015,3153086047,1303556653,4456642700
1785633395.976140794,991984015,3153086047,1303563958,4456650005
1785633396.998059901,991984015,3153086047,1303566089,4456652136
1785633398.020457907,991984015,3153086047,1303570195,4456656242
1785633399.044193125,991984015,3153086047,1303575801,4456661848
1785633400.067455624,991984015,3153086047,1303577696,4456663743
1785633401.091230808,991984015,3153086047,1303581711,4456667758
1785633402.114716861,991984015,3153086047,1303590584,4456676631
1785633403.138647004,991984015,3153086047,1303592462,4456678509
1785633404.162273712,991984015,3153086047,1303598154,4456684201
1785633405.185966465,991984015,3153086047,1303602243,4456688290
1785633406.210250460,991984015,3153086047,1303604224,4456690271
1785633407.233017104,991984015,3153086047,1303608420,4456694467
1785633408.255813501,991984015,3153086047,1303614023,4456700070
1785633409.280181968,991984015,3153086047,1303615934,4456701981
1785633410.303715216,991984015,3153086047,1303622356,4456708403
1785633411.327776113,991984015,3153086047,1303625701,4456711748
1785633412.350652624,991984015,3153086047,1303629966,4456716013
1785633413.371695597,991984015,3153086047,1303635820,4456721867
1785633414.391972505,991984015,3153086047,1303639696,4456725743
1785633415.416685006,991984015,3153086047,1303641672,4456727719
1785633416.440907899,991984015,3153086047,1303649396,4456735443
1785633417.464891729,991984015,3153086047,1303651418,4456737465
1785633418.487975021,991984015,3153086047,1303653227,4456739274
1785633419.511966405,991984015,3153086047,1303660464,4456746511
1785633420.535263451,991984015,3153086047,1303662925,4456748972
1785633421.553834860,991984015,3153086047,1303666194,4456752241
1785633422.576910986,991984015,3153086047,1303674507,4456760554
1785633423.601366294,991984015,3153086047,1303676275,4456762322
1785633424.625208385,991984015,3153086047,1303678463,4456764510
1785633425.649478026,991984015,3153086047,1303686051,4456772098
1785633426.673562283,991984015,3153086047,1303687967,4456774014
1785633427.696004882,991984015,3153086047,1303692920,4456778967
1785633428.719935002,991984015,3153086047,1303697634,4456783681
1785633429.744070266,991984015,3153086047,1303699412,4456785459
1785633430.766879034,991984015,3153086047,1303703513,4456789560
1785633431.790184453,991984015,3153086047,1303709343,4456795390
1785633432.813527287,991984015,3153086047,1303713512,4456799559
1785633433.836494753,991984015,3153086047,1303720141,4456806188
1785633434.861160606,991984015,3153086047,1303722914,4456808961
1785633435.884474788,991984015,3153086047,1303725023,4456811070
1785633436.908040673,991984015,3153086047,1303730807,4456816854
1785633437.931054244,991984015,3153086047,1303734846,4456820893
1785633438.952654927,991984015,3153086047,1303736701,4456822748
1785633439.972557103,991984015,3153086047,1303744507,4456830554
1785633440.992376692,991984015,3153086047,1303746473,4456832520
1785633442.012068525,991984015,3153086047,1303748439,4456834486
1785633443.031409108,991984015,3153086047,1303756990,4456843037
1785633444.054500154,991984015,3153086047,1303759945,4456845992
1785633445.078047754,991984015,3153086047,1303763155,4456849202
1785633446.101775392,991984015,3153086047,1303769605,4456855652
1785633447.125397036,991984015,3153086047,1303771667,4456857714
1785633448.148189751,991984015,3153086047,1303773612,4456859659
1785633449.172959796,991984015,3153086047,1303781592,4456867639
1785633450.196330463,991984015,3153086047,1303783499,4456869546
1785633451.219925994,991984015,3153086047,1303787783,4456873830
1785633452.242498185,991984015,3153086047,1303793058,4456879105
1785633453.264301355,991984015,3153086047,1303797113,4456883160
1785633454.287411808,991984015,3153086047,1303800060,4456886107
1785633455.310559482,991984015,3153086047,1303805959,4456892006
1785633456.334179315,991984015,3153086047,1303807765,4456893812
1785633457.358049619,991984015,3153086047,1303813121,4456899168
1785633458.381590276,991984015,3153086047,1303816343,4456902390
1785633459.402242697,991984015,3153086047,1303817972,4456904019
1785633460.425040489,991984015,3153086047,1303821952,4456907999
1785633461.448672506,991984015,3153086047,1303826378,4456912425
1785633462.471188736,991984015,3153086047,1303828191,4456914238
1785633463.492857020,991984015,3153086047,1303836333,4456922380
1785633464.516745981,991984015,3153086047,1303840150,4456926197
1785633465.541195069,991984015,3153086047,1303842180,4456928227
1785633466.566666782,991984015,3153086047,1303847667,4456933714
1785633467.590299407,991984015,3153086047,1303850722,4456936769
1785633468.614014783,991984015,3153086047,1303852442,4456938489
1785633469.635927466,991984015,3153086047,1303859210,4456945257
1785633470.658466968,991984015,3153086047,1303861001,4456947048
1785633471.682106330,991984015,3153086047,1303862575,4456948622
1785633472.704383052,991984015,3153086047,1303869799,4456955846
1785633473.726798547,991984015,3153086047,1303873340,4456959387
1785633474.750174124,991984015,3153086047,1303875230,4456961277
1785633475.772892018,991984015,3153086047,1303882595,4456968642
1785633476.795096667,991984015,3153086047,1303884497,4456970544
1785633477.818162008,991984015,3153086047,1303887557,4456973604
1785633478.841472964,991984015,3153086047,1303893858,4456979905
1785633479.864052628,991984015,3153086047,1303895916,4456981963
1785633480.884098409,991984015,3153086047,1303899968,4456986015
1785633481.906231206,991984015,3153086047,1303905739,4456991786
1785633482.928895998,991984015,3153086047,1303907945,4456993992
1785633483.951410921,991984015,3153086047,1303914006,4457000053
1785633484.974330831,991984015,3153086047,1303919269,4457005316
1785633485.997556427,991984015,3153086047,1303921334,4457007381
1785633487.020129209,991984015,3153086047,1303927201,4457013248
1785633488.043538775,991984015,3153086047,1303931264,4457017311
1785633489.067476903,991984015,3153086047,1303933251,4457019298
1785633490.090828916,991984015,3153086047,1303939891,4457025938
1785633491.114122389,991984015,3153086047,1303943551,4457029598
1785633492.134318252,991984015,3153086047,1303945507,4457031554
1785633493.155338121,991984015,3153086047,1303953522,4457039569
1785633494.179370966,991984015,3153086047,1303957542,4457043589
1785633495.203275123,991984015,3153086047,1303959736,4457045783
1785633496.224126159,991984015,3153086047,1303968018,4457054065
1785633497.247723730,991984015,3153086047,1303970082,4457056129
1785633498.271069279,991984015,3153086047,1303972468,4457058515
1785633499.294788830,991984015,3153086047,1303980267,4457066314
1785633500.318751810,991984015,3153086047,1303982306,4457068353
1785633501.341522103,991984015,3153086047,1303985421,4457071468
1785633502.365864249,991984015,3153086047,1303992575,4457078622
1785633503.389300089,991984015,3153086047,1303994517,4457080564
1785633504.410501067,991984015,3153086047,1303999559,4457085606
1785633505.433946175,991984015,3153086047,1304005502,4457091549
1785633506.457141635,991984015,3153086047,1304007431,4457093478
1785633507.480965215,991984015,3153086047,1304011677,4457097724
1785633508.504697787,991984015,3153086047,1304017568,4457103615
1785633509.529224388,991984015,3153086047,1304019630,4457105677
1785633510.551916138,991984015,3153086047,1304025502,4457111549
1785633511.576472709,991984015,3153086047,1304029424,4457115471
1785633512.600684188,991984015,3153086047,1304031597,4457117644
1785633513.624446589,991984015,3153086047,1304037918,4457123965
1785633514.647691419,991984015,3153086047,1304043524,4457129571
1785633515.672464894,991984015,3153086047,1304045892,4457131939
1785633516.696087376,991984015,3153086047,1304053334,4457139381
1785633517.719518305,991984015,3153086047,1304055643,4457141690
1785633518.743366391,991984015,3153086047,1304057840,4457143887
1785633519.766243554,991984015,3153086047,1304065723,4457151770
1785633520.789899143,991984015,3153086047,1304067770,4457153817
1785633521.811786132,991984015,3153086047,1304069703,4457155750
1785633522.833896335,991984015,3153086047,1304077170,4457163217
1785633523.857870442,991984015,3153086047,1304079372,4457165419
1785633524.880662563,991984015,3153086047,1304082462,4457168509
1785633525.904124277,991984015,3153086047,1304092050,4457178097
1785633526.927827180,991984015,3153086047,1304093818,4457179865
1785633527.950018289,991984015,3153086047,1304097819,4457183866
1785633528.973825012,991984015,3153086047,1304103952,4457189999
1785633529.997061065,991984015,3153086047,1304106094,4457192141
1785633531.019424074,991984015,3153086047,1304108185,4457194232
1785633532.042904649,991984015,3153086047,1304115508,4457201555
1785633533.066723849,991984015,3153086047,1304117461,4457203508
1785633534.086999812,991984015,3153086047,1304123281,4457209328
1785633535.106355418,991984015,3153086047,1304127054,4457213101
1785633536.129805116,991984015,3153086047,1304131121,4457217168
1785633537.152208878,991984015,3153086047,1304134800,4457220847
1785633538.176068207,991984015,3153086047,1304140464,4457226511
1785633539.199887760,991984015,3153086047,1304142479,4457228526
1785633540.222700398,991984015,3153086047,1304149774,4457235821
1785633541.246219096,991984015,3153086047,1304152476,4457238523
1785633542.268757937,991984015,3153086047,1304154298,4457240345
1785633543.292378702,991984015,3153086047,1304160182,4457246229
1785633544.316250740,991984015,3153086047,1304164328,4457250375
1785633545.339921843,991984015,3153086047,1304166575,4457252622
1785633546.365534144,991984015,3153086047,1304175877,4457261924
1785633547.389702186,991984015,3153086047,1304177686,4457263733
1785633548.413032164,991984015,3153086047,1304179584,4457265631
1785633549.435907321,991984015,3153086047,1304187448,4457273495
1785633550.459683840,991984015,3153086047,1304189236,4457275283
1785633551.482222807,991984015,3153086047,1304193198,4457279245
1785633552.506686273,991984015,3153086047,1304198899,4457284946
1785633553.529243902,991984015,3153086047,1304200998,4457287045
1785633554.554130520,991984015,3153086047,1304205687,4457291734
1785633555.578258313,991984015,3153086047,1304213128,4457299175
1785633556.602472884,991984015,3153086047,1304217187,4457303234
1785633557.625664185,991984015,3153086047,1304222070,4457308117
1785633558.651096682,991984015,3153086047,1304226733,4457312780
1785633559.675185516,991984015,3153086047,1304228839,4457314886
1785633560.698819293,991984015,3153086047,1304233041,4457319088
1785633561.723790489,991984015,3153086047,1304238910,4457324957
1785633562.746175794,991984015,3153086047,1304240791,4457326838
1785633563.765324343,991984015,3153086047,1304247446,4457333493
1785633564.789346284,991984015,3153086047,1304251063,4457337110
1785633565.813191405,991984015,3153086047,1304252742,4457338789
1785633566.835276890,991984015,3153086047,1304259712,4457345759
1785633567.856404282,991984015,3153086047,1304267797,4457353844
1785633568.875709962,991984015,3153086047,1304269560,4457355607
1785633569.900066472,991984015,3153086047,1304276905,4457362952
1785633570.926804219,991984015,3153086047,1304278849,4457364896
1785633571.950991078,991984015,3153086047,1304281058,4457367105
1785633572.974782430,991984015,3153086047,1304289234,4457375281
1785633573.996970120,991984015,3153086047,1304291184,4457377231
1785633575.019853262,991984015,3153086047,1304294986,4457381033
1785633576.042883974,991984015,3153086047,1304301464,4457387511
1785633577.067459945,991984015,3153086047,1304305660,4457391707
1785633578.092226269,991984015,3153086047,1304307977,4457394024
1785633579.114388998,991984015,3153086047,1304315360,4457401407
1785633580.138277488,991984015,3153086047,1304317544,4457403591
1785633581.160507282,991984015,3153086047,1304322477,4457408524
1785633582.185090282,991984015,3153086047,1304327635,4457413682
1785633583.207930870,991984015,3153086047,1304329654,4457415701
1785633584.228449244,991984015,3153086047,1304333792,4457419839
1785633585.251134585,991984015,3153086047,1304339916,4457425963
1785633586.275140905,991984015,3153086047,1304341707,4457427754
1785633587.296165713,991984015,3153086047,1304348523,4457434570
1785633588.319494211,991984015,3153086047,1304354211,4457440258
1785633589.342730051,991984015,3153086047,1304356180,4457442227
1785633590.363988489,991984015,3153086047,1304362175,4457448222
1785633591.387703637,991984015,3153086047,1304365937,4457451984
1785633592.411921442,991984015,3153086047,1304367969,4457454016
1785633593.435405112,991984015,3153086047,1304374266,4457460313
1785633594.456390121,991984015,3153086047,1304378022,4457464069
1785633595.481767841,991984015,3153086047,1304380154,4457466201
1785633596.503929637,991984015,3153086047,1304387581,4457473628
1785633597.527761438,991984015,3153086047,1304390402,4457476449
1785633598.554064271,991984015,3153086047,1304393911,4457479958
1785633599.578099454,991984015,3153086047,1304401499,4457487546
1785633600.601754122,991984015,3153086047,1304403510,4457489557
1785633601.625763570,991984015,3153086047,1304405612,4457491659
1785633602.649430000,991984015,3153086047,1304413194,4457499241
1785633603.673743951,991984015,3153086047,1304415342,4457501389
1785633604.696850415,991984015,3153086047,1304418230,4457504277
1785633605.720454394,991984015,3153086047,1304424995,4457511042
1785633606.744351101,991984015,3153086047,1304426851,4457512898
1785633607.765546755,991984015,3153086047,1304430851,4457516898
1785633608.789405940,991984015,3153086047,1304438080,4457524127
1785633609.813040627,991984015,3153086047,1304440148,4457526195
1785633610.837509694,991984015,3153086047,1304444539,4457530586
1785633611.862208746,991984015,3153086047,1304449890,4457535937
1785633612.885727719,991984015,3153086047,1304451727,4457537774
1785633613.908169111,991984015,3153086047,1304457489,4457543536
1785633614.932103685,991984015,3153086047,1304461024,4457547071
1785633615.955564402,991984015,3153086047,1304462533,4457548580
1785633616.978000120,991984015,3153086047,1304468165,4457554212
1785633618.000835576,991984015,3153086047,1304471933,4457557980
1785633619.024434875,991984015,3153086047,1304475720,4457561767
1785633620.047032820,991984015,3153086047,1304483284,4457569331
1785633621.071397955,991984015,3153086047,1304485392,4457571439
1785633622.094159341,991984015,3153086047,1304487063,4457573110
1785633623.118319463,991984015,3153086047,1304494738,4457580785
1785633624.142015116,991984015,3153086047,1304496457,4457582504
1785633625.163853816,991984015,3153086047,1304498793,4457584840
1785633626.187510889,991984015,3153086047,1304506647,4457592694
1785633627.212265074,991984015,3153086047,1304508390,4457594437
1785633628.235101096,991984015,3153086047,1304511149,4457597196
1785633629.260197163,991984015,3153086047,1304519965,4457606012
1785633630.283804569,991984015,3153086047,1304521933,4457607980
1785633631.307449709,991984015,3153086047,1304526145,4457612192
1785633632.331696682,991984015,3153086047,1304531893,4457617940
1785633633.354499602,991984015,3153086047,1304533884,4457619931
1785633634.378499388,991984015,3153086047,1304538284,4457624331
1785633635.401938261,991984015,3153086047,1304544122,4457630169
1785633636.425896461,991984015,3153086047,1304546246,4457632293
1785633637.443906829,991984015,3153086047,1304552060,4457638107
1785633638.468473830,991984015,3153086047,1304556041,4457642088
1785633639.493225353,991984015,3153086047,1304559645,4457645692
1785633640.515112662,991984015,3153086047,1304565701,4457651748
1785633641.535142136,991984015,3153086047,1304569539,4457655586
1785633642.558817648,991984015,3153086047,1304571447,4457657494
1785633643.582086504,991984015,3153086047,1304579126,4457665173
1785633644.601893273,991984015,3153086047,1304581512,4457667559
1785633645.625816983,991984015,3153086047,1304583500,4457669547
1785633646.649776472,991984015,3153086047,1304591365,4457677412
1785633647.674376607,991984015,3153086047,1304593262,4457679309
1785633648.697583272,991984015,3153086047,1304595696,4457681743
1785633649.720237885,991984015,3153086047,1304605440,4457691487
1785633650.745480680,991984015,3153086047,1304608238,4457694285
1785633651.769892789,991984015,3153086047,1304610946,4457696993
1785633652.794448370,991984015,3153086047,1304618540,4457704587
1785633653.819110087,991984015,3153086047,1304620410,4457706457
1785633654.843915440,991984015,3153086047,1304622357,4457708404
1785633655.869071396,991984015,3153086047,1304630017,4457716064
1785633656.893163712,991984015,3153086047,1304632101,4457718148
1785633657.914309087,991984015,3153086047,1304635888,4457721935
1785633658.937819937,991984015,3153086047,1304641339,4457727386
1785633659.962037478,991984015,3153086047,1304645264,4457731311
1785633660.984482501,991984015,3153086047,1304649002,4457735049
1785633662.007446611,991984015,3153086047,1304654916,4457740963
1785633663.035264191,991984015,3153086047,1304656815,4457742862
1785633664.058153322,991984015,3153086047,1304663075,4457749122
1785633665.081781443,991984015,3153086047,1304666602,4457752649
1785633666.102954301,991984015,3153086047,1304668545,4457754592
1785633667.125972661,991984015,3153086047,1304673823,4457759870
1785633668.150468919,991984015,3153086047,1304678379,4457764426
1785633669.175145277,991984015,3153086047,1304680690,4457766737
1785633670.197686673,991984015,3153086047,1304690166,4457776213
1785633671.221693278,991984015,3153086047,1304692012,4457778059
1785633672.245525669,991984015,3153086047,1304694021,4457780068
1785633673.267979157,991984015,3153086047,1304700964,4457787011
1785633674.291946310,991984015,3153086047,1304703975,4457790022
1785633675.315548787,991984015,3153086047,1304706207,4457792254
1785633676.340293812,991984015,3153086047,1304712885,4457798932
1785633677.365127146,991984015,3153086047,1304714691,4457800738
1785633678.389321059,991984015,3153086047,1304716482,4457802529
1785633679.411677378,991984015,3153086047,1304723549,4457809596
1785633680.435795512,991984015,3153086047,1304727230,4457813277
1785633681.459934354,991984015,3153086047,1304730702,4457816749
1785633682.483645764,991984015,3153086047,1304736095,4457822142
1785633683.507262938,991984015,3153086047,1304737929,4457823976
1785633684.531066851,991984015,3153086047,1304741344,4457827391
1785633685.557002146,991984015,3153086049,1304748601,4457834650
1785633686.580191792,991984015,3153086051,1304750578,4457836629
1785633687.601998818,991984015,3153086051,1304756388,4457842439
1785633688.624172873,991984015,3153086051,1304760126,4457846177
1785633689.648764180,991984015,3153086051,1304762226,4457848277
1785633690.672090733,991984015,3153086055,1304769954,4457856009
1785633691.695677828,991984015,3153086055,1304774018,4457860073
1785633692.718315059,991984015,3153086055,1304776366,4457862421
1785633693.740195763,991984015,3153086055,1304784067,4457870122
1785633694.764709344,991984015,3153086055,1304786206,4457872261
1785633695.788870012,991984015,3153086055,1304788240,4457874295
1785633696.812093285,991984015,3153086055,1304795289,4457881344
1785633697.836125042,991984015,3153086055,1304798398,4457884453
1785633698.858364196,991984015,3153086055,1304800351,4457886406
1785633699.880695897,991984015,3153086055,1304807693,4457893748
1785633700.904349960,991984015,3153086055,1304811043,4457897098
1785633701.928553643,991984015,3153086055,1304813600,4457899655
1785633702.949371415,991984015,3153086055,1304821191,4457907246
1785633703.970404898,991984015,3153086055,1304823217,4457909272
1785633704.992052950,991984015,3153086055,1304827277,4457913332
1785633706.015400201,991984015,3153086055,1304833171,4457919226
1785633707.036997462,991984015,3153086055,1304835279,4457921334
1785633708.055535829,991984015,3153086055,1304839436,4457925491
1785633709.078033520,991984015,3153086055,1304845411,4457931466
1785633710.101476920,991984015,3153086055,1304847499,4457933554
1785633711.124291773,991984015,3153086055,1304852593,4457938648
1785633712.147437672,991984015,3153086055,1304859860,4457945915
1785633713.172327140,991984015,3153086055,1304861928,4457947983
1785633714.194124519,991984015,3153086055,1304867081,4457953136
1785633715.218439478,991984015,3153086055,1304871703,4457957758
1785633716.242799733,991984015,3153086055,1304873363,4457959418
1785633717.264952030,991984015,3153086055,1304878730,4457964785
1785633718.288755616,991984015,3153086055,1304883294,4457969349
1785633719.313931671,991984015,3153086055,1304885457,4457971512
1785633720.337562533,991984015,3153086055,1304892125,4457978180
1785633721.363797536,991984015,3153086055,1304895420,4457981475
1785633722.387728965,991984015,3153086055,1304899190,4457985245
1785633723.410487060,991984015,3153086055,1304906195,4457992250
1785633724.432910209,991984015,3153086055,1304908879,4457994934
1785633725.457025399,991984015,3153086055,1304910950,4457997005
1785633726.483528665,991984015,3153086055,1304918959,4458005014
1785633727.506939392,991984015,3153086055,1304921047,4458007102
1785633728.528745646,991984015,3153086055,1304923324,4458009379
1785633729.553268290,991984015,3153086055,1304931282,4458017337
1785633730.577707775,991984015,3153086055,1304933434,4458019489
1785633731.599706574,991984015,3153086055,1304936821,4458022876
1785633732.623892327,991984015,3153086055,1304944914,4458030969
1785633733.647585567,991984015,3153086055,1304946822,4458032877
1785633734.670800346,991984015,3153086055,1304950391,4458036446
1785633735.695562258,991984015,3153086055,1304956098,4458042153
1785633736.722021809,991984015,3153086055,1304958293,4458044348
1785633737.746698639,991984015,3153086055,1304963030,4458049085
1785633738.769810575,991984015,3153086055,1304969702,4458055757
1785633739.793690445,991984015,3153086055,1304971354,4458057409
1785633740.816133894,991984015,3153086055,1304976388,4458062443
1785633741.838539284,991984015,3153086055,1304980935,4458066990
1785633742.860679303,991984015,3153086055,1304984802,4458070857
1785633743.884075127,991984015,3153086055,1304989208,4458075263
1785633744.907147984,991984015,3153086055,1304994603,4458080658
1785633745.930166057,991984015,3153086055,1304996415,4458082470
1785633746.952243745,991984015,3153086055,1305003019,4458089074
1785633747.974053389,991984015,3153086055,1305006354,4458092409
1785633748.996015885,991984015,3153086055,1305008487,4458094542
1785633750.018384269,991984015,3153086055,1305014315,4458100370
1785633751.039726535,991984015,3153086055,1305018127,4458104182
1785633752.060486634,991984015,3153086055,1305020231,4458106286
1785633753.082557981,991984015,3153086055,1305030064,4458116119
1785633754.100846042,991984015,3153086055,1305031973,4458118028
1785633755.122974031,991984015,3153086055,1305034071,4458120126
1785633756.144556398,991984015,3153086055,1305041673,4458127728
1785633757.166738114,991984015,3153086055,1305043828,4458129883
1785633758.189526919,991984015,3153086055,1305046757,4458132812
1785633759.212759070,991984015,3153086055,1305053715,4458139770
1785633760.236069682,991984015,3153086055,1305055828,4458141883
1785633761.259409567,991984015,3153086055,1305058168,4458144223
1785633762.283023657,991984015,3153086055,1305066032,4458152087
1785633763.306089218,991984015,3153086055,1305070069,4458156124
1785633764.329258064,991984015,3153086055,1305074216,4458160271
1785633765.353185337,991984015,3153086055,1305080142,4458166197
1785633766.376278865,991984015,3153086055,1305082207,4458168262
1785633767.399135709,991984015,3153086055,1305086106,4458172161
1785633768.421859769,991984015,3153086055,1305091952,4458178007
1785633769.445115486,991984015,3153086055,1305093857,4458179912
1785633770.467939484,991984015,3153086055,1305099780,4458185835
1785633771.491445224,991984015,3153086055,1305103958,4458190013
1785633772.514938584,991984015,3153086055,1305106152,4458192207
1785633773.537803387,991984015,3153086055,1305113477,4458199532
1785633774.561766649,991984015,3153086055,1305119611,4458205666
1785633775.585117980,991984015,3153086055,1305121701,4458207756
1785633776.608814517,991984015,3153086055,1305129617,4458215672
1785633777.632154716,991984015,3153086055,1305131760,4458217815
1785633778.655651719,991984015,3153086055,1305133853,4458219908
1785633779.679116136,991984015,3153086055,1305139504,4458225559
1785633780.702192855,991984015,3153086055,1305144168,4458230223
1785633781.725271846,991984015,3153086055,1305146934,4458232989
1785633782.746542248,991984015,3153086055,1305154361,4458240416
1785633783.769205109,991984015,3153086055,1305158073,4458244128
1785633784.793346451,991984015,3153086055,1305160197,4458246252
1785633785.816673989,991984015,3153086055,1305167124,4458253179
1785633786.840708405,991984015,3153086055,1305169887,4458255942
1785633787.861881934,991984015,3153086055,1305173881,4458259936
1785633788.880750874,991984015,3153086055,1305179495,4458265550
1785633789.904770917,991984015,3153086055,1305181316,4458267371
1785633790.927860109,991984015,3153086055,1305183599,4458269654
1785633791.951710842,991984015,3153086055,1305191586,4458277641
1785633792.975396826,991984015,3153086055,1305193436,4458279491
1785633793.998275565,991984015,3153086055,1305199937,4458285992
1785633795.022482388,991984015,3153086055,1305203152,4458289207
1785633796.044754523,991984015,3153086055,1305205114,4458291169
1785633797.065673944,991984015,3153086055,1305209015,4458295070
1785633798.088147477,991984015,3153086055,1305215043,4458301098
1785633799.111451919,991984015,3153086055,1305217173,4458303228
1785633800.133811787,991984015,3153086055,1305224826,4458310881
1785633801.158408807,991984015,3153086055,1305226936,4458312991
1785633802.182389609,991984015,3153086055,1305228847,4458314902
1785633803.205524418,991984015,3153086055,1305233517,4458319572
1785633804.228539875,991984015,3153086055,1305240334,4458326389
1785633805.252272539,991984015,3153086055,1305242952,4458329007
1785633806.276942570,991984015,3153086055,1305250483,4458336538
1785633807.298232330,991984015,3153086055,1305253351,4458339406
1785633808.317995414,991984015,3153086055,1305255390,4458341445
1785633809.341457685,991984015,3153086055,1305261749,4458347804
1785633810.365833667,991984015,3153086055,1305265423,4458351478
1785633811.389085639,991984015,3153086055,1305269608,4458355663
1785633812.412658370,991984015,3153086055,1305275294,4458361349
1785633813.436522319,991984015,3153086055,1305277349,4458363404
1785633814.459251981,991984015,3153086055,1305280698,4458366753
1785633815.482720611,991984015,3153086055,1305289655,4458375710
1785633816.506525035,991984015,3153086055,1305291781,4458377836
1785633817.528906129,991984015,3153086055,1305297810,4458383865
1785633818.552882156,991984015,3153086055,1305301840,4458387895
1785633819.577109442,991984015,3153086055,1305303996,4458390051
1785633820.600462659,991984015,3153086055,1305307744,4458393799
1785633821.624821969,991984015,3153086055,1305314388,4458400443
1785633822.648377998,991984015,3153086055,1305316346,4458402401
1785633823.671446244,991984018,3153086062,1305323823,4458409885
1785633824.695195862,991984018,3153086073,1305326591,4458412664
1785633825.723701294,1001688801,3153246874,1305357198,4458604072
1785633826.747770619,1014028443,3153446252,1305391639,4458837891
1785633827.770367431,1026242274,3153645187,1305426464,4459071651
1785633828.794147437,1038633190,3153847151,1305460684,4459307835
1785633829.818967787,1050670095,3154044585,1305496026,4459540611
1785633830.845324853,1063055537,3154247151,1305530336,4459777487
1785633831.867701466,1075367604,3154448541,1305564273,4460012814
1785633832.889973271,1087362249,3154644263,1305599045,4460243308
1785633833.916442692,1099553256,3154844338,1305633620,4460477958
1785633834.942309054,1111793383,3155044551,1305667687,4460712238
1785633835.961905214,1123285242,3155233996,1305703383,4460937379
1785633836.986488395,1135617906,3155435290,1305737427,4461172717
1785633838.016657137,1148023583,3155639080,1305771819,4461410899
1785633839.040222236,1159983730,3155834490,1305806889,4461641379
1785633840.071458989,1172376204,3156037110,1305841497,4461878607
1785633841.091732139,1184702907,3156237359,1305875294,4462112653
1785633842.115681590,1196644068,3156432741,1305910833,4462343574
1785633843.137689963,1208970501,3156633547,1305944591,4462578138
1785633844.167183361,1221430350,3156836420,1305978570,4462814990
1785633845.192035464,1233482350,3157034195,1306013827,4463048022
1785633846.219336124,1245762920,3157235260,1306047986,4463283246
1785633847.247057906,1257966270,3157434469,1306082104,4463516573
1785633848.269801646,1269963802,3157631096,1306116988,4463748084
1785633849.293176693,1282245879,3157833461,1306151087,4463984548
1785633850.321705563,1294471229,3158033699,1306185602,4464219301
1785633851.347989687,1306571053,3158230828,1306220349,4464451177
1785633852.369727370,1318929581,3158432683,1306254287,4464686970
1785633853.395443760,1331039261,3158631531,1306288749,4464920280
1785633854.421891096,1343226847,3158831034,1306323561,4465154595
1785633855.445838504,1348865746,3158928136,1306342136,4465270272
1785633856.468748082,1348872804,3158941803,1306352498,4465294301
1785633857.494542952,1348878226,3158952338,1306360901,4465313239
1785633858.517344895,1348883574,3158962665,1306366100,4465328765
1785633859.540293878,1348888374,3158972286,1306375629,4465347915
1785633860.563860416,1348893725,3158982810,1306383162,4465365972
1785633861.587641956,1348898804,3158992542,1306388239,4465380781
1785633862.610206446,1348905168,3159005178,1306397584,4465402762
1785633863.633901774,1348912034,3159018422,1306404599,4465423021
1785633864.657778072,1348919239,3159031665,1306410149,4465441814
1785633865.681824613,1348921190,3159035462,1306418551,4465454013
1785633866.705317152,1348928646,3159050324,1306427216,4465477540
1785633867.729469560,1348936732,3159065761,1306434257,4465500018
1785633868.751575392,1348943362,3159078759,1306445549,4465524308
1785633869.774988616,1348950089,3159091898,1306451365,4465543263
1785633870.794675191,1348956489,3159104231,1306456818,4465561049
1785633871.815684491,1348962789,3159116805,1306468549,4465585354
1785633872.839992075,1348968291,3159127136,1306474000,4465601136
1785633873.862977992,1348974986,3159139220,1306480588,4465619808
1785633874.886350769,1348979739,3159148456,1306489435,4465637891
1785633875.909513529,1348983966,3159156667,1306493397,4465650064
1785633876.933068085,1348983966,3159156667,1306499302,4465655969
1785633877.953777436,1348983966,3159156667,1306504844,4465661511
1785633878.974307075,1348983966,3159156667,1306506728,4465663395
1785633879.997911002,1348983966,3159156667,1306511981,4465668648
1785633881.019477705,1348983966,3159156667,1306516868,4465673535
1785633882.035983717,1348983966,3159156667,1306519081,4465675748
1785633883.057258340,1348983966,3159156667,1306525109,4465681776
1785633884.081508221,1348983966,3159156667,1306529315,4465685982
1785633885.102830963,1348983966,3159156667,1306531347,4465688014
1785633886.122089243,1348983966,3159156667,1306537603,4465694270
1785633887.143721066,1348983966,3159156667,1306543294,4465699961
1785633888.165891818,1348983966,3159156667,1306545440,4465702107
1785633889.186883227,1348983966,3159156667,1306552665,4465709332
1785633890.208998704,1348983966,3159156667,1306554985,4465711652
1785633891.230282329,1348983966,3159156667,1306557159,4465713826
1785633892.253265977,1348983966,3159156667,1306565220,4465721887
1785633893.276314010,1348983966,3159156667,1306567230,4465723897
1785633894.299433729,1348983966,3159156667,1306569337,4465726004
1785633895.322744595,1348983966,3159156667,1306576944,4465733611
1785633896.346540808,1348983966,3159156667,1306579049,4465735716
1785633897.369432921,1348983966,3159156667,1306583079,4465739746
1785633898.392813206,1348983966,3159156667,1306592049,4465748716
1785633899.414282028,1348983966,3159156667,1306594287,4465750954
1785633900.434295432,1348983966,3159156667,1306598520,4465755187
1785633901.457876265,1348983966,3159156667,1306604756,4465761423
1785633902.481513232,1348983966,3159156667,1306606892,4465763559
1785633903.505792799,1348983966,3159156667,1306609868,4465766535
1785633904.529812206,1348983966,3159156667,1306616639,4465773306
1785633905.553034908,1348983966,3159156667,1306618747,4465775414
1785633906.577502473,1348983966,3159156667,1306623859,4465780526
1785633907.601800325,1348983966,3159156667,1306628229,4465784896
1785633908.624357629,1348983966,3159156667,1306632533,4465789200
