ts,cmd_get,cmd_set,get_hits,get_misses,rcount,ravg,rp99,wcount,wavg,wp99,badcrc,err5,cpu_total,cpu_idle,re2ec,re2ea,re2ep99,we2ec,we2ea,we2ep99,radmit,wadmit,wret,waitenq,yields
1785578669.667408509,95031920,10559159,86031541,9000379,86097081,26097,63600,10560103,16511,51900,21666,9000379,425585852,383615374,86042364,308534,817200,10561288,18180,64300,282450,1417,250,391374075,0
1785578670.689446325,104125189,11569532,95124625,9000564,95196779,26146,63900,11570463,16444,51000,23874,9000564,425588915,383615398,95136669,309475,823800,11571765,18032,62300,283343,1340,245,435659054,0
1785578671.716723567,113452805,12605930,104452167,9000638,104531966,26152,64200,12606924,16356,50100,26246,9000638,425591984,383615404,104465327,309702,820800,12608334,17870,60500,283565,1273,240,481217159,0
1785578672.739923587,122647028,13627510,113646368,9000660,113732889,26162,64500,13628509,16297,49500,28471,9000660,425595052,383615419,113658486,309790,815700,13629701,17752,59200,283638,1217,237,525524706,0
1785578673.763546572,131698203,14633199,122697543,9000660,122791955,26201,65000,14634282,16265,49100,30820,9000660,425598117,383615436,122711033,310736,825600,14635616,17672,58200,284545,1170,235,569994290,0
1785578674.791036544,140967238,15663083,131966578,9000660,132066587,26192,65200,15664103,16220,48800,33022,9000660,425601192,383615447,131978410,310672,818700,15665357,17582,57300,284491,1128,232,614751074,0
1785578675.814483445,150042953,16671502,141042293,9000660,141148235,26200,65400,16672392,16198,48600,35246,9000660,425604256,383615480,141053311,311007,819300,16673695,17522,56600,284815,1092,230,658697220,0
1785578676.836291575,159230528,17692345,150229868,9000660,150342630,26206,65500,17693307,16161,48400,37551,9000660,425607314,383615502,150242402,311040,817600,17694631,17450,55900,284839,1060,228,703189496,0
1785578677.861539169,168596174,18732976,159595514,9000660,159716019,26192,65600,18733975,16113,48100,39845,9000660,425610387,383615507,159608315,310641,809400,18735272,17370,55200,284452,1030,225,748146275,0
1785578678.883705045,177679215,19742200,168678555,9000660,168805593,26201,65800,19743163,16096,48100,42077,9000660,425613444,383615545,168690553,310843,809200,19744403,17325,54700,284645,1004,224,792002452,0
1785578679.904060474,186901294,20766876,177900634,9000660,178034534,26198,66100,20767853,16071,48300,44389,9000660,425616499,383615555,177913182,310796,804400,20769084,17276,54300,284598,981,222,836382548,0
1785578680.926302835,196259326,21806657,187258666,9000660,187399849,26184,66000,21807671,16036,48100,46660,9000660,425619556,383615557,187271688,310525,799800,21808995,17216,53800,284341,959,220,881464952,0
1785578681.946160636,205264205,22807199,196263545,9000660,196410521,26204,66100,22808182,16028,47900,48945,9000660,425622611,383615590,196275003,311087,806600,22809507,17189,53400,284886,941,218,925859593,0
1785578682.968118841,214549632,23838912,205548972,9000660,205703294,26198,66100,23839966,16003,47800,51195,9000660,425625671,383615594,205562901,311052,806200,23841343,17144,53000,284855,923,217,971012313,0
1785578683.990127893,223820709,24869031,214820049,9000660,214982570,26195,66200,24870173,15980,47700,53537,9000660,425628730,383615600,214833887,310960,803800,24871522,17104,52700,284765,906,216,1015764996,0
1785578685.015824582,232895756,25877367,223895096,9000660,224063658,26207,66300,25878365,15975,47600,55836,9000660,425631799,383615642,223907537,311090,802200,25879616,17084,52400,284883,892,215,1059321374,0
1785578686.041728471,242126276,26902983,233125616,9000660,233301205,26205,66300,26903986,15960,47500,58088,9000660,425634872,383615659,233137266,311008,799400,26905223,17054,52100,284804,878,214,1103644575,0
1785578687.069617562,251285644,27920692,242284984,9000660,242467844,26217,66400,27921621,15950,47400,60568,9000660,425637953,383615697,242296296,311578,808700,27922894,17031,51800,285361,865,214,1149529696,0
1785578688.088731175,260230927,28914608,251230267,9000660,251419709,26233,66400,28915457,15951,47200,62908,9000660,425641005,383615744,251239657,312060,814700,28916465,17019,51500,285823,853,213,1193615375,0
1785578689.110915890,269561714,29951364,260561054,9000660,260757047,26225,66300,29952234,15929,47000,65250,9000660,425644062,383615749,260571433,311755,809600,29953274,16985,51200,285527,842,212,1238176103,0
1785578690.126131218,270150925,30016827,261150265,9000660,261346468,26227,66300,30016827,15930,47000,65401,9000660,425647114,383618602,261150265,311752,809600,30016827,16985,51200,285515,842,212,1240906792,0
1785578691.144938592,270150925,30016827,261150265,9000660,261346468,26227,66300,30016827,15930,47000,65401,9000660,425650163,383621576,261150265,311752,809600,30016827,16985,51200,285515,842,212,1240906792,0
1785578692.168474797,270150925,30016827,261150265,9000660,261346468,26227,66300,30016827,15930,47000,65401,9000660,425653231,383624627,261150265,311752,809600,30016827,16985,51200,285515,842,212,1240906792,0
1785578693.195089313,270150925,30016827,261150265,9000660,261346468,26227,66300,30016827,15930,47000,65401,9000660,425656307,383627666,261150265,311752,809600,30016827,16985,51200,285515,842,212,1240906792,0
1785578694.217271094,270150925,30016827,261150265,9000660,261346468,26227,66300,30016827,15930,47000,65401,9000660,425659378,383630669,261150265,311752,809600,30016827,16985,51200,285515,842,212,1240906792,0
1785578695.240041297,270150925,30016827,261150265,9000660,261346468,26227,66300,30016827,15930,47000,65401,9000660,425662446,383633721,261150265,311752,809600,30016827,16985,51200,285515,842,212,1240906792,0
1785578696.261514563,270150925,30016827,261150265,9000660,261346468,26227,66300,30016827,15930,47000,65401,9000660,425665506,383636725,261150265,311752,809600,30016827,16985,51200,285515,842,212,1240906792,0
1785578697.283225297,270150925,30016827,261150265,9000660,261346468,26227,66300,30016827,15930,47000,65401,9000660,425668572,383639701,261150265,311752,809600,30016827,16985,51200,285515,842,212,1240906792,0
1785578698.302658148,270150925,30016827,261150265,9000660,261346468,26227,66300,30016827,15930,47000,65401,9000660,425671630,383642743,261150265,311752,809600,30016827,16985,51200,285515,842,212,1240906792,0
1785578699.324503173,270150925,30016827,261150265,9000660,261346468,26227,66300,30016827,15930,47000,65401,9000660,425674697,383645758,261150265,311752,809600,30016827,16985,51200,285515,842,212,1240906792,0
1785578700.343358769,271413209,30016827,262412549,9000660,262611162,26244,66500,30016827,15930,47000,65401,9000660,425677730,383648325,262426328,311026,809100,30016827,16985,51200,284775,842,212,1243489353,0
1785578701.361477678,281186892,30016827,272186232,9000660,272384525,26065,66300,30016827,15930,47000,65401,9000660,425680618,383648931,272199518,303942,803800,30016827,16985,51200,277870,842,212,1264117604,0
1785578702.378971799,291035408,30016827,282034748,9000660,282232730,25897,66000,30016827,15930,47000,65401,9000660,425683519,383649521,282046889,297309,798800,30016827,16985,51200,271405,842,212,1285062383,0
1785578703.394682802,300965453,30016827,291964793,9000660,292163047,25744,65800,30016827,15930,47000,65401,9000660,425686413,383650065,291977240,291103,794000,30016827,16985,51200,265352,842,212,1306257553,0
1785578704.411815962,310947412,30016827,301946752,9000660,302144969,25594,65600,30016827,15930,47000,65401,9000660,425689309,383650658,301959438,285229,789300,30016827,16985,51200,259628,842,212,1327521991,0
1785578705.429112396,320762189,30016827,311761529,9000660,311960316,25460,65400,30016827,15930,47000,65401,9000660,425692211,383651209,311776008,279880,785100,30016827,16985,51200,254414,842,212,1348530958,0
1785578706.444463499,330461372,30016827,321460712,9000660,321659732,25339,65200,30016827,15930,47000,65401,9000660,425695112,383651794,321476377,274940,781100,30016827,16985,51200,249596,842,212,1369321211,0
1785578707.461460564,340527792,30016827,331527132,9000660,331725952,25212,65000,30016827,15930,47000,65401,9000660,425698011,383652369,331540951,270032,777100,30016827,16985,51200,244817,842,212,1390834173,0
1785578708.480761817,350483510,30016827,341482850,9000660,341681465,25101,64800,30016827,15930,47000,65401,9000660,425700921,383652928,341495529,265526,773600,30016827,16985,51200,240419,842,212,1412070916,0
1785578709.495538939,360345890,30016827,351345230,9000660,351543242,24996,64700,30016827,15930,47000,65401,9000660,425703814,383653513,351359377,261290,770100,30016827,16985,51200,236289,842,212,1433177219,0
1785578710.512739218,370448329,30016827,361447669,9000660,361646849,24888,64500,30016827,15930,47000,65401,9000660,425706706,383654085,361462714,257143,766600,30016827,16985,51200,232250,842,212,1454746981,0
1785578711.528825004,380357174,30016827,371356514,9000660,371554920,24794,64300,30016827,15930,47000,65401,9000660,425709598,383654652,371369852,253343,763400,30016827,16985,51200,228545,842,212,1475964161,0
1785578712.546032114,390307257,30016827,381306597,9000660,381505122,24702,64200,30016827,15930,47000,65401,9000660,425712492,383655233,381327352,249716,760200,30016827,16985,51200,225009,842,212,1497243799,0
1785578713.563326865,400236952,30016827,391236292,9000660,391434769,24615,64000,30016827,15930,47000,65401,9000660,425715384,383655838,391249514,246275,757200,30016827,16985,51200,221655,842,212,1518512388,0
1785578714.579038951,410133024,30016827,401132364,9000660,401331226,24534,63900,30016827,15930,47000,65401,9000660,425718267,383656390,401146425,243032,754300,30016827,16985,51200,218494,842,212,1539662966,0
1785578715.597467874,420087793,30016827,411087133,9000660,411285589,24454,63700,30016827,15930,47000,65401,9000660,425721171,383656988,411101296,239911,751400,30016827,16985,51200,215453,842,212,1561033362,0
1785578716.617175930,429918435,30016827,420917775,9000660,421115867,24380,63600,30016827,15930,47000,65401,9000660,425724076,383657595,420936235,236999,748800,30016827,16985,51200,212615,842,212,1582139069,0
1785578717.635207086,439662437,30016827,430661777,9000660,430859792,24313,63500,30016827,15930,47000,65401,9000660,425726957,383658179,430675284,234259,746400,30016827,16985,51200,209942,842,212,1603014911,0
1785578718.655227090,449627671,30016827,440627011,9000660,440825279,24244,63300,30016827,15930,47000,65401,9000660,425729837,383658769,440640029,231537,743900,30016827,16985,51200,207289,842,212,1624319223,0
1785578719.674908074,459486854,30016827,450486194,9000660,450685651,24182,63200,30016827,15930,47000,65401,9000660,425732738,383659376,450501626,228990,741600,30016827,16985,51200,204806,842,212,1645513306,0
1785578720.691757907,469317369,30016827,460316709,9000660,460514918,24121,63100,30016827,15930,47000,65401,9000660,425735621,383659941,460330942,226571,739300,30016827,16985,51200,202446,842,212,1666573895,0
1785578721.708128170,479349431,30016827,470348771,9000660,470547466,24059,63000,30016827,15930,47000,65401,9000660,425738510,383660509,470362489,224174,737100,30016827,16985,51200,200111,842,212,1688033717,0
1785578722.725168188,489363076,30016827,480362416,9000660,480561138,24000,62800,30016827,15930,47000,65401,9000660,425741381,383661080,480376153,221869,734900,30016827,16985,51200,197865,842,212,1709484321,0
1785578723.742558473,499122774,30016827,490122114,9000660,490320492,23948,62700,30016827,15930,47000,65401,9000660,425744261,383661655,490136658,219766,732800,30016827,16985,51200,195815,842,212,1730483046,0
1785578724.759566804,509131137,30016827,500130477,9000660,500328974,23893,62600,30016827,15930,47000,65401,9000660,425747140,383662242,500143080,217639,730800,30016827,16985,51200,193743,842,212,1751812405,0
1785578725.778891603,519086912,30016827,510086252,9000660,510285143,23843,62500,30016827,15930,47000,65401,9000660,425750004,383662796,510100594,215638,728800,30016827,16985,51200,191791,842,212,1773074635,0
1785578726.796951222,529061010,30016827,520060350,9000660,520258886,23796,62400,30016827,15930,47000,65401,9000660,425752881,383663344,520073839,213713,727000,30016827,16985,51200,189914,842,212,1794400521,0
1785578727.815552325,539205734,30016827,530205074,9000660,530403382,23745,62300,30016827,15930,47000,65401,9000660,425755756,383663910,530218148,211789,725100,30016827,16985,51200,188040,842,212,1816074991,0
1785578728.834762672,549217957,30016827,540217297,9000660,540415718,23698,62200,30016827,15930,47000,65401,9000660,425758640,383664484,540231763,209975,723300,30016827,16985,51200,186273,842,212,1837385144,0
1785578729.853687711,559231570,30016827,550230910,9000660,550429067,23653,62100,30016827,15930,47000,65401,9000660,425761518,383665051,550243142,208229,721600,30016827,16985,51200,184572,842,212,1858775175,0
1785578730.872454321,562302515,30016827,553301855,9000660,553498058,23639,62000,30016827,15930,47000,65401,9000660,425764513,383667354,553301855,207703,721000,30016827,16985,51200,184060,842,212,1865383493,0
1785578731.896310214,562302515,30016827,553301855,9000660,553498058,23639,62000,30016827,15930,47000,65401,9000660,425767580,383670355,553301855,207703,721000,30016827,16985,51200,184060,842,212,1865383493,0
1785578732.919023972,562302515,30016827,553301855,9000660,553498058,23639,62000,30016827,15930,47000,65401,9000660,425770648,383673383,553301855,207703,721000,30016827,16985,51200,184060,842,212,1865383493,0
1785578733.942050609,562302515,30016827,553301855,9000660,553498058,23639,62000,30016827,15930,47000,65401,9000660,425773717,383676415,553301855,207703,721000,30016827,16985,51200,184060,842,212,1865383493,0
1785578734.964337516,562302515,30016827,553301855,9000660,553498058,23639,62000,30016827,15930,47000,65401,9000660,425776783,383679410,553301855,207703,721000,30016827,16985,51200,184060,842,212,1865383493,0
1785578735.988279198,562302515,30016827,553301855,9000660,553498058,23639,62000,30016827,15930,47000,65401,9000660,425779854,383682451,553301855,207703,721000,30016827,16985,51200,184060,842,212,1865383493,0
1785578737.011839867,562302515,30016827,553301855,9000660,553498058,23639,62000,30016827,15930,47000,65401,9000660,425782923,383685480,553301855,207703,721000,30016827,16985,51200,184060,842,212,1865383493,0
1785578738.035465560,562302515,30016827,553301855,9000660,553498058,23639,62000,30016827,15930,47000,65401,9000660,425785992,383688468,553301855,207703,721000,30016827,16985,51200,184060,842,212,1865383493,0
1785578739.056538948,562302515,30016827,553301855,9000660,553498058,23639,62000,30016827,15930,47000,65401,9000660,425789055,383691514,553301855,207703,721000,30016827,16985,51200,184060,842,212,1865383493,0
1785578740.077550841,562302515,30016827,553301855,9000660,553498058,23639,62000,30016827,15930,47000,65401,9000660,425792123,383694562,553301855,207703,721000,30016827,16985,51200,184060,842,212,1865383493,0
1785578741.100876547,562302515,30016827,553301855,9000660,553498058,23639,62000,30016827,15930,47000,65401,9000660,425795185,383697546,553301855,207703,721000,30016827,16985,51200,184060,842,212,1865383493,0
1785578742.124079800,562302515,30016827,553301855,9000660,553498058,23639,62000,30016827,15930,47000,65401,9000660,425798254,383700599,553301855,207703,721000,30016827,16985,51200,184060,842,212,1865383493,0
1785578743.145451242,562302515,30016827,553301855,9000660,553498058,23639,62000,30016827,15930,47000,65401,9000660,425801316,383703637,553301855,207703,721000,30016827,16985,51200,184060,842,212,1865383493,0
1785578744.168428354,562302515,30016827,553301855,9000660,553498058,23639,62000,30016827,15930,47000,65401,9000660,425804386,383706631,553301855,207703,721000,30016827,16985,51200,184060,842,212,1865383493,0
1785578745.191522944,562302515,30016827,553301855,9000660,553498058,23639,62000,30016827,15930,47000,65401,9000660,425807455,383709683,553301855,207703,721000,30016827,16985,51200,184060,842,212,1865383493,0
1785578746.213523000,562302515,30016827,553301855,9000660,553498058,23639,62000,30016827,15930,47000,65401,9000660,425810520,383712714,553301855,207703,721000,30016827,16985,51200,184060,842,212,1865383493,0
1785578747.238273306,562302515,30016827,553301855,9000660,553498058,23639,62000,30016827,15930,47000,65401,9000660,425813592,383715696,553301855,207703,721000,30016827,16985,51200,184060,842,212,1865383493,0
1785578748.261508195,562302515,30016827,553301855,9000660,553498058,23639,62000,30016827,15930,47000,65401,9000660,425816662,383718749,553301855,207703,721000,30016827,16985,51200,184060,842,212,1865383493,0
1785578749.284855574,562302515,30016827,553301855,9000660,553498058,23639,62000,30016827,15930,47000,65401,9000660,425819732,383721774,553301855,207703,721000,30016827,16985,51200,184060,842,212,1865383493,0
1785578750.309034220,562302515,30016827,553301855,9000660,553498058,23639,62000,30016827,15930,47000,65401,9000660,425822803,383724788,553301855,207703,721000,30016827,16985,51200,184060,842,212,1865383493,0
1785578751.331828549,562302515,30016827,553301855,9000660,553498058,23639,62000,30016827,15930,47000,65401,9000660,425825871,383727840,553301855,207703,721000,30016827,16985,51200,184060,842,212,1865383493,0
1785578752.354405231,562302515,30016827,553301855,9000660,553498058,23639,62000,30016827,15930,47000,65401,9000660,425828938,383730856,553301855,207703,721000,30016827,16985,51200,184060,842,212,1865383493,0
1785578753.375214078,567659665,30612082,558659005,9000660,558857958,23638,62100,30612833,15914,47000,65801,9000660,425831862,383732019,558668712,207177,720300,30613717,16962,51100,183536,835,211,1875878557,0
1785578754.393100637,575263314,31456932,566262654,9000660,566463514,23619,62100,31457731,15875,46900,66421,9000660,425834737,383732590,566273452,206341,719200,31458808,16912,50900,182719,826,210,1890907859,0
1785578755.410722607,582788080,32293017,573787420,9000660,573989742,23600,62000,32293681,15843,46700,67020,9000660,425837626,383733146,573796165,205555,718100,32294590,16871,50700,181952,817,209,1905852516,0
1785578756.430439154,590442806,33143545,581442146,9000660,581646953,23581,62000,33144362,15808,46600,67650,9000660,425840507,383733713,581453418,204762,717000,33145493,16827,50500,181178,809,208,1921021312,0
1785578757.449955820,598021751,33985650,589021091,9000660,589227097,23561,61900,33986801,15777,46500,68256,9000660,425843408,383734294,589036887,203999,715800,33987926,16787,50300,180434,801,207,1936100737,0
1785578758.466132541,605602336,34827936,596601676,9000660,596809198,23543,61900,34828491,15749,46300,68876,9000660,425846297,383734844,596610034,203269,714800,34829453,16751,50100,179723,794,206,1951194227,0
1785578759.483312328,613291128,35682244,604290468,9000660,604500275,23524,61800,35682970,15718,46200,69461,9000660,425849177,383735395,604300234,202532,713700,35683952,16711,49900,179005,787,205,1966524123,0
1785578760.502130997,621015703,36540534,612015043,9000660,612227056,23504,61800,36541335,15687,46100,70115,9000660,425852065,383735962,612025611,201804,712700,36542323,16672,49700,178297,780,204,1981920673,0
1785578761.522097108,628514971,37373782,619514311,9000660,619727611,23488,61700,37374508,15665,46000,70681,9000660,425854960,383736536,619524733,201142,711700,37375550,16643,49500,177652,774,203,1996883336,0
1785578762.540854454,636271409,38235609,627270749,9000660,627485843,23468,61700,38236362,15635,45900,71300,9000660,425857839,383737090,627280535,200440,710600,38237259,16606,49400,176968,767,202,2012343924,0
1785578763.558487753,643985110,39092688,634984450,9000660,635201942,23450,61600,39093429,15608,45700,71939,9000660,425860709,383737649,634994820,199760,709500,39094461,16572,49200,176307,761,201,2027721255,0
1785578764.578117979,651419665,39918753,642419005,9000660,642638594,23434,61600,39919473,15592,45600,72531,9000660,425863585,383738237,642428649,199168,708700,39920432,16550,49100,175730,756,201,2042592457,0
1785578765.597323739,659182262,40781259,650181602,9000660,650402531,23417,61500,40782002,15566,45500,73167,9000660,425866471,383738790,650191697,198517,707700,40782996,16518,48900,175097,750,200,2058060368,0
1785578766.613007669,666854405,41633723,657853745,9000660,658076213,23400,61500,41634307,15544,45400,73798,9000660,425869341,383739353,657861487,197895,706700,41635105,16490,48800,174491,745,199,2073380016,0
1785578767.629936429,674296117,42460576,665295457,9000660,665521563,23388,61400,42461421,15531,45400,74422,9000660,425872232,383739879,665306276,197341,706000,42462302,16471,48600,173950,741,199,2088249791,0
1785578768.648837731,681997807,43316319,672997147,9000660,673223902,23372,61400,43317091,15510,45300,75028,9000660,425875126,383740445,673007534,196745,705100,43318079,16446,48500,173370,736,198,2103582076,0
1785578769.670378937,689680526,44169955,680679866,9000660,680908419,23356,61300,44170690,15491,45200,75673,9000660,425878016,383741001,680689648,196167,704200,44171674,16421,48400,172807,731,197,2118900204,0
1785578770.690439090,697242907,45010222,688242247,9000660,688474702,23342,61300,45011124,15475,45100,76315,9000660,425880913,383741573,688253973,195623,703300,45012136,16400,48300,172277,727,197,2133992499,0
1785578771.707515981,704922389,45863496,695921729,9000660,696153512,23327,61300,45864129,15457,45000,76915,9000660,425883787,383742134,695931011,195069,702500,45865137,16377,48100,171739,723,196,2149298720,0
1785578772.725760848,712691662,46726748,703691002,9000660,703925024,23311,61200,46727499,15438,44900,77579,9000660,425886667,383742682,703701315,194510,701600,46728506,16353,48000,171195,718,195,2164742421,0
1785578773.742853654,720234987,47564897,711234327,9000660,711470222,23298,61200,47565577,15422,44900,78168,9000660,425889541,383743251,711243325,193996,700800,47566464,16333,47900,170695,715,195,2179809435,0
1785578774.759099249,727965070,48423794,718964410,9000660,719202167,23283,61100,48424453,15403,44800,78820,9000660,425892413,383743822,718973014,193459,700000,48425304,16309,47800,170172,710,194,2195222563,0
1785578775.776707208,735582909,49270220,726582249,9000660,726822415,23270,61100,49271104,15387,44700,79427,9000660,425895285,383744380,726594051,192955,699100,49272266,16290,47700,169683,707,194,2210415520,0
1785578776.793760395,743296949,50127337,734296289,9000660,734538151,23256,61100,50128094,15371,44600,80051,9000660,425898143,383744937,734306513,192447,698300,50129008,16269,47600,169188,703,193,2225767220,0
1785578777.811081684,751030253,50986592,742029593,9000660,742272938,23242,61000,50987278,15354,44500,80699,9000660,425901018,383745488,742038715,191946,697500,50988217,16248,47500,168700,700,193,2241137760,0
1785578778.830163937,758651480,51833396,749650820,9000660,749896012,23230,61000,51834095,15341,44500,81335,9000660,425903889,383746047,749659961,191480,696800,51835037,16232,47400,168246,696,192,2256336208,0
1785578779.846778475,766264637,52679302,757263977,9000660,757510612,23218,61000,52679892,15330,44400,81943,9000660,425906762,383746610,757272414,191021,696000,52680773,16217,47300,167799,693,192,2271498942,0
1785578780.864149109,773957929,53534114,764957269,9000660,765206534,23205,60900,53534847,15315,44300,82575,9000660,425909641,383747187,764967316,190555,695300,53535765,16199,47200,167346,690,192,2286810439,0
1785578781.883514216,781553651,54378082,772552991,9000660,772804405,23194,60900,54378916,15304,44300,83188,9000660,425912540,383747743,772564351,190122,694600,54379910,16184,47200,166925,687,191,2301976036,0
1785578782.898181390,787136710,54998420,778136050,9000660,778387027,23185,60900,54998420,15294,44200,83659,9000660,425915449,383748996,778136050,189796,694000,54998420,16172,47100,166606,685,191,2313092236,0
1785578783.918091196,787136710,54998420,778136050,9000660,778387027,23185,60900,54998420,15294,44200,83659,9000660,425918501,383752036,778136050,189796,694000,54998420,16172,47100,166606,685,191,2313092236,0
1785578784.940101025,787136710,54998420,778136050,9000660,778387027,23185,60900,54998420,15294,44200,83659,9000660,425921567,383755038,778136050,189796,694000,54998420,16172,47100,166606,685,191,2313092236,0
1785578785.963906359,787136710,54998420,778136050,9000660,778387027,23185,60900,54998420,15294,44200,83659,9000660,425924637,383758072,778136050,189796,694000,54998420,16172,47100,166606,685,191,2313092236,0
1785578786.987098536,787136710,54998420,778136050,9000660,778387027,23185,60900,54998420,15294,44200,83659,9000660,425927704,383761093,778136050,189796,694000,54998420,16172,47100,166606,685,191,2313092236,0
1785578788.009746843,787136710,54998420,778136050,9000660,778387027,23185,60900,54998420,15294,44200,83659,9000660,425930771,383764063,778136050,189796,694000,54998420,16172,47100,166606,685,191,2313092236,0
1785578789.033515253,787136710,54998420,778136050,9000660,778387027,23185,60900,54998420,15294,44200,83659,9000660,425933841,383767115,778136050,189796,694000,54998420,16172,47100,166606,685,191,2313092236,0
1785578790.057532687,787136710,54998420,778136050,9000660,778387027,23185,60900,54998420,15294,44200,83659,9000660,425936912,383770170,778136050,189796,694000,54998420,16172,47100,166606,685,191,2313092236,0
1785578791.080560895,787136710,54998420,778136050,9000660,778387027,23185,60900,54998420,15294,44200,83659,9000660,425939979,383773157,778136050,189796,694000,54998420,16172,47100,166606,685,191,2313092236,0
1785578792.104776786,787136710,54998420,778136050,9000660,778387027,23185,60900,54998420,15294,44200,83659,9000660,425943049,383776211,778136050,189796,694000,54998420,16172,47100,166606,685,191,2313092236,0
1785578793.129105708,787136710,54998420,778136050,9000660,778387027,23185,60900,54998420,15294,44200,83659,9000660,425946122,383779238,778136050,189796,694000,54998420,16172,47100,166606,685,191,2313092236,0
1785578794.153261606,787136710,54998420,778136050,9000660,778387027,23185,60900,54998420,15294,44200,83659,9000660,425949196,383782255,778136050,189796,694000,54998420,16172,47100,166606,685,191,2313092236,0
1785578795.175465780,787136710,54998420,778136050,9000660,778387027,23185,60900,54998420,15294,44200,83659,9000660,425952262,383785306,778136050,189796,694000,54998420,16172,47100,166606,685,191,2313092236,0
1785578796.198666888,787136710,54998420,778136050,9000660,778387027,23185,60900,54998420,15294,44200,83659,9000660,425955331,383788349,778136050,189796,694000,54998420,16172,47100,166606,685,191,2313092236,0
1785578797.222792073,787136710,54998420,778136050,9000660,778387027,23185,60900,54998420,15294,44200,83659,9000660,425958402,383791341,778136050,189796,694000,54998420,16172,47100,166606,685,191,2313092236,0
1785578798.241833114,787136710,54998420,778136050,9000660,778387027,23185,60900,54998420,15294,44200,83659,9000660,425961460,383794371,778136050,189796,694000,54998420,16172,47100,166606,685,191,2313092236,0
1785578799.262382330,787136710,54998420,778136050,9000660,778387027,23185,60900,54998420,15294,44200,83659,9000660,425964520,383797359,778136050,189796,694000,54998420,16172,47100,166606,685,191,2313092236,0
1785578800.285436926,787136710,54998420,778136050,9000660,778387027,23185,60900,54998420,15294,44200,83659,9000660,425967589,383800393,778136050,189796,694000,54998420,16172,47100,166606,685,191,2313092236,0
1785578801.309729623,787136710,54998420,778136050,9000660,778387027,23185,60900,54998420,15294,44200,83659,9000660,425970661,383803448,778136050,189796,694000,54998420,16172,47100,166606,685,191,2313092236,0
1785578802.332979835,787136710,54998420,778136050,9000660,778387027,23185,60900,54998420,15294,44200,83659,9000660,425973730,383806474,778136050,189796,694000,54998420,16172,47100,166606,685,191,2313092236,0
1785578803.359469871,787136710,54998420,778136050,9000660,778387027,23185,60900,54998420,15294,44200,83659,9000660,425976808,383809493,778136050,189796,694000,54998420,16172,47100,166606,685,191,2313092236,0
1785578804.382534104,787136710,54998420,778136050,9000660,778387027,23185,60900,54998420,15294,44200,83659,9000660,425979876,383812547,778136050,189796,694000,54998420,16172,47100,166606,685,191,2313092236,0
1785578805.403671722,792265988,54998420,783265328,9000660,783518919,23194,60900,54998420,15294,44200,83659,9000660,425982936,383814224,783280874,189591,694300,54998420,16172,47100,166394,685,191,2326566277,0
1785578806.422650179,804058066,54998420,795057406,9000660,795312319,23187,60900,54998420,15294,44200,83659,9000660,425985978,383814525,795076502,188864,693800,54998420,16172,47100,165675,685,191,2357266467,0
1785578807.441560934,815806795,54998420,806806135,9000660,807059762,23180,60900,54998420,15294,44200,83659,9000660,425989020,383814809,806824189,188183,693300,54998420,16172,47100,165000,685,191,2387827377,0
1785578808.460781875,827482344,54998420,818481684,9000660,818735156,23178,60900,54998420,15294,44200,83659,9000660,425992069,383815071,818497467,187533,693000,54998420,16172,47100,164352,685,191,2418026138,0
1785578809.482282839,839131546,54998420,830130886,9000660,830385064,23176,60900,54998420,15294,44200,83659,9000660,425995119,383815352,830150511,186912,692700,54998420,16172,47100,163733,685,191,2448357494,0
1785578810.503687069,850948069,54998420,841947409,9000660,842201830,23169,60900,54998420,15294,44200,83659,9000660,425998167,383815639,841965937,186261,692200,54998420,16172,47100,163089,685,191,2478799345,0
1785578811.522236852,862650786,54998420,853650126,9000660,853904135,23165,60800,54998420,15294,44200,83659,9000660,426001221,383815879,853668487,185658,691800,54998420,16172,47100,162491,685,191,2508995004,0
1785578812.541736451,874511677,54998420,865511017,9000660,865766054,23158,60800,54998420,15294,44200,83659,9000660,426004268,383816152,865534184,185021,691200,54998420,16172,47100,161860,685,191,2539475350,0
1785578813.560191581,886319284,54998420,877318624,9000660,877572318,23151,60800,54998420,15294,44200,83659,9000660,426007310,383816433,877336707,184421,690800,54998420,16172,47100,161267,685,191,2570023144,0
1785578814.581135579,898004123,54998420,889003463,9000660,889257262,23149,60800,54998420,15294,44200,83659,9000660,426010357,383816691,889020739,183866,690500,54998420,16172,47100,160715,685,191,2600179389,0
1785578815.599403609,909827268,54998420,900826608,9000660,901079698,23144,60800,54998420,15294,44200,83659,9000660,426013398,383816976,900841614,183290,690000,54998420,16172,47100,160143,685,191,2630722837,0
1785578816.620674318,921631003,54998420,912630343,9000660,912884993,23140,60800,54998420,15294,44200,83659,9000660,426016450,383817237,912649077,182742,689700,54998420,16172,47100,159600,685,191,2661097025,0
1785578817.641204435,933350623,54998420,924349963,9000660,924605214,23137,60800,54998420,15294,44200,83659,9000660,426019498,383817501,924372811,182223,689400,54998420,16172,47100,159084,685,191,2691243758,0
1785578818.663216096,945166897,54998420,936166237,9000660,936420684,23132,60700,54998420,15294,44200,83659,9000660,426022549,383817787,936186704,181704,689000,54998420,16172,47100,158570,685,191,2721699234,0
1785578819.681394150,956913952,54998420,947913292,9000660,948166173,23129,60700,54998420,15294,44200,83659,9000660,426025588,383818056,947929140,181211,688600,54998420,16172,47100,158079,685,191,2752176729,0
1785578820.702029985,968559652,54998420,959558992,9000660,959812221,23130,60700,54998420,15294,44200,83659,9000660,426028637,383818311,959574459,180753,688400,54998420,16172,47100,157621,685,191,2782264754,0
1785578821.722094613,980231040,54998420,971230380,9000660,971484858,23126,60700,54998420,15294,44200,83659,9000660,426031680,383818619,971249557,180286,688000,54998420,16172,47100,157158,685,191,2812421189,0
1785578822.741138948,991904274,54998420,982903614,9000660,983158293,23124,60700,54998420,15294,44200,83659,9000660,426034724,383818876,982922138,179838,687700,54998420,16172,47100,156711,685,191,2842458245,0
1785578823.758826286,1003624053,54998420,994623393,9000660,994877780,23119,60700,54998420,15294,44200,83659,9000660,426037764,383819172,994641587,179386,687400,54998420,16172,47100,156265,685,191,2872840839,0
1785578824.777869259,1015454653,54998420,1006453993,9000660,1006708214,23114,60700,54998420,15294,44200,83659,9000660,426040807,383819455,1006471339,178932,687000,54998420,16172,47100,155817,685,191,2903430613,0
1785578825.797411962,1027149528,54998420,1018148868,9000660,1018402758,23110,60700,54998420,15294,44200,83659,9000660,426043855,383819723,1018165762,178507,686700,54998420,16172,47100,155396,685,191,2933581416,0
1785578826.816136577,1038911508,54998420,1029910848,9000660,1030165884,23106,60700,54998420,15294,44200,83659,9000660,426046896,383819994,1029930616,178075,686400,54998420,16172,47100,154967,685,191,2963798191,0
1785578827.837404411,1050734273,54998420,1041733613,9000660,1041988377,23101,60600,54998420,15294,44200,83659,9000660,426049950,383820279,1041752805,177647,686000,54998420,16172,47100,154544,685,191,2994298177,0
1785578828.858935891,1062320571,54998420,1053319911,9000660,1053574469,23101,60600,54998420,15294,44200,83659,9000660,426053006,383820525,1053339064,177275,685800,54998420,16172,47100,154172,685,191,3024181591,0
1785578829.877544783,1074005082,54998420,1065004422,9000660,1065258811,23098,60600,54998420,15294,44200,83659,9000660,426056048,383820795,1065024691,176900,685600,54998420,16172,47100,153800,685,191,3054446563,0
1785578830.902988367,1085854019,54998420,1076853359,9000660,1077123050,23093,60600,54998420,15294,44200,83659,9000660,426059109,383821080,1076900608,176494,685200,54998420,16172,47100,153402,685,191,3085186140,0
1785578831.924475991,1097540562,54998420,1088539902,9000660,1088794865,23093,60600,54998420,15294,44200,83659,9000660,426062164,383821336,1088564282,176140,685000,54998420,16172,47100,153046,685,191,3115274561,0
1785578832.948645962,1109236179,54998420,1100235519,9000660,1100489330,23093,60600,54998420,15294,44200,83659,9000660,426065234,383821613,1100254263,175793,684800,54998420,16172,47100,152697,685,191,3145285991,0
1785578833.968234784,1121028141,54998420,1112027481,9000660,1112281857,23089,60600,54998420,15294,44200,83659,9000660,426068276,383821903,1112044559,175423,684500,54998420,16172,47100,152332,685,191,3175910556,0
1785578834.982303237,1131796800,54998420,1122796140,9000660,1123047117,23088,60600,54998420,15294,44200,83659,9000660,426071311,383822351,1122796140,175123,684300,54998420,16172,47100,152031,685,191,3203812983,0
1785578836.002190058,1131796800,54998420,1122796140,9000660,1123047117,23088,60600,54998420,15294,44200,83659,9000660,426074366,383825394,1122796140,175123,684300,54998420,16172,47100,152031,685,191,3203812983,0
1785578837.025516501,1131796800,54998420,1122796140,9000660,1123047117,23088,60600,54998420,15294,44200,83659,9000660,426077436,383828447,1122796140,175123,684300,54998420,16172,47100,152031,685,191,3203812983,0
1785578838.048908916,1131796800,54998420,1122796140,9000660,1123047117,23088,60600,54998420,15294,44200,83659,9000660,426080504,383831433,1122796140,175123,684300,54998420,16172,47100,152031,685,191,3203812983,0
1785578839.072059855,1131796800,54998420,1122796140,9000660,1123047117,23088,60600,54998420,15294,44200,83659,9000660,426083574,383834488,1122796140,175123,684300,54998420,16172,47100,152031,685,191,3203812983,0
1785578840.096173575,1131796800,54998420,1122796140,9000660,1123047117,23088,60600,54998420,15294,44200,83659,9000660,426086641,383837501,1122796140,175123,684300,54998420,16172,47100,152031,685,191,3203812983,0
1785578841.120271819,1131796800,54998420,1122796140,9000660,1123047117,23088,60600,54998420,15294,44200,83659,9000660,426089712,383840503,1122796140,175123,684300,54998420,16172,47100,152031,685,191,3203812983,0
1785578842.143238684,1131796800,54998420,1122796140,9000660,1123047117,23088,60600,54998420,15294,44200,83659,9000660,426092781,383843557,1122796140,175123,684300,54998420,16172,47100,152031,685,191,3203812983,0
1785578843.167065520,1131796800,54998420,1122796140,9000660,1123047117,23088,60600,54998420,15294,44200,83659,9000660,426095850,383846598,1122796140,175123,684300,54998420,16172,47100,152031,685,191,3203812983,0
1785578844.191061339,1131796800,54998420,1122796140,9000660,1123047117,23088,60600,54998420,15294,44200,83659,9000660,426098922,383849596,1122796140,175123,684300,54998420,16172,47100,152031,685,191,3203812983,0
1785578845.215036427,1131796800,54998420,1122796140,9000660,1123047117,23088,60600,54998420,15294,44200,83659,9000660,426101993,383852651,1122796140,175123,684300,54998420,16172,47100,152031,685,191,3203812983,0
1785578846.237754920,1131796800,54998420,1122796140,9000660,1123047117,23088,60600,54998420,15294,44200,83659,9000660,426105060,383855672,1122796140,175123,684300,54998420,16172,47100,152031,685,191,3203812983,0
1785578847.261661084,1131796800,54998420,1122796140,9000660,1123047117,23088,60600,54998420,15294,44200,83659,9000660,426108131,383858693,1122796140,175123,684300,54998420,16172,47100,152031,685,191,3203812983,0
1785578848.283776761,1131796800,54998420,1122796140,9000660,1123047117,23088,60600,54998420,15294,44200,83659,9000660,426111201,383861747,1122796140,175123,684300,54998420,16172,47100,152031,685,191,3203812983,0
1785578849.307206340,1131796800,54998420,1122796140,9000660,1123047117,23088,60600,54998420,15294,44200,83659,9000660,426114266,383864766,1122796140,175123,684300,54998420,16172,47100,152031,685,191,3203812983,0
1785578850.331660950,1131796800,54998420,1122796140,9000660,1123047117,23088,60600,54998420,15294,44200,83659,9000660,426117333,383867755,1122796140,175123,684300,54998420,16172,47100,152031,685,191,3203812983,0
1785578851.355311080,1131796800,54998420,1122796140,9000660,1123047117,23088,60600,54998420,15294,44200,83659,9000660,426120409,383870814,1122796140,175123,684300,54998420,16172,47100,152031,685,191,3203812983,0
1785578852.379021831,1131796800,54998420,1122796140,9000660,1123047117,23088,60600,54998420,15294,44200,83659,9000660,426123478,383873814,1122796140,175123,684300,54998420,16172,47100,152031,685,191,3203812983,0
1785578853.401815226,1131796800,54998420,1122796140,9000660,1123047117,23088,60600,54998420,15294,44200,83659,9000660,426126544,383876850,1122796140,175123,684300,54998420,16172,47100,152031,685,191,3203812983,0
1785578854.425100889,1131796800,54998420,1122796140,9000660,1123047117,23088,60600,54998420,15294,44200,83659,9000660,426129613,383879902,1122796140,175123,684300,54998420,16172,47100,152031,685,191,3203812983,0
1785578855.447789145,1131796800,54998420,1122796140,9000660,1123047117,23088,60600,54998420,15294,44200,83659,9000660,426132682,383882904,1122796140,175123,684300,54998420,16172,47100,152031,685,191,3203812983,0
1785578856.471129100,1131796800,54998420,1122796140,9000660,1123047117,23088,60600,54998420,15294,44200,83659,9000660,426135748,383885936,1122796140,175123,684300,54998420,16172,47100,152031,685,191,3203812983,0
1785578857.492525305,1134384431,55285969,1125383771,9000660,1125637810,23095,60700,55286999,15302,44300,83944,9000660,426138809,383888089,1125397205,175163,684700,55288212,16179,47100,152066,684,191,3209562310,0
1785578858.512112846,1143585540,56308309,1134584880,9000660,1134841624,23100,60600,56309309,15308,44200,85034,9000660,426141860,383888227,1134597951,175098,684500,56310475,16183,47100,151996,682,192,3229415576,0
1785578859.534229844,1152941510,57347865,1143940850,9000660,1144201559,23102,60600,57348984,15312,44200,86083,9000660,426144918,383888384,1143955559,175019,684100,57350324,16185,47000,151915,679,192,3249659353,0
1785578860.551875979,1162208880,58377573,1153208220,9000660,1153472158,23106,60600,58378710,15317,44100,87172,9000660,426147961,383888537,1153223830,174950,683800,58380143,16187,46900,151842,676,193,3269719057,0
1785578861.576248624,1171441976,59403469,1162441316,9000660,1162708223,23111,60600,59404530,15322,44100,88195,9000660,426151025,383888681,1162455343,174884,683500,59405815,16191,46900,151770,674,193,3289550486,0
1785578862.603770889,1180906397,60455074,1171905737,9000660,1172175952,23114,60600,60456161,15324,44000,89287,9000660,426154098,383888833,1171919750,174796,683100,60457527,16191,46800,151680,671,194,3309845219,0
1785578863.626900257,1190299937,61498802,1181299277,9000660,1181572297,23117,60600,61499844,15326,44000,90340,9000660,426157159,383888956,1181313733,174707,682600,61501231,16191,46700,151587,669,194,3329928998,0
1785578864.649916435,1199535121,62524932,1190534461,9000660,1190814468,23122,60600,62527581,15332,44000,91432,9000660,426160215,383889106,1190562682,174641,682200,62528831,16195,46700,151517,667,195,3349766414,0
1785578865.671547434,1208895784,63565007,1199895124,9000660,1200174541,23124,60500,63566032,15335,43900,92508,9000660,426163269,383889260,1199908890,174563,681800,63567316,16196,46600,151437,664,195,3369971276,0
1785578866.693983681,1218228921,64602020,1209228261,9000660,1209511172,23127,60500,64603118,15338,43900,93579,9000660,426166333,383889406,1209243083,174487,681400,64604530,16198,46500,151358,662,195,3389892624,0
1785578867.715277824,1227539363,65636515,1218538703,9000660,1218825112,23131,60500,65637617,15343,43800,94602,9000660,426169391,383889534,1218553456,174419,681000,65639041,16200,46500,151286,660,196,3409874192,0
1785578868.736712447,1236921881,66679015,1227921221,9000660,1228211197,23133,60500,66680215,15344,43800,95714,9000660,426172443,383889685,1227938238,174333,680600,66681784,16200,46400,151198,658,196,3429979185,0
1785578869.757680179,1246224506,67712640,1237223846,9000660,1237516071,23136,60500,67713656,15348,43800,96782,9000660,426175501,383889828,1237238007,174261,680200,67715017,16202,46400,151122,656,196,3449888448,0
1785578870.778014340,1255531316,68746735,1246530656,9000660,1246827107,23139,60500,68747929,15351,43700,97837,9000660,426178554,383889955,1246546177,174193,679900,68749338,16204,46300,151052,654,197,3469856360,0
1785578871.801337159,1264979327,69796508,1255978667,9000660,1256277709,23140,60500,69797621,15352,43700,98857,9000660,426181613,383890091,1255993978,174103,679400,69799069,16203,46300,150961,653,197,3490048445,0
1785578872.819509614,1274292753,70831338,1265292093,9000660,1265594001,23144,60400,70832263,15355,43700,99964,9000660,426184660,383890225,1265304707,174035,679000,70833516,16205,46200,150889,651,197,3510005433,0
1785578873.838751444,1283559215,71860949,1274558555,9000660,1274864112,23147,60400,71862135,15359,43600,101046,9000660,426187701,383890363,1274574675,173972,678700,71863627,16207,46200,150823,649,197,3529900189,0
1785578874.860373879,1292907830,72899677,1283907170,9000660,1284215575,23150,60400,72900706,15361,43600,102133,9000660,426190747,383890523,1283921103,173902,678300,72902030,16207,46100,150749,647,198,3549928396,0
1785578875.880164063,1302165067,73928264,1293164407,9000660,1293476068,23154,60400,73929334,15366,43600,103194,9000660,426193808,383890651,1293178300,173847,677900,73930620,16211,46100,150691,646,198,3569713560,0
1785578876.901453839,1311534480,74969304,1302533820,9000660,1302848301,23155,60400,74970258,15367,43500,104237,9000660,426196857,383890809,1302545987,173781,677600,74971340,16211,46000,150624,644,198,3589956449,0
1785578877.923832930,1320835035,76002703,1311834375,9000660,1312152049,23158,60400,76003681,15371,43500,105321,9000660,426199924,383890957,1311847138,173727,677300,76004873,16213,46000,150566,643,198,3609924092,0
1785578878.944302655,1330076174,77029496,1321075514,9000660,1321397069,23161,60400,77030590,15375,43500,106371,9000660,426202978,383891103,1321090887,173669,677000,77031971,16216,46000,150505,641,199,3629754357,0
1785578879.961855639,1339364878,78061570,1330364218,9000660,1330688592,23162,60400,78062541,15378,43400,107461,9000660,426206021,383891270,1330377239,173608,676700,78063880,16218,45900,150444,640,199,3649761406,0
1785578880.983106186,1348680621,79096653,1339679961,9000660,1340007584,23165,60400,79097702,15380,43400,108457,9000660,426209077,383891411,1339694361,173551,676300,79099096,16219,45900,150383,638,199,3669839498,0
1785578882.002342217,1357892727,80120223,1348892067,9000660,1349223494,23168,60300,80121388,15385,43400,109511,9000660,426212124,383891547,1348907302,173499,676000,80122763,16222,45900,150328,637,199,3689528369,0
1785578883.023138792,1367278850,81163122,1358278190,9000660,1358611788,23170,60300,81164148,15385,43400,110542,9000660,426215175,383891698,1358291973,173424,675600,81165501,16222,45800,150251,635,199,3709548433,0
1785578884.044443570,1376658937,82205357,1367658277,9000660,1367994891,23171,60300,82206397,15386,43300,111526,9000660,426218230,383891857,1367672582,173355,675200,82207756,16222,45800,150181,634,200,3729609953,0
1785578885.065921718,1385929991,83235472,1376929331,9000660,1377269519,23174,60300,83236585,15390,43300,112583,9000660,426221283,383891983,1376944574,173307,675000,83238015,16224,45700,150130,633,200,3749540690,0
1785578886.089788994,1395276393,84273963,1386275733,9000660,1386619270,23177,60300,84275089,15391,43300,113687,9000660,426224345,383892159,1386290983,173253,674700,84276534,16224,45700,150073,632,200,3769723588,0
1785578887.110057326,1404610016,85311033,1395609356,9000660,1395955434,23180,60300,85312040,15393,43300,114735,9000660,426227396,383892296,1395623675,173192,674200,85313415,16225,45700,150009,631,200,3789654022,0
1785578888.131656848,1405273397,85384737,1396272737,9000660,1396617146,23180,60300,85384737,15393,43300,114803,9000660,426230457,383895120,1396272737,173187,674200,85384737,16225,45700,150003,630,200,3791046617,0
1785578889.154927346,1405273397,85384737,1396272737,9000660,1396617146,23180,60300,85384737,15393,43300,114803,9000660,426233528,383898172,1396272737,173187,674200,85384737,16225,45700,150003,630,200,3791046617,0
1785578890.178221471,1405273397,85384737,1396272737,9000660,1396617146,23180,60300,85384737,15393,43300,114803,9000660,426236598,383901205,1396272737,173187,674200,85384737,16225,45700,150003,630,200,3791046617,0
1785578891.199820310,1405273397,85384737,1396272737,9000660,1396617146,23180,60300,85384737,15393,43300,114803,9000660,426239661,383904156,1396272737,173187,674200,85384737,16225,45700,150003,630,200,3791046617,0
1785578892.223416138,1405273397,85384737,1396272737,9000660,1396617146,23180,60300,85384737,15393,43300,114803,9000660,426242733,383907210,1396272737,173187,674200,85384737,16225,45700,150003,630,200,3791046617,0
1785578893.245967718,1405273397,85384737,1396272737,9000660,1396617146,23180,60300,85384737,15393,43300,114803,9000660,426245799,383910209,1396272737,173187,674200,85384737,16225,45700,150003,630,200,3791046617,0
1785578894.269729295,1405273397,85384737,1396272737,9000660,1396617146,23180,60300,85384737,15393,43300,114803,9000660,426248868,383913246,1396272737,173187,674200,85384737,16225,45700,150003,630,200,3791046617,0
1785578895.292926482,1405273397,85384737,1396272737,9000660,1396617146,23180,60300,85384737,15393,43300,114803,9000660,426251937,383916299,1396272737,173187,674200,85384737,16225,45700,150003,630,200,3791046617,0
1785578896.315344163,1405273397,85384737,1396272737,9000660,1396617146,23180,60300,85384737,15393,43300,114803,9000660,426255001,383919333,1396272737,173187,674200,85384737,16225,45700,150003,630,200,3791046617,0
1785578897.339024027,1405273397,85384737,1396272737,9000660,1396617146,23180,60300,85384737,15393,43300,114803,9000660,426258074,383922333,1396272737,173187,674200,85384737,16225,45700,150003,630,200,3791046617,0
1785578898.363398263,1405273397,85384737,1396272737,9000660,1396617146,23180,60300,85384737,15393,43300,114803,9000660,426261147,383925390,1396272737,173187,674200,85384737,16225,45700,150003,630,200,3791046617,0
1785578899.385807609,1405273397,85384737,1396272737,9000660,1396617146,23180,60300,85384737,15393,43300,114803,9000660,426264212,383928369,1396272737,173187,674200,85384737,16225,45700,150003,630,200,3791046617,0
1785578900.407491717,1405273397,85384737,1396272737,9000660,1396617146,23180,60300,85384737,15393,43300,114803,9000660,426267277,383931419,1396272737,173187,674200,85384737,16225,45700,150003,630,200,3791046617,0
1785578901.431662978,1405273397,85384737,1396272737,9000660,1396617146,23180,60300,85384737,15393,43300,114803,9000660,426270349,383934452,1396272737,173187,674200,85384737,16225,45700,150003,630,200,3791046617,0
1785578902.455060019,1405273397,85384737,1396272737,9000660,1396617146,23180,60300,85384737,15393,43300,114803,9000660,426273415,383937472,1396272737,173187,674200,85384737,16225,45700,150003,630,200,3791046617,0
1785578903.478451158,1405273397,85384737,1396272737,9000660,1396617146,23180,60300,85384737,15393,43300,114803,9000660,426276485,383940487,1396272737,173187,674200,85384737,16225,45700,150003,630,200,3791046617,0
1785578904.500745852,1405273397,85384737,1396272737,9000660,1396617146,23180,60300,85384737,15393,43300,114803,9000660,426279553,383943528,1396272737,173187,674200,85384737,16225,45700,150003,630,200,3791046617,0
1785578905.524081410,1405273397,85384737,1396272737,9000660,1396617146,23180,60300,85384737,15393,43300,114803,9000660,426282625,383946516,1396272737,173187,674200,85384737,16225,45700,150003,630,200,3791046617,0
1785578906.547391419,1405273397,85384737,1396272737,9000660,1396617146,23180,60300,85384737,15393,43300,114803,9000660,426285694,383949569,1396272737,173187,674200,85384737,16225,45700,150003,630,200,3791046617,0
1785578907.571232324,1405273397,85384737,1396272737,9000660,1396617146,23180,60300,85384737,15393,43300,114803,9000660,426288764,383952623,1396272737,173187,674200,85384737,16225,45700,150003,630,200,3791046617,0
1785578908.594109632,1405273397,85384737,1396272737,9000660,1396617146,23180,60300,85384737,15393,43300,114803,9000660,426291831,383955626,1396272737,173187,674200,85384737,16225,45700,150003,630,200,3791046617,0
1785578909.620365785,1405708889,85384737,1396708229,9000660,1397055321,23187,60400,85384737,15393,43300,114803,9000660,426294911,383958461,1396726189,173320,675600,85384737,16225,45700,150132,630,200,3793387746,0
1785578910.648832096,1417888676,85384737,1408888016,9000660,1409234908,23203,60400,85384737,15393,43300,114803,9000660,426297994,383958470,1408905829,173972,675500,85384737,16225,45700,150768,630,200,3858207404,0
1785578911.672480052,1429777152,85384737,1420776492,9000660,1421123521,23222,60400,85384737,15393,43300,114803,9000660,426301063,383958478,1420795714,174611,675100,85384737,16225,45700,151387,630,200,3920272790,0
1785578912.696320507,1442052005,85384737,1433051345,9000660,1433397386,23235,60500,85384737,15393,43300,114803,9000660,426304134,383958485,1433069292,175200,674300,85384737,16225,45700,151963,630,200,3984359005,0
1785578913.719084145,1454304368,85384737,1445303708,9000660,1445650613,23248,60500,85384737,15393,43300,114803,9000660,426307197,383958492,1445321076,175773,673400,85384737,16225,45700,152523,630,200,4048259194,0
1785578914.747486690,1466124362,85384737,1457123702,9000660,1457470526,23267,60500,85384737,15393,43300,114803,9000660,426310284,383958513,1457142755,176384,673000,85384737,16225,45700,153115,630,200,4109732123,0
1785578915.769639892,1478410635,85384737,1469409975,9000660,1469757174,23280,60600,85384737,15393,43300,114803,9000660,426313346,383958516,1469428732,176932,672200,85384737,16225,45700,153650,630,200,4173724314,0
1785578916.793178533,1490321904,85384737,1481321244,9000660,1481667454,23297,60600,85384737,15393,43300,114803,9000660,426316416,383958534,1481339767,177518,671900,85384737,16225,45700,154219,630,200,4235988641,0
1785578917.817892600,1502458635,85384737,1493457975,9000660,1493803715,23312,60600,85384737,15393,43300,114803,9000660,426319488,383958539,1493475306,178088,671400,85384737,16225,45700,154774,630,200,4299524211,0
1785578918.845141482,1514749689,85384737,1505749029,9000660,1506095587,23324,60700,85384737,15393,43300,114803,9000660,426322568,383958543,1505768416,178619,670600,85384737,16225,45700,155293,630,200,4363691411,0
1785578919.868334535,1526985490,85384737,1517984830,9000660,1518331764,23337,60700,85384737,15393,43300,114803,9000660,426325638,383958546,1518002890,179134,669900,85384737,16225,45700,155796,630,200,4427257863,0
1785578920.890844152,1538914182,85384737,1529913522,9000660,1530260145,23353,60700,85384737,15393,43300,114803,9000660,426328702,383958562,1529932905,179690,669700,85384737,16225,45700,156336,630,200,4489389011,0
1785578921.914920500,1550987491,85384737,1541986831,9000660,1542332755,23366,60700,85384737,15393,43300,114803,9000660,426331776,383958573,1542005942,180227,669400,85384737,16225,45700,156859,630,200,4552464669,0
1785578922.940307507,1562921604,85384737,1553920944,9000660,1554269902,23382,60800,85384737,15393,43300,114803,9000660,426334848,383958587,1553942452,180774,669200,85384737,16225,45700,157390,630,200,4614860307,0
1785578923.965355135,1575084100,85384737,1566083440,9000660,1566429515,23394,60800,85384737,15393,43300,114803,9000660,426337921,383958594,1566101801,181270,668500,85384737,16225,45700,157875,630,200,4678252459,0
1785578924.988071622,1587285726,85384737,1578285066,9000660,1578631932,23405,60800,85384737,15393,43300,114803,9000660,426340989,383958615,1578305294,181768,668200,85384737,16225,45700,158362,630,200,4742154486,0
1785578926.014438179,1599410632,85384737,1590409972,9000660,1590756302,23418,60800,85384737,15393,43300,114803,9000660,426344067,383958619,1590427658,182261,667700,85384737,16225,45700,158842,630,200,4805489136,0
1785578927.040796905,1611342353,85384737,1602341693,9000660,1602688891,23433,60900,85384737,15393,43300,114803,9000660,426347142,383958628,1602360353,182767,667300,85384737,16225,45700,159333,630,200,4867581575,0
1785578928.063076847,1623542661,85384737,1614542001,9000660,1614889084,23443,60900,85384737,15393,43300,114803,9000660,426350211,383958630,1614561833,183219,666600,85384737,16225,45700,159774,630,200,4930999465,0
1785578929.087434517,1635261755,85384737,1626261095,9000660,1626606957,23461,60900,85384737,15393,43300,114803,9000660,426353281,383958653,1626279914,183749,666600,85384737,16225,45700,160287,630,200,4992399008,0
1785578930.111462003,1647088107,85384737,1638087447,9000660,1638433913,23477,60900,85384737,15393,43300,114803,9000660,426356357,383958671,1638105975,184281,666900,85384737,16225,45700,160803,630,200,5054797887,0
1785578931.136461688,1659251242,85384737,1650250582,9000660,1650596439,23488,61000,85384737,15393,43300,114803,9000660,426359430,383958675,1650267780,184745,666500,85384737,16225,45700,161256,630,200,5118422953,0
1785578932.169018010,1671097689,85384737,1662097029,9000660,1662443812,23504,61000,85384737,15393,43300,114803,9000660,426362518,383958688,1662114962,185253,666500,85384737,16225,45700,161747,630,200,5180208770,0
1785578933.197116559,1682888769,85384737,1673888109,9000660,1674234812,23522,61000,85384737,15393,43300,114803,9000660,426365606,383958707,1673906873,185777,666900,85384737,16225,45700,162254,630,200,5242128398,0
1785578934.219431212,1694805385,85384737,1685804725,9000660,1686151259,23536,61100,85384737,15393,43300,114803,9000660,426368674,383958711,1685822624,186243,666600,85384737,16225,45700,162705,630,200,5304326607,0
1785578935.243021360,1706384457,85384737,1697383797,9000660,1697730447,23554,61100,85384737,15393,43300,114803,9000660,426371750,383958724,1697403208,186743,667000,85384737,16225,45700,163187,630,200,5364929841,0
1785578936.264177333,1718380996,85384737,1709380336,9000660,1709726489,23567,61100,85384737,15393,43300,114803,9000660,426374810,383958727,1709396611,187191,666900,85384737,16225,45700,163623,630,200,5427982369,0
1785578937.286362603,1730484031,85384737,1721483371,9000660,1721830006,23577,61100,85384737,15393,43300,114803,9000660,426377873,383958735,1721504735,187601,666300,85384737,16225,45700,164023,630,200,5491133205,0
1785578938.308241813,1742563238,85384737,1733562578,9000660,1733909180,23587,61200,85384737,15393,43300,114803,9000660,426380939,383958741,1733579401,188005,665800,85384737,16225,45700,164416,630,200,5553940394,0
1785578939.331131569,1754525720,85384737,1745525060,9000660,1745871594,23599,61200,85384737,15393,43300,114803,9000660,426384005,383958748,1745544018,188437,665700,85384737,16225,45700,164837,630,200,5616651966,0
1785578940.353491280,1757207118,85384737,1748206458,9000660,1748550867,23601,61200,85384737,15393,43300,114803,9000660,426387070,383961117,1748206458,188521,665500,85384737,16225,45700,164917,630,200,5630535800,0
1785578941.376217632,1757207118,85384737,1748206458,9000660,1748550867,23601,61200,85384737,15393,43300,114803,9000660,426390138,383964129,1748206458,188521,665500,85384737,16225,45700,164917,630,200,5630535800,0
1785578942.396428855,1757207118,85384737,1748206458,9000660,1748550867,23601,61200,85384737,15393,43300,114803,9000660,426393197,383967164,1748206458,188521,665500,85384737,16225,45700,164917,630,200,5630535800,0
1785578943.420091012,1757207118,85384737,1748206458,9000660,1748550867,23601,61200,85384737,15393,43300,114803,9000660,426396266,383970204,1748206458,188521,665500,85384737,16225,45700,164917,630,200,5630535800,0
1785578944.441296220,1757207118,85384737,1748206458,9000660,1748550867,23601,61200,85384737,15393,43300,114803,9000660,426399331,383973203,1748206458,188521,665500,85384737,16225,45700,164917,630,200,5630535800,0
1785578945.464845707,1757207118,85384737,1748206458,9000660,1748550867,23601,61200,85384737,15393,43300,114803,9000660,426402395,383976232,1748206458,188521,665500,85384737,16225,45700,164917,630,200,5630535800,0
1785578946.484811313,1757207118,85384737,1748206458,9000660,1748550867,23601,61200,85384737,15393,43300,114803,9000660,426405455,383979228,1748206458,188521,665500,85384737,16225,45700,164917,630,200,5630535800,0
1785578947.507066046,1757207118,85384737,1748206458,9000660,1748550867,23601,61200,85384737,15393,43300,114803,9000660,426408519,383982258,1748206458,188521,665500,85384737,16225,45700,164917,630,200,5630535800,0
1785578948.528776881,1757207118,85384737,1748206458,9000660,1748550867,23601,61200,85384737,15393,43300,114803,9000660,426411584,383985305,1748206458,188521,665500,85384737,16225,45700,164917,630,200,5630535800,0
1785578949.550747124,1757207118,85384737,1748206458,9000660,1748550867,23601,61200,85384737,15393,43300,114803,9000660,426414648,383988355,1748206458,188521,665500,85384737,16225,45700,164917,630,200,5630535800,0
1785578950.573992909,1757207118,85384737,1748206458,9000660,1748550867,23601,61200,85384737,15393,43300,114803,9000660,426417719,383991336,1748206458,188521,665500,85384737,16225,45700,164917,630,200,5630535800,0
1785578951.597751480,1757207118,85384737,1748206458,9000660,1748550867,23601,61200,85384737,15393,43300,114803,9000660,426420787,383994362,1748206458,188521,665500,85384737,16225,45700,164917,630,200,5630535800,0
1785578952.617469805,1757207118,85384737,1748206458,9000660,1748550867,23601,61200,85384737,15393,43300,114803,9000660,426423850,383997333,1748206458,188521,665500,85384737,16225,45700,164917,630,200,5630535800,0
1785578953.640324188,1757207118,85384737,1748206458,9000660,1748550867,23601,61200,85384737,15393,43300,114803,9000660,426426917,384000366,1748206458,188521,665500,85384737,16225,45700,164917,630,200,5630535800,0
1785578954.663908867,1757207118,85384737,1748206458,9000660,1748550867,23601,61200,85384737,15393,43300,114803,9000660,426429984,384003418,1748206458,188521,665500,85384737,16225,45700,164917,630,200,5630535800,0
1785578955.687847026,1757207118,85384737,1748206458,9000660,1748550867,23601,61200,85384737,15393,43300,114803,9000660,426433057,384006474,1748206458,188521,665500,85384737,16225,45700,164917,630,200,5630535800,0
1785578956.711808124,1757207118,85384737,1748206458,9000660,1748550867,23601,61200,85384737,15393,43300,114803,9000660,426436125,384009461,1748206458,188521,665500,85384737,16225,45700,164917,630,200,5630535800,0
1785578957.735736560,1757207118,85384737,1748206458,9000660,1748550867,23601,61200,85384737,15393,43300,114803,9000660,426439197,384012512,1748206458,188521,665500,85384737,16225,45700,164917,630,200,5630535800,0
1785578958.758075619,1757207118,85384737,1748206458,9000660,1748550867,23601,61200,85384737,15393,43300,114803,9000660,426442261,384015496,1748206458,188521,665500,85384737,16225,45700,164917,630,200,5630535800,0
1785578959.782128812,1757207118,85384737,1748206458,9000660,1748550867,23601,61200,85384737,15393,43300,114803,9000660,426445334,384018552,1748206458,188521,665500,85384737,16225,45700,164917,630,200,5630535800,0
1785578960.805839832,1757207118,85384737,1748206458,9000660,1748550867,23601,61200,85384737,15393,43300,114803,9000660,426448402,384021604,1748206458,188521,665500,85384737,16225,45700,164917,630,200,5630535800,0
1785578961.828578371,1757207118,85384737,1748206458,9000660,1748550867,23601,61200,85384737,15393,43300,114803,9000660,426451472,384024654,1748206458,188521,665500,85384737,16225,45700,164917,630,200,5630535800,0
1785578962.851469009,1764881245,86237480,1755880585,9000660,1756231914,23621,61300,86238507,15406,43300,116909,9000660,426454534,384024957,1755892402,189416,671500,86239744,16237,45700,165792,630,200,5671281967,0
1785578963.883037768,1773872701,87236533,1764872041,9000660,1765231157,23638,61300,87238918,15411,43300,119236,9000660,426457615,384024985,1764897483,190081,673500,87240217,16242,45700,166442,629,200,5715022945,0
1785578964.909921752,1782920839,88241881,1773920179,9000660,1774285610,23653,61300,88242984,15416,43300,121464,9000660,426460697,384025010,1773934824,190717,674800,88244380,16245,45700,167062,627,200,5758358958,0
1785578965.941256238,1792155896,89267999,1783155236,9000660,1783527110,23667,61400,89269094,15417,43300,123773,9000660,426463778,384025025,1783168781,191330,675600,89270531,16245,45600,167661,626,200,5802513932,0
1785578966.969643759,1801419177,90297257,1792418517,9000660,1792798133,23680,61400,90298426,15418,43200,126028,9000660,426466861,384025029,1792432053,191926,676200,90299741,16245,45600,168244,625,200,5846593250,0
1785578967.994084465,1810504289,91306715,1801503629,9000660,1801889730,23695,61400,91307824,15421,43200,128239,9000660,426469927,384025047,1801516548,192533,677100,91309098,16247,45600,168836,624,200,5889968436,0
1785578969.022486868,1819489262,92305039,1810488602,9000660,1810881295,23711,61500,92306093,15426,43200,130507,9000660,426472999,384025056,1810501200,193174,679000,92307415,16251,45600,169461,623,200,5933502276,0
1785578970.046442576,1828422959,93297670,1819422299,9000660,1819821004,23727,61500,93298498,15431,43200,132780,9000660,426476069,384025083,1819431827,193789,680300,93299719,16255,45600,170060,622,200,5976308101,0
1785578971.069285331,1837476966,94303674,1828476306,9000660,1828882531,23742,61600,94304728,15435,43200,134992,9000660,426479140,384025107,1828489050,194387,681400,94306042,16257,45600,170643,621,200,6019716559,0
1785578972.091187915,1846657946,95323779,1837657286,9000660,1838070258,23754,61600,95324826,15436,43300,137208,9000660,426482197,384025119,1837670098,194963,682200,95326155,16258,45600,171207,620,199,6063685348,0
1785578973.121907017,1855875837,96347990,1846875177,9000660,1847294868,23767,61700,96349027,15437,43300,139529,9000660,426485275,384025133,1846888314,195536,683000,96350348,16258,45600,171766,619,199,6107873244,0
1785578974.144130803,1864814721,97341203,1855814061,9000660,1856240290,23783,61700,97342298,15442,43400,141711,9000660,426488342,384025157,1855826615,196118,684000,97343558,16261,45700,172334,618,199,6150479588,0
1785578975.165188628,1873757235,98334810,1864756575,9000660,1865189812,23798,61800,98335841,15446,43500,144044,9000660,426491403,384025170,1864769412,196762,686900,98337261,16265,45800,172962,618,199,6194929307,0
1785578976.187945956,1882642516,99322062,1873641856,9000660,1874083135,23813,61900,99323214,15452,43600,146281,9000660,426494467,384025207,1873655011,197355,688400,99324536,16270,45800,173540,617,199,6237966161,0
1785578977.210022260,1891838990,100343902,1882838330,9000660,1883284339,23825,61900,100344834,15453,43600,148630,9000660,426497527,384025213,1882850809,197924,689700,100346131,16269,45800,174096,616,199,6282561160,0
1785578978.238966988,1901077645,101370414,1892076985,9000660,1892530557,23837,61900,101371335,15453,43600,150919,9000660,426500599,384025224,1892088003,198462,690400,101372534,16269,45900,174623,615,199,6326783221,0
1785578979.265215047,1910307080,102395904,1901306420,9000660,1901767980,23849,62000,102397069,15453,43700,153271,9000660,426503672,384025226,1901320080,198990,690800,102398407,16267,45900,175139,614,199,6370839774,0
1785578980.288719225,1919161109,103379686,1910160449,9000660,1910627657,23865,62100,103380784,15459,43800,155537,9000660,426506747,384025276,1910173428,199608,693200,103382094,16273,46000,175740,613,199,6414545823,0
1785578981.311442031,1928218050,104386018,1919217390,9000660,1919691518,23879,62100,104387076,15462,43900,157820,9000660,426509807,384025290,1919230204,200188,695000,104388378,16275,46000,176307,613,199,6458866636,0
1785578982.334011506,1937109472,105373947,1928108812,9000660,1928590513,23893,62200,105375075,15467,44000,160056,9000660,426512870,384025329,1928122922,200780,697100,105376465,16279,46100,176884,612,198,6502609272,0
1785578983.357924438,1946309909,106396221,1937309249,9000660,1937797247,23905,62300,106397332,15468,44000,162288,9000660,426515929,384025336,1937322539,201297,697600,106398698,16279,46200,177390,611,198,6546698331,0
1785578984.385631517,1955467778,107413761,1946467118,9000660,1946962073,23917,62300,107414865,15469,44100,164557,9000660,426518995,384025363,1946479735,201800,697800,107416125,16279,46200,177881,610,198,6590220217,0
1785578985.412428781,1964788469,108449391,1955787809,9000660,1956289784,23928,62300,108450504,15468,44100,166914,9000660,426522088,384025373,1955801108,202299,697900,108451846,16277,46200,178369,609,198,6634672636,0
1785578986.436637618,1973737063,109443681,1964736403,9000660,1965244294,23942,62300,109444724,15472,44100,169111,9000660,426525145,384025390,1964748285,202819,698500,109445918,16280,46200,178874,609,198,6677319670,0
1785578987.459435265,1982858853,110457214,1973858193,9000660,1974373717,23955,62400,110458258,15474,44100,171460,9000660,426528213,384025403,1973870496,203329,699200,110459458,16281,46200,179372,608,198,6721073766,0
1785578988.483208547,1991783015,111448791,1982782355,9000660,1983305243,23968,62400,111449880,15479,44200,173795,9000660,426531281,384025440,1982795672,203894,701300,111451154,16285,46300,179923,607,198,6764877490,0
1785578989.508641593,2000984194,112471148,1991983534,9000660,1992512545,23979,62500,112472233,15478,44200,176118,9000660,426534349,384025443,1991996389,204381,701800,112473545,16284,46300,180400,607,198,6808985321,0
1785578990.533021395,2010189001,113493901,2001188341,9000660,2001724551,23990,62500,113494925,15478,44300,178375,9000660,426537418,384025447,2001200700,204850,702000,113496150,16283,46300,180858,606,198,6852820175,0
1785578991.560149606,2019315048,114507903,2010314388,9000660,2010856989,24001,62600,114508926,15480,44300,180635,9000660,426540494,384025475,2010327323,205352,702900,114510320,16284,46400,181348,605,198,6896918928,0
1785578992.581196043,2022515312,114863489,2013514652,9000660,2014058984,24006,62600,114863489,15481,44300,181444,9000660,426543553,384027434,2013514652,205545,703500,114863489,16286,46400,181535,605,198,6912431768,0
1785578993.604440512,2022515312,114863489,2013514652,9000660,2014058984,24006,62600,114863489,15481,44300,181444,9000660,426546623,384030445,2013514652,205545,703500,114863489,16286,46400,181535,605,198,6912431768,0
1785578994.624155911,2022515312,114863489,2013514652,9000660,2014058984,24006,62600,114863489,15481,44300,181444,9000660,426549681,384033445,2013514652,205545,703500,114863489,16286,46400,181535,605,198,6912431768,0
1785578995.646964584,2022515312,114863489,2013514652,9000660,2014058984,24006,62600,114863489,15481,44300,181444,9000660,426552748,384036496,2013514652,205545,703500,114863489,16286,46400,181535,605,198,6912431768,0
1785578996.671190027,2022515312,114863489,2013514652,9000660,2014058984,24006,62600,114863489,15481,44300,181444,9000660,426555820,384039552,2013514652,205545,703500,114863489,16286,46400,181535,605,198,6912431768,0
1785578997.695221086,2022515312,114863489,2013514652,9000660,2014058984,24006,62600,114863489,15481,44300,181444,9000660,426558892,384042571,2013514652,205545,703500,114863489,16286,46400,181535,605,198,6912431768,0
1785578998.718439125,2022515312,114863489,2013514652,9000660,2014058984,24006,62600,114863489,15481,44300,181444,9000660,426561961,384045592,2013514652,205545,703500,114863489,16286,46400,181535,605,198,6912431768,0
1785578999.741230262,2022515312,114863489,2013514652,9000660,2014058984,24006,62600,114863489,15481,44300,181444,9000660,426565027,384048581,2013514652,205545,703500,114863489,16286,46400,181535,605,198,6912431768,0
1785579000.763293927,2022515312,114863489,2013514652,9000660,2014058984,24006,62600,114863489,15481,44300,181444,9000660,426568091,384051622,2013514652,205545,703500,114863489,16286,46400,181535,605,198,6912431768,0
1785579001.787040347,2022515312,114863489,2013514652,9000660,2014058984,24006,62600,114863489,15481,44300,181444,9000660,426571161,384054677,2013514652,205545,703500,114863489,16286,46400,181535,605,198,6912431768,0
1785579002.810518408,2022515312,114863489,2013514652,9000660,2014058984,24006,62600,114863489,15481,44300,181444,9000660,426574233,384057731,2013514652,205545,703500,114863489,16286,46400,181535,605,198,6912431768,0
1785579003.834230568,2022515312,114863489,2013514652,9000660,2014058984,24006,62600,114863489,15481,44300,181444,9000660,426577301,384060728,2013514652,205545,703500,114863489,16286,46400,181535,605,198,6912431768,0
1785579004.858575929,2022515312,114863489,2013514652,9000660,2014058984,24006,62600,114863489,15481,44300,181444,9000660,426580371,384063742,2013514652,205545,703500,114863489,16286,46400,181535,605,198,6912431768,0
1785579005.883437076,2022515312,114863489,2013514652,9000660,2014058984,24006,62600,114863489,15481,44300,181444,9000660,426583443,384066732,2013514652,205545,703500,114863489,16286,46400,181535,605,198,6912431768,0
1785579006.908010649,2022515312,114863489,2013514652,9000660,2014058984,24006,62600,114863489,15481,44300,181444,9000660,426586518,384069790,2013514652,205545,703500,114863489,16286,46400,181535,605,198,6912431768,0
1785579007.932143878,2022515312,114863489,2013514652,9000660,2014058984,24006,62600,114863489,15481,44300,181444,9000660,426589590,384072846,2013514652,205545,703500,114863489,16286,46400,181535,605,198,6912431768,0
1785579008.954989192,2022515312,114863489,2013514652,9000660,2014058984,24006,62600,114863489,15481,44300,181444,9000660,426592658,384075897,2013514652,205545,703500,114863489,16286,46400,181535,605,198,6912431768,0
1785579009.980682606,2022515312,114863489,2013514652,9000660,2014058984,24006,62600,114863489,15481,44300,181444,9000660,426595733,384078888,2013514652,205545,703500,114863489,16286,46400,181535,605,198,6912431768,0
1785579011.004206975,2022515312,114863489,2013514652,9000660,2014058984,24006,62600,114863489,15481,44300,181444,9000660,426598801,384081921,2013514652,205545,703500,114863489,16286,46400,181535,605,198,6912431768,0
1785579012.027725393,2022515312,114863489,2013514652,9000660,2014058984,24006,62600,114863489,15481,44300,181444,9000660,426601870,384084896,2013514652,205545,703500,114863489,16286,46400,181535,605,198,6912431768,0
1785579013.052880567,2022515312,114863489,2013514652,9000660,2014058984,24006,62600,114863489,15481,44300,181444,9000660,426604945,384087951,2013514652,205545,703500,114863489,16286,46400,181535,605,198,6912431768,0
1785579014.076965637,2022515312,114863489,2013514652,9000660,2014058984,24006,62600,114863489,15481,44300,181444,9000660,426608017,384091005,2013514652,205545,703500,114863489,16286,46400,181535,605,198,6912431768,0
1785579015.100647787,2022515312,114863489,2013514652,9000660,2014058984,24006,62600,114863489,15481,44300,181444,9000660,426611087,384094018,2013514652,205545,703500,114863489,16286,46400,181535,605,198,6912431768,0
1785579016.124056211,2022515312,114863489,2013514652,9000660,2014058984,24006,62600,114863489,15481,44300,181444,9000660,426614155,384097016,2013514652,205545,703500,114863489,16286,46400,181535,605,198,6912431768,0
1785579017.147103662,2022515312,114863489,2013514652,9000660,2014058984,24006,62600,114863489,15481,44300,181444,9000660,426617225,384100050,2013514652,205545,703500,114863489,16286,46400,181535,605,198,6912431768,0
1785579018.171083836,2022515312,114863489,2013514652,9000660,2014058984,24006,62600,114863489,15481,44300,181444,9000660,426620296,384103051,2013514652,205545,703500,114863489,16286,46400,181535,605,198,6912431768,0
1785579019.191516121,2022928742,114863489,2013928082,9000660,2014473824,24008,62600,114863489,15481,44300,181444,9000660,426623347,384105833,2013935958,205519,703500,114863489,16286,46400,181507,605,198,6912493083,0
1785579020.208796322,2028131779,114863489,2019131119,9000660,2019677158,23999,62600,114863489,15481,44300,181444,9000660,426626253,384106877,2019139757,205115,703100,114863489,16286,46400,181112,605,198,6913259923,0
1785579021.226264607,2033302941,114863489,2024302281,9000660,2024848342,23990,62600,114863489,15481,44300,181444,9000660,426629177,384107901,2024309969,204719,702800,114863489,16286,46400,180725,605,198,6914053917,0
1785579022.244649848,2038468819,114863489,2029468159,9000660,2030014171,23981,62600,114863489,15481,44300,181444,9000660,426632090,384108940,2029476291,204325,702500,114863489,16286,46400,180341,605,198,6914873817,0
1785579023.262291984,2043639816,114863489,2034639156,9000660,2035185412,23972,62700,114863489,15481,44300,181444,9000660,426634992,384109974,2034648557,203932,702200,114863489,16286,46400,179957,605,198,6915675018,0
1785579024.280647861,2048802104,114863489,2039801444,9000660,2040347637,23962,62700,114863489,15481,44300,181444,9000660,426637886,384111023,2039810349,203541,701800,114863489,16286,46400,179574,605,198,6916446953,0
1785579025.297955273,2054018457,114863489,2045017797,9000660,2045563682,23953,62700,114863489,15481,44300,181444,9000660,426640777,384112057,2045025502,203148,701500,114863489,16286,46400,179191,605,198,6917255916,0
1785579026.316342568,2059213077,114863489,2050212417,9000660,2050758412,23944,62700,114863489,15481,44300,181444,9000660,426643656,384113107,2050219591,202759,701200,114863489,16286,46400,178811,605,198,6918074000,0
1785579027.333733916,2064395504,114863489,2055394844,9000660,2055940440,23935,62700,114863489,15481,44300,181444,9000660,426646551,384114130,2055401232,202375,700900,114863489,16286,46400,178436,605,198,6918903624,0
1785579028.352011546,2069611424,114863489,2060610764,9000660,2061158114,23926,62700,114863489,15481,44300,181444,9000660,426649411,384115197,2060620073,201988,700600,114863489,16286,46400,178058,605,198,6919710277,0
1785579029.372501868,2074758990,114863489,2065758330,9000660,2066304528,23917,62700,114863489,15481,44300,181444,9000660,426652291,384116239,2065767248,201609,700300,114863489,16286,46400,177687,605,198,6920505888,0
1785579030.391414431,2079956904,114863489,2070956244,9000660,2071502274,23909,62800,114863489,15481,44300,181444,9000660,426655175,384117296,2070963852,201229,699900,114863489,16286,46400,177317,605,198,6921357610,0
1785579031.409429907,2085152907,114863489,2076152247,9000660,2076697816,23900,62800,114863489,15481,44300,181444,9000660,426658024,384118362,2076159711,200850,699600,114863489,16286,46400,176946,605,198,6922199883,0
1785579032.428931354,2090420939,114863489,2081420279,9000660,2081966842,23891,62800,114863489,15481,44300,181444,9000660,426660884,384119413,2081429270,200465,699300,114863489,16286,46400,176570,605,198,6922983332,0
1785579033.447904848,2095502362,114863489,2086501702,9000660,2087048052,23882,62800,114863489,15481,44300,181444,9000660,426663758,384120463,2086510662,200099,699000,114863489,16286,46400,176213,605,198,6923767571,0
1785579034.464707693,2100708716,114863489,2091708056,9000660,2092253876,23873,62800,114863489,15481,44300,181444,9000660,426666591,384121528,2091716060,199724,698700,114863489,16286,46400,175847,605,198,6924603817,0
1785579035.482011080,2105777171,114863489,2096776511,9000660,2097322904,23865,62800,114863489,15481,44300,181444,9000660,426669447,384122576,2096785316,199364,698400,114863489,16286,46400,175495,605,198,6925418225,0
1785579036.500018233,2111003577,114863489,2102002917,9000660,2102548816,23856,62800,114863489,15481,44300,181444,9000660,426672271,384123657,2102011264,198990,698100,114863489,16286,46400,175130,605,198,6926229773,0
1785579037.517814320,2116173455,114863489,2107172795,9000660,2107719035,23848,62800,114863489,15481,44300,181444,9000660,426675095,384124729,2107181789,198623,697800,114863489,16286,46400,174771,605,198,6927037602,0
1785579038.534579438,2121324956,114863489,2112324296,9000660,2112870251,23839,62900,114863489,15481,44300,181444,9000660,426677930,384125804,2112331436,198259,697500,114863489,16286,46400,174416,605,198,6927868474,0
1785579039.553344769,2126454270,114863489,2117453610,9000660,2117999662,23831,62900,114863489,15481,44300,181444,9000660,426680767,384126868,2117461899,197899,697200,114863489,16286,46400,174065,605,198,6928676585,0
1785579040.571643741,2131673229,114863489,2122672569,9000660,2123218419,23822,62900,114863489,15481,44300,181444,9000660,426683589,384127942,2122680447,197532,696900,114863489,16286,46400,173707,605,198,6929458081,0
1785579041.589535230,2136815314,114863489,2127814654,9000660,2128360673,23813,62900,114863489,15481,44300,181444,9000660,426686413,384128989,2127823232,197176,696600,114863489,16286,46400,173359,605,198,6930288308,0
1785579042.608891039,2142062823,114863489,2133062163,9000660,2133608205,23805,62900,114863489,15481,44300,181444,9000660,426689211,384130042,2133070443,196812,696300,114863489,16286,46400,173004,605,198,6931122289,0
1785579043.626958902,2147313384,114863489,2138312724,9000660,2138858676,23796,62900,114863489,15481,44300,181444,9000660,426692019,384131093,2138320525,196449,696000,114863489,16286,46400,172650,605,198,6931939779,0
1785579044.645922442,2152553706,114863489,2143553046,9000660,2144098936,23787,62900,114863489,15481,44300,181444,9000660,426694820,384132140,2143563786,196089,695700,114863489,16286,46400,172298,605,198,6932734289,0
1785579045.664140612,2157677711,114863489,2148677051,9000660,2149222642,23779,62900,114863489,15481,44300,181444,9000660,426697630,384133196,2148684715,195740,695400,114863489,16286,46400,171957,605,198,6933545508,0
1785579046.683380817,2162771992,114863489,2153771332,9000660,2154317060,23771,63000,114863489,15481,44300,181444,9000660,426700427,384134272,2153778032,195396,695100,114863489,16286,46400,171621,605,198,6934366972,0
1785579047.700380957,2167963198,114863489,2158962538,9000660,2159508393,23763,63000,114863489,15481,44300,181444,9000660,426703187,384135325,2158970152,195046,694800,114863489,16286,46400,171279,605,198,6935208076,0
1785579048.719089914,2173140184,114863489,2164139524,9000660,2164685305,23755,63000,114863489,15481,44300,181444,9000660,426705979,384136403,2164146975,194696,694500,114863489,16286,46400,170938,605,198,6935968682,0
1785579049.739473544,2174943824,114863489,2165943164,9000660,2166487496,23752,63000,114863489,15481,44300,181444,9000660,426708938,384138771,2165943164,194575,694400,114863489,16286,46400,170820,605,198,6936254757,0
1785579050.761764151,2174943824,114863489,2165943164,9000660,2166487496,23752,63000,114863489,15481,44300,181444,9000660,426712005,384141768,2165943164,194575,694400,114863489,16286,46400,170820,605,198,6936254757,0
1785579051.783015906,2174943824,114863489,2165943164,9000660,2166487496,23752,63000,114863489,15481,44300,181444,9000660,426715067,384144798,2165943164,194575,694400,114863489,16286,46400,170820,605,198,6936254757,0
1785579052.806584591,2174943824,114863489,2165943164,9000660,2166487496,23752,63000,114863489,15481,44300,181444,9000660,426718138,384147801,2165943164,194575,694400,114863489,16286,46400,170820,605,198,6936254757,0
1785579053.825775720,2174943824,114863489,2165943164,9000660,2166487496,23752,63000,114863489,15481,44300,181444,9000660,426721195,384150826,2165943164,194575,694400,114863489,16286,46400,170820,605,198,6936254757,0
1785579054.849553649,2174943824,114863489,2165943164,9000660,2166487496,23752,63000,114863489,15481,44300,181444,9000660,426724266,384153880,2165943164,194575,694400,114863489,16286,46400,170820,605,198,6936254757,0
1785579055.873415433,2174943824,114863489,2165943164,9000660,2166487496,23752,63000,114863489,15481,44300,181444,9000660,426727336,384156911,2165943164,194575,694400,114863489,16286,46400,170820,605,198,6936254757,0
1785579056.897368943,2174943824,114863489,2165943164,9000660,2166487496,23752,63000,114863489,15481,44300,181444,9000660,426730405,384159897,2165943164,194575,694400,114863489,16286,46400,170820,605,198,6936254757,0
1785579057.920976228,2174943824,114863489,2165943164,9000660,2166487496,23752,63000,114863489,15481,44300,181444,9000660,426733477,384162952,2165943164,194575,694400,114863489,16286,46400,170820,605,198,6936254757,0
1785579058.944214385,2174943824,114863489,2165943164,9000660,2166487496,23752,63000,114863489,15481,44300,181444,9000660,426736543,384165935,2165943164,194575,694400,114863489,16286,46400,170820,605,198,6936254757,0
1785579059.968394768,2174943824,114863489,2165943164,9000660,2166487496,23752,63000,114863489,15481,44300,181444,9000660,426739616,384168992,2165943164,194575,694400,114863489,16286,46400,170820,605,198,6936254757,0
1785579060.992923774,2174943824,114863489,2165943164,9000660,2166487496,23752,63000,114863489,15481,44300,181444,9000660,426742689,384172047,2165943164,194575,694400,114863489,16286,46400,170820,605,198,6936254757,0
1785579062.015970114,2174943824,114863489,2165943164,9000660,2166487496,23752,63000,114863489,15481,44300,181444,9000660,426745758,384175079,2165943164,194575,694400,114863489,16286,46400,170820,605,198,6936254757,0
1785579063.039134920,2174943824,114863489,2165943164,9000660,2166487496,23752,63000,114863489,15481,44300,181444,9000660,426748828,384178067,2165943164,194575,694400,114863489,16286,46400,170820,605,198,6936254757,0
1785579064.062732659,2174943824,114863489,2165943164,9000660,2166487496,23752,63000,114863489,15481,44300,181444,9000660,426751898,384181111,2165943164,194575,694400,114863489,16286,46400,170820,605,198,6936254757,0
1785579065.086683446,2174943824,114863489,2165943164,9000660,2166487496,23752,63000,114863489,15481,44300,181444,9000660,426754967,384184108,2165943164,194575,694400,114863489,16286,46400,170820,605,198,6936254757,0
1785579066.109169173,2174943824,114863489,2165943164,9000660,2166487496,23752,63000,114863489,15481,44300,181444,9000660,426758033,384187134,2165943164,194575,694400,114863489,16286,46400,170820,605,198,6936254757,0
1785579067.132857897,2174943824,114863489,2165943164,9000660,2166487496,23752,63000,114863489,15481,44300,181444,9000660,426761103,384190188,2165943164,194575,694400,114863489,16286,46400,170820,605,198,6936254757,0
1785579068.155963816,2174943824,114863489,2165943164,9000660,2166487496,23752,63000,114863489,15481,44300,181444,9000660,426764174,384193213,2165943164,194575,694400,114863489,16286,46400,170820,605,198,6936254757,0
1785579069.179098189,2174943824,114863489,2165943164,9000660,2166487496,23752,63000,114863489,15481,44300,181444,9000660,426767243,384196225,2165943164,194575,694400,114863489,16286,46400,170820,605,198,6936254757,0
1785579070.202880992,2174943824,114863489,2165943164,9000660,2166487496,23752,63000,114863489,15481,44300,181444,9000660,426770312,384199251,2165943164,194575,694400,114863489,16286,46400,170820,605,198,6936254757,0
1785579071.226103826,2174943824,114863489,2165943164,9000660,2166487496,23752,63000,114863489,15481,44300,181444,9000660,426773383,384202262,2165943164,194575,694400,114863489,16286,46400,170820,605,198,6936254757,0
1785579072.249742457,2174943824,114863489,2165943164,9000660,2166487496,23752,63000,114863489,15481,44300,181444,9000660,426776452,384205316,2165943164,194575,694400,114863489,16286,46400,170820,605,198,6936254757,0
1785579073.273806435,2174943824,114863489,2165943164,9000660,2166487496,23752,63000,114863489,15481,44300,181444,9000660,426779522,384208371,2165943164,194575,694400,114863489,16286,46400,170820,605,198,6936254757,0
1785579074.296576009,2174943824,114863489,2165943164,9000660,2166487496,23752,63000,114863489,15481,44300,181444,9000660,426782591,384211363,2165943164,194575,694400,114863489,16286,46400,170820,605,198,6936254757,0
1785579075.320718834,2174943824,114863489,2165943164,9000660,2166487496,23752,63000,114863489,15481,44300,181444,9000660,426785662,384214376,2165943164,194575,694400,114863489,16286,46400,170820,605,198,6936254757,0
1785579076.340061232,2178782053,115289984,2169781393,9000660,2170326889,23746,63000,115290444,15482,44300,181475,9000660,426788415,384215498,2169787948,194332,694200,115291004,16287,46400,170583,605,198,6936699737,0
1785579077.359257421,2183065495,115765928,2174064835,9000660,2174610601,23738,63000,115766328,15480,44400,181512,9000660,426791087,384216487,2174070627,194059,694000,115766839,16285,46400,170318,605,198,6937220447,0
1785579078.379578558,2187428372,116250688,2178427712,9000660,2178974012,23729,63000,116251239,15478,44400,181558,9000660,426793772,384217463,2178435872,193782,693700,116251966,16283,46400,170049,605,198,6937774517,0
1785579079.399118812,2191840764,116740953,2182840104,9000660,2183386721,23721,63000,116741443,15476,44400,181599,9000660,426796448,384218434,2182846982,193503,693500,116742069,16281,46500,169778,605,199,6938336936,0
1785579080.417557012,2196173878,117222415,2187173218,9000660,2187719776,23713,63000,117222988,15474,44400,181633,9000660,426799155,384219410,2187181249,193230,693200,117223684,16279,46500,169514,604,199,6938854052,0
1785579081.434465034,2200565280,117710348,2191564620,9000660,2192110929,23705,63000,117710840,15473,44400,181677,9000660,426801811,384220367,2191571542,192956,693000,117711495,16278,46500,169247,604,199,6939405470,0
1785579082.454755555,2204845176,118185885,2195844516,9000660,2196391266,23697,63000,118186380,15472,44500,181708,9000660,426804498,384221337,2195851133,192691,692800,118186882,16277,46500,168990,604,199,6939945577,0
1785579083.473701757,2209246568,118674930,2200245908,9000660,2200792692,23689,63000,118675419,15470,44500,181754,9000660,426807149,384222311,2200252612,192417,692500,118675988,16275,46500,168724,604,200,6940520357,0
1785579084.492200489,2213673877,119166857,2204673217,9000660,2205219718,23681,63000,119167228,15468,44500,181790,9000660,426809813,384223293,2204678632,192142,692300,119167720,16273,46600,168458,604,200,6941056401,0
1785579085.510515484,2218071733,119655505,2209071073,9000660,2209617937,23672,63000,119655938,15466,44500,181816,9000660,426812469,384224273,2209077158,191870,692000,119656504,16271,46600,168194,604,200,6941607314,0
1785579086.530151872,2222397320,120136128,2213396660,9000660,2213943845,23665,63000,120136677,15465,44500,181847,9000660,426815161,384225234,2213404098,191606,691800,120137284,16270,46600,167938,604,200,6942165874,0
1785579087.549857715,2226782077,120623327,2217781417,9000660,2218328578,23657,63000,120623862,15464,44600,181881,9000660,426817835,384226203,2217789032,191339,691600,120624490,16269,46600,167679,604,200,6942731458,0
1785579088.568027061,2231161990,121109981,2222161330,9000660,2222708214,23649,63000,121110409,15463,44600,181918,9000660,426820515,384227167,2222167587,191074,691300,121111050,16268,46600,167421,603,201,6943270556,0
1785579089.586584400,2235531326,121595464,2226530666,9000660,2227078227,23641,63000,121595963,15461,44600,181957,9000660,426823160,384228153,2226538194,190808,691100,121596616,16267,46700,167163,603,201,6943827652,0
1785579090.606481410,2239956632,122087159,2230955972,9000660,2231503485,23633,63000,122087721,15459,44600,181996,9000660,426825812,384229127,2230963933,190540,690800,122088433,16264,46700,166903,603,201,6944395305,0
1785579091.625747432,2244318667,122571833,2235318007,9000660,2235865512,23625,63000,122572263,15457,44600,182028,9000660,426828487,384230121,2235323920,190278,690600,122572775,16263,46700,166649,603,201,6944956375,0
1785579092.644256448,2248661452,123054367,2239660792,9000660,2240208585,23618,63000,123054970,15457,44600,182068,9000660,426831169,384231088,2239669442,190019,690400,123055719,16263,46700,166398,603,201,6945496727,0
1785579093.661896179,2253024884,123539188,2244024224,9000660,2244571859,23610,63000,123539695,15455,44700,182103,9000660,426833830,384232061,2244031469,189759,690100,123540302,16261,46700,166145,603,202,6946054752,0
1785579094.681507681,2256889068,123968544,2247888408,9000660,2248436181,23604,63000,123969052,15459,44700,182135,9000660,426836691,384233142,2247895294,189536,689900,123969647,16265,46800,165928,603,202,6946547396,0
1785579095.699977437,2261207675,124448393,2252207015,9000660,2252754895,23597,63000,124448815,15459,44700,182171,9000660,426839351,384234136,2252213092,189282,689700,124449400,16265,46800,165682,603,202,6947107948,0
1785579096.719208037,2265621669,124938834,2256621009,9000660,2257168915,23589,63000,124939293,15457,44700,182207,9000660,426842018,384235118,2256627751,189021,689500,124939892,16264,46800,165428,603,202,6947648980,0
1785579097.738155211,2269972073,125422209,2260971413,9000660,2261519768,23582,63000,125422663,15456,44800,182242,9000660,426844673,384236093,2260978105,188767,689200,125423340,16263,46800,165182,603,202,6948210849,0
1785579098.758336307,2274350157,125908665,2265349497,9000660,2265897640,23574,63000,125909103,15455,44800,182284,9000660,426847331,384237066,2265355980,188512,689000,125909810,16262,46800,164934,603,203,6948777194,0
1785579099.776504882,2278683405,126390137,2269682745,9000660,2270231007,23567,63000,126390609,15454,44800,182325,9000660,426850005,384238051,2269689553,188260,688800,126391241,16261,46900,164689,602,203,6949335961,0
1785579100.795270653,2283101770,126881067,2274101110,9000660,2274649398,23559,63000,126881490,15453,44800,182355,9000660,426852636,384239028,2274107383,188002,688600,126882061,16260,46900,164440,602,203,6949884084,0
1785579101.813820400,2287474651,127366940,2278473991,9000660,2279022762,23551,63000,127367399,15451,44800,182384,9000660,426855282,384240020,2278480643,187749,688300,127368003,16258,46900,164194,602,203,6950447934,0
1785579102.830414240,2291848007,127852872,2282847347,9000660,2283396155,23543,63000,127853345,15449,44800,182419,9000660,426857909,384241010,2282854305,187495,688100,127853998,16256,46900,163948,602,203,6951013759,0
1785579103.849410547,2296268803,128344070,2287268143,9000660,2287816968,23536,63000,128344551,15448,44900,182452,9000660,426860579,384241965,2287274894,187243,687900,128345148,16255,46900,163703,602,204,6951590374,0
1785579104.868150239,2300663129,128832322,2291662469,9000660,2292211183,23528,63000,128832783,15446,44900,182494,9000660,426863241,384242962,2291668727,186991,687600,128833316,16254,46900,163459,602,204,6952128432,0
1785579105.889240973,2302950844,129086517,2293950184,9000660,2294497714,23525,63000,129086517,15446,44900,182510,9000660,426866096,384244896,2293950184,186861,687500,129086517,16253,47000,163333,602,204,6952429703,0
1785579106.912731308,2302950844,129086517,2293950184,9000660,2294497714,23525,63000,129086517,15446,44900,182510,9000660,426869164,384247949,2293950184,186861,687500,129086517,16253,47000,163333,602,204,6952429703,0
1785579107.936263707,2302950844,129086517,2293950184,9000660,2294497714,23525,63000,129086517,15446,44900,182510,9000660,426872235,384250979,2293950184,186861,687500,129086517,16253,47000,163333,602,204,6952429703,0
1785579108.959393449,2302950844,129086517,2293950184,9000660,2294497714,23525,63000,129086517,15446,44900,182510,9000660,426875303,384254030,2293950184,186861,687500,129086517,16253,47000,163333,602,204,6952429703,0
1785579109.982696175,2302950844,129086517,2293950184,9000660,2294497714,23525,63000,129086517,15446,44900,182510,9000660,426878369,384257014,2293950184,186861,687500,129086517,16253,47000,163333,602,204,6952429703,0
1785579111.003030811,2302950844,129086517,2293950184,9000660,2294497714,23525,63000,129086517,15446,44900,182510,9000660,426881433,384260041,2293950184,186861,687500,129086517,16253,47000,163333,602,204,6952429703,0
1785579112.022474260,2302950844,129086517,2293950184,9000660,2294497714,23525,63000,129086517,15446,44900,182510,9000660,426884489,384263035,2293950184,186861,687500,129086517,16253,47000,163333,602,204,6952429703,0
1785579113.046117826,2302950844,129086517,2293950184,9000660,2294497714,23525,63000,129086517,15446,44900,182510,9000660,426887560,384266088,2293950184,186861,687500,129086517,16253,47000,163333,602,204,6952429703,0
1785579114.070638889,2302950844,129086517,2293950184,9000660,2294497714,23525,63000,129086517,15446,44900,182510,9000660,426890632,384269144,2293950184,186861,687500,129086517,16253,47000,163333,602,204,6952429703,0
1785579115.091235680,2302950844,129086517,2293950184,9000660,2294497714,23525,63000,129086517,15446,44900,182510,9000660,426893694,384272182,2293950184,186861,687500,129086517,16253,47000,163333,602,204,6952429703,0
1785579116.116558076,2302950844,129086517,2293950184,9000660,2294497714,23525,63000,129086517,15446,44900,182510,9000660,426896770,384275184,2293950184,186861,687500,129086517,16253,47000,163333,602,204,6952429703,0
1785579117.141066701,2302950844,129086517,2293950184,9000660,2294497714,23525,63000,129086517,15446,44900,182510,9000660,426899840,384278200,2293950184,186861,687500,129086517,16253,47000,163333,602,204,6952429703,0
1785579118.164905029,2302950844,129086517,2293950184,9000660,2294497714,23525,63000,129086517,15446,44900,182510,9000660,426902910,384281202,2293950184,186861,687500,129086517,16253,47000,163333,602,204,6952429703,0
1785579119.188661184,2302950844,129086517,2293950184,9000660,2294497714,23525,63000,129086517,15446,44900,182510,9000660,426905982,384284257,2293950184,186861,687500,129086517,16253,47000,163333,602,204,6952429703,0
1785579120.213894275,2302950844,129086517,2293950184,9000660,2294497714,23525,63000,129086517,15446,44900,182510,9000660,426909056,384287316,2293950184,186861,687500,129086517,16253,47000,163333,602,204,6952429703,0
1785579121.237204050,2302950844,129086517,2293950184,9000660,2294497714,23525,63000,129086517,15446,44900,182510,9000660,426912125,384290338,2293950184,186861,687500,129086517,16253,47000,163333,602,204,6952429703,0
1785579122.260488207,2302950844,129086517,2293950184,9000660,2294497714,23525,63000,129086517,15446,44900,182510,9000660,426915197,384293352,2293950184,186861,687500,129086517,16253,47000,163333,602,204,6952429703,0
1785579123.283435838,2302950844,129086517,2293950184,9000660,2294497714,23525,63000,129086517,15446,44900,182510,9000660,426918262,384296346,2293950184,186861,687500,129086517,16253,47000,163333,602,204,6952429703,0
1785579124.306327063,2302950844,129086517,2293950184,9000660,2294497714,23525,63000,129086517,15446,44900,182510,9000660,426921333,384299387,2293950184,186861,687500,129086517,16253,47000,163333,602,204,6952429703,0
1785579125.330203488,2302950844,129086517,2293950184,9000660,2294497714,23525,63000,129086517,15446,44900,182510,9000660,426924403,384302441,2293950184,186861,687500,129086517,16253,47000,163333,602,204,6952429703,0
1785579126.355778043,2302950844,129086517,2293950184,9000660,2294497714,23525,63000,129086517,15446,44900,182510,9000660,426927479,384305500,2293950184,186861,687500,129086517,16253,47000,163333,602,204,6952429703,0
1785579127.376415755,2302950844,129086517,2293950184,9000660,2294497714,23525,63000,129086517,15446,44900,182510,9000660,426930544,384308501,2293950184,186861,687500,129086517,16253,47000,163333,602,204,6952429703,0
1785579128.396914769,2302950844,129086517,2293950184,9000660,2294497714,23525,63000,129086517,15446,44900,182510,9000660,426933602,384311500,2293950184,186861,687500,129086517,16253,47000,163333,602,204,6952429703,0
1785579129.417935418,2302950844,129086517,2293950184,9000660,2294497714,23525,63000,129086517,15446,44900,182510,9000660,426936663,384314480,2293950184,186861,687500,129086517,16253,47000,163333,602,204,6952429703,0
1785579130.438845326,2302950844,129086517,2293950184,9000660,2294497714,23525,63000,129086517,15446,44900,182510,9000660,426939721,384317523,2293950184,186861,687500,129086517,16253,47000,163333,602,204,6952429703,0
1785579131.460202557,2302950844,129086517,2293950184,9000660,2294497714,23525,63000,129086517,15446,44900,182510,9000660,426942790,384320573,2293950184,186861,687500,129086517,16253,47000,163333,602,204,6952429703,0
1785579132.481335774,2306256846,129086517,2297256186,9000660,2297805162,23526,63100,129086517,15446,44900,182510,9000660,426945690,384322144,2297264892,186687,687400,129086517,16253,47000,163158,602,204,6953445224,0
1785579133.503497905,2311645274,129086517,2302644614,9000660,2303194212,23526,63100,129086517,15446,44900,182510,9000660,426948540,384322869,2302655392,186401,687100,129086517,16253,47000,162872,602,204,6955129875,0
1785579134.524449127,2317232166,129086517,2308231506,9000660,2308781877,23525,63100,129086517,15446,44900,182510,9000660,426951348,384323578,2308240664,186102,686800,129086517,16253,47000,162574,602,204,6956922053,0
1785579135.542756500,2322718288,129086517,2313717628,9000660,2314266658,23524,63200,129086517,15446,44900,182510,9000660,426954165,384324259,2313725070,185812,686500,129086517,16253,47000,162285,602,204,6958650191,0
1785579136.563474513,2328333836,129086517,2319333176,9000660,2319882991,23523,63200,129086517,15446,44900,182510,9000660,426956980,384324984,2319343340,185513,686300,129086517,16253,47000,161987,602,204,6960394347,0
1785579137.585160929,2333951795,129086517,2324951135,9000660,2325500664,23521,63200,129086517,15446,44900,182510,9000660,426959790,384325711,2324960722,185217,686000,129086517,16253,47000,161692,602,204,6962176798,0
1785579138.606127615,2339582874,129086517,2330582214,9000660,2331131573,23520,63300,129086517,15446,44900,182510,9000660,426962600,384326415,2330591842,184921,685700,129086517,16253,47000,161397,602,204,6963979163,0
1785579139.627710445,2345153990,129086517,2336153330,9000660,2336704321,23519,63300,129086517,15446,44900,182510,9000660,426965424,384327124,2336164545,184630,685400,129086517,16253,47000,161108,602,204,6965740224,0
1785579140.647313172,2350784845,129086517,2341784185,9000660,2342333686,23517,63300,129086517,15446,44900,182510,9000660,426968242,384327867,2341793484,184336,685200,129086517,16253,47000,160815,602,204,6967476007,0
1785579141.666815229,2356294298,129086517,2347293638,9000660,2347842761,23516,63300,129086517,15446,44900,182510,9000660,426971068,384328591,2347302245,184051,684900,129086517,16253,47000,160532,602,204,6969202107,0
1785579142.685900039,2361907471,129086517,2352906811,9000660,2353456297,23515,63400,129086517,15446,44900,182510,9000660,426973878,384329318,2352915048,183763,684600,129086517,16253,47000,160245,602,204,6971010562,0
1785579143.705085259,2367584736,129086517,2358584076,9000660,2359133108,23513,63400,129086517,15446,44900,182510,9000660,426976702,384330036,2358592137,183470,684400,129086517,16253,47000,159954,602,204,6972817057,0
1785579144.726135721,2373136865,129086517,2364136205,9000660,2364687923,23512,63400,129086517,15446,44900,182510,9000660,426979531,384330775,2364147655,183187,684100,129086517,16253,47000,159672,602,204,6974536828,0
1785579145.745983115,2378656649,129086517,2369655989,9000660,2370205452,23511,63500,129086517,15446,44900,182510,9000660,426982354,384331503,2369665103,182907,683800,129086517,16253,47000,159393,602,204,6976279588,0
1785579146.767935051,2383715191,129086517,2374714531,9000660,2375263782,23511,63500,129086517,15446,44900,182510,9000660,426985342,384332330,2374722506,182660,683600,129086517,16253,47000,159146,602,204,6977859518,0
1785579147.787428414,2389168204,129086517,2380167544,9000660,2380716238,23510,63500,129086517,15446,44900,182510,9000660,426988185,384333053,2380175801,182388,683300,129086517,16253,47000,158875,602,204,6979553572,0
1785579148.809237825,2394804359,129086517,2385803699,9000660,2386353997,23509,63600,129086517,15446,44900,182510,9000660,426991027,384333780,2385817063,182105,683100,129086517,16253,47000,158593,602,204,6981327394,0
1785579149.828075053,2400470155,129086517,2391469495,9000660,2392018919,23507,63600,129086517,15446,44900,182510,9000660,426993841,384334510,2391479008,181822,682800,129086517,16253,47000,158311,602,204,6983165589,0
1785579150.848687887,2406049571,129086517,2397048911,9000660,2397598483,23506,63600,129086517,15446,44900,182510,9000660,426996664,384335231,2397058239,181545,682500,129086517,16253,47000,158036,602,204,6984932990,0
1785579151.867873468,2411657520,129086517,2402656860,9000660,2403206303,23504,63600,129086517,15446,44900,182510,9000660,426999487,384335955,2402666373,181267,682300,129086517,16253,47000,157760,602,204,6986707060,0
1785579152.889161946,2417248313,129086517,2408247653,9000660,2408796506,23503,63700,129086517,15446,44900,182510,9000660,427002317,384336676,2408255474,180993,682000,129086517,16253,47000,157486,602,204,6988448769,0
1785579153.908337572,2422780601,129086517,2413779941,9000660,2414328756,23502,63700,129086517,15446,44900,182510,9000660,427005159,384337403,2413788202,180722,681800,129086517,16253,47000,157217,602,204,6990193230,0
1785579154.926232936,2428455332,129086517,2419454672,9000660,2420003428,23501,63700,129086517,15446,44900,182510,9000660,427007978,384338117,2419462574,180445,681500,129086517,16253,47000,156941,602,204,6992031999,0
1785579155.947227012,2434140367,129086517,2425139707,9000660,2425690080,23499,63700,129086517,15446,44900,182510,9000660,427010803,384338840,2425150485,180168,681200,129086517,16253,47000,156666,602,204,6993862848,0
1785579156.965671941,2439700086,129086517,2430699426,9000660,2431248548,23498,63800,129086517,15446,44900,182510,9000660,427013632,384339548,2430707703,179901,681000,129086517,16253,47000,156400,602,204,6995595673,0
1785579157.985693778,2445299456,129086517,2436298796,9000660,2436847697,23497,63800,129086517,15446,44900,182510,9000660,427016462,384340282,2436305806,179632,680700,129086517,16253,47000,156132,602,204,6997379547,0
1785579159.006108615,2450802499,129086517,2441801839,9000660,2442351093,23496,63800,129086517,15446,44900,182510,9000660,427019318,384340997,2441810644,179371,680500,129086517,16253,47000,155872,602,204,6999128822,0
1785579160.026023531,2456471878,129086517,2447471218,9000660,2448020504,23494,63900,129086517,15446,44900,182510,9000660,427022164,384341730,2447479997,179100,680200,129086517,16253,47000,155603,602,204,7000931072,0
1785579161.045859087,2462076005,129086517,2453075345,9000660,2453624219,23493,63900,129086517,15446,44900,182510,9000660,427024992,384342472,2453083313,178835,679900,129086517,16253,47000,155338,602,204,7002709325,0
1785579162.062557514,2466539774,129086517,2457539114,9000660,2458086644,23492,63900,129086517,15446,44900,182510,9000660,427027858,384343689,2457539114,178623,679700,129086517,16253,47000,155128,602,204,7004137394,0
1785579163.080952017,2466539774,129086517,2457539114,9000660,2458086644,23492,63900,129086517,15446,44900,182510,9000660,427030908,384346674,2457539114,178623,679700,129086517,16253,47000,155128,602,204,7004137394,0
1785579164.104303413,2466539774,129086517,2457539114,9000660,2458086644,23492,63900,129086517,15446,44900,182510,9000660,427033976,384349727,2457539114,178623,679700,129086517,16253,47000,155128,602,204,7004137394,0
1785579165.126705773,2466539774,129086517,2457539114,9000660,2458086644,23492,63900,129086517,15446,44900,182510,9000660,427037042,384352707,2457539114,178623,679700,129086517,16253,47000,155128,602,204,7004137394,0
1785579166.149135556,2466539774,129086517,2457539114,9000660,2458086644,23492,63900,129086517,15446,44900,182510,9000660,427040107,384355757,2457539114,178623,679700,129086517,16253,47000,155128,602,204,7004137394,0
1785579167.175545544,2466539774,129086517,2457539114,9000660,2458086644,23492,63900,129086517,15446,44900,182510,9000660,427043184,384358818,2457539114,178623,679700,129086517,16253,47000,155128,602,204,7004137394,0
1785579168.199302460,2466539774,129086517,2457539114,9000660,2458086644,23492,63900,129086517,15446,44900,182510,9000660,427046253,384361839,2457539114,178623,679700,129086517,16253,47000,155128,602,204,7004137394,0
1785579169.222812331,2466539774,129086517,2457539114,9000660,2458086644,23492,63900,129086517,15446,44900,182510,9000660,427049326,384364836,2457539114,178623,679700,129086517,16253,47000,155128,602,204,7004137394,0
1785579170.245646033,2466539774,129086517,2457539114,9000660,2458086644,23492,63900,129086517,15446,44900,182510,9000660,427052393,384367874,2457539114,178623,679700,129086517,16253,47000,155128,602,204,7004137394,0
1785579171.270455778,2466539774,129086517,2457539114,9000660,2458086644,23492,63900,129086517,15446,44900,182510,9000660,427055465,384370873,2457539114,178623,679700,129086517,16253,47000,155128,602,204,7004137394,0
1785579172.295139635,2466539774,129086517,2457539114,9000660,2458086644,23492,63900,129086517,15446,44900,182510,9000660,427058540,384373932,2457539114,178623,679700,129086517,16253,47000,155128,602,204,7004137394,0
1785579173.318813053,2466539774,129086517,2457539114,9000660,2458086644,23492,63900,129086517,15446,44900,182510,9000660,427061613,384376985,2457539114,178623,679700,129086517,16253,47000,155128,602,204,7004137394,0
1785579174.341265351,2466539774,129086517,2457539114,9000660,2458086644,23492,63900,129086517,15446,44900,182510,9000660,427064678,384379987,2457539114,178623,679700,129086517,16253,47000,155128,602,204,7004137394,0
1785579175.366384241,2466539774,129086517,2457539114,9000660,2458086644,23492,63900,129086517,15446,44900,182510,9000660,427067752,384383030,2457539114,178623,679700,129086517,16253,47000,155128,602,204,7004137394,0
1785579176.390059052,2466539774,129086517,2457539114,9000660,2458086644,23492,63900,129086517,15446,44900,182510,9000660,427070823,384386054,2457539114,178623,679700,129086517,16253,47000,155128,602,204,7004137394,0
1785579177.413579482,2466539774,129086517,2457539114,9000660,2458086644,23492,63900,129086517,15446,44900,182510,9000660,427073892,384389070,2457539114,178623,679700,129086517,16253,47000,155128,602,204,7004137394,0
1785579178.436834603,2466539774,129086517,2457539114,9000660,2458086644,23492,63900,129086517,15446,44900,182510,9000660,427076960,384392123,2457539114,178623,679700,129086517,16253,47000,155128,602,204,7004137394,0
1785579179.460217006,2466539774,129086517,2457539114,9000660,2458086644,23492,63900,129086517,15446,44900,182510,9000660,427080031,384395152,2457539114,178623,679700,129086517,16253,47000,155128,602,204,7004137394,0
1785579180.483284115,2466539774,129086517,2457539114,9000660,2458086644,23492,63900,129086517,15446,44900,182510,9000660,427083095,384398135,2457539114,178623,679700,129086517,16253,47000,155128,602,204,7004137394,0
1785579181.506243762,2466539774,129086517,2457539114,9000660,2458086644,23492,63900,129086517,15446,44900,182510,9000660,427086165,384401189,2457539114,178623,679700,129086517,16253,47000,155128,602,204,7004137394,0
1785579182.529040014,2466539774,129086517,2457539114,9000660,2458086644,23492,63900,129086517,15446,44900,182510,9000660,427089230,384404187,2457539114,178623,679700,129086517,16253,47000,155128,602,204,7004137394,0
1785579183.549267738,2466539774,129086517,2457539114,9000660,2458086644,23492,63900,129086517,15446,44900,182510,9000660,427092291,384407213,2457539114,178623,679700,129086517,16253,47000,155128,602,204,7004137394,0
1785579184.573558887,2466539774,129086517,2457539114,9000660,2458086644,23492,63900,129086517,15446,44900,182510,9000660,427095362,384410268,2457539114,178623,679700,129086517,16253,47000,155128,602,204,7004137394,0
1785579185.597844355,2466539774,129086517,2457539114,9000660,2458086644,23492,63900,129086517,15446,44900,182510,9000660,427098435,384413306,2457539114,178623,679700,129086517,16253,47000,155128,602,204,7004137394,0
1785579186.621802221,2466539774,129086517,2457539114,9000660,2458086644,23492,63900,129086517,15446,44900,182510,9000660,427101504,384416309,2457539114,178623,679700,129086517,16253,47000,155128,602,204,7004137394,0
1785579187.645484386,2466539774,129086517,2457539114,9000660,2458086644,23492,63900,129086517,15446,44900,182510,9000660,427104575,384419364,2457539114,178623,679700,129086517,16253,47000,155128,602,204,7004137394,0
1785579188.666915978,2468267387,129278507,2459266727,9000660,2459815897,23494,63900,129279142,15448,44900,182546,9000660,427107555,384421577,2459275756,178558,679700,129279937,16256,47000,155061,602,204,7004726507,0
1785579189.684447524,2473457891,129855223,2464457231,9000660,2465006646,23494,63900,129855757,15448,44900,182643,9000660,427110314,384422542,2464464758,178350,679500,129856421,16255,47000,154852,601,204,7006580016,0
1785579190.704507888,2478634104,130430358,2469633444,9000660,2470183114,23494,63900,130430941,15447,44900,182761,9000660,427113089,384423542,2469642209,178143,679300,130431784,16254,47000,154646,601,204,7008441677,0
1785579191.721393485,2483788311,131003052,2474787651,9000660,2475337714,23495,64000,131003607,15448,45000,182844,9000660,427115895,384424491,2474795473,177941,679100,131004335,16255,47000,154443,601,204,7010323377,0
1785579192.739549359,2488971701,131578982,2479971041,9000660,2480521369,23495,64000,131579542,15448,45000,182947,9000660,427118715,384425457,2479978951,177736,678800,131580243,16255,47000,154238,601,204,7012180843,0
1785579193.757099424,2494185678,132158314,2485185018,9000660,2485735906,23496,64000,132158885,15448,45000,183050,9000660,427121513,384426443,2485193005,177532,678600,132159562,16254,47100,154033,600,204,7014108684,0
1785579194.779967193,2499106141,132705032,2490105481,9000660,2490656164,23497,64000,132705492,15451,45000,183161,9000660,427124449,384427457,2490112143,177347,678400,132706078,16258,47100,153847,600,205,7015951737,0
1785579195.800297373,2504032874,133252444,2495032214,9000660,2495583764,23498,64000,133253063,15455,45000,183259,9000660,427127360,384428487,2495040805,177162,678300,133253854,16261,47100,153661,600,205,7017777736,0
1785579196.817896941,2509172968,133823568,2500172308,9000660,2500723908,23498,64000,133824178,15456,45100,183354,9000660,427130234,384429444,2500180611,176966,678000,133824884,16262,47100,153465,600,205,7019687169,0
1785579197.835129039,2514285311,134391610,2505284651,9000660,2505836039,23499,64000,134392040,15457,45100,183448,9000660,427133071,384430394,2505291056,176772,677800,134392672,16263,47200,153270,599,205,7021600720,0
1785579198.852931592,2519514316,134972606,2510513656,9000660,2511065633,23499,64100,134973123,15457,45100,183540,9000660,427135929,384431356,2510521247,176572,677600,134973871,16263,47200,153070,599,205,7023530207,0
1785579199.870280745,2524740162,135553256,2515739502,9000660,2516291978,23499,64100,135553825,15458,45100,183639,9000660,427138782,384432302,2515747147,176373,677400,135554495,16264,47200,152871,599,205,7025465773,0
1785579200.889006956,2529977877,136135226,2520977217,9000660,2521529976,23500,64100,136135640,15458,45100,183744,9000660,427141654,384433270,2520983385,176175,677200,136136315,16264,47200,152672,599,205,7027386894,0
1785579201.907160296,2535230894,136718889,2526230234,9000660,2526783026,23500,64100,136719373,15458,45100,183844,9000660,427144521,384434251,2526236910,175976,677000,136720048,16263,47200,152473,598,205,7029364666,0
1785579202.924927086,2540485822,137302774,2531485162,9000660,2532038935,23500,64100,137303383,15457,45200,183969,9000660,427147397,384435237,2531493407,175777,676800,137304037,16262,47200,152274,598,205,7031332857,0
1785579203.942235087,2545681207,137880041,2536680547,9000660,2537234436,23500,64100,137880635,15458,45200,184062,9000660,427150278,384436192,2536689228,175585,676600,137881467,16263,47200,152081,598,206,7033278526,0
1785579204.959250038,2550932733,138463536,2541932073,9000660,2542486023,23500,64100,138464085,15457,45200,184162,9000660,427153136,384437189,2541939815,175387,676400,138464788,16262,47300,151884,597,206,7035209437,0
1785579205.976178108,2556126720,139040649,2547126060,9000660,2547680546,23501,64200,139041277,15457,45200,184277,9000660,427156023,384438156,2547134795,175196,676200,139042151,16262,47300,151692,597,206,7037167016,0
1785579206.995454916,2561381025,139624468,2552380365,9000660,2552935106,23501,64200,139625110,15457,45200,184371,9000660,427158909,384439120,2552389733,175000,676000,139625884,16262,47300,151496,597,206,7039090442,0
1785579208.014817411,2566644233,140209268,2557643573,9000660,2558198643,23501,64200,140209894,15457,45200,184482,9000660,427161808,384440108,2557652453,174805,675800,140210658,16261,47300,151300,597,206,7041005177,0
1785579209.033368780,2571890210,140792149,2562889550,9000660,2563444690,23501,64200,140792644,15457,45300,184568,9000660,427164701,384441072,2562896284,174612,675600,140793248,16261,47300,151107,596,206,7042919856,0
1785579210.051479175,2577033150,141363590,2568032490,9000660,2568587772,23502,64200,141364050,15458,45300,184672,9000660,427167602,384442051,2568039632,174425,675400,141364767,16261,47300,150920,596,206,7044857352,0
1785579211.068927176,2582290906,141947781,2573290246,9000660,2573846093,23502,64200,141948305,15458,45300,184770,9000660,427170492,384443008,2573297523,174234,675200,141948925,16262,47400,150729,596,206,7046822504,0
1785579212.087052514,2587450170,142521030,2578449510,9000660,2579005617,23502,64200,142521583,15459,45300,184877,9000660,427173408,384443980,2578456860,174049,675000,142522215,16263,47400,150544,596,206,7048751639,0
1785579213.105321978,2592718064,143106351,2583717404,9000660,2584274052,23502,64200,143106899,15458,45300,184976,9000660,427176300,384444964,2583724862,173857,674800,143107568,16261,47400,150352,595,206,7050697997,0
1785579214.122967216,2597963289,143689154,2588962629,9000660,2589519293,23502,64200,143689710,15458,45300,185085,9000660,427179200,384445943,2588970842,173667,674600,143690392,16261,47400,150162,595,207,7052658713,0
1785579215.140206163,2603156951,144266230,2594156291,9000660,2594713319,23503,64300,144266750,15458,45300,185196,9000660,427182103,384446901,2594163557,173483,674400,144267422,16261,47400,149977,595,207,7054609227,0
1785579216.157701456,2608371477,144845628,2599370817,9000660,2599928398,23503,64300,144846217,15458,45400,185295,9000660,427185027,384447888,2599379501,173297,674200,144847034,16261,47400,149791,595,207,7056509627,0
1785579217.173628493,2613620652,145428865,2604619992,9000660,2605177469,23503,64300,145429354,15458,45400,185410,9000660,427187954,384448852,2604627176,173111,674000,145430036,16261,47400,149604,594,207,7058445804,0
1785579218.192914354,2618812375,146005723,2609811715,9000660,2610369710,23504,64300,146006254,15459,45400,185515,9000660,427190870,384449827,2609819265,172928,673800,146006942,16262,47500,149421,594,207,7060409476,0
1785579219.214891625,2619370722,146067761,2610370062,9000660,2610926634,23504,64300,146067761,15459,45400,185524,9000660,427193917,384452667,2610370062,172909,673800,146067761,16262,47500,149402,594,207,7060615812,0
1785579220.237156790,2619370722,146067761,2610370062,9000660,2610926634,23504,64300,146067761,15459,45400,185524,9000660,427196985,384455715,2610370062,172909,673800,146067761,16262,47500,149402,594,207,7060615812,0
1785579221.259950338,2619370722,146067761,2610370062,9000660,2610926634,23504,64300,146067761,15459,45400,185524,9000660,427200048,384458678,2610370062,172909,673800,146067761,16262,47500,149402,594,207,7060615812,0
1785579222.283720582,2619370722,146067761,2610370062,9000660,2610926634,23504,64300,146067761,15459,45400,185524,9000660,427203118,384461732,2610370062,172909,673800,146067761,16262,47500,149402,594,207,7060615812,0
1785579223.307035733,2619370722,146067761,2610370062,9000660,2610926634,23504,64300,146067761,15459,45400,185524,9000660,427206186,384464735,2610370062,172909,673800,146067761,16262,47500,149402,594,207,7060615812,0
1785579224.331102833,2619370722,146067761,2610370062,9000660,2610926634,23504,64300,146067761,15459,45400,185524,9000660,427209255,384467768,2610370062,172909,673800,146067761,16262,47500,149402,594,207,7060615812,0
1785579225.354142951,2619370722,146067761,2610370062,9000660,2610926634,23504,64300,146067761,15459,45400,185524,9000660,427212326,384470821,2610370062,172909,673800,146067761,16262,47500,149402,594,207,7060615812,0
1785579226.376354195,2619370722,146067761,2610370062,9000660,2610926634,23504,64300,146067761,15459,45400,185524,9000660,427215395,384473867,2610370062,172909,673800,146067761,16262,47500,149402,594,207,7060615812,0
1785579227.398373389,2619370722,146067761,2610370062,9000660,2610926634,23504,64300,146067761,15459,45400,185524,9000660,427218456,384476851,2610370062,172909,673800,146067761,16262,47500,149402,594,207,7060615812,0
1785579228.422025616,2619370722,146067761,2610370062,9000660,2610926634,23504,64300,146067761,15459,45400,185524,9000660,427221525,384479904,2610370062,172909,673800,146067761,16262,47500,149402,594,207,7060615812,0
1785579229.444893495,2619370722,146067761,2610370062,9000660,2610926634,23504,64300,146067761,15459,45400,185524,9000660,427224591,384482893,2610370062,172909,673800,146067761,16262,47500,149402,594,207,7060615812,0
1785579230.466373140,2619370722,146067761,2610370062,9000660,2610926634,23504,64300,146067761,15459,45400,185524,9000660,427227657,384485935,2610370062,172909,673800,146067761,16262,47500,149402,594,207,7060615812,0
1785579231.489644055,2619370722,146067761,2610370062,9000660,2610926634,23504,64300,146067761,15459,45400,185524,9000660,427230723,384488966,2610370062,172909,673800,146067761,16262,47500,149402,594,207,7060615812,0
1785579232.510854966,2619370722,146067761,2610370062,9000660,2610926634,23504,64300,146067761,15459,45400,185524,9000660,427233785,384491986,2610370062,172909,673800,146067761,16262,47500,149402,594,207,7060615812,0
1785579233.534110397,2619370722,146067761,2610370062,9000660,2610926634,23504,64300,146067761,15459,45400,185524,9000660,427236853,384494998,2610370062,172909,673800,146067761,16262,47500,149402,594,207,7060615812,0
1785579234.557419058,2619370722,146067761,2610370062,9000660,2610926634,23504,64300,146067761,15459,45400,185524,9000660,427239922,384498047,2610370062,172909,673800,146067761,16262,47500,149402,594,207,7060615812,0
1785579235.580859837,2619370722,146067761,2610370062,9000660,2610926634,23504,64300,146067761,15459,45400,185524,9000660,427242992,384501035,2610370062,172909,673800,146067761,16262,47500,149402,594,207,7060615812,0
1785579236.604889461,2619370722,146067761,2610370062,9000660,2610926634,23504,64300,146067761,15459,45400,185524,9000660,427246061,384504088,2610370062,172909,673800,146067761,16262,47500,149402,594,207,7060615812,0
1785579237.629175980,2619370722,146067761,2610370062,9000660,2610926634,23504,64300,146067761,15459,45400,185524,9000660,427249132,384507145,2610370062,172909,673800,146067761,16262,47500,149402,594,207,7060615812,0
1785579238.650748735,2619370722,146067761,2610370062,9000660,2610926634,23504,64300,146067761,15459,45400,185524,9000660,427252201,384510146,2610370062,172909,673800,146067761,16262,47500,149402,594,207,7060615812,0
1785579239.674464717,2619370722,146067761,2610370062,9000660,2610926634,23504,64300,146067761,15459,45400,185524,9000660,427255268,384513177,2610370062,172909,673800,146067761,16262,47500,149402,594,207,7060615812,0
1785579240.696354147,2619370722,146067761,2610370062,9000660,2610926634,23504,64300,146067761,15459,45400,185524,9000660,427258332,384516200,2610370062,172909,673800,146067761,16262,47500,149402,594,207,7060615812,0
1785579241.720116730,2619370722,146067761,2610370062,9000660,2610926634,23504,64300,146067761,15459,45400,185524,9000660,427261402,384519192,2610370062,172909,673800,146067761,16262,47500,149402,594,207,7060615812,0
1785579242.743516318,2619370722,146067761,2610370062,9000660,2610926634,23504,64300,146067761,15459,45400,185524,9000660,427264471,384522246,2610370062,172909,673800,146067761,16262,47500,149402,594,207,7060615812,0
1785579243.767944409,2619370722,146067761,2610370062,9000660,2610926634,23504,64300,146067761,15459,45400,185524,9000660,427267544,384525301,2610370062,172909,673800,146067761,16262,47500,149402,594,207,7060615812,0
1785579244.788584233,2620016865,146067761,2611016205,9000660,2611576151,23505,64300,146067761,15459,45400,185524,9000660,427270590,384527967,2611030056,172883,673700,146067761,16262,47500,149375,594,207,7060775805,0
1785579245.809126790,2627108818,146067761,2618108158,9000660,2618666887,23498,64300,146067761,15459,45400,185524,9000660,427273513,384528611,2618122697,172563,673500,146067761,16262,47500,149062,594,207,7062670404,0
1785579246.828826272,2634140057,146067761,2625139397,9000660,2625698148,23491,64300,146067761,15459,45400,185524,9000660,427276448,384529244,2625148969,172249,673200,146067761,16262,47500,148755,594,207,7064551765,0
1785579247.850125556,2641211333,146067761,2632210673,9000660,2632769461,23484,64300,146067761,15459,45400,185524,9000660,427279373,384529883,2632221829,171933,672900,146067761,16262,47500,148446,594,207,7066468724,0
1785579248.869323774,2648385912,146067761,2639385252,9000660,2639944237,23477,64300,146067761,15459,45400,185524,9000660,427282300,384530524,2639396869,171613,672600,146067761,16262,47500,148133,594,207,7068364951,0
1785579249.888986280,2655501696,146067761,2646501036,9000660,2647059887,23469,64300,146067761,15459,45400,185524,9000660,427285225,384531169,2646514127,171298,672300,146067761,16262,47500,147825,594,207,7070283818,0
1785579250.909340775,2662666815,146067761,2653666155,9000660,2654225267,23462,64300,146067761,15459,45400,185524,9000660,427288166,384531775,2653679097,170983,672100,146067761,16262,47500,147517,594,207,7072166611,0
1785579251.928223960,2669785213,146067761,2660784553,9000660,2661342792,23455,64300,146067761,15459,45400,185524,9000660,427291100,384532414,2660794867,170671,671800,146067761,16262,47500,147213,594,207,7074088258,0
1785579252.947585344,2676732076,146067761,2667731416,9000660,2668289936,23448,64300,146067761,15459,45400,185524,9000660,427294053,384533073,2667741711,170371,671500,146067761,16262,47500,146920,594,207,7075980527,0
1785579253.967656153,2683829495,146067761,2674828835,9000660,2675390731,23441,64300,146067761,15459,45400,185524,9000660,427296984,384533725,2674842472,170064,671200,146067761,16262,47500,146619,594,207,7077896608,0
1785579254.987404729,2691041104,146067761,2682040444,9000660,2682599742,23434,64300,146067761,15459,45400,185524,9000660,427299911,384534367,2682052668,169752,670900,146067761,16262,47500,146315,594,207,7079827703,0
1785579256.008627067,2698201393,146067761,2689200733,9000660,2689761803,23427,64300,146067761,15459,45400,185524,9000660,427302847,384535003,2689214330,169444,670700,146067761,16262,47500,146014,594,207,7081717410,0
1785579257.027689010,2705321146,146067761,2696320486,9000660,2696878802,23420,64300,146067761,15459,45400,185524,9000660,427305794,384535638,2696330125,169140,670400,146067761,16262,47500,145717,594,207,7083592909,0
1785579258.048548884,2712484829,146067761,2703484169,9000660,2704043356,23413,64300,146067761,15459,45400,185524,9000660,427308719,384536287,2703496804,168836,670100,146067761,16262,47500,145420,594,207,7085509989,0
1785579259.069049969,2719491363,146067761,2710490703,9000660,2711049383,23406,64300,146067761,15459,45400,185524,9000660,427311671,384536909,2710501102,168543,669900,146067761,16262,47500,145133,594,207,7087412602,0
1785579260.089856814,2726646295,146067761,2717645635,9000660,2718204828,23399,64300,146067761,15459,45400,185524,9000660,427314614,384537556,2717658189,168241,669600,146067761,16262,47500,144839,594,207,7089294730,0
1785579261.110678841,2733836338,146067761,2724835678,9000660,2725395393,23392,64300,146067761,15459,45400,185524,9000660,427317554,384538197,2724848719,167940,669300,146067761,16262,47500,144544,594,207,7091197298,0
1785579262.128936447,2740931689,146067761,2731931029,9000660,2732490005,23385,64300,146067761,15459,45400,185524,9000660,427320496,384538821,2731943485,167646,669000,146067761,16262,47500,144257,594,207,7093077601,0
1785579263.148930561,2748083239,146067761,2739082579,9000660,2739641284,23379,64300,146067761,15459,45400,185524,9000660,427323429,384539453,2739094180,167350,668800,146067761,16262,47500,143968,594,207,7094986802,0
1785579264.167846916,2755242666,146067761,2746242006,9000660,2746800784,23372,64300,146067761,15459,45400,185524,9000660,427326365,384540100,2746252818,167055,668500,146067761,16262,47500,143680,594,207,7096883588,0
1785579265.187881089,2762263968,146067761,2753263308,9000660,2753822294,23365,64300,146067761,15459,45400,185524,9000660,427329312,384540752,2753273992,166769,668200,146067761,16262,47500,143400,594,207,7098770281,0
1785579266.207141232,2769410317,146067761,2760409657,9000660,2760968762,23358,64300,146067761,15459,45400,185524,9000660,427332244,384541405,2760421997,166477,668000,146067761,16262,47500,143115,594,207,7100698311,0
1785579267.229507387,2776613995,146067761,2767613335,9000660,2768173030,23352,64300,146067761,15459,45400,185524,9000660,427335206,384542049,2767625046,166184,667700,146067761,16262,47500,142830,594,207,7102602072,0
1785579268.250335713,2783736274,146067761,2774735614,9000660,2775295485,23345,64300,146067761,15459,45400,185524,9000660,427338161,384542681,2774750041,165898,667400,146067761,16262,47500,142550,594,207,7104480740,0
1785579269.271288026,2790875391,146067761,2781874731,9000660,2782433898,23338,64300,146067761,15459,45400,185524,9000660,427341102,384543330,2781886785,165612,667200,146067761,16262,47500,142271,594,207,7106402496,0
1785579270.290248277,2798092972,146067761,2789092312,9000660,2789650849,23331,64300,146067761,15459,45400,185524,9000660,427344042,384543965,2789101674,165323,666900,146067761,16262,47500,141989,594,207,7108318216,0
1785579271.309158052,2805128606,146067761,2796127946,9000660,2796689516,23325,64300,146067761,15459,45400,185524,9000660,427346980,384544591,2796143059,165045,666600,146067761,16262,47500,141717,594,207,7110232488,0
1785579272.330561151,2812351488,146067761,2803350828,9000660,2803910154,23318,64300,146067761,15459,45400,185524,9000660,427349923,384545213,2803363697,164759,666400,146067761,16262,47500,141438,594,207,7112116740,0
1785579273.350934044,2819480751,146067761,2810480091,9000660,2811039131,23312,64300,146067761,15459,45400,185524,9000660,427352852,384545866,2810491994,164480,666100,146067761,16262,47500,141165,594,207,7114045344,0
1785579274.370858963,2826475889,146067761,2817475229,9000660,2818035231,23306,64300,146067761,15459,45400,185524,9000660,427355796,384546509,2817488948,164209,665900,146067761,16262,47500,140900,594,207,7115945992,0
1785579275.389384340,2828541279,146067761,2819540619,9000660,2820097191,23304,64300,146067761,15459,45400,185524,9000660,427358819,384548880,2819540619,164129,665800,146067761,16262,47500,140822,594,207,7116501733,0
1785579276.408803982,2828541279,146067761,2819540619,9000660,2820097191,23304,64300,146067761,15459,45400,185524,9000660,427361869,384551894,2819540619,164129,665800,146067761,16262,47500,140822,594,207,7116501733,0
1785579277.430488243,2828541279,146067761,2819540619,9000660,2820097191,23304,64300,146067761,15459,45400,185524,9000660,427364935,384554898,2819540619,164129,665800,146067761,16262,47500,140822,594,207,7116501733,0
1785579278.454765036,2828541279,146067761,2819540619,9000660,2820097191,23304,64300,146067761,15459,45400,185524,9000660,427368004,384557953,2819540619,164129,665800,146067761,16262,47500,140822,594,207,7116501733,0
1785579279.477328790,2828541279,146067761,2819540619,9000660,2820097191,23304,64300,146067761,15459,45400,185524,9000660,427371072,384560987,2819540619,164129,665800,146067761,16262,47500,140822,594,207,7116501733,0
1785579280.499892942,2828541279,146067761,2819540619,9000660,2820097191,23304,64300,146067761,15459,45400,185524,9000660,427374138,384563988,2819540619,164129,665800,146067761,16262,47500,140822,594,207,7116501733,0
1785579281.522394761,2828541279,146067761,2819540619,9000660,2820097191,23304,64300,146067761,15459,45400,185524,9000660,427377205,384567040,2819540619,164129,665800,146067761,16262,47500,140822,594,207,7116501733,0
1785579282.545499426,2828541279,146067761,2819540619,9000660,2820097191,23304,64300,146067761,15459,45400,185524,9000660,427380271,384570027,2819540619,164129,665800,146067761,16262,47500,140822,594,207,7116501733,0
1785579283.569363631,2828541279,146067761,2819540619,9000660,2820097191,23304,64300,146067761,15459,45400,185524,9000660,427383341,384573049,2819540619,164129,665800,146067761,16262,47500,140822,594,207,7116501733,0
1785579284.592556978,2828541279,146067761,2819540619,9000660,2820097191,23304,64300,146067761,15459,45400,185524,9000660,427386411,384576101,2819540619,164129,665800,146067761,16262,47500,140822,594,207,7116501733,0
1785579285.617014584,2828541279,146067761,2819540619,9000660,2820097191,23304,64300,146067761,15459,45400,185524,9000660,427389479,384579117,2819540619,164129,665800,146067761,16262,47500,140822,594,207,7116501733,0
1785579286.641353572,2828541279,146067761,2819540619,9000660,2820097191,23304,64300,146067761,15459,45400,185524,9000660,427392557,384582142,2819540619,164129,665800,146067761,16262,47500,140822,594,207,7116501733,0
1785579287.665410776,2828541279,146067761,2819540619,9000660,2820097191,23304,64300,146067761,15459,45400,185524,9000660,427395628,384585198,2819540619,164129,665800,146067761,16262,47500,140822,594,207,7116501733,0
1785579288.688653457,2828541279,146067761,2819540619,9000660,2820097191,23304,64300,146067761,15459,45400,185524,9000660,427398695,384588194,2819540619,164129,665800,146067761,16262,47500,140822,594,207,7116501733,0
1785579289.711309166,2828541279,146067761,2819540619,9000660,2820097191,23304,64300,146067761,15459,45400,185524,9000660,427401764,384591232,2819540619,164129,665800,146067761,16262,47500,140822,594,207,7116501733,0
1785579290.734953752,2828541279,146067761,2819540619,9000660,2820097191,23304,64300,146067761,15459,45400,185524,9000660,427404833,384594286,2819540619,164129,665800,146067761,16262,47500,140822,594,207,7116501733,0
1785579291.754511460,2828541279,146067761,2819540619,9000660,2820097191,23304,64300,146067761,15459,45400,185524,9000660,427407895,384597281,2819540619,164129,665800,146067761,16262,47500,140822,594,207,7116501733,0
1785579292.778344558,2828541279,146067761,2819540619,9000660,2820097191,23304,64300,146067761,15459,45400,185524,9000660,427410958,384600290,2819540619,164129,665800,146067761,16262,47500,140822,594,207,7116501733,0
1785579293.800024271,2828541279,146067761,2819540619,9000660,2820097191,23304,64300,146067761,15459,45400,185524,9000660,427414022,384603337,2819540619,164129,665800,146067761,16262,47500,140822,594,207,7116501733,0
1785579294.824555919,2828541279,146067761,2819540619,9000660,2820097191,23304,64300,146067761,15459,45400,185524,9000660,427417094,384606330,2819540619,164129,665800,146067761,16262,47500,140822,594,207,7116501733,0
1785579295.848356367,2828541279,146067761,2819540619,9000660,2820097191,23304,64300,146067761,15459,45400,185524,9000660,427420165,384609384,2819540619,164129,665800,146067761,16262,47500,140822,594,207,7116501733,0
1785579296.871634963,2828541279,146067761,2819540619,9000660,2820097191,23304,64300,146067761,15459,45400,185524,9000660,427423235,384612437,2819540619,164129,665800,146067761,16262,47500,140822,594,207,7116501733,0
1785579297.895289353,2828541279,146067761,2819540619,9000660,2820097191,23304,64300,146067761,15459,45400,185524,9000660,427426304,384615424,2819540619,164129,665800,146067761,16262,47500,140822,594,207,7116501733,0
1785579298.919780386,2828541279,146067761,2819540619,9000660,2820097191,23304,64300,146067761,15459,45400,185524,9000660,427429377,384618481,2819540619,164129,665800,146067761,16262,47500,140822,594,207,7116501733,0
1785579299.943417682,2828541279,146067761,2819540619,9000660,2820097191,23304,64300,146067761,15459,45400,185524,9000660,427432446,384621514,2819540619,164129,665800,146067761,16262,47500,140822,594,207,7116501733,0
1785579300.975335841,2828592570,146073496,2819591910,9000660,2820150090,23304,64300,146074101,15460,45400,185527,9000660,427435529,384624465,2819600314,164128,665800,146074823,16262,47500,140821,594,207,7116509824,0
1785579301.999055418,2833984513,146672595,2824983853,9000660,2825542202,23301,64400,146673132,15461,45400,185616,9000660,427438463,384625182,2824991672,163954,665600,146673837,16264,47500,140650,594,207,7118149251,0
1785579303.017147125,2839313946,147264755,2830313286,9000660,2830871411,23298,64400,147265208,15463,45500,185713,9000660,427441389,384625926,2830319870,163782,665500,147265817,16266,47500,140482,594,207,7119794102,0
1785579304.035679603,2844590688,147851060,2835590028,9000660,2836148996,23294,64400,147851645,15464,45500,185834,9000660,427444310,384626696,2835598587,163613,665300,147852453,16267,47600,140316,594,207,7121459340,0
1785579305.054899133,2849945380,148446026,2840944720,9000660,2841505522,23290,64400,148446963,15465,45500,185933,9000660,427447220,384627493,2840956093,163440,665100,148447681,16268,47600,140147,593,208,7123142160,0
1785579306.072562036,2855250670,149035506,2846250010,9000660,2846809236,23286,64400,149035955,15466,45600,186032,9000660,427450121,384628260,2846256113,163271,665000,149036507,16269,47600,139982,593,208,7124816298,0
1785579307.092350019,2860649785,149635410,2851649125,9000660,2852209628,23282,64400,149636055,15467,45600,186106,9000660,427453050,384629016,2851658472,163098,664800,149636887,16270,47700,139813,593,208,7126491337,0
1785579308.110392853,2866072105,150237886,2857071445,9000660,2857631370,23278,64400,150238346,15467,45600,186190,9000660,427455962,384629787,2857078280,162924,664700,150238980,16270,47700,139643,593,208,7128148972,0
1785579309.128210238,2871433002,150833542,2862432342,9000660,2862992581,23274,64400,150834057,15469,45700,186279,9000660,427458882,384630532,2862439881,162753,664500,150834692,16271,47700,139477,593,208,7129808828,0
1785579310.147565341,2876786242,151428345,2867785582,9000660,2868346502,23270,64400,151428961,15470,45700,186376,9000660,427461790,384631292,2867794603,162585,664300,151429799,16273,47800,139312,593,208,7131495059,0
1785579311.167379424,2882214432,152031478,2873213772,9000660,2873774425,23266,64400,152031987,15470,45700,186463,9000660,427464715,384632061,2873221285,162413,664200,152032756,16273,47800,139144,592,209,7133198153,0
1785579312.186145082,2887536401,152622806,2878535741,9000660,2879097006,23262,64400,152623458,15472,45800,186550,9000660,427467647,384632818,2878544858,162247,664000,152624322,16275,47800,138982,592,209,7134850658,0
1785579313.205374007,2892905226,153219337,2883904566,9000660,2884465867,23258,64400,153219913,15474,45800,186640,9000660,427470562,384633569,2883912935,162080,663900,153220705,16276,47900,138819,592,209,7136509521,0
1785579314.223448648,2898299604,153818720,2889298944,9000660,2889861052,23254,64400,153819352,15474,45800,186725,9000660,427473472,384634337,2889307681,161912,663700,153820111,16277,47900,138655,592,209,7138205273,0
1785579315.241665011,2903645326,154412690,2894644666,9000660,2895206557,23250,64400,154413215,15476,45800,186808,9000660,427476395,384635092,2894651965,161746,663600,154413837,16278,47900,138493,592,209,7139854218,0
1785579316.260184901,2909007932,155008533,2900007272,9000660,2900569204,23246,64500,155008999,15477,45900,186907,9000660,427479304,384635867,2900013775,161581,663400,155009616,16280,48000,138331,592,209,7141527557,0
1785579317.277345719,2914325154,155599335,2905324494,9000660,2905887449,23243,64500,155599999,15478,45900,187006,9000660,427482224,384636651,2905333383,161418,663300,155600747,16281,48000,138172,592,210,7143193482,0
1785579318.297227815,2919597152,156185112,2910596492,9000660,2911159641,23239,64500,156185851,15480,45900,187083,9000660,427485149,384637415,2910611160,161258,663100,156187288,16283,48000,138016,591,210,7144866489,0
1785579319.316719213,2925055181,156791560,2916054521,9000660,2916618263,23235,64500,156792338,15480,46000,187164,9000660,427488062,384638172,2916065527,161090,663000,156793286,16283,48000,137852,591,210,7146541200,0
1785579320.335104270,2930463651,157392502,2921462991,9000660,2922027277,23231,64500,157393122,15481,46000,187257,9000660,427490978,384638943,2921471524,160924,662800,157393883,16284,48100,137690,591,210,7148197787,0
1785579321.355342159,2935719568,157976492,2926718908,9000660,2927282344,23228,64500,157977054,15483,46000,187345,9000660,427493903,384639681,2926726807,160767,662700,157977719,16286,48100,137536,591,210,7149858136,0
1785579322.373438523,2941145776,158579406,2932145116,9000660,2932708902,23224,64500,158579990,15484,46000,187426,9000660,427496807,384640430,2932154596,160602,662500,158580937,16287,48100,137375,591,210,7151528687,0
1785579323.391842217,2946495970,159173872,2937495310,9000660,2938059682,23220,64500,159174507,15485,46100,187516,9000660,427499717,384641181,2937504236,160441,662400,159175341,16288,48200,137218,591,211,7153190914,0
1785579324.410951401,2951879170,159772005,2942878510,9000660,2943443708,23217,64500,159772771,15487,46100,187618,9000660,427502637,384641937,2942889202,160280,662200,159773737,16290,48200,137061,591,211,7154838114,0
1785579325.429000394,2957267129,160370662,2948266469,9000660,2948831526,23212,64500,160371329,15486,46100,187711,9000660,427505531,384642724,2948275314,160117,662100,160372080,16289,48200,136902,590,211,7156529955,0
1785579326.448169548,2962698234,160974126,2953697574,9000660,2954262158,23209,64500,160974643,15487,46100,187820,9000660,427508431,384643479,2953704575,159955,661900,160975229,16290,48200,136743,590,211,7158222434,0
1785579327.467181907,2968055813,161569406,2959055153,9000660,2959620463,23205,64500,161569972,15488,46200,187906,9000660,427511356,384644224,2959062844,159796,661800,161570596,16291,48300,136588,590,211,7159873662,0
1785579328.485290038,2973524116,162176997,2964523456,9000660,2965088826,23201,64500,162177496,15488,46200,187997,9000660,427514260,384644993,2964530921,159632,661600,162178241,16291,48300,136428,590,211,7161537392,0
1785579329.504025111,2978851409,162768922,2969850749,9000660,2970416402,23197,64500,162769395,15489,46200,188079,9000660,427517163,384645759,2969857484,159475,661500,162770042,16292,48300,136274,590,211,7163210140,0
1785579330.521545719,2984250154,163368779,2975249494,9000660,2975815434,23193,64500,163369301,15489,46200,188168,9000660,427520065,384646527,2975257140,159315,661300,163370002,16292,48400,136119,590,212,7164894049,0
1785579331.539294901,2986531429,163622250,2977530769,9000660,2978095405,23192,64500,163622250,15490,46300,188212,9000660,427523051,384648621,2977530769,159249,661200,163622250,16293,48400,136054,590,212,7165618957,0
1785579332.560456828,2986531429,163622250,2977530769,9000660,2978095405,23192,64500,163622250,15490,46300,188212,9000660,427526111,384651665,2977530769,159249,661200,163622250,16293,48400,136054,590,212,7165618957,0
1785579333.583763535,2986531429,163622250,2977530769,9000660,2978095405,23192,64500,163622250,15490,46300,188212,9000660,427529174,384654634,2977530769,159249,661200,163622250,16293,48400,136054,590,212,7165618957,0
1785579334.608410344,2986531429,163622250,2977530769,9000660,2978095405,23192,64500,163622250,15490,46300,188212,9000660,427532248,384657682,2977530769,159249,661200,163622250,16293,48400,136054,590,212,7165618957,0
1785579335.633004755,2986531429,163622250,2977530769,9000660,2978095405,23192,64500,163622250,15490,46300,188212,9000660,427535320,384660667,2977530769,159249,661200,163622250,16293,48400,136054,590,212,7165618957,0
1785579336.657427087,2986531429,163622250,2977530769,9000660,2978095405,23192,64500,163622250,15490,46300,188212,9000660,427538396,384663716,2977530769,159249,661200,163622250,16293,48400,136054,590,212,7165618957,0
1785579337.686987004,2986531429,163622250,2977530769,9000660,2978095405,23192,64500,163622250,15490,46300,188212,9000660,427541482,384666782,2977530769,159249,661200,163622250,16293,48400,136054,590,212,7165618957,0
1785579338.709645317,2986531429,163622250,2977530769,9000660,2978095405,23192,64500,163622250,15490,46300,188212,9000660,427544550,384669805,2977530769,159249,661200,163622250,16293,48400,136054,590,212,7165618957,0
1785579339.732699895,2986531429,163622250,2977530769,9000660,2978095405,23192,64500,163622250,15490,46300,188212,9000660,427547617,384672792,2977530769,159249,661200,163622250,16293,48400,136054,590,212,7165618957,0
1785579340.757494066,2986531429,163622250,2977530769,9000660,2978095405,23192,64500,163622250,15490,46300,188212,9000660,427550691,384675844,2977530769,159249,661200,163622250,16293,48400,136054,590,212,7165618957,0
1785579341.779152608,2986531429,163622250,2977530769,9000660,2978095405,23192,64500,163622250,15490,46300,188212,9000660,427553758,384678828,2977530769,159249,661200,163622250,16293,48400,136054,590,212,7165618957,0
1785579342.801079133,2986531429,163622250,2977530769,9000660,2978095405,23192,64500,163622250,15490,46300,188212,9000660,427556823,384681877,2977530769,159249,661200,163622250,16293,48400,136054,590,212,7165618957,0
1785579343.821984784,2986531429,163622250,2977530769,9000660,2978095405,23192,64500,163622250,15490,46300,188212,9000660,427559889,384684920,2977530769,159249,661200,163622250,16293,48400,136054,590,212,7165618957,0
1785579344.842430976,2986531429,163622250,2977530769,9000660,2978095405,23192,64500,163622250,15490,46300,188212,9000660,427562946,384687920,2977530769,159249,661200,163622250,16293,48400,136054,590,212,7165618957,0
1785579345.861757397,2986531429,163622250,2977530769,9000660,2978095405,23192,64500,163622250,15490,46300,188212,9000660,427566001,384690913,2977530769,159249,661200,163622250,16293,48400,136054,590,212,7165618957,0
1785579346.882048405,2986531429,163622250,2977530769,9000660,2978095405,23192,64500,163622250,15490,46300,188212,9000660,427569065,384693939,2977530769,159249,661200,163622250,16293,48400,136054,590,212,7165618957,0
1785579347.904463834,2986531429,163622250,2977530769,9000660,2978095405,23192,64500,163622250,15490,46300,188212,9000660,427572127,384696940,2977530769,159249,661200,163622250,16293,48400,136054,590,212,7165618957,0
1785579348.928815910,2986531429,163622250,2977530769,9000660,2978095405,23192,64500,163622250,15490,46300,188212,9000660,427575200,384699996,2977530769,159249,661200,163622250,16293,48400,136054,590,212,7165618957,0
1785579349.950795855,2986531429,163622250,2977530769,9000660,2978095405,23192,64500,163622250,15490,46300,188212,9000660,427578266,384703047,2977530769,159249,661200,163622250,16293,48400,136054,590,212,7165618957,0
1785579350.973449582,2986531429,163622250,2977530769,9000660,2978095405,23192,64500,163622250,15490,46300,188212,9000660,427581332,384706054,2977530769,159249,661200,163622250,16293,48400,136054,590,212,7165618957,0
1785579351.995222726,2986531429,163622250,2977530769,9000660,2978095405,23192,64500,163622250,15490,46300,188212,9000660,427584396,384709074,2977530769,159249,661200,163622250,16293,48400,136054,590,212,7165618957,0
1785579353.017361569,2986531429,163622250,2977530769,9000660,2978095405,23192,64500,163622250,15490,46300,188212,9000660,427587461,384712079,2977530769,159249,661200,163622250,16293,48400,136054,590,212,7165618957,0
1785579354.039730127,2986531429,163622250,2977530769,9000660,2978095405,23192,64500,163622250,15490,46300,188212,9000660,427590527,384715099,2977530769,159249,661200,163622250,16293,48400,136054,590,212,7165618957,0
1785579355.061353937,2986531429,163622250,2977530769,9000660,2978095405,23192,64500,163622250,15490,46300,188212,9000660,427593592,384718129,2977530769,159249,661200,163622250,16293,48400,136054,590,212,7165618957,0
1785579356.083801885,2986531429,163622250,2977530769,9000660,2978095405,23192,64500,163622250,15490,46300,188212,9000660,427596658,384721179,2977530769,159249,661200,163622250,16293,48400,136054,590,212,7165618957,0
1785579357.106698937,2986531429,163622250,2977530769,9000660,2978095405,23192,64500,163622250,15490,46300,188212,9000660,427599725,384724171,2977530769,159249,661200,163622250,16293,48400,136054,590,212,7165618957,0
1785579358.127149575,2992933813,163622250,2983933153,9000660,2984501245,23190,64600,163622250,15490,46300,188212,9000660,427602694,384725320,2983947189,159048,661000,163622250,16293,48400,135855,590,212,7168786362,0
1785579359.147241254,3001604796,163622250,2992604136,9000660,2993171373,23185,64500,163622250,15490,46300,188212,9000660,427605626,384725871,2992616792,158773,660800,163622250,16293,48400,135586,590,212,7173186118,0
1785579360.165745610,3010283829,163622250,3001283169,9000660,3001850210,23180,64500,163622250,15490,46300,188212,9000660,427608544,384726478,3001297287,158500,660500,163622250,16293,48400,135318,590,212,7177633440,0
1785579361.185480664,3019015253,163622250,3010014593,9000660,3010589265,23175,64500,163622250,15490,46300,188212,9000660,427611463,384727070,3010038211,158226,660200,163622250,16293,48400,135049,590,212,7182088398,0
1785579362.205751331,3027537555,163622250,3018536895,9000660,3019107758,23170,64500,163622250,15490,46300,188212,9000660,427614418,384727679,3018554975,157964,660000,163622250,16293,48400,134791,590,212,7186433872,0
1785579363.226629852,3036057742,163622250,3027057082,9000660,3027624669,23165,64500,163622250,15490,46300,188212,9000660,427617355,384728257,3027072396,157704,659700,163622250,16293,48400,134536,590,212,7190845402,0
1785579364.248745190,3044967053,163622250,3035966393,9000660,3036533272,23159,64500,163622250,15490,46300,188212,9000660,427620303,384728825,3035978288,157426,659500,163622250,16293,48400,134264,590,212,7195197180,0
1785579365.269863100,3053468059,163622250,3044467399,9000660,3045035376,23155,64500,163622250,15490,46300,188212,9000660,427623263,384729410,3044482488,157170,659200,163622250,16293,48400,134013,590,212,7199592882,0
1785579366.291476094,3062301037,163622250,3053300377,9000660,3053869141,23149,64500,163622250,15490,46300,188212,9000660,427626186,384729995,3053317496,156899,659000,163622250,16293,48400,133747,590,212,7204077458,0
1785579367.311240832,3071228761,163622250,3062228101,9000660,3062795542,23144,64500,163622250,15490,46300,188212,9000660,427629129,384730552,3062243527,156625,658700,163622250,16293,48400,133479,590,212,7208480055,0
1785579368.330369555,3079936968,163622250,3070936308,9000660,3071503783,23139,64500,163622250,15490,46300,188212,9000660,427632067,384731148,3070950829,156363,658400,163622250,16293,48400,133222,590,212,7212913899,0
1785579369.348754972,3088588468,163622250,3079587808,9000660,3080155083,23133,64500,163622250,15490,46300,188212,9000660,427635005,384731724,3079602947,156105,658200,163622250,16293,48400,132969,590,212,7217301619,0
1785579370.372562190,3097369426,163622250,3088368766,9000660,3088936977,23128,64500,163622250,15490,46300,188212,9000660,427637961,384732303,3088389232,155842,657900,163622250,16293,48400,132712,590,212,7221727896,0
1785579371.392919709,3106150483,163622250,3097149823,9000660,3097719344,23123,64500,163622250,15490,46300,188212,9000660,427640903,384732865,3097166943,155581,657700,163622250,16293,48400,132455,590,212,7226071869,0
1785579372.411955452,3114894062,163622250,3105893402,9000660,3106460634,23118,64400,163622250,15490,46300,188212,9000660,427643840,384733469,3105905843,155323,657400,163622250,16293,48400,132202,590,212,7230499774,0
1785579373.431504226,3123683975,163622250,3114683315,9000660,3115255340,23113,64400,163622250,15490,46300,188212,9000660,427646784,384734054,3114702561,155064,657200,163622250,16293,48400,131948,590,212,7234956400,0
1785579374.452825061,3132487399,163622250,3123486739,9000660,3124053524,23108,64400,163622250,15490,46300,188212,9000660,427649751,384734611,3123499536,154805,656900,163622250,16293,48400,131695,590,212,7239248383,0
1785579375.473895840,3141215163,163622250,3132214503,9000660,3132782218,23103,64400,163622250,15490,46300,188212,9000660,427652729,384735175,3132229628,154552,656700,163622250,16293,48400,131446,590,212,7243500398,0
1785579376.495948183,3149889563,163622250,3140888903,9000660,3141457064,23098,64400,163622250,15490,46300,188212,9000660,427655698,384735755,3140907738,154303,656400,163622250,16293,48400,131202,590,212,7247812951,0
1785579377.514822845,3158756509,163622250,3149755849,9000660,3150323411,23093,64400,163622250,15490,46300,188212,9000660,427658665,384736316,3149768670,154047,656200,163622250,16293,48400,130951,590,212,7252167065,0
1785579378.534793722,3167585504,163622250,3158584844,9000660,3159152552,23088,64400,163622250,15490,46300,188212,9000660,427661637,384736896,3158598787,153793,655900,163622250,16293,48400,130702,590,212,7256538235,0
1785579379.553349185,3176415780,163622250,3167415120,9000660,3167982206,23083,64400,163622250,15490,46300,188212,9000660,427664600,384737478,3167428503,153541,655700,163622250,16293,48400,130455,590,212,7260968270,0
1785579380.572513491,3184985245,163622250,3175984585,9000660,3176552176,23079,64400,163622250,15490,46300,188212,9000660,427667580,384738069,3175998002,153302,655400,163622250,16293,48400,130221,590,212,7265338657,0
1785579381.591175273,3193851597,163622250,3184850937,9000660,3185418244,23074,64400,163622250,15490,46300,188212,9000660,427670546,384738636,3184864907,153051,655200,163622250,16293,48400,129975,590,212,7269688400,0
1785579382.613559344,3202430179,163622250,3193429519,9000660,3193997331,23069,64400,163622250,15490,46300,188212,9000660,427673535,384739215,3193444281,152815,654900,163622250,16293,48400,129743,590,212,7274132611,0
1785579383.633260898,3211126764,163622250,3202126104,9000660,3202693211,23065,64300,163622250,15490,46300,188212,9000660,427676515,384739789,3202140590,152575,654700,163622250,16293,48400,129508,590,212,7278468871,0
1785579384.652615890,3219772126,163622250,3210771466,9000660,3211338769,23060,64300,163622250,15490,46300,188212,9000660,427679493,384740406,3210785757,152338,654400,163622250,16293,48400,129275,590,212,7282919585,0
1785579385.673535993,3228329048,163622250,3219328388,9000660,3219896101,23056,64300,163622250,15490,46300,188212,9000660,427682477,384741022,3219344678,152107,654200,163622250,16293,48400,129049,590,212,7287372258,0
1785579386.692794661,3236930065,163622250,3227929405,9000660,3228496663,23052,64300,163622250,15490,46300,188212,9000660,427685472,384741599,3227943765,151875,654000,163622250,16293,48400,128820,590,212,7291687503,0
1785579387.710350703,3242823353,163622250,3233822693,9000660,3234387329,23049,64300,163622250,15490,46300,188212,9000660,427688481,384743010,3233822693,151713,653800,163622250,16293,48400,128662,590,212,7294559549,0
1785579388.733170859,3242823353,163622250,3233822693,9000660,3234387329,23049,64300,163622250,15490,46300,188212,9000660,427691545,384746013,3233822693,151713,653800,163622250,16293,48400,128662,590,212,7294559549,0
1785579389.756165266,3242823353,163622250,3233822693,9000660,3234387329,23049,64300,163622250,15490,46300,188212,9000660,427694613,384749044,3233822693,151713,653800,163622250,16293,48400,128662,590,212,7294559549,0
1785579390.780373777,3242823353,163622250,3233822693,9000660,3234387329,23049,64300,163622250,15490,46300,188212,9000660,427697685,384752099,3233822693,151713,653800,163622250,16293,48400,128662,590,212,7294559549,0
1785579391.803312762,3242823353,163622250,3233822693,9000660,3234387329,23049,64300,163622250,15490,46300,188212,9000660,427700754,384755128,3233822693,151713,653800,163622250,16293,48400,128662,590,212,7294559549,0
1785579392.825928901,3242823353,163622250,3233822693,9000660,3234387329,23049,64300,163622250,15490,46300,188212,9000660,427703822,384758131,3233822693,151713,653800,163622250,16293,48400,128662,590,212,7294559549,0
1785579393.849681818,3242823353,163622250,3233822693,9000660,3234387329,23049,64300,163622250,15490,46300,188212,9000660,427706892,384761185,3233822693,151713,653800,163622250,16293,48400,128662,590,212,7294559549,0
1785579394.872466189,3242823353,163622250,3233822693,9000660,3234387329,23049,64300,163622250,15490,46300,188212,9000660,427709959,384764172,3233822693,151713,653800,163622250,16293,48400,128662,590,212,7294559549,0
1785579395.897112658,3242823353,163622250,3233822693,9000660,3234387329,23049,64300,163622250,15490,46300,188212,9000660,427713032,384767199,3233822693,151713,653800,163622250,16293,48400,128662,590,212,7294559549,0
1785579396.921160567,3242823353,163622250,3233822693,9000660,3234387329,23049,64300,163622250,15490,46300,188212,9000660,427716104,384770253,3233822693,151713,653800,163622250,16293,48400,128662,590,212,7294559549,0
1785579397.944297429,3242823353,163622250,3233822693,9000660,3234387329,23049,64300,163622250,15490,46300,188212,9000660,427719173,384773267,3233822693,151713,653800,163622250,16293,48400,128662,590,212,7294559549,0
1785579398.968465078,3242823353,163622250,3233822693,9000660,3234387329,23049,64300,163622250,15490,46300,188212,9000660,427722244,384776292,3233822693,151713,653800,163622250,16293,48400,128662,590,212,7294559549,0
1785579399.992035721,3242823353,163622250,3233822693,9000660,3234387329,23049,64300,163622250,15490,46300,188212,9000660,427725314,384779343,3233822693,151713,653800,163622250,16293,48400,128662,590,212,7294559549,0
1785579401.014673332,3242823353,163622250,3233822693,9000660,3234387329,23049,64300,163622250,15490,46300,188212,9000660,427728381,384782329,3233822693,151713,653800,163622250,16293,48400,128662,590,212,7294559549,0
1785579402.038396514,3242823353,163622250,3233822693,9000660,3234387329,23049,64300,163622250,15490,46300,188212,9000660,427731450,384785383,3233822693,151713,653800,163622250,16293,48400,128662,590,212,7294559549,0
1785579403.061907597,3242823353,163622250,3233822693,9000660,3234387329,23049,64300,163622250,15490,46300,188212,9000660,427734521,384788437,3233822693,151713,653800,163622250,16293,48400,128662,590,212,7294559549,0
1785579404.085924971,3242823353,163622250,3233822693,9000660,3234387329,23049,64300,163622250,15490,46300,188212,9000660,427737589,384791435,3233822693,151713,653800,163622250,16293,48400,128662,590,212,7294559549,0
1785579405.109758128,3242823353,163622250,3233822693,9000660,3234387329,23049,64300,163622250,15490,46300,188212,9000660,427740661,384794475,3233822693,151713,653800,163622250,16293,48400,128662,590,212,7294559549,0
1785579406.132653036,3242823353,163622250,3233822693,9000660,3234387329,23049,64300,163622250,15490,46300,188212,9000660,427743729,384797477,3233822693,151713,653800,163622250,16293,48400,128662,590,212,7294559549,0
1785579407.156947186,3242823353,163622250,3233822693,9000660,3234387329,23049,64300,163622250,15490,46300,188212,9000660,427746798,384800489,3233822693,151713,653800,163622250,16293,48400,128662,590,212,7294559549,0
1785579408.181318650,3242823353,163622250,3233822693,9000660,3234387329,23049,64300,163622250,15490,46300,188212,9000660,427749870,384803544,3233822693,151713,653800,163622250,16293,48400,128662,590,212,7294559549,0
1785579409.203653097,3242823353,163622250,3233822693,9000660,3234387329,23049,64300,163622250,15490,46300,188212,9000660,427752938,384806593,3233822693,151713,653800,163622250,16293,48400,128662,590,212,7294559549,0
1785579410.225744879,3242823353,163622250,3233822693,9000660,3234387329,23049,64300,163622250,15490,46300,188212,9000660,427756002,384809573,3233822693,151713,653800,163622250,16293,48400,128662,590,212,7294559549,0
1785579411.249409071,3242823353,163622250,3233822693,9000660,3234387329,23049,64300,163622250,15490,46300,188212,9000660,427759072,384812627,3233822693,151713,653800,163622250,16293,48400,128662,590,212,7294559549,0
1785579412.269269935,3242823353,163622250,3233822693,9000660,3234387329,23049,64300,163622250,15490,46300,188212,9000660,427762131,384815621,3233822693,151713,653800,163622250,16293,48400,128662,590,212,7294559549,0
1785579413.292384172,3242823353,163622250,3233822693,9000660,3234387329,23049,64300,163622250,15490,46300,188212,9000660,427765199,384818653,3233822693,151713,653800,163622250,16293,48400,128662,590,212,7294559549,0
1785579414.315505829,3242823353,163622250,3233822693,9000660,3234387329,23049,64300,163622250,15490,46300,188212,9000660,427768267,384821706,3233822693,151713,653800,163622250,16293,48400,128662,590,212,7294559549,0
1785579415.338535682,3242823353,163622250,3233822693,9000660,3234387329,23049,64300,163622250,15490,46300,188212,9000660,427771336,384824743,3233822693,151713,653800,163622250,16293,48400,128662,590,212,7294559549,0
1785579416.361657039,3242823353,163622250,3233822693,9000660,3234387329,23049,64300,163622250,15490,46300,188212,9000660,427774403,384827720,3233822693,151713,653800,163622250,16293,48400,128662,590,212,7294559549,0
1785579417.385399600,3242823353,163622250,3233822693,9000660,3234387329,23049,64300,163622250,15490,46300,188212,9000660,427777472,384830774,3233822693,151713,653800,163622250,16293,48400,128662,590,212,7294559549,0
1785579418.408171262,3242823353,163622250,3233822693,9000660,3234387329,23049,64300,163622250,15490,46300,188212,9000660,427780539,384833757,3233822693,151713,653800,163622250,16293,48400,128662,590,212,7294559549,0
1785579419.430898019,3242823353,163622250,3233822693,9000660,3234387329,23049,64300,163622250,15490,46300,188212,9000660,427783606,384836808,3233822693,151713,653800,163622250,16293,48400,128662,590,212,7294559549,0
1785579420.453403242,3242823353,163622250,3233822693,9000660,3234387329,23049,64300,163622250,15490,46300,188212,9000660,427786673,384839859,3233822693,151713,653800,163622250,16293,48400,128662,590,212,7294559549,0
1785579421.474530586,3242823353,163622250,3233822693,9000660,3234387329,23049,64300,163622250,15490,46300,188212,9000660,427789733,384842871,3233822693,151713,653800,163622250,16293,48400,128662,590,212,7294559549,0
1785579422.499497764,3242823353,163622250,3233822693,9000660,3234387329,23049,64300,163622250,15490,46300,188212,9000660,427792810,384845890,3233822693,151713,653800,163622250,16293,48400,128662,590,212,7294559549,0
1785579423.523710191,3242823353,163622250,3233822693,9000660,3234387329,23049,64300,163622250,15490,46300,188212,9000660,427795882,384848940,3233822693,151713,653800,163622250,16293,48400,128662,590,212,7294559549,0
1785579424.546887904,3242823353,163622250,3233822693,9000660,3234387329,23049,64300,163622250,15490,46300,188212,9000660,427798949,384851929,3233822693,151713,653800,163622250,16293,48400,128662,590,212,7294559549,0
1785579425.570455412,3242823353,163622250,3233822693,9000660,3234387329,23049,64300,163622250,15490,46300,188212,9000660,427802021,384854983,3233822693,151713,653800,163622250,16293,48400,128662,590,212,7294559549,0
1785579426.593218802,3242823353,163622250,3233822693,9000660,3234387329,23049,64300,163622250,15490,46300,188212,9000660,427805089,384858011,3233822693,151713,653800,163622250,16293,48400,128662,590,212,7294559549,0
1785579427.617341413,3242823353,163622250,3233822693,9000660,3234387329,23049,64300,163622250,15490,46300,188212,9000660,427808160,384861013,3233822693,151713,653800,163622250,16293,48400,128662,590,212,7294559549,0
1785579428.640561470,3242823353,163622250,3233822693,9000660,3234387329,23049,64300,163622250,15490,46300,188212,9000660,427811230,384864048,3233822693,151713,653800,163622250,16293,48400,128662,590,212,7294559549,0
1785579429.663899513,3242823353,163622250,3233822693,9000660,3234387329,23049,64300,163622250,15490,46300,188212,9000660,427814298,384867072,3233822693,151713,653800,163622250,16293,48400,128662,590,212,7294559549,0
1785579430.687897858,3242823353,163622250,3233822693,9000660,3234387329,23049,64300,163622250,15490,46300,188212,9000660,427817366,384870083,3233822693,151713,653800,163622250,16293,48400,128662,590,212,7294559549,0
1785579431.711849432,3242823353,163622250,3233822693,9000660,3234387329,23049,64300,163622250,15490,46300,188212,9000660,427820439,384873138,3233822693,151713,653800,163622250,16293,48400,128662,590,212,7294559549,0
1785579432.735583891,3242823353,163622250,3233822693,9000660,3234387329,23049,64300,163622250,15490,46300,188212,9000660,427823509,384876193,3233822693,151713,653800,163622250,16293,48400,128662,590,212,7294559549,0
1785579433.759300012,3242823353,163622250,3233822693,9000660,3234387329,23049,64300,163622250,15490,46300,188212,9000660,427826576,384879176,3233822693,151713,653800,163622250,16293,48400,128662,590,212,7294559549,0
1785579434.783076604,3242823353,163622250,3233822693,9000660,3234387329,23049,64300,163622250,15490,46300,188212,9000660,427829648,384882231,3233822693,151713,653800,163622250,16293,48400,128662,590,212,7294559549,0
1785579435.803794933,3242823353,163622250,3233822693,9000660,3234387329,23049,64300,163622250,15490,46300,188212,9000660,427832709,384885231,3233822693,151713,653800,163622250,16293,48400,128662,590,212,7294559549,0
1785579436.826930543,3242823353,163622250,3233822693,9000660,3234387329,23049,64300,163622250,15490,46300,188212,9000660,427835776,384888238,3233822693,151713,653800,163622250,16293,48400,128662,590,212,7294559549,0
1785579437.850099422,3242823353,163622250,3233822693,9000660,3234387329,23049,64300,163622250,15490,46300,188212,9000660,427838846,384891290,3233822693,151713,653800,163622250,16293,48400,128662,590,212,7294559549,0
1785579438.873720830,3242823353,163622250,3233822693,9000660,3234387329,23049,64300,163622250,15490,46300,188212,9000660,427841914,384894331,3233822693,151713,653800,163622250,16293,48400,128662,590,212,7294559549,0
1785579439.902373343,3245196089,163622250,3236195429,9000660,3236761327,23052,64300,163622250,15490,46300,188212,9000660,427844998,384896654,3236215339,151833,654300,163622250,16293,48400,128778,590,212,7307299357,0
1785579440.928445772,3257468879,163622250,3248468219,9000660,3249035310,23059,64300,163622250,15490,46300,188212,9000660,427848074,384896661,3248486611,152175,654000,163622250,16293,48400,129114,590,212,7371506434,0
1785579441.954676610,3269332657,163622250,3260331997,9000660,3260898809,23068,64300,163622250,15490,46300,188212,9000660,427851151,384896668,3260352284,152544,654100,163622250,16293,48400,129475,590,212,7433658597,0
1785579442.980265923,3281433087,163622250,3272432427,9000660,3272999751,23075,64300,163622250,15490,46300,188212,9000660,427854224,384896674,3272452111,152887,653900,163622250,16293,48400,129810,590,212,7496544374,0
1785579444.002059948,3293709861,163622250,3284709201,9000660,3285275812,23081,64300,163622250,15490,46300,188212,9000660,427857290,384896675,3284726265,153219,653600,163622250,16293,48400,130136,590,212,7560274902,0
1785579445.025703169,3305680177,163622250,3296679517,9000660,3297245728,23089,64300,163622250,15490,46300,188212,9000660,427860358,384896679,3296697338,153559,653300,163622250,16293,48400,130468,590,212,7622300281,0
1785579446.047321991,3317407993,163622250,3308407333,9000660,3308975445,23098,64300,163622250,15490,46300,188212,9000660,427863422,384896683,3308427356,153906,653100,163622250,16293,48400,130806,590,212,7682940583,0
1785579447.076083879,3329425911,163622250,3320425251,9000660,3320992583,23107,64300,163622250,15490,46300,188212,9000660,427866508,384896701,3320443780,154259,653100,163622250,16293,48400,131150,590,212,7745898940,0
1785579448.098710274,3341128152,163622250,3332127492,9000660,3332694587,23116,64300,163622250,15490,46300,188212,9000660,427869574,384896722,3332146065,154624,653500,163622250,16293,48400,131505,590,212,7807558816,0
1785579449.124953499,3353342505,163622250,3344341845,9000660,3344909258,23123,64300,163622250,15490,46300,188212,9000660,427872649,384896727,3344361546,154952,653300,163622250,16293,48400,131827,590,212,7871234262,0
1785579450.150326127,3365566141,163622250,3356565481,9000660,3357131920,23130,64300,163622250,15490,46300,188212,9000660,427875727,384896731,3356584758,155278,653100,163622250,16293,48400,132146,590,212,7934794329,0
1785579451.179101846,3377762106,163622250,3368761446,9000660,3369327467,23136,64300,163622250,15490,46300,188212,9000660,427878813,384896734,3368779414,155606,652900,163622250,16293,48400,132468,590,212,7998198867,0
1785579452.201984284,3389501869,163622250,3380501209,9000660,3381068023,23145,64300,163622250,15490,46300,188212,9000660,427881874,384896754,3380519266,155951,653000,163622250,16293,48400,132804,590,212,8059430163,0
1785579453.223316034,3401687218,163622250,3392686558,9000660,3393252733,23152,64300,163622250,15490,46300,188212,9000660,427884942,384896755,3392699703,156269,652800,163622250,16293,48400,133115,590,212,8122709852,0
1785579454.245582038,3413593938,163622250,3404593278,9000660,3405161267,23160,64300,163622250,15490,46300,188212,9000660,427888006,384896763,3404616106,156592,652600,163622250,16293,48400,133430,590,212,8184419119,0
1785579455.276132992,3425855031,163622250,3416854371,9000660,3417421628,23166,64300,163622250,15490,46300,188212,9000660,427891087,384896764,3416874399,156899,652400,163622250,16293,48400,133731,590,212,8247903880,0
1785579456.300119619,3438134098,163622250,3429133438,9000660,3429700652,23172,64200,163622250,15490,46300,188212,9000660,427894166,384896770,3429153970,157201,652000,163622250,16293,48400,134027,590,212,8311394348,0
1785579457.320098137,3450059532,163622250,3441058872,9000660,3441624641,23179,64200,163622250,15490,46300,188212,9000660,427897224,384896774,3441075039,157517,651900,163622250,16293,48400,134335,590,212,8373212733,0
1785579458.343338954,3462004868,163622250,3453004208,9000660,3453570719,23186,64200,163622250,15490,46300,188212,9000660,427900291,384896790,3453023389,157829,651800,163622250,16293,48400,134641,590,212,8435096758,0
1785579459.368529289,3473913259,163622250,3464912599,9000660,3465478983,23194,64200,163622250,15490,46300,188212,9000660,427903368,384896801,3464930346,158155,651800,163622250,16293,48400,134959,590,212,8497410872,0
1785579460.391012868,3485766765,163622250,3476766105,9000660,3477332609,23202,64200,163622250,15490,46300,188212,9000660,427906435,384896815,3476782917,158487,652000,163622250,16293,48400,135283,590,212,8559641272,0
1785579461.415664745,3497962031,163622250,3488961371,9000660,3489527868,23208,64200,163622250,15490,46300,188212,9000660,427909506,384896815,3488979386,158787,651800,163622250,16293,48400,135578,590,212,8623230680,0
1785579462.438224299,3510143053,163622250,3501142393,9000660,3501709109,23213,64200,163622250,15490,46300,188212,9000660,427912574,384896823,3501160218,159079,651500,163622250,16293,48400,135865,590,212,8686210204,0
1785579463.459754397,3522159482,163622250,3513158822,9000660,3513725375,23219,64200,163622250,15490,46300,188212,9000660,427915636,384896836,3513175872,159377,651300,163622250,16293,48400,136155,590,212,8748359401,0
1785579464.486059295,3534174780,163622250,3525174120,9000660,3525741058,23227,64200,163622250,15490,46300,188212,9000660,427918713,384896846,3525192822,159689,651300,163622250,16293,48400,136460,590,212,8811353010,0
1785579465.516528996,3546269292,163622250,3537268632,9000660,3537836079,23234,64200,163622250,15490,46300,188212,9000660,427921801,384896853,3537289412,159988,651200,163622250,16293,48400,136752,590,212,8873963058,0
1785579466.538477142,3558259551,163622250,3549258891,9000660,3549825995,23241,64200,163622250,15490,46300,188212,9000660,427924866,384896859,3549277925,160289,651000,163622250,16293,48400,137046,590,212,8936374261,0
1785579467.569760386,3570318534,163622250,3561317874,9000660,3561885492,23248,64200,163622250,15490,46300,188212,9000660,427927956,384896871,3561337822,160590,650900,163622250,16293,48400,137340,590,212,8999033211,0
1785579468.591764426,3582468837,163622250,3573468177,9000660,3574035235,23255,64200,163622250,15490,46300,188212,9000660,427931024,384896871,3573487536,160877,650700,163622250,16293,48400,137620,590,212,9062176103,0
1785579469.616750684,3594427931,163622250,3585427271,9000660,3585994797,23262,64200,163622250,15490,46300,188212,9000660,427934097,384896881,3585446405,161172,650600,163622250,16293,48400,137908,590,212,9124166851,0
1785579470.638414642,3595094559,163622250,3586093899,9000660,3586658535,23262,64200,163622250,15490,46300,188212,9000660,427937162,384899767,3586093899,161188,650600,163622250,16293,48400,137923,590,212,9127583408,0
1785579471.661532494,3595094559,163622250,3586093899,9000660,3586658535,23262,64200,163622250,15490,46300,188212,9000660,427940231,384902768,3586093899,161188,650600,163622250,16293,48400,137923,590,212,9127583408,0
1785579472.685800615,3595094559,163622250,3586093899,9000660,3586658535,23262,64200,163622250,15490,46300,188212,9000660,427943303,384905807,3586093899,161188,650600,163622250,16293,48400,137923,590,212,9127583408,0
1785579473.709798648,3595094559,163622250,3586093899,9000660,3586658535,23262,64200,163622250,15490,46300,188212,9000660,427946375,384908863,3586093899,161188,650600,163622250,16293,48400,137923,590,212,9127583408,0
1785579474.733328489,3595094559,163622250,3586093899,9000660,3586658535,23262,64200,163622250,15490,46300,188212,9000660,427949445,384911917,3586093899,161188,650600,163622250,16293,48400,137923,590,212,9127583408,0
1785579475.756375105,3595094559,163622250,3586093899,9000660,3586658535,23262,64200,163622250,15490,46300,188212,9000660,427952512,384914901,3586093899,161188,650600,163622250,16293,48400,137923,590,212,9127583408,0
1785579476.778828509,3595094559,163622250,3586093899,9000660,3586658535,23262,64200,163622250,15490,46300,188212,9000660,427955581,384917955,3586093899,161188,650600,163622250,16293,48400,137923,590,212,9127583408,0
1785579477.800651637,3595094559,163622250,3586093899,9000660,3586658535,23262,64200,163622250,15490,46300,188212,9000660,427958641,384920910,3586093899,161188,650600,163622250,16293,48400,137923,590,212,9127583408,0
1785579478.822019893,3595094559,163622250,3586093899,9000660,3586658535,23262,64200,163622250,15490,46300,188212,9000660,427961703,384923958,3586093899,161188,650600,163622250,16293,48400,137923,590,212,9127583408,0
1785579479.845862432,3595094559,163622250,3586093899,9000660,3586658535,23262,64200,163622250,15490,46300,188212,9000660,427964776,384927013,3586093899,161188,650600,163622250,16293,48400,137923,590,212,9127583408,0
1785579480.871437735,3595094559,163622250,3586093899,9000660,3586658535,23262,64200,163622250,15490,46300,188212,9000660,427967851,384930055,3586093899,161188,650600,163622250,16293,48400,137923,590,212,9127583408,0
1785579481.896088889,3595094559,163622250,3586093899,9000660,3586658535,23262,64200,163622250,15490,46300,188212,9000660,427970925,384933058,3586093899,161188,650600,163622250,16293,48400,137923,590,212,9127583408,0
1785579482.918934834,3595094559,163622250,3586093899,9000660,3586658535,23262,64200,163622250,15490,46300,188212,9000660,427973992,384936095,3586093899,161188,650600,163622250,16293,48400,137923,590,212,9127583408,0
1785579483.942228139,3595094559,163622250,3586093899,9000660,3586658535,23262,64200,163622250,15490,46300,188212,9000660,427977062,384939093,3586093899,161188,650600,163622250,16293,48400,137923,590,212,9127583408,0
1785579484.963112989,3596143986,163622250,3587143326,9000660,3587709360,23263,64200,163622250,15490,46300,188212,9000660,427980081,384941618,3587151381,161158,650500,163622250,16293,48400,137893,590,212,9127731026,0
1785579485.981765416,3601209393,163622250,3592208733,9000660,3592776278,23258,64200,163622250,15490,46300,188212,9000660,427982880,384942676,3592217751,160998,650400,163622250,16293,48400,137737,590,212,9128450214,0
1785579487.000207717,3606232912,163622250,3597232252,9000660,3597798668,23254,64200,163622250,15490,46300,188212,9000660,427985684,384943720,3597241164,160840,650200,163622250,16293,48400,137584,590,212,9129161958,0
1785579488.016825098,3611277325,163622250,3602276665,9000660,3602842663,23249,64200,163622250,15490,46300,188212,9000660,427988512,384944764,3602283731,160682,650100,163622250,16293,48400,137430,590,212,9129869061,0
1785579489.034445115,3616307788,163622250,3607307128,9000660,3607873180,23245,64200,163622250,15490,46300,188212,9000660,427991336,384945814,3607314936,160525,649900,163622250,16293,48400,137277,590,212,9130547574,0
1785579490.051156758,3621337102,163622250,3612336442,9000660,3612902891,23240,64200,163622250,15490,46300,188212,9000660,427994131,384946865,3612344116,160368,649700,163622250,16293,48400,137125,590,212,9131271490,0
1785579491.069399690,3626450102,163622250,3617449442,9000660,3618015703,23236,64200,163622250,15490,46300,188212,9000660,427996952,384947909,3617457415,160209,649600,163622250,16293,48400,136971,590,212,9132019192,0
1785579492.087945257,3631599326,163622250,3622598666,9000660,3623167008,23231,64200,163622250,15490,46300,188212,9000660,427999795,384948961,3622610099,160048,649400,163622250,16293,48400,136815,590,212,9132734188,0
1785579493.105333736,3636692410,163622250,3627691750,9000660,3628258234,23227,64200,163622250,15490,46300,188212,9000660,428002636,384949984,3627699695,159892,649300,163622250,16293,48400,136662,590,212,9133451939,0
1785579494.123040013,3641835669,163622250,3632835009,9000660,3633401280,23222,64200,163622250,15490,46300,188212,9000660,428005469,384951023,3632843627,159734,649100,163622250,16293,48400,136509,590,212,9134216207,0
1785579495.141769746,3646924425,163622250,3637923765,9000660,3638490079,23218,64200,163622250,15490,46300,188212,9000660,428008315,384952053,3637932156,159578,648900,163622250,16293,48400,136358,590,212,9134959284,0
1785579496.159452216,3652116247,163622250,3643115587,9000660,3643681843,23213,64200,163622250,15490,46300,188212,9000660,428011152,384953087,3643123537,159419,648800,163622250,16293,48400,136203,590,212,9135701020,0
1785579497.177028827,3657294955,163622250,3648294295,9000660,3648861403,23208,64300,163622250,15490,46300,188212,9000660,428013984,384954129,3648304023,159260,648600,163622250,16293,48400,136049,590,212,9136446689,0
1785579498.195115635,3662440881,163622250,3653440221,9000660,3654006359,23204,64300,163622250,15490,46300,188212,9000660,428016815,384955162,3653448639,159104,648500,163622250,16293,48400,135898,590,212,9137217129,0
1785579499.216565152,3667617874,163622250,3658617214,9000660,3659183682,23200,64300,163622250,15490,46300,188212,9000660,428019677,384956152,3658625411,158949,648300,163622250,16293,48400,135746,590,212,9137995689,0
1785579500.234148413,3672819053,163622250,3663818393,9000660,3664384395,23195,64300,163622250,15490,46300,188212,9000660,428022522,384957189,3663825315,158791,648100,163622250,16293,48400,135593,590,212,9138743207,0
1785579501.252137434,3677954103,163622250,3668953443,9000660,3669520183,23191,64300,163622250,15490,46300,188212,9000660,428025363,384958187,3668962519,158637,648000,163622250,16293,48400,135444,590,212,9139494155,0
1785579502.274195925,3683154851,163622250,3674154191,9000660,3674719925,23186,64300,163622250,15490,46300,188212,9000660,428028198,384959226,3674160186,158481,647800,163622250,16293,48400,135292,590,212,9140275829,0
1785579503.293735224,3688366804,163622250,3679366144,9000660,3679934079,23181,64300,163622250,15490,46300,188212,9000660,428031025,384960264,3679377404,158324,647700,163622250,16293,48400,135140,590,212,9141058829,0
1785579504.313647884,3693603096,163622250,3684602436,9000660,3685168736,23177,64300,163622250,15490,46300,188212,9000660,428033873,384961293,3684610783,158168,647500,163622250,16293,48400,134988,590,212,9141822014,0
1785579505.331795132,3698783289,163622250,3689782629,9000660,3690348710,23173,64300,163622250,15490,46300,188212,9000660,428036725,384962307,3689790804,158014,647300,163622250,16293,48400,134839,590,212,9142587315,0
1785579506.350203533,3703971896,163622250,3694971236,9000660,3695537736,23168,64300,163622250,15490,46300,188212,9000660,428039576,384963321,3694980039,157861,647200,163622250,16293,48400,134690,590,212,9143373255,0
1785579507.366917008,3709091351,163622250,3700090691,9000660,3700656860,23164,64300,163622250,15490,46300,188212,9000660,428042400,384964304,3700098761,157711,647000,163622250,16293,48400,134544,590,212,9144152234,0
1785579508.384513419,3714356711,163622250,3705356051,9000660,3705921892,23160,64300,163622250,15490,46300,188212,9000660,428045230,384965331,3705362270,157555,646900,163622250,16293,48400,134392,590,212,9144894965,0
1785579509.403011674,3719560352,163622250,3710559692,9000660,3711126456,23155,64300,163622250,15490,46300,188212,9000660,428048061,384966360,3710568901,157401,646700,163622250,16293,48400,134243,590,212,9145652818,0
1785579510.422956642,3724761406,163622250,3715760746,9000660,3716327613,23151,64300,163622250,15490,46300,188212,9000660,428050913,384967373,3715770944,157249,646600,163622250,16293,48400,134096,590,212,9146432875,0
1785579511.440777470,3729961619,163622250,3720960959,9000660,3721527075,23147,64300,163622250,15490,46300,188212,9000660,428053737,384968401,3720969112,157097,646400,163622250,16293,48400,133948,590,212,9147210028,0
1785579512.458988023,3735209481,163622250,3726208821,9000660,3726774919,23142,64300,163622250,15490,46300,188212,9000660,428056562,384969437,3726216576,156943,646200,163622250,16293,48400,133798,590,212,9147943310,0
1785579513.477541171,3740342029,163622250,3731341369,9000660,3731907369,23138,64300,163622250,15490,46300,188212,9000660,428059375,384970452,3731348924,156794,646100,163622250,16293,48400,133654,590,212,9148695007,0
1785579514.496180478,3745539583,163622250,3736538923,9000660,3737104674,23133,64400,163622250,15490,46300,188212,9000660,428062203,384971496,3736545775,156643,645900,163622250,16293,48400,133507,590,212,9149467903,0
1785579515.518361314,3746662623,163622250,3737661963,9000660,3738226599,23133,64400,163622250,15490,46300,188212,9000660,428065220,384974123,3737661963,156610,645900,163622250,16293,48400,133475,590,212,9149636129,0
1785579516.540571763,3746662623,163622250,3737661963,9000660,3738226599,23133,64400,163622250,15490,46300,188212,9000660,428068286,384977105,3737661963,156610,645900,163622250,16293,48400,133475,590,212,9149636129,0
1785579517.563474683,3746662623,163622250,3737661963,9000660,3738226599,23133,64400,163622250,15490,46300,188212,9000660,428071355,384980155,3737661963,156610,645900,163622250,16293,48400,133475,590,212,9149636129,0
1785579518.585036608,3746662623,163622250,3737661963,9000660,3738226599,23133,64400,163622250,15490,46300,188212,9000660,428074420,384983174,3737661963,156610,645900,163622250,16293,48400,133475,590,212,9149636129,0
1785579519.608268451,3746662623,163622250,3737661963,9000660,3738226599,23133,64400,163622250,15490,46300,188212,9000660,428077488,384986165,3737661963,156610,645900,163622250,16293,48400,133475,590,212,9149636129,0
1785579520.632013094,3746662623,163622250,3737661963,9000660,3738226599,23133,64400,163622250,15490,46300,188212,9000660,428080556,384989218,3737661963,156610,645900,163622250,16293,48400,133475,590,212,9149636129,0
1785579521.653225855,3746662623,163622250,3737661963,9000660,3738226599,23133,64400,163622250,15490,46300,188212,9000660,428083619,384992261,3737661963,156610,645900,163622250,16293,48400,133475,590,212,9149636129,0
1785579522.674354940,3746662623,163622250,3737661963,9000660,3738226599,23133,64400,163622250,15490,46300,188212,9000660,428086678,384995239,3737661963,156610,645900,163622250,16293,48400,133475,590,212,9149636129,0
1785579523.697651511,3746662623,163622250,3737661963,9000660,3738226599,23133,64400,163622250,15490,46300,188212,9000660,428089749,384998293,3737661963,156610,645900,163622250,16293,48400,133475,590,212,9149636129,0
1785579524.720310925,3746662623,163622250,3737661963,9000660,3738226599,23133,64400,163622250,15490,46300,188212,9000660,428092817,385001291,3737661963,156610,645900,163622250,16293,48400,133475,590,212,9149636129,0
1785579525.743810760,3746662623,163622250,3737661963,9000660,3738226599,23133,64400,163622250,15490,46300,188212,9000660,428095886,385004324,3737661963,156610,645900,163622250,16293,48400,133475,590,212,9149636129,0
1785579526.768331839,3746662623,163622250,3737661963,9000660,3738226599,23133,64400,163622250,15490,46300,188212,9000660,428098958,385007380,3737661963,156610,645900,163622250,16293,48400,133475,590,212,9149636129,0
1785579527.790786546,3746662623,163622250,3737661963,9000660,3738226599,23133,64400,163622250,15490,46300,188212,9000660,428102025,385010406,3737661963,156610,645900,163622250,16293,48400,133475,590,212,9149636129,0
1785579528.814401855,3746662623,163622250,3737661963,9000660,3738226599,23133,64400,163622250,15490,46300,188212,9000660,428105094,385013415,3737661963,156610,645900,163622250,16293,48400,133475,590,212,9149636129,0
1785579529.838865257,3746992364,163622250,3737991704,9000660,3738558212,23134,64400,163622250,15490,46300,188212,9000660,428108156,385016231,3738001404,156605,645900,163622250,16293,48400,133468,590,212,9149709554,0
1785579530.857454338,3753623158,163622250,3744622498,9000660,3745189358,23130,64400,163622250,15490,46300,188212,9000660,428111101,385016951,3744633775,156429,645700,163622250,16293,48400,133296,590,212,9151613881,0
1785579531.876105093,3760387851,163622250,3751387191,9000660,3751954622,23126,64400,163622250,15490,46300,188212,9000660,428114034,385017682,3751399179,156249,645500,163622250,16293,48400,133120,590,212,9153550375,0
1785579532.894706233,3767151443,163622250,3758150783,9000660,3758719058,23123,64400,163622250,15490,46300,188212,9000660,428116972,385018422,3758162958,156070,645400,163622250,16293,48400,132945,590,212,9155470713,0
1785579533.916005404,3773828439,163622250,3764827779,9000660,3765395726,23119,64400,163622250,15490,46300,188212,9000660,428119919,385019164,3764840306,155895,645200,163622250,16293,48400,132774,590,212,9157391337,0
1785579534.936197763,3780617458,163622250,3771616798,9000660,3772183706,23115,64400,163622250,15490,46300,188212,9000660,428122859,385019890,3771630217,155717,645000,163622250,16293,48400,132599,590,212,9159312587,0
1785579535.956204704,3787409404,163622250,3778408744,9000660,3778975504,23111,64400,163622250,15490,46300,188212,9000660,428125790,385020625,3778420915,155539,644900,163622250,16293,48400,132425,590,212,9161246480,0
1785579536.977172296,3794088927,163622250,3785088267,9000660,3785654798,23107,64400,163622250,15490,46300,188212,9000660,428128738,385021360,3785099037,155365,644700,163622250,16293,48400,132255,590,212,9163153268,0
1785579537.996774129,3800881834,163622250,3791881174,9000660,3792448776,23104,64400,163622250,15490,46300,188212,9000660,428131665,385022096,3791894390,155188,644500,163622250,16293,48400,132082,590,212,9165109859,0
1785579539.016149090,3807783086,163622250,3798782426,9000660,3799349561,23099,64400,163622250,15490,46300,188212,9000660,428134597,385022820,3798793757,155008,644300,163622250,16293,48400,131906,590,212,9167064713,0
1785579540.035484773,3814395392,163622250,3805394732,9000660,3805961836,23096,64400,163622250,15490,46300,188212,9000660,428137549,385023556,3805404923,154839,644200,163622250,16293,48400,131740,590,212,9168963426,0
1785579541.054996930,3821199397,163622250,3812198737,9000660,3812765902,23092,64400,163622250,15490,46300,188212,9000660,428140484,385024293,3812208883,154663,644000,163622250,16293,48400,131569,590,212,9170889163,0
1785579542.075891484,3827909000,163622250,3818908340,9000660,3819475135,23088,64400,163622250,15490,46300,188212,9000660,428143432,385025052,3818921317,154492,643800,163622250,16293,48400,131401,590,212,9172819801,0
1785579543.094066303,3834647287,163622250,3825646627,9000660,3826212983,23084,64400,163622250,15490,46300,188212,9000660,428146373,385025791,3825655021,154320,643700,163622250,16293,48400,131233,590,212,9174763385,0
1785579544.113905442,3841459108,163622250,3832458448,9000660,3833024999,23081,64400,163622250,15490,46300,188212,9000660,428149317,385026537,3832468379,154146,643500,163622250,16293,48400,131063,590,212,9176688373,0
1785579545.132894184,3848271129,163622250,3839270469,9000660,3839836700,23077,64400,163622250,15490,46300,188212,9000660,428152264,385027287,3839279349,153974,643300,163622250,16293,48400,130894,590,212,9178623052,0
1785579546.152479811,3854922773,163622250,3845922113,9000660,3846489078,23073,64500,163622250,15490,46300,188212,9000660,428155200,385028021,3845933438,153807,643200,163622250,16293,48400,130731,590,212,9180540254,0
1785579547.172357378,3861851672,163622250,3852851012,9000660,3853417734,23069,64500,163622250,15490,46300,188212,9000660,428158144,385028734,3852861625,153631,643000,163622250,16293,48400,130559,590,212,9182483760,0
1785579548.193709448,3868596179,163622250,3859595519,9000660,3860162155,23065,64500,163622250,15490,46300,188212,9000660,428161105,385029475,3859607608,153461,642800,163622250,16293,48400,130393,590,212,9184383390,0
1785579549.213228977,3875427774,163622250,3866427114,9000660,3866993672,23061,64500,163622250,15490,46300,188212,9000660,428164035,385030209,3866438457,153290,642600,163622250,16293,48400,130226,590,212,9186332811,0
1785579550.232090147,3882260553,163622250,3873259893,9000660,3873826321,23057,64500,163622250,15490,46300,188212,9000660,428166977,385030937,3873269586,153119,642500,163622250,16293,48400,130059,590,212,9188264747,0
1785579551.252738971,3889025629,163622250,3880024969,9000660,3880591562,23053,64500,163622250,15490,46300,188212,9000660,428169914,385031675,3880035512,152951,642300,163622250,16293,48400,129895,590,212,9190206885,0
1785579552.272352981,3895627952,163622250,3886627292,9000660,3887194515,23050,64500,163622250,15490,46300,188212,9000660,428172874,385032441,3886639039,152789,642100,163622250,16293,48400,129736,590,212,9192107546,0
1785579553.292991972,3902421029,163622250,3893420369,9000660,3893987413,23047,64500,163622250,15490,46300,188212,9000660,428175813,385033196,3893431058,152622,642000,163622250,16293,48400,129573,590,212,9194046157,0
1785579554.312081475,3909042555,163622250,3900041895,9000660,3900608407,23043,64500,163622250,15490,46300,188212,9000660,428178763,385033946,3900052010,152460,641800,163622250,16293,48400,129415,590,212,9195976833,0
1785579555.332516207,3915900603,163622250,3906899943,9000660,3907468563,23039,64500,163622250,15490,46300,188212,9000660,428181696,385034685,3906913956,152291,641600,163622250,16293,48400,129250,590,212,9197940137,0
1785579556.352039211,3922727906,163622250,3913727246,9000660,3914293936,23035,64500,163622250,15490,46300,188212,9000660,428184635,385035437,3913737693,152124,641500,163622250,16293,48400,129087,590,212,9199877686,0
1785579557.369419978,3929420836,163622250,3920420176,9000660,3920986881,23032,64500,163622250,15490,46300,188212,9000660,428187579,385036180,3920429054,151962,641300,163622250,16293,48400,128928,590,212,9201794451,0
1785579558.388886276,3936232413,163622250,3927231753,9000660,3927798677,23028,64500,163622250,15490,46300,188212,9000660,428190509,385036900,3927242753,151797,641100,163622250,16293,48400,128767,590,212,9203728279,0
1785579559.411829396,3943129449,163622250,3934128789,9000660,3934696385,23024,64500,163622250,15490,46300,188212,9000660,428193452,385037637,3934139853,151629,641000,163622250,16293,48400,128603,590,212,9205676434,0
1785579560.433572483,3945356829,163622250,3936356169,9000660,3936920805,23023,64500,163622250,15490,46300,188212,9000660,428196481,385039882,3936356169,151577,640900,163622250,16293,48400,128551,590,212,9206300686,0
1785579561.456555308,3945356829,163622250,3936356169,9000660,3936920805,23023,64500,163622250,15490,46300,188212,9000660,428199548,385042933,3936356169,151577,640900,163622250,16293,48400,128551,590,212,9206300686,0
1785579562.478539271,3945356829,163622250,3936356169,9000660,3936920805,23023,64500,163622250,15490,46300,188212,9000660,428202615,385045984,3936356169,151577,640900,163622250,16293,48400,128551,590,212,9206300686,0
1785579563.500876982,3945356829,163622250,3936356169,9000660,3936920805,23023,64500,163622250,15490,46300,188212,9000660,428205679,385048968,3936356169,151577,640900,163622250,16293,48400,128551,590,212,9206300686,0
1785579564.524236937,3945356829,163622250,3936356169,9000660,3936920805,23023,64500,163622250,15490,46300,188212,9000660,428208747,385052014,3936356169,151577,640900,163622250,16293,48400,128551,590,212,9206300686,0
1785579565.547994510,3945356829,163622250,3936356169,9000660,3936920805,23023,64500,163622250,15490,46300,188212,9000660,428211815,385055032,3936356169,151577,640900,163622250,16293,48400,128551,590,212,9206300686,0
1785579566.572736851,3945356829,163622250,3936356169,9000660,3936920805,23023,64500,163622250,15490,46300,188212,9000660,428214889,385058048,3936356169,151577,640900,163622250,16293,48400,128551,590,212,9206300686,0
1785579567.595742964,3945356829,163622250,3936356169,9000660,3936920805,23023,64500,163622250,15490,46300,188212,9000660,428217960,385061099,3936356169,151577,640900,163622250,16293,48400,128551,590,212,9206300686,0
1785579568.618394165,3945356829,163622250,3936356169,9000660,3936920805,23023,64500,163622250,15490,46300,188212,9000660,428221027,385064146,3936356169,151577,640900,163622250,16293,48400,128551,590,212,9206300686,0
1785579569.639380176,3945356829,163622250,3936356169,9000660,3936920805,23023,64500,163622250,15490,46300,188212,9000660,428224090,385067105,3936356169,151577,640900,163622250,16293,48400,128551,590,212,9206300686,0
1785579570.661995943,3945356829,163622250,3936356169,9000660,3936920805,23023,64500,163622250,15490,46300,188212,9000660,428227159,385070120,3936356169,151577,640900,163622250,16293,48400,128551,590,212,9206300686,0
1785579571.684235446,3945356829,163622250,3936356169,9000660,3936920805,23023,64500,163622250,15490,46300,188212,9000660,428230225,385073116,3936356169,151577,640900,163622250,16293,48400,128551,590,212,9206300686,0
1785579572.703742997,3945356829,163622250,3936356169,9000660,3936920805,23023,64500,163622250,15490,46300,188212,9000660,428233280,385076137,3936356169,151577,640900,163622250,16293,48400,128551,590,212,9206300686,0
1785579573.727231004,3945356829,163622250,3936356169,9000660,3936920805,23023,64500,163622250,15490,46300,188212,9000660,428236351,385079190,3936356169,151577,640900,163622250,16293,48400,128551,590,212,9206300686,0
1785579574.747510062,3945356829,163622250,3936356169,9000660,3936920805,23023,64500,163622250,15490,46300,188212,9000660,428239412,385082233,3936356169,151577,640900,163622250,16293,48400,128551,590,212,9206300686,0
1785579575.766946697,3945356829,163622250,3936356169,9000660,3936920805,23023,64500,163622250,15490,46300,188212,9000660,428242474,385085207,3936356169,151577,640900,163622250,16293,48400,128551,590,212,9206300686,0
1785579576.787464024,3945356829,163622250,3936356169,9000660,3936920805,23023,64500,163622250,15490,46300,188212,9000660,428245531,385088247,3936356169,151577,640900,163622250,16293,48400,128551,590,212,9206300686,0
1785579577.810560453,3945356829,163622250,3936356169,9000660,3936920805,23023,64500,163622250,15490,46300,188212,9000660,428248598,385091225,3936356169,151577,640900,163622250,16293,48400,128551,590,212,9206300686,0
1785579578.834495571,3945356829,163622250,3936356169,9000660,3936920805,23023,64500,163622250,15490,46300,188212,9000660,428251670,385094278,3936356169,151577,640900,163622250,16293,48400,128551,590,212,9206300686,0
1785579579.859474227,3945356829,163622250,3936356169,9000660,3936920805,23023,64500,163622250,15490,46300,188212,9000660,428254740,385097331,3936356169,151577,640900,163622250,16293,48400,128551,590,212,9206300686,0
1785579580.881906389,3945356829,163622250,3936356169,9000660,3936920805,23023,64500,163622250,15490,46300,188212,9000660,428257811,385100344,3936356169,151577,640900,163622250,16293,48400,128551,590,212,9206300686,0
1785579581.905582188,3945356829,163622250,3936356169,9000660,3936920805,23023,64500,163622250,15490,46300,188212,9000660,428260881,385103344,3936356169,151577,640900,163622250,16293,48400,128551,590,212,9206300686,0
1785579582.928753991,3945356829,163622250,3936356169,9000660,3936920805,23023,64500,163622250,15490,46300,188212,9000660,428263947,385106387,3936356169,151577,640900,163622250,16293,48400,128551,590,212,9206300686,0
1785579583.951523509,3945356829,163622250,3936356169,9000660,3936920805,23023,64500,163622250,15490,46300,188212,9000660,428267020,385109377,3936356169,151577,640900,163622250,16293,48400,128551,590,212,9206300686,0
1785579584.974791716,3945356829,163622250,3936356169,9000660,3936920805,23023,64500,163622250,15490,46300,188212,9000660,428270089,385112429,3936356169,151577,640900,163622250,16293,48400,128551,590,212,9206300686,0
1785579585.998307364,3945356829,163622250,3936356169,9000660,3936920805,23023,64500,163622250,15490,46300,188212,9000660,428273160,385115483,3936356169,151577,640900,163622250,16293,48400,128551,590,212,9206300686,0
1785579587.022043995,3945356829,163622250,3936356169,9000660,3936920805,23023,64500,163622250,15490,46300,188212,9000660,428276231,385118504,3936356169,151577,640900,163622250,16293,48400,128551,590,212,9206300686,0
1785579588.046020428,3945356829,163622250,3936356169,9000660,3936920805,23023,64500,163622250,15490,46300,188212,9000660,428279306,385121523,3936356169,151577,640900,163622250,16293,48400,128551,590,212,9206300686,0
1785579589.066479795,3945356829,163622250,3936356169,9000660,3936920805,23023,64500,163622250,15490,46300,188212,9000660,428282371,385124543,3936356169,151577,640900,163622250,16293,48400,128551,590,212,9206300686,0
1785579590.090016436,3945356829,163622250,3936356169,9000660,3936920805,23023,64500,163622250,15490,46300,188212,9000660,428285440,385127555,3936356169,151577,640900,163622250,16293,48400,128551,590,212,9206300686,0
1785579591.112399343,3945356829,163622250,3936356169,9000660,3936920805,23023,64500,163622250,15490,46300,188212,9000660,428288507,385130583,3936356169,151577,640900,163622250,16293,48400,128551,590,212,9206300686,0
1785579592.133671334,3945356829,163622250,3936356169,9000660,3936920805,23023,64500,163622250,15490,46300,188212,9000660,428291572,385133634,3936356169,151577,640900,163622250,16293,48400,128551,590,212,9206300686,0
1785579593.157707093,3945356829,163622250,3936356169,9000660,3936920805,23023,64500,163622250,15490,46300,188212,9000660,428294645,385136637,3936356169,151577,640900,163622250,16293,48400,128551,590,212,9206300686,0
1785579594.181362153,3945356829,163622250,3936356169,9000660,3936920805,23023,64500,163622250,15490,46300,188212,9000660,428297717,385139672,3936356169,151577,640900,163622250,16293,48400,128551,590,212,9206300686,0
1785579595.203270057,3945356829,163622250,3936356169,9000660,3936920805,23023,64500,163622250,15490,46300,188212,9000660,428300781,385142672,3936356169,151577,640900,163622250,16293,48400,128551,590,212,9206300686,0
1785579596.226914639,3945356829,163622250,3936356169,9000660,3936920805,23023,64500,163622250,15490,46300,188212,9000660,428303851,385145704,3936356169,151577,640900,163622250,16293,48400,128551,590,212,9206300686,0
1785579597.250897739,3945356829,163622250,3936356169,9000660,3936920805,23023,64500,163622250,15490,46300,188212,9000660,428306923,385148759,3936356169,151577,640900,163622250,16293,48400,128551,590,212,9206300686,0
1785579598.274874747,3945356829,163622250,3936356169,9000660,3936920805,23023,64500,163622250,15490,46300,188212,9000660,428309995,385151815,3936356169,151577,640900,163622250,16293,48400,128551,590,212,9206300686,0
1785579599.297905242,3945356829,163622250,3936356169,9000660,3936920805,23023,64500,163622250,15490,46300,188212,9000660,428313063,385154800,3936356169,151577,640900,163622250,16293,48400,128551,590,212,9206300686,0
1785579600.321105887,3945356829,163622250,3936356169,9000660,3936920805,23023,64500,163622250,15490,46300,188212,9000660,428316130,385157854,3936356169,151577,640900,163622250,16293,48400,128551,590,212,9206300686,0
1785579601.342195404,3945356829,163622250,3936356169,9000660,3936920805,23023,64500,163622250,15490,46300,188212,9000660,428319194,385160811,3936356169,151577,640900,163622250,16293,48400,128551,590,212,9206300686,0
1785579602.363398450,3945356829,163622250,3936356169,9000660,3936920805,23023,64500,163622250,15490,46300,188212,9000660,428322255,385163854,3936356169,151577,640900,163622250,16293,48400,128551,590,212,9206300686,0
1785579603.387122952,3945356829,163622250,3936356169,9000660,3936920805,23023,64500,163622250,15490,46300,188212,9000660,428325324,385166908,3936356169,151577,640900,163622250,16293,48400,128551,590,212,9206300686,0
1785579604.409258859,3945356829,163622250,3936356169,9000660,3936920805,23023,64500,163622250,15490,46300,188212,9000660,428328390,385169948,3936356169,151577,640900,163622250,16293,48400,128551,590,212,9206300686,0
1785579605.432096990,3945356829,163622250,3936356169,9000660,3936920805,23023,64500,163622250,15490,46300,188212,9000660,428331457,385172943,3936356169,151577,640900,163622250,16293,48400,128551,590,212,9206300686,0
1785579606.454392047,3945356829,163622250,3936356169,9000660,3936920805,23023,64500,163622250,15490,46300,188212,9000660,428334527,385175993,3936356169,151577,640900,163622250,16293,48400,128551,590,212,9206300686,0
1785579607.477330919,3945356829,163622250,3936356169,9000660,3936920805,23023,64500,163622250,15490,46300,188212,9000660,428337592,385178979,3936356169,151577,640900,163622250,16293,48400,128551,590,212,9206300686,0
1785579608.501295182,3945356829,163622250,3936356169,9000660,3936920805,23023,64500,163622250,15490,46300,188212,9000660,428340663,385182033,3936356169,151577,640900,163622250,16293,48400,128551,590,212,9206300686,0
1785579609.524730861,3945356829,163622250,3936356169,9000660,3936920805,23023,64500,163622250,15490,46300,188212,9000660,428343735,385185086,3936356169,151577,640900,163622250,16293,48400,128551,590,212,9206300686,0
1785579610.544200284,3945356829,163622250,3936356169,9000660,3936920805,23023,64500,163622250,15490,46300,188212,9000660,428346793,385188098,3936356169,151577,640900,163622250,16293,48400,128551,590,212,9206300686,0
1785579611.566733627,3945356829,163622250,3936356169,9000660,3936920805,23023,64500,163622250,15490,46300,188212,9000660,428349858,385191088,3936356169,151577,640900,163622250,16293,48400,128551,590,212,9206300686,0
1785579612.590208845,3945356829,163622250,3936356169,9000660,3936920805,23023,64500,163622250,15490,46300,188212,9000660,428352926,385194115,3936356169,151577,640900,163622250,16293,48400,128551,590,212,9206300686,0
1785579613.614300840,3945356829,163622250,3936356169,9000660,3936920805,23023,64500,163622250,15490,46300,188212,9000660,428355998,385197129,3936356169,151577,640900,163622250,16293,48400,128551,590,212,9206300686,0
1785579614.636457087,3945356829,163622250,3936356169,9000660,3936920805,23023,64500,163622250,15490,46300,188212,9000660,428359069,385200183,3936356169,151577,640900,163622250,16293,48400,128551,590,212,9206300686,0
1785579615.660501589,3945356829,163622250,3936356169,9000660,3936920805,23023,64500,163622250,15490,46300,188212,9000660,428362134,385203234,3936356169,151577,640900,163622250,16293,48400,128551,590,212,9206300686,0
1785579616.683263316,3945356829,163622250,3936356169,9000660,3936920805,23023,64500,163622250,15490,46300,188212,9000660,428365201,385206234,3936356169,151577,640900,163622250,16293,48400,128551,590,212,9206300686,0
1785579617.706759645,3945356829,163622250,3936356169,9000660,3936920805,23023,64500,163622250,15490,46300,188212,9000660,428368271,385209267,3936356169,151577,640900,163622250,16293,48400,128551,590,212,9206300686,0
1785579618.729311598,3945360198,163622250,3936359538,9000660,3936924175,23023,64500,163622250,15490,46300,188212,9000660,428371328,385212234,3936359543,151576,640900,163622250,16293,48400,128551,590,212,9206300686,0
1785579619.753856392,3945364992,163622250,3936364332,9000660,3936928969,23023,64500,163622250,15490,46300,188212,9000660,428374385,385215217,3936364336,151576,640900,163622250,16293,48400,128551,590,212,9206300686,0
1785579620.778462258,3945371699,163622250,3936371039,9000660,3936935676,23023,64500,163622250,15490,46300,188212,9000660,428377444,385218230,3936371045,151576,640900,163622250,16293,48400,128551,590,212,9206300686,0
1785579621.800443953,3945378314,163622250,3936377654,9000660,3936942294,23023,64500,163622250,15490,46300,188212,9000660,428380491,385221204,3936377667,151576,640900,163622250,16293,48400,128550,590,212,9206300686,0
1785579622.821083784,3945386002,163622250,3936385342,9000660,3936949981,23023,64500,163622250,15490,46300,188212,9000660,428383539,385224141,3936385359,151575,640900,163622250,16293,48400,128550,590,212,9206300686,0
1785579623.844145090,3945391290,163622250,3936390630,9000660,3936955266,23023,64500,163622250,15490,46300,188212,9000660,428386591,385227147,3936390633,151575,640900,163622250,16293,48400,128550,590,212,9206300686,0
1785579624.866450582,3945396135,163622250,3936395475,9000660,3936960114,23023,64500,163622250,15490,46300,188212,9000660,428389648,385230090,3936395483,151575,640900,163622250,16293,48400,128550,590,212,9206300686,0
1785579625.891402837,3945400945,163622250,3936400285,9000660,3936964922,23023,64500,163622250,15490,46300,188212,9000660,428392703,385233092,3936400292,151575,640900,163622250,16293,48400,128550,590,212,9206300686,0
1785579626.916201403,3945406071,163622250,3936405411,9000660,3936970048,23023,64500,163622250,15490,46300,188212,9000660,428395760,385236099,3936405416,151575,640900,163622250,16293,48400,128549,590,212,9206300686,0
1785579627.938142387,3945412839,163622250,3936412179,9000660,3936976818,23023,64500,163622250,15490,46300,188212,9000660,428398804,385239080,3936412199,151574,640900,163622250,16293,48400,128549,590,212,9206300686,0
1785579628.962029102,3945413065,163622250,3936412405,9000660,3936977041,23023,64500,163622250,15490,46300,188212,9000660,428401875,385242078,3936412405,151574,640900,163622250,16293,48400,128549,590,212,9206300686,0
1785579629.985281406,3945413065,163622250,3936412405,9000660,3936977041,23023,64500,163622250,15490,46300,188212,9000660,428404943,385245129,3936412405,151574,640900,163622250,16293,48400,128549,590,212,9206300686,0
1785579631.009054651,3945413065,163622250,3936412405,9000660,3936977041,23023,64500,163622250,15490,46300,188212,9000660,428408014,385248101,3936412405,151574,640900,163622250,16293,48400,128549,590,212,9206300686,0
1785579632.030396105,3945413065,163622250,3936412405,9000660,3936977041,23023,64500,163622250,15490,46300,188212,9000660,428411079,385251123,3936412405,151574,640900,163622250,16293,48400,128549,590,212,9206300686,0
1785579633.054368127,3945413065,163622250,3936412405,9000660,3936977041,23023,64500,163622250,15490,46300,188212,9000660,428414148,385254169,3936412405,151574,640900,163622250,16293,48400,128549,590,212,9206300686,0
1785579634.077146721,3945413065,163622250,3936412405,9000660,3936977041,23023,64500,163622250,15490,46300,188212,9000660,428417217,385257193,3936412405,151574,640900,163622250,16293,48400,128549,590,212,9206300686,0
1785579635.098857389,3945413065,163622250,3936412405,9000660,3936977041,23023,64500,163622250,15490,46300,188212,9000660,428420281,385260198,3936412405,151574,640900,163622250,16293,48400,128549,590,212,9206300686,0
1785579636.119128193,3945413065,163622250,3936412405,9000660,3936977041,23023,64500,163622250,15490,46300,188212,9000660,428423344,385263244,3936412405,151574,640900,163622250,16293,48400,128549,590,212,9206300686,0
1785579637.141808310,3945413065,163622250,3936412405,9000660,3936977041,23023,64500,163622250,15490,46300,188212,9000660,428426405,385266223,3936412405,151574,640900,163622250,16293,48400,128549,590,212,9206300686,0
1785579638.165454234,3945413065,163622250,3936412405,9000660,3936977041,23023,64500,163622250,15490,46300,188212,9000660,428429479,385269279,3936412405,151574,640900,163622250,16293,48400,128549,590,212,9206300686,0
1785579639.189220700,3945413065,163622250,3936412405,9000660,3936977041,23023,64500,163622250,15490,46300,188212,9000660,428432550,385272333,3936412405,151574,640900,163622250,16293,48400,128549,590,212,9206300686,0
1785579640.210383825,3945413065,163622250,3936412405,9000660,3936977041,23023,64500,163622250,15490,46300,188212,9000660,428435613,385275331,3936412405,151574,640900,163622250,16293,48400,128549,590,212,9206300686,0
1785579641.236174588,3945413065,163622250,3936412405,9000660,3936977041,23023,64500,163622250,15490,46300,188212,9000660,428438690,385278373,3936412405,151574,640900,163622250,16293,48400,128549,590,212,9206300686,0
1785579642.259139791,3945413065,163622250,3936412405,9000660,3936977041,23023,64500,163622250,15490,46300,188212,9000660,428441757,385281401,3936412405,151574,640900,163622250,16293,48400,128549,590,212,9206300686,0
1785579643.283278555,3945413065,163622250,3936412405,9000660,3936977041,23023,64500,163622250,15490,46300,188212,9000660,428444826,385284391,3936412405,151574,640900,163622250,16293,48400,128549,590,212,9206300686,0
1785579644.306943819,3945413065,163622250,3936412405,9000660,3936977041,23023,64500,163622250,15490,46300,188212,9000660,428447898,385287446,3936412405,151574,640900,163622250,16293,48400,128549,590,212,9206300686,0
1785579645.330864163,3945413065,163622250,3936412405,9000660,3936977041,23023,64500,163622250,15490,46300,188212,9000660,428450970,385290501,3936412405,151574,640900,163622250,16293,48400,128549,590,212,9206300686,0
1785579646.353670689,3945413065,163622250,3936412405,9000660,3936977041,23023,64500,163622250,15490,46300,188212,9000660,428454037,385293480,3936412405,151574,640900,163622250,16293,48400,128549,590,212,9206300686,0
1785579647.377762202,3945413065,163622250,3936412405,9000660,3936977041,23023,64500,163622250,15490,46300,188212,9000660,428457111,385296536,3936412405,151574,640900,163622250,16293,48400,128549,590,212,9206300686,0
1785579648.401417410,3945413065,163622250,3936412405,9000660,3936977041,23023,64500,163622250,15490,46300,188212,9000660,428460181,385299556,3936412405,151574,640900,163622250,16293,48400,128549,590,212,9206300686,0
1785579649.424357781,3945413065,163622250,3936412405,9000660,3936977041,23023,64500,163622250,15490,46300,188212,9000660,428463248,385302574,3936412405,151574,640900,163622250,16293,48400,128549,590,212,9206300686,0
1785579650.445519940,3945413065,163622250,3936412405,9000660,3936977041,23023,64500,163622250,15490,46300,188212,9000660,428466311,385305620,3936412405,151574,640900,163622250,16293,48400,128549,590,212,9206300686,0
1785579651.468976667,3945413065,163622250,3936412405,9000660,3936977041,23023,64500,163622250,15490,46300,188212,9000660,428469381,385308670,3936412405,151574,640900,163622250,16293,48400,128549,590,212,9206300686,0
1785579652.489754877,3945413065,163622250,3936412405,9000660,3936977041,23023,64500,163622250,15490,46300,188212,9000660,428472441,385311650,3936412405,151574,640900,163622250,16293,48400,128549,590,212,9206300686,0
1785579653.513374952,3945413065,163622250,3936412405,9000660,3936977041,23023,64500,163622250,15490,46300,188212,9000660,428475511,385314687,3936412405,151574,640900,163622250,16293,48400,128549,590,212,9206300686,0
1785579654.538277592,3945413065,163622250,3936412405,9000660,3936977041,23023,64500,163622250,15490,46300,188212,9000660,428478581,385317690,3936412405,151574,640900,163622250,16293,48400,128549,590,212,9206300686,0
1785579655.563406372,3945413065,163622250,3936412405,9000660,3936977041,23023,64500,163622250,15490,46300,188212,9000660,428481653,385320726,3936412405,151574,640900,163622250,16293,48400,128549,590,212,9206300686,0
1785579656.588747361,3945413065,163622250,3936412405,9000660,3936977041,23023,64500,163622250,15490,46300,188212,9000660,428484734,385323786,3936412405,151574,640900,163622250,16293,48400,128549,590,212,9206300686,0
1785579657.611871192,3945413065,163622250,3936412405,9000660,3936977041,23023,64500,163622250,15490,46300,188212,9000660,428487802,385326810,3936412405,151574,640900,163622250,16293,48400,128549,590,212,9206300686,0
1785579658.634364763,3945413065,163622250,3936412405,9000660,3936977041,23023,64500,163622250,15490,46300,188212,9000660,428490866,385329818,3936412405,151574,640900,163622250,16293,48400,128549,590,212,9206300686,0
1785579659.657342576,3945413065,163622250,3936412405,9000660,3936977041,23023,64500,163622250,15490,46300,188212,9000660,428493937,385332871,3936412405,151574,640900,163622250,16293,48400,128549,590,212,9206300686,0
1785579660.680070151,3945413065,163622250,3936412405,9000660,3936977041,23023,64500,163622250,15490,46300,188212,9000660,428497000,385335853,3936412405,151574,640900,163622250,16293,48400,128549,590,212,9206300686,0
1785579661.703046926,3945413065,163622250,3936412405,9000660,3936977041,23023,64500,163622250,15490,46300,188212,9000660,428500068,385338905,3936412405,151574,640900,163622250,16293,48400,128549,590,212,9206300686,0
1785579662.724885831,3945413065,163622250,3936412405,9000660,3936977041,23023,64500,163622250,15490,46300,188212,9000660,428503134,385341953,3936412405,151574,640900,163622250,16293,48400,128549,590,212,9206300686,0
1785579663.744457637,3945413065,163622250,3936412405,9000660,3936977041,23023,64500,163622250,15490,46300,188212,9000660,428506195,385344929,3936412405,151574,640900,163622250,16293,48400,128549,590,212,9206300686,0
1785579664.765873031,3945413065,163622250,3936412405,9000660,3936977041,23023,64500,163622250,15490,46300,188212,9000660,428509253,385347952,3936412405,151574,640900,163622250,16293,48400,128549,590,212,9206300686,0
1785579665.787929439,3945413065,163622250,3936412405,9000660,3936977041,23023,64500,163622250,15490,46300,188212,9000660,428512320,385350987,3936412405,151574,640900,163622250,16293,48400,128549,590,212,9206300686,0
1785579666.809857492,3945413065,163622250,3936412405,9000660,3936977041,23023,64500,163622250,15490,46300,188212,9000660,428515383,385353980,3936412405,151574,640900,163622250,16293,48400,128549,590,212,9206300686,0
1785579667.831705547,3945413065,163622250,3936412405,9000660,3936977041,23023,64500,163622250,15490,46300,188212,9000660,428518447,385357028,3936412405,151574,640900,163622250,16293,48400,128549,590,212,9206300686,0
1785579668.853477426,3945413065,163622250,3936412405,9000660,3936977041,23023,64500,163622250,15490,46300,188212,9000660,428521512,385360077,3936412405,151574,640900,163622250,16293,48400,128549,590,212,9206300686,0
1785579669.875231270,3945413065,163622250,3936412405,9000660,3936977041,23023,64500,163622250,15490,46300,188212,9000660,428524574,385363057,3936412405,151574,640900,163622250,16293,48400,128549,590,212,9206300686,0
1785579670.897208297,3945413065,163622250,3936412405,9000660,3936977041,23023,64500,163622250,15490,46300,188212,9000660,428527641,385366106,3936412405,151574,640900,163622250,16293,48400,128549,590,212,9206300686,0
1785579671.918420187,3945413065,163622250,3936412405,9000660,3936977041,23023,64500,163622250,15490,46300,188212,9000660,428530700,385369122,3936412405,151574,640900,163622250,16293,48400,128549,590,212,9206300686,0
1785579672.941049675,3945413065,163622250,3936412405,9000660,3936977041,23023,64500,163622250,15490,46300,188212,9000660,428533767,385372138,3936412405,151574,640900,163622250,16293,48400,128549,590,212,9206300686,0
1785579673.963554796,3945413065,163622250,3936412405,9000660,3936977041,23023,64500,163622250,15490,46300,188212,9000660,428536835,385375167,3936412405,151574,640900,163622250,16293,48400,128549,590,212,9206300686,0
1785579674.984951172,3945413065,163622250,3936412405,9000660,3936977041,23023,64500,163622250,15490,46300,188212,9000660,428539898,385378211,3936412405,151574,640900,163622250,16293,48400,128549,590,212,9206300686,0
1785579676.005246945,3945413065,163622250,3936412405,9000660,3936977041,23023,64500,163622250,15490,46300,188212,9000660,428542954,385381189,3936412405,151574,640900,163622250,16293,48400,128549,590,212,9206300686,0
1785579677.025645783,3945413065,163622250,3936412405,9000660,3936977041,23023,64500,163622250,15490,46300,188212,9000660,428546015,385384236,3936412405,151574,640900,163622250,16293,48400,128549,590,212,9206300686,0
1785579678.047734978,3945413065,163622250,3936412405,9000660,3936977041,23023,64500,163622250,15490,46300,188212,9000660,428549079,385387234,3936412405,151574,640900,163622250,16293,48400,128549,590,212,9206300686,0
1785579679.069933367,3945413065,163622250,3936412405,9000660,3936977041,23023,64500,163622250,15490,46300,188212,9000660,428552146,385390268,3936412405,151574,640900,163622250,16293,48400,128549,590,212,9206300686,0
1785579680.091893391,3945413065,163622250,3936412405,9000660,3936977041,23023,64500,163622250,15490,46300,188212,9000660,428555213,385393318,3936412405,151574,640900,163622250,16293,48400,128549,590,212,9206300686,0
1785579681.112207292,3945413065,163622250,3936412405,9000660,3936977041,23023,64500,163622250,15490,46300,188212,9000660,428558273,385396339,3936412405,151574,640900,163622250,16293,48400,128549,590,212,9206300686,0
1785579682.132279900,3945413065,163622250,3936412405,9000660,3936977041,23023,64500,163622250,15490,46300,188212,9000660,428561330,385399337,3936412405,151574,640900,163622250,16293,48400,128549,590,212,9206300686,0
1785579683.154466643,3945413065,163622250,3936412405,9000660,3936977041,23023,64500,163622250,15490,46300,188212,9000660,428564396,385402387,3936412405,151574,640900,163622250,16293,48400,128549,590,212,9206300686,0
1785579684.177140186,3945413065,163622250,3936412405,9000660,3936977041,23023,64500,163622250,15490,46300,188212,9000660,428567462,385405350,3936412405,151574,640900,163622250,16293,48400,128549,590,212,9206300686,0
1785579685.199767591,3945413065,163622250,3936412405,9000660,3936977041,23023,64500,163622250,15490,46300,188212,9000660,428570528,385408400,3936412405,151574,640900,163622250,16293,48400,128549,590,212,9206300686,0
1785579686.222177879,3945413065,163622250,3936412405,9000660,3936977041,23023,64500,163622250,15490,46300,188212,9000660,428573594,385411450,3936412405,151574,640900,163622250,16293,48400,128549,590,212,9206300686,0
1785579687.243568457,3945413065,163622250,3936412405,9000660,3936977041,23023,64500,163622250,15490,46300,188212,9000660,428576659,385414452,3936412405,151574,640900,163622250,16293,48400,128549,590,212,9206300686,0
1785579688.266189562,3945413065,163622250,3936412405,9000660,3936977041,23023,64500,163622250,15490,46300,188212,9000660,428579725,385417478,3936412405,151574,640900,163622250,16293,48400,128549,590,212,9206300686,0
1785579689.289230788,3945413065,163622250,3936412405,9000660,3936977041,23023,64500,163622250,15490,46300,188212,9000660,428582793,385420520,3936412405,151574,640900,163622250,16293,48400,128549,590,212,9206300686,0
1785579690.311782859,3945413065,163622250,3936412405,9000660,3936977041,23023,64500,163622250,15490,46300,188212,9000660,428585860,385423513,3936412405,151574,640900,163622250,16293,48400,128549,590,212,9206300686,0
1785579691.335262634,3945413065,163622250,3936412405,9000660,3936977041,23023,64500,163622250,15490,46300,188212,9000660,428588929,385426566,3936412405,151574,640900,163622250,16293,48400,128549,590,212,9206300686,0
1785579692.357792431,3945413065,163622250,3936412405,9000660,3936977041,23023,64500,163622250,15490,46300,188212,9000660,428591998,385429618,3936412405,151574,640900,163622250,16293,48400,128549,590,212,9206300686,0
1785579693.379975369,3945413065,163622250,3936412405,9000660,3936977041,23023,64500,163622250,15490,46300,188212,9000660,428595064,385432597,3936412405,151574,640900,163622250,16293,48400,128549,590,212,9206300686,0
1785579694.402668321,3945413065,163622250,3936412405,9000660,3936977041,23023,64500,163622250,15490,46300,188212,9000660,428598131,385435599,3936412405,151574,640900,163622250,16293,48400,128549,590,212,9206300686,0
1785579695.423405748,3945413065,163622250,3936412405,9000660,3936977041,23023,64500,163622250,15490,46300,188212,9000660,428601195,385438618,3936412405,151574,640900,163622250,16293,48400,128549,590,212,9206300686,0
1785579696.451922586,3945413065,163622250,3936412405,9000660,3936977041,23023,64500,163622250,15490,46300,188212,9000660,428604277,385441645,3936412405,151574,640900,163622250,16293,48400,128549,590,212,9206300686,0
1785579697.477025528,3945413065,163622250,3936412405,9000660,3936977041,23023,64500,163622250,15490,46300,188212,9000660,428607352,385444701,3936412405,151574,640900,163622250,16293,48400,128549,590,212,9206300686,0
1785579698.500231058,3945413065,163622250,3936412405,9000660,3936977041,23023,64500,163622250,15490,46300,188212,9000660,428610421,385447754,3936412405,151574,640900,163622250,16293,48400,128549,590,212,9206300686,0
1785579699.523120538,3945413065,163622250,3936412405,9000660,3936977041,23023,64500,163622250,15490,46300,188212,9000660,428613490,385450745,3936412405,151574,640900,163622250,16293,48400,128549,590,212,9206300686,0
1785579700.547401826,3945413065,163622250,3936412405,9000660,3936977041,23023,64500,163622250,15490,46300,188212,9000660,428616562,385453793,3936412405,151574,640900,163622250,16293,48400,128549,590,212,9206300686,0
1785579701.569586776,3945413065,163622250,3936412405,9000660,3936977041,23023,64500,163622250,15490,46300,188212,9000660,428619628,385456792,3936412405,151574,640900,163622250,16293,48400,128549,590,212,9206300686,0
1785579702.593264778,3945413065,163622250,3936412405,9000660,3936977041,23023,64500,163622250,15490,46300,188212,9000660,428622698,385459827,3936412405,151574,640900,163622250,16293,48400,128549,590,212,9206300686,0
1785579703.616752615,3945413065,163622250,3936412405,9000660,3936977041,23023,64500,163622250,15490,46300,188212,9000660,428625768,385462881,3936412405,151574,640900,163622250,16293,48400,128549,590,212,9206300686,0
1785579704.638299507,3945413065,163622250,3936412405,9000660,3936977041,23023,64500,163622250,15490,46300,188212,9000660,428628835,385465906,3936412405,151574,640900,163622250,16293,48400,128549,590,212,9206300686,0
1785579705.658275190,3945413065,163622250,3936412405,9000660,3936977041,23023,64500,163622250,15490,46300,188212,9000660,428631889,385468881,3936412405,151574,640900,163622250,16293,48400,128549,590,212,9206300686,0
1785579706.682307605,3945413065,163622250,3936412405,9000660,3936977041,23023,64500,163622250,15490,46300,188212,9000660,428634957,385471934,3936412405,151574,640900,163622250,16293,48400,128549,590,212,9206300686,0
1785579707.704776170,3945413065,163622250,3936412405,9000660,3936977041,23023,64500,163622250,15490,46300,188212,9000660,428638024,385474914,3936412405,151574,640900,163622250,16293,48400,128549,590,212,9206300686,0
1785579708.728027121,3945413065,163622250,3936412405,9000660,3936977041,23023,64500,163622250,15490,46300,188212,9000660,428641094,385477966,3936412405,151574,640900,163622250,16293,48400,128549,590,212,9206300686,0
1785579709.751699794,3945413065,163622250,3936412405,9000660,3936977041,23023,64500,163622250,15490,46300,188212,9000660,428644167,385481024,3936412405,151574,640900,163622250,16293,48400,128549,590,212,9206300686,0
1785579710.771429599,3945413065,163622250,3936412405,9000660,3936977041,23023,64500,163622250,15490,46300,188212,9000660,428647223,385484039,3936412405,151574,640900,163622250,16293,48400,128549,590,212,9206300686,0
1785579711.793690133,3945413065,163622250,3936412405,9000660,3936977041,23023,64500,163622250,15490,46300,188212,9000660,428650286,385487044,3936412405,151574,640900,163622250,16293,48400,128549,590,212,9206300686,0
1785579712.817761836,3945413065,163622250,3936412405,9000660,3936977041,23023,64500,163622250,15490,46300,188212,9000660,428653356,385490093,3936412405,151574,640900,163622250,16293,48400,128549,590,212,9206300686,0
1785579713.841271055,3945413065,163622250,3936412405,9000660,3936977041,23023,64500,163622250,15490,46300,188212,9000660,428656424,385493080,3936412405,151574,640900,163622250,16293,48400,128549,590,212,9206300686,0
1785579714.865190519,3945413065,163622250,3936412405,9000660,3936977041,23023,64500,163622250,15490,46300,188212,9000660,428659496,385496112,3936412405,151574,640900,163622250,16293,48400,128549,590,212,9206300686,0
1785579715.888680839,3945413065,163622250,3936412405,9000660,3936977041,23023,64500,163622250,15490,46300,188212,9000660,428662566,385499166,3936412405,151574,640900,163622250,16293,48400,128549,590,212,9206300686,0
1785579716.909301741,3945413065,163622250,3936412405,9000660,3936977041,23023,64500,163622250,15490,46300,188212,9000660,428665629,385502169,3936412405,151574,640900,163622250,16293,48400,128549,590,212,9206300686,0
1785579717.932529557,3945413065,163622250,3936412405,9000660,3936977041,23023,64500,163622250,15490,46300,188212,9000660,428668693,385505195,3936412405,151574,640900,163622250,16293,48400,128549,590,212,9206300686,0
1785579718.955857493,3945413065,163622250,3936412405,9000660,3936977041,23023,64500,163622250,15490,46300,188212,9000660,428671762,385508220,3936412405,151574,640900,163622250,16293,48400,128549,590,212,9206300686,0
1785579719.980543759,3945413065,163622250,3936412405,9000660,3936977041,23023,64500,163622250,15490,46300,188212,9000660,428674835,385511234,3936412405,151574,640900,163622250,16293,48400,128549,590,212,9206300686,0
1785579721.004681781,3945413065,163622250,3936412405,9000660,3936977041,23023,64500,163622250,15490,46300,188212,9000660,428677907,385514289,3936412405,151574,640900,163622250,16293,48400,128549,590,212,9206300686,0
1785579722.028346213,3945413065,163622250,3936412405,9000660,3936977041,23023,64500,163622250,15490,46300,188212,9000660,428680980,385517344,3936412405,151574,640900,163622250,16293,48400,128549,590,212,9206300686,0
1785579723.050681219,3945413065,163622250,3936412405,9000660,3936977041,23023,64500,163622250,15490,46300,188212,9000660,428684045,385520331,3936412405,151574,640900,163622250,16293,48400,128549,590,212,9206300686,0
1785579724.074977580,3945413065,163622250,3936412405,9000660,3936977041,23023,64500,163622250,15490,46300,188212,9000660,428687116,385523380,3936412405,151574,640900,163622250,16293,48400,128549,590,212,9206300686,0
1785579725.096387806,3945413065,163622250,3936412405,9000660,3936977041,23023,64500,163622250,15490,46300,188212,9000660,428690182,385526358,3936412405,151574,640900,163622250,16293,48400,128549,590,212,9206300686,0
1785579726.119985097,3945413065,163622250,3936412405,9000660,3936977041,23023,64500,163622250,15490,46300,188212,9000660,428693252,385529389,3936412405,151574,640900,163622250,16293,48400,128549,590,212,9206300686,0
1785579727.143286433,3945413065,163622250,3936412405,9000660,3936977041,23023,64500,163622250,15490,46300,188212,9000660,428696322,385532442,3936412405,151574,640900,163622250,16293,48400,128549,590,212,9206300686,0
1785579728.164859635,3945413065,163622250,3936412405,9000660,3936977041,23023,64500,163622250,15490,46300,188212,9000660,428699385,385535486,3936412405,151574,640900,163622250,16293,48400,128549,590,212,9206300686,0
1785579729.185563141,3945413065,163622250,3936412405,9000660,3936977041,23023,64500,163622250,15490,46300,188212,9000660,428702447,385538462,3936412405,151574,640900,163622250,16293,48400,128549,590,212,9206300686,0
1785579730.209220189,3945413065,163622250,3936412405,9000660,3936977041,23023,64500,163622250,15490,46300,188212,9000660,428705519,385541517,3936412405,151574,640900,163622250,16293,48400,128549,590,212,9206300686,0
1785579731.231865953,3945413065,163622250,3936412405,9000660,3936977041,23023,64500,163622250,15490,46300,188212,9000660,428708584,385544499,3936412405,151574,640900,163622250,16293,48400,128549,590,212,9206300686,0
1785579732.254058233,3945413065,163622250,3936412405,9000660,3936977041,23023,64500,163622250,15490,46300,188212,9000660,428711650,385547549,3936412405,151574,640900,163622250,16293,48400,128549,590,212,9206300686,0
1785579733.279236078,3945413065,163622250,3936412405,9000660,3936977041,23023,64500,163622250,15490,46300,188212,9000660,428714723,385550607,3936412405,151574,640900,163622250,16293,48400,128549,590,212,9206300686,0
1785579734.302014529,3945413065,163622250,3936412405,9000660,3936977041,23023,64500,163622250,15490,46300,188212,9000660,428717790,385553633,3936412405,151574,640900,163622250,16293,48400,128549,590,212,9206300686,0
1785579735.325144736,3945413065,163622250,3936412405,9000660,3936977041,23023,64500,163622250,15490,46300,188212,9000660,428720859,385556621,3936412405,151574,640900,163622250,16293,48400,128549,590,212,9206300686,0
1785579736.346930478,3945413065,163622250,3936412405,9000660,3936977041,23023,64500,163622250,15490,46300,188212,9000660,428723924,385559665,3936412405,151574,640900,163622250,16293,48400,128549,590,212,9206300686,0
1785579737.370242087,3945413065,163622250,3936412405,9000660,3936977041,23023,64500,163622250,15490,46300,188212,9000660,428726992,385562655,3936412405,151574,640900,163622250,16293,48400,128549,590,212,9206300686,0
1785579738.393357367,3945413065,163622250,3936412405,9000660,3936977041,23023,64500,163622250,15490,46300,188212,9000660,428730062,385565707,3936412405,151574,640900,163622250,16293,48400,128549,590,212,9206300686,0
1785579739.416637942,3945413065,163622250,3936412405,9000660,3936977041,23023,64500,163622250,15490,46300,188212,9000660,428733131,385568760,3936412405,151574,640900,163622250,16293,48400,128549,590,212,9206300686,0
1785579740.439494601,3945413065,163622250,3936412405,9000660,3936977041,23023,64500,163622250,15490,46300,188212,9000660,428736198,385571772,3936412405,151574,640900,163622250,16293,48400,128549,590,212,9206300686,0
1785579741.462027873,3945413065,163622250,3936412405,9000660,3936977041,23023,64500,163622250,15490,46300,188212,9000660,428739263,385574791,3936412405,151574,640900,163622250,16293,48400,128549,590,212,9206300686,0
1785579742.482702296,3945413065,163622250,3936412405,9000660,3936977041,23023,64500,163622250,15490,46300,188212,9000660,428742329,385577816,3936412405,151574,640900,163622250,16293,48400,128549,590,212,9206300686,0
1785579743.505580678,3945413065,163622250,3936412405,9000660,3936977041,23023,64500,163622250,15490,46300,188212,9000660,428745393,385580819,3936412405,151574,640900,163622250,16293,48400,128549,590,212,9206300686,0
1785579744.528694191,3945413065,163622250,3936412405,9000660,3936977041,23023,64500,163622250,15490,46300,188212,9000660,428748461,385583872,3936412405,151574,640900,163622250,16293,48400,128549,590,212,9206300686,0
1785579745.553816301,3945413065,163622250,3936412405,9000660,3936977041,23023,64500,163622250,15490,46300,188212,9000660,428751535,385586906,3936412405,151574,640900,163622250,16293,48400,128549,590,212,9206300686,0
1785579746.577208945,3945413065,163622250,3936412405,9000660,3936977041,23023,64500,163622250,15490,46300,188212,9000660,428754604,385589904,3936412405,151574,640900,163622250,16293,48400,128549,590,212,9206300686,0
1785579747.600996151,3945413065,163622250,3936412405,9000660,3936977041,23023,64500,163622250,15490,46300,188212,9000660,428757674,385592943,3936412405,151574,640900,163622250,16293,48400,128549,590,212,9206300686,0
1785579748.623985809,3945413065,163622250,3936412405,9000660,3936977041,23023,64500,163622250,15490,46300,188212,9000660,428760742,385595947,3936412405,151574,640900,163622250,16293,48400,128549,590,212,9206300686,0
1785579749.651051357,3945413065,163622250,3936412405,9000660,3936977041,23023,64500,163622250,15490,46300,188212,9000660,428763820,385598989,3936412405,151574,640900,163622250,16293,48400,128549,590,212,9206300686,0
1785579750.674783539,3945413065,163622250,3936412405,9000660,3936977041,23023,64500,163622250,15490,46300,188212,9000660,428766892,385602045,3936412405,151574,640900,163622250,16293,48400,128549,590,212,9206300686,0
1785579751.696782462,3945413065,163622250,3936412405,9000660,3936977041,23023,64500,163622250,15490,46300,188212,9000660,428769958,385605093,3936412405,151574,640900,163622250,16293,48400,128549,590,212,9206300686,0
1785579752.722421839,3945413065,163622250,3936412405,9000660,3936977041,23023,64500,163622250,15490,46300,188212,9000660,428773034,385608091,3936412405,151574,640900,163622250,16293,48400,128549,590,212,9206300686,0
1785579753.746213791,3945413065,163622250,3936412405,9000660,3936977041,23023,64500,163622250,15490,46300,188212,9000660,428776104,385611145,3936412405,151574,640900,163622250,16293,48400,128549,590,212,9206300686,0
1785579754.769546145,3945413065,163622250,3936412405,9000660,3936977041,23023,64500,163622250,15490,46300,188212,9000660,428779174,385614131,3936412405,151574,640900,163622250,16293,48400,128549,590,212,9206300686,0
1785579755.791968019,3945413065,163622250,3936412405,9000660,3936977041,23023,64500,163622250,15490,46300,188212,9000660,428782240,385617128,3936412405,151574,640900,163622250,16293,48400,128549,590,212,9206300686,0
1785579756.817665895,3945413065,163622250,3936412405,9000660,3936977041,23023,64500,163622250,15490,46300,188212,9000660,428785309,385620179,3936412405,151574,640900,163622250,16293,48400,128549,590,212,9206300686,0
1785579757.844119915,3945413065,163622250,3936412405,9000660,3936977041,23023,64500,163622250,15490,46300,188212,9000660,428788397,385623230,3936412405,151574,640900,163622250,16293,48400,128549,590,212,9206300686,0
1785579758.869855677,3945413065,163622250,3936412405,9000660,3936977041,23023,64500,163622250,15490,46300,188212,9000660,428791477,385626241,3936412405,151574,640900,163622250,16293,48400,128549,590,212,9206300686,0
1785579759.892094077,3945413065,163622250,3936412405,9000660,3936977041,23023,64500,163622250,15490,46300,188212,9000660,428794542,385629291,3936412405,151574,640900,163622250,16293,48400,128549,590,212,9206300686,0
1785579760.914464335,3945413065,163622250,3936412405,9000660,3936977041,23023,64500,163622250,15490,46300,188212,9000660,428797609,385632286,3936412405,151574,640900,163622250,16293,48400,128549,590,212,9206300686,0
1785579761.939059514,3945413065,163622250,3936412405,9000660,3936977041,23023,64500,163622250,15490,46300,188212,9000660,428800682,385635330,3936412405,151574,640900,163622250,16293,48400,128549,590,212,9206300686,0
1785579762.962444214,3945413065,163622250,3936412405,9000660,3936977041,23023,64500,163622250,15490,46300,188212,9000660,428803751,385638385,3936412405,151574,640900,163622250,16293,48400,128549,590,212,9206300686,0
1785579763.985961385,3945413065,163622250,3936412405,9000660,3936977041,23023,64500,163622250,15490,46300,188212,9000660,428806819,385641401,3936412405,151574,640900,163622250,16293,48400,128549,590,212,9206300686,0
1785579765.010003903,3945413065,163622250,3936412405,9000660,3936977041,23023,64500,163622250,15490,46300,188212,9000660,428809891,385644426,3936412405,151574,640900,163622250,16293,48400,128549,590,212,9206300686,0
1785579766.033047523,3945413065,163622250,3936412405,9000660,3936977041,23023,64500,163622250,15490,46300,188212,9000660,428812959,385647454,3936412405,151574,640900,163622250,16293,48400,128549,590,212,9206300686,0
1785579767.055708107,3945413065,163622250,3936412405,9000660,3936977041,23023,64500,163622250,15490,46300,188212,9000660,428816025,385650438,3936412405,151574,640900,163622250,16293,48400,128549,590,212,9206300686,0
1785579768.078702402,3945413065,163622250,3936412405,9000660,3936977041,23023,64500,163622250,15490,46300,188212,9000660,428819093,385653490,3936412405,151574,640900,163622250,16293,48400,128549,590,212,9206300686,0
1785579769.102574455,3945413065,163622250,3936412405,9000660,3936977041,23023,64500,163622250,15490,46300,188212,9000660,428822167,385656544,3936412405,151574,640900,163622250,16293,48400,128549,590,212,9206300686,0
1785579770.125409460,3945413065,163622250,3936412405,9000660,3936977041,23023,64500,163622250,15490,46300,188212,9000660,428825235,385659543,3936412405,151574,640900,163622250,16293,48400,128549,590,212,9206300686,0
1785579771.151672332,3945413065,163622250,3936412405,9000660,3936977041,23023,64500,163622250,15490,46300,188212,9000660,428828313,385662589,3936412405,151574,640900,163622250,16293,48400,128549,590,212,9206300686,0
1785579772.174473149,3945413065,163622250,3936412405,9000660,3936977041,23023,64500,163622250,15490,46300,188212,9000660,428831380,385665620,3936412405,151574,640900,163622250,16293,48400,128549,590,212,9206300686,0
1785579773.196809176,3945413065,163622250,3936412405,9000660,3936977041,23023,64500,163622250,15490,46300,188212,9000660,428834445,385668623,3936412405,151574,640900,163622250,16293,48400,128549,590,212,9206300686,0
1785579774.221294488,3945413065,163622250,3936412405,9000660,3936977041,23023,64500,163622250,15490,46300,188212,9000660,428837517,385671680,3936412405,151574,640900,163622250,16293,48400,128549,590,212,9206300686,0
1785579775.245283688,3945413065,163622250,3936412405,9000660,3936977041,23023,64500,163622250,15490,46300,188212,9000660,428840587,385674734,3936412405,151574,640900,163622250,16293,48400,128549,590,212,9206300686,0
1785579776.268041929,3945413065,163622250,3936412405,9000660,3936977041,23023,64500,163622250,15490,46300,188212,9000660,428843654,385677704,3936412405,151574,640900,163622250,16293,48400,128549,590,212,9206300686,0
1785579777.290703153,3945413065,163622250,3936412405,9000660,3936977041,23023,64500,163622250,15490,46300,188212,9000660,428846721,385680756,3936412405,151574,640900,163622250,16293,48400,128549,590,212,9206300686,0
1785579778.312919911,3945413065,163622250,3936412405,9000660,3936977041,23023,64500,163622250,15490,46300,188212,9000660,428849787,385683765,3936412405,151574,640900,163622250,16293,48400,128549,590,212,9206300686,0
1785579779.336369700,3945413065,163622250,3936412405,9000660,3936977041,23023,64500,163622250,15490,46300,188212,9000660,428852855,385686790,3936412405,151574,640900,163622250,16293,48400,128549,590,212,9206300686,0
1785579780.360402334,3945413065,163622250,3936412405,9000660,3936977041,23023,64500,163622250,15490,46300,188212,9000660,428855926,385689844,3936412405,151574,640900,163622250,16293,48400,128549,590,212,9206300686,0
1785579781.384099485,3945413065,163622250,3936412405,9000660,3936977041,23023,64500,163622250,15490,46300,188212,9000660,428858998,385692881,3936412405,151574,640900,163622250,16293,48400,128549,590,212,9206300686,0
1785579782.408398389,3945413065,163622250,3936412405,9000660,3936977041,23023,64500,163622250,15490,46300,188212,9000660,428862069,385695885,3936412405,151574,640900,163622250,16293,48400,128549,590,212,9206300686,0
1785579783.432034396,3945413065,163622250,3936412405,9000660,3936977041,23023,64500,163622250,15490,46300,188212,9000660,428865140,385698939,3936412405,151574,640900,163622250,16293,48400,128549,590,212,9206300686,0
1785579784.454158376,3945413065,163622250,3936412405,9000660,3936977041,23023,64500,163622250,15490,46300,188212,9000660,428868206,385701932,3936412405,151574,640900,163622250,16293,48400,128549,590,212,9206300686,0
1785579785.478221095,3945413065,163622250,3936412405,9000660,3936977041,23023,64500,163622250,15490,46300,188212,9000660,428871276,385704975,3936412405,151574,640900,163622250,16293,48400,128549,590,212,9206300686,0
1785579786.500044712,3945413065,163622250,3936412405,9000660,3936977041,23023,64500,163622250,15490,46300,188212,9000660,428874343,385708001,3936412405,151574,640900,163622250,16293,48400,128549,590,212,9206300686,0
1785579787.523104856,3945413065,163622250,3936412405,9000660,3936977041,23023,64500,163622250,15490,46300,188212,9000660,428877408,385711022,3936412405,151574,640900,163622250,16293,48400,128549,590,212,9206300686,0
1785579788.546810309,3945413065,163622250,3936412405,9000660,3936977041,23023,64500,163622250,15490,46300,188212,9000660,428880479,385714040,3936412405,151574,640900,163622250,16293,48400,128549,590,212,9206300686,0
1785579789.564104083,3945413065,163622250,3936412405,9000660,3936977041,23023,64500,163622250,15490,46300,188212,9000660,428883531,385717071,3936412405,151574,640900,163622250,16293,48400,128549,590,212,9206300686,0
1785579790.587762235,3945413065,163622250,3936412405,9000660,3936977041,23023,64500,163622250,15490,46300,188212,9000660,428886600,385720058,3936412405,151574,640900,163622250,16293,48400,128549,590,212,9206300686,0
1785579791.610039714,3945413065,163622250,3936412405,9000660,3936977041,23023,64500,163622250,15490,46300,188212,9000660,428889669,385723111,3936412405,151574,640900,163622250,16293,48400,128549,590,212,9206300686,0
1785579792.633573620,3945413065,163622250,3936412405,9000660,3936977041,23023,64500,163622250,15490,46300,188212,9000660,428892737,385726162,3936412405,151574,640900,163622250,16293,48400,128549,590,212,9206300686,0
1785579793.657738993,3945413065,163622250,3936412405,9000660,3936977041,23023,64500,163622250,15490,46300,188212,9000660,428895808,385729167,3936412405,151574,640900,163622250,16293,48400,128549,590,212,9206300686,0
1785579794.681343013,3945413065,163622250,3936412405,9000660,3936977041,23023,64500,163622250,15490,46300,188212,9000660,428898878,385732203,3936412405,151574,640900,163622250,16293,48400,128549,590,212,9206300686,0
1785579795.705272242,3945413065,163622250,3936412405,9000660,3936977041,23023,64500,163622250,15490,46300,188212,9000660,428901947,385735238,3936412405,151574,640900,163622250,16293,48400,128549,590,212,9206300686,0
1785579796.727977013,3945413065,163622250,3936412405,9000660,3936977041,23023,64500,163622250,15490,46300,188212,9000660,428905013,385738223,3936412405,151574,640900,163622250,16293,48400,128549,590,212,9206300686,0
1785579797.750433960,3945413065,163622250,3936412405,9000660,3936977041,23023,64500,163622250,15490,46300,188212,9000660,428908081,385741265,3936412405,151574,640900,163622250,16293,48400,128549,590,212,9206300686,0
1785579798.774149478,3945413065,163622250,3936412405,9000660,3936977041,23023,64500,163622250,15490,46300,188212,9000660,428911151,385744319,3936412405,151574,640900,163622250,16293,48400,128549,590,212,9206300686,0
1785579799.797519988,3945413065,163622250,3936412405,9000660,3936977041,23023,64500,163622250,15490,46300,188212,9000660,428914218,385747301,3936412405,151574,640900,163622250,16293,48400,128549,590,212,9206300686,0
